customer_id,customer_status,churn_label,churn_score,cltv,monthly_charge,total_revenue,satisfaction_score,contract,payment_method,offer,internet_type,premium_tech_support,gender,age,senior_citizen,state,city
0002-ORFBO,Stayed,No,65,2205,65.60,974.81,3,One Year,Credit Card,No Offer,Cable,Yes,Female,37,No,California,Frazier Park
0003-MKNFE,Stayed,No,66,5414,59.90,610.28,5,Month-to-Month,Credit Card,No Offer,Cable,No,Male,46,No,California,Glendale
0004-TLHLJ,Churned,Yes,71,4479,73.90,415.45,1,Month-to-Month,Bank Withdrawal,Offer E,Fiber Optic,No,Male,50,No,California,Costa Mesa
0011-IGKFF,Churned,Yes,91,3714,98.00,1599.51,1,Month-to-Month,Bank Withdrawal,Offer D,Fiber Optic,No,Male,78,Yes,California,Martinez
0013-EXCHZ,Churned,Yes,68,3464,83.90,289.54,1,Month-to-Month,Credit Card,No Offer,Fiber Optic,Yes,Female,75,Yes,California,Camarillo
0013-MHZWF,Stayed,No,55,5108,69.40,722.38,3,Month-to-Month,Credit Card,Offer E,Cable,Yes,Female,23,No,California,Midpines
0013-SMEOE,Stayed,No,26,5011,109.70,8611.41,3,Two Year,Bank Withdrawal,Offer A,Fiber Optic,Yes,Female,67,Yes,California,Lompoc
0014-BMAQU,Stayed,No,49,4604,84.65,6214.28,4,Two Year,Credit Card,Offer B,Fiber Optic,Yes,Male,52,No,California,Napa
0015-UOCOJ,Stayed,No,34,5525,48.20,414.06,3,Two Year,Bank Withdrawal,Offer E,DSL,No,Female,68,Yes,California,Simi Valley
0016-QLJIS,Stayed,No,25,5509,90.45,7807.80,3,Two Year,Credit Card,No Offer,Cable,Yes,Female,43,No,California,Sheridan
0017-DINOC,Stayed,No,54,5435,45.20,2460.55,4,Two Year,Credit Card,No Offer,Cable,Yes,Male,47,No,California,Rancho Santa Fe
0017-IUDMW,Stayed,No,52,6252,116.80,9609.47,3,Two Year,Credit Card,No Offer,Fiber Optic,Yes,Female,25,No,California,Sunnyvale
0018-NYROU,Stayed,No,57,5536,68.95,444.75,3,Month-to-Month,Bank Withdrawal,No Offer,Fiber Optic,No,Female,58,No,California,Antelope
0019-EFAEP,Stayed,No,53,5513,101.30,7423.25,3,Two Year,Bank Withdrawal,Offer A,Fiber Optic,No,Female,32,No,California,La Mesa
0019-GFNTW,Stayed,No,37,5795,45.05,2560.10,3,Two Year,Bank Withdrawal,No Offer,DSL,Yes,Female,39,No,California,Los Olivos
0020-INWCK,Stayed,No,26,4865,95.75,8784.86,5,Two Year,Credit Card,Offer A,Fiber Optic,No,Female,58,No,California,Woodlake
0020-JDNXP,Stayed,No,37,3607,61.25,1993.20,4,One Year,Credit Card,No Offer,DSL,Yes,Female,52,No,California,Point Reyes Station
0021-IKXGC,Joined,No,50,4432,72.10,79.87,4,One Year,Bank Withdrawal,Offer E,Fiber Optic,No,Female,72,Yes,California,San Marcos
0022-TCJCI,Churned,Yes,92,2654,62.70,3271.65,1,One Year,Credit Card,No Offer,DSL,No,Male,79,Yes,California,Daly City
0023-HGHWL,Churned,Yes,85,5437,25.10,25.10,3,Month-to-Month,Bank Withdrawal,No Offer,Cable,No,Male,67,Yes,California,Morgan Hill
0023-UYUPN,Stayed,No,61,4015,25.20,2877.80,3,One Year,Bank Withdrawal,No Offer,No Internet Service,No,Female,79,Yes,California,Ahwahnee
0023-XUOPT,Churned,Yes,75,2973,94.10,1781.88,1,Month-to-Month,Bank Withdrawal,No Offer,Fiber Optic,No,Female,26,No,California,Carnelian Bay
0027-KWYKW,Stayed,No,78,3585,83.75,2652.88,4,Month-to-Month,Bank Withdrawal,Offer D,Fiber Optic,No,Female,30,No,California,Alpaugh
0030-FNXPP,Joined,No,59,5634,19.85,66.56,4,Month-to-Month,Credit Card,No Offer,No Internet Service,No,Female,22,No,California,Keeler
0031-PVLZI,Churned,Yes,81,4133,20.35,126.07,1,Month-to-Month,Credit Card,Offer E,No Internet Service,No,Female,34,No,California,Korbel
0032-PGELS,Churned,Yes,74,5171,30.50,30.50,1,Month-to-Month,Bank Withdrawal,No Offer,DSL,No,Female,37,No,California,Palomar Mountain
0036-IHMOT,Stayed,No,65,5892,103.70,7603.95,3,One Year,Bank Withdrawal,No Offer,Fiber Optic,Yes,Female,37,No,California,Parlier
0040-HALCW,Stayed,No,60,6393,20.40,2154.40,4,Two Year,Credit Card,No Offer,No Internet Service,No,Male,42,No,California,Modesto
0042-JVWOJ,Stayed,No,26,3722,19.60,1430.80,4,One Year,Bank Withdrawal,Offer C,No Internet Service,No,Male,64,No,California,Glen Ellen
0042-RLHYP,Stayed,No,76,4131,19.70,4045.81,5,Two Year,Bank Withdrawal,No Offer,No Internet Service,No,Female,47,No,California,Eureka
0048-LUMLS,Stayed,No,55,5263,91.20,4838.92,5,One Year,Credit Card,Offer C,Fiber Optic,No,Male,23,No,California,Moss Beach
0048-PIHNL,Stayed,No,20,6061,20.45,3330.32,3,One Year,Bank Withdrawal,Offer B,No Internet Service,No,Female,48,No,California,Los Angeles
0052-DCKON,Stayed,No,42,5845,115.80,10830.97,3,One Year,Bank Withdrawal,No Offer,Fiber Optic,Yes,Male,28,No,California,Los Angeles
0052-YNYOT,Stayed,No,72,5462,20.55,2861.91,5,One Year,Bank Withdrawal,No Offer,No Internet Service,No,Female,28,No,California,Calexico
0056-EPFBG,Stayed,No,29,3899,39.40,825.40,3,Two Year,Credit Card,No Offer,Cable,Yes,Male,33,No,California,Redding
0057-QBUQH,Stayed,No,59,4797,25.10,2387.67,4,Two Year,Bank Withdrawal,No Offer,No Internet Service,No,Female,31,No,California,San Martin
0058-EVZWM,Stayed,No,42,5875,89.80,5239.00,3,Month-to-Month,Bank Withdrawal,Offer B,Fiber Optic,No,Female,37,No,California,Stockton
0060-FUALY,Stayed,No,26,5238,94.75,6564.66,3,Month-to-Month,Bank Withdrawal,Offer B,Fiber Optic,No,Female,60,No,California,Los Angeles
0064-SUDOG,Stayed,No,57,5190,20.30,455.86,5,Two Year,Bank Withdrawal,No Offer,No Internet Service,No,Female,48,No,California,Huntington Park
0064-YIJGF,Stayed,No,46,4994,75.75,2611.02,3,Month-to-Month,Bank Withdrawal,Offer C,Fiber Optic,No,Male,60,No,California,Yermo
0067-DKWBL,Churned,Yes,95,3475,49.25,179.08,2,Month-to-Month,Bank Withdrawal,No Offer,DSL,No,Male,69,Yes,California,San Diego
0068-FIGTF,Stayed,No,54,2297,78.20,3399.52,3,One Year,Credit Card,Offer C,DSL,Yes,Female,20,No,California,Fremont
0071-NDAFP,Stayed,No,65,5230,25.50,1178.43,3,Two Year,Credit Card,No Offer,No Internet Service,No,Male,31,No,California,Santa Rosa
0074-HDKDG,Stayed,No,66,3807,61.60,1727.35,3,One Year,Bank Withdrawal,No Offer,Cable,No,Male,46,No,California,San Jose
0076-LVEPS,Stayed,No,73,3290,45.00,1230.19,4,Month-to-Month,Credit Card,No Offer,DSL,Yes,Male,57,No,California,Tujunga
0078-XZMHT,Stayed,No,76,6322,85.15,8646.12,3,Two Year,Bank Withdrawal,No Offer,DSL,Yes,Male,19,No,California,Visalia
0080-EMYVY,Stayed,No,57,4298,51.45,1064.41,3,One Year,Credit Card,No Offer,Cable,No,Female,64,No,California,Lodi
0080-OROZO,Stayed,No,36,3244,99.25,4806.70,3,One Year,Bank Withdrawal,Offer C,Fiber Optic,Yes,Female,38,No,California,El Portal
0082-LDZUE,Joined,No,57,4427,44.30,87.25,5,Month-to-Month,Credit Card,Offer E,DSL,No,Male,54,No,California,Calistoga
0082-OQIQY,Stayed,No,60,4561,94.20,2687.05,5,Month-to-Month,Bank Withdrawal,No Offer,Fiber Optic,Yes,Male,50,No,California,Farmington
0083-PIVIK,Stayed,No,67,4761,81.25,5958.91,3,One Year,Bank Withdrawal,No Offer,DSL,Yes,Male,25,No,California,Tulelake
0089-IIQKO,Stayed,No,43,4447,99.95,4718.22,3,Month-to-Month,Credit Card,No Offer,Fiber Optic,Yes,Female,35,No,California,Coleville
0093-EXYQL,Stayed,No,59,5742,91.55,5439.20,3,Two Year,Bank Withdrawal,No Offer,Fiber Optic,No,Female,72,Yes,California,Ojai
0093-XWZFY,Churned,Yes,93,2832,104.50,5544.45,1,Month-to-Month,Credit Card,No Offer,Fiber Optic,No,Male,51,No,California,Desert Hot Springs
0094-OIFMO,Churned,Yes,85,5980,95.00,1367.79,1,Month-to-Month,Bank Withdrawal,Offer D,Fiber Optic,No,Female,78,Yes,California,North Hollywood
0096-BXERS,Stayed,No,74,3442,50.35,570.51,3,Month-to-Month,Bank Withdrawal,Offer E,Cable,No,Female,30,No,California,Inverness
0096-FCPUF,Stayed,No,48,5039,64.50,1967.65,3,Month-to-Month,Mailed Check,No Offer,DSL,No,Male,58,No,California,Santa Rosa
0098-BOWSO,Stayed,No,39,3792,19.40,1087.62,5,Month-to-Month,Bank Withdrawal,No Offer,No Internet Service,No,Male,26,No,California,San Jose
0100-DUVFC,Stayed,No,57,5291,104.80,10067.14,5,One Year,Bank Withdrawal,No Offer,Fiber Optic,No,Male,66,Yes,California,Wilmington
0103-CSITQ,Stayed,No,65,6026,109.40,6709.27,5,One Year,Bank Withdrawal,Offer B,Fiber Optic,Yes,Female,20,No,California,Modesto
0104-PPXDV,Stayed,No,30,5232,50.30,3933.78,5,One Year,Credit Card,No Offer,DSL,No,Male,61,No,California,San Diego
0106-GHRQR,Stayed,No,39,3360,71.40,1623.46,5,Month-to-Month,Bank Withdrawal,No Offer,DSL,No,Male,24,No,California,Rancho Palos Verdes
0106-UGRDO,Stayed,No,37,4216,116.00,10840.73,3,Two Year,Bank Withdrawal,Offer A,Fiber Optic,Yes,Female,55,No,California,Kenwood
0107-WESLM,Churned,Yes,66,3874,19.85,51.62,2,Month-to-Month,Bank Withdrawal,Offer E,No Internet Service,No,Male,32,No,California,West Point
0107-YHINA,Churned,Yes,93,4214,99.75,140.46,1,Month-to-Month,Bank Withdrawal,No Offer,Fiber Optic,No,Male,59,No,California,Los Angeles
0111-KLBQG,Stayed,No,62,2844,93.95,3880.97,5,One Year,Mailed Check,Offer C,Fiber Optic,No,Male,71,Yes,California,Morongo Valley
0112-QAWRZ,Stayed,No,66,5560,90.80,2221.56,3,Month-to-Month,Bank Withdrawal,Offer D,Fiber Optic,No,Male,49,No,California,Palo Verde
0112-QWPNC,Churned,Yes,73,6452,84.35,5997.30,2,One Year,Bank Withdrawal,Offer B,Cable,Yes,Male,61,No,California,Valyermo
0114-IGABW,Stayed,No,76,5224,58.25,4145.90,5,Two Year,Bank Withdrawal,Offer A,Cable,Yes,Female,40,No,California,Cambria
0114-PEGZZ,Stayed,No,33,4800,107.55,5285.27,3,Month-to-Month,Bank Withdrawal,No Offer,Fiber Optic,No,Female,39,No,California,Round Mountain
0114-RSRRW,Stayed,No,54,3831,19.95,683.75,4,Month-to-Month,Bank Withdrawal,Offer D,No Internet Service,No,Female,21,No,California,Klamath
0115-TFERT,Churned,Yes,89,4123,111.20,3198.56,3,Month-to-Month,Bank Withdrawal,No Offer,Fiber Optic,Yes,Male,24,No,California,Fresno
0117-LFRMW,Churned,Yes,80,3627,40.20,1448.80,2,Month-to-Month,Bank Withdrawal,No Offer,DSL,No,Male,52,No,California,Angwin
0118-JPNOY,Stayed,No,46,5700,85.80,3070.89,3,Month-to-Month,Credit Card,No Offer,Fiber Optic,No,Female,71,Yes,California,Le Grand
0121-SNYRK,Stayed,No,36,5052,35.40,1748.90,3,One Year,Credit Card,Offer B,DSL,Yes,Male,45,No,California,Redway
0122-OAHPZ,Churned,Yes,67,2473,73.85,698.56,3,Month-to-Month,Bank Withdrawal,No Offer,Fiber Optic,No,Female,29,No,California,San Diego
0123-CRBRT,Stayed,No,40,5152,88.10,8405.34,4,Two Year,Mailed Check,Offer B,DSL,Yes,Female,62,No,California,Monterey Park
0125-LZQXK,Churned,Yes,91,3025,101.35,2242.75,2,Month-to-Month,Bank Withdrawal,Offer D,Fiber Optic,Yes,Male,42,No,California,Big Oak Flat
0128-MKWSG,Stayed,No,45,3287,45.80,1147.00,4,Month-to-Month,Credit Card,No Offer,DSL,Yes,Female,51,No,California,Stevenson Ranch
0129-KPTWJ,Stayed,No,20,5943,94.65,9139.19,3,Month-to-Month,Bank Withdrawal,No Offer,Fiber Optic,No,Male,39,No,California,North Highlands
0129-QMPDR,Stayed,No,59,3093,20.50,2070.65,3,One Year,Bank Withdrawal,No Offer,No Internet Service,No,Male,64,No,California,La Puente
0130-SXOUN,Stayed,No,49,4889,89.40,9200.36,3,Month-to-Month,Credit Card,Offer A,Fiber Optic,No,Male,55,No,California,Glenhaven
0133-BMFZO,Churned,Yes,94,3529,86.25,255.27,2,Month-to-Month,Bank Withdrawal,No Offer,Fiber Optic,Yes,Female,40,No,California,Alhambra
0134-XWXCE,Stayed,No,71,3253,74.85,3589.82,5,One Year,Bank Withdrawal,No Offer,DSL,Yes,Female,76,Yes,California,Santa Monica
0135-NMXAP,Churned,Yes,90,5671,89.75,1224.96,3,Month-to-Month,Bank Withdrawal,Offer D,Fiber Optic,No,Female,57,No,California,Lodi
0136-IFMYD,Stayed,No,63,4297,109.95,8904.54,5,Two Year,Bank Withdrawal,No Offer,Fiber Optic,Yes,Male,71,Yes,California,Los Angeles
0137-OCGAB,Churned,Yes,90,3056,80.20,81.43,3,Month-to-Month,Mailed Check,Offer E,Fiber Optic,No,Female,25,No,California,Fairfield
0137-UDEUO,Churned,Yes,95,3398,19.85,141.00,1,Month-to-Month,Credit Card,Offer E,No Internet Service,No,Female,24,No,California,Stockton
0139-IVFJG,Joined,No,29,5361,90.35,199.80,3,Month-to-Month,Bank Withdrawal,No Offer,Fiber Optic,No,Female,19,No,California,Temecula
0141-YEAYS,Stayed,No,77,5990,86.45,2481.24,4,Two Year,Bank Withdrawal,No Offer,Fiber Optic,No,Female,77,Yes,California,Fallbrook
0142-GVYSN,Stayed,No,68,5712,20.30,858.09,5,Month-to-Month,Bank Withdrawal,Offer C,No Internet Service,No,Male,57,No,California,Randsburg
0147-ESWWR,Stayed,No,77,3172,101.25,4735.00,4,Month-to-Month,Bank Withdrawal,No Offer,Fiber Optic,Yes,Female,73,Yes,California,Atascadero
0148-DCDOS,Churned,Yes,82,5641,94.70,3234.10,1,Month-to-Month,Bank Withdrawal,No Offer,Fiber Optic,No,Male,41,No,California,Planada
0151-ONTOV,Churned,Yes,78,4739,70.90,110.71,1,Month-to-Month,Mailed Check,Offer E,Fiber Optic,No,Female,43,No,California,Moorpark
0156-FVPTA,Churned,Yes,87,5102,54.20,1751.98,2,Month-to-Month,Bank Withdrawal,Offer D,DSL,Yes,Male,48,No,California,Solvang
0164-APGRB,Stayed,No,69,4589,114.90,11979.34,4,Two Year,Bank Withdrawal,Offer A,Fiber Optic,Yes,Female,56,No,California,Calistoga
0164-XAIRP,Stayed,No,34,2511,19.55,725.56,5,Two Year,Bank Withdrawal,No Offer,No Internet Service,No,Female,51,No,California,La Mirada
0168-XZKBB,Stayed,No,64,5072,86.85,1713.36,5,Month-to-Month,Bank Withdrawal,No Offer,Fiber Optic,No,Female,34,No,California,Boron
0174-QRVVY,Stayed,No,68,5747,25.35,2500.75,5,Two Year,Credit Card,No Offer,No Internet Service,No,Male,21,No,California,San Marcos
0177-PXBAT,Stayed,No,59,5655,109.90,4524.65,3,One Year,Bank Withdrawal,No Offer,Fiber Optic,Yes,Male,78,Yes,California,Desert Center
0178-CIIKR,Joined,No,74,5949,19.95,66.07,3,Month-to-Month,Credit Card,No Offer,No Internet Service,No,Female,60,No,California,Crows Landing
0178-SZBHO,Stayed,No,76,3760,87.20,4068.68,3,Month-to-Month,Bank Withdrawal,No Offer,Fiber Optic,No,Male,54,No,California,Tuolumne
0181-RITDD,Stayed,No,43,5298,108.15,6934.77,4,Two Year,Credit Card,No Offer,Fiber Optic,Yes,Male,42,No,California,San Diego
0186-CAERR,Stayed,No,59,4644,116.30,8514.03,4,One Year,Bank Withdrawal,No Offer,Fiber Optic,Yes,Male,22,No,California,Auburn
0187-QSXOE,Stayed,No,36,5711,89.00,899.24,4,Two Year,Bank Withdrawal,No Offer,Fiber Optic,No,Male,71,Yes,California,Fresno
0187-WZNAB,Stayed,No,57,4331,74.40,3232.17,3,Month-to-Month,Credit Card,Offer C,Fiber Optic,No,Female,56,No,California,Del Rey
0188-GWFLE,Joined,No,59,4978,20.05,37.32,3,Month-to-Month,Credit Card,No Offer,No Internet Service,No,Male,33,No,California,Redwood City
0191-EQUUH,Stayed,No,69,2754,35.05,844.45,4,Two Year,Bank Withdrawal,Offer C,Cable,Yes,Female,32,No,California,Landers
0191-ZHSKZ,Stayed,No,55,3033,74.75,3269.60,4,One Year,Bank Withdrawal,No Offer,DSL,No,Male,80,Yes,California,Hawthorne
0193-ESZXP,Churned,Yes,91,5067,105.50,7188.02,1,One Year,Credit Card,No Offer,Fiber Optic,Yes,Female,73,Yes,California,Oceano
0195-IESCP,Churned,Yes,75,3573,85.25,975.50,3,Month-to-Month,Bank Withdrawal,Offer D,Fiber Optic,No,Male,26,No,California,Armona
0196-JTUQI,Stayed,No,68,5841,75.20,717.28,5,Month-to-Month,Credit Card,No Offer,Fiber Optic,No,Female,59,No,California,Clarksburg
0196-VULGZ,Churned,Yes,77,5721,84.35,647.16,3,Month-to-Month,Bank Withdrawal,No Offer,Fiber Optic,No,Female,78,Yes,California,Irvine
0197-PNKNK,Stayed,No,49,5629,84.45,8574.08,3,One Year,Bank Withdrawal,No Offer,Fiber Optic,No,Female,47,No,California,Scotts Valley
0201-MIBOL,Stayed,No,69,4861,102.40,7161.55,3,Two Year,Bank Withdrawal,No Offer,Fiber Optic,No,Female,68,Yes,California,Salida
0201-OAMXR,Churned,Yes,87,4838,115.55,8842.30,1,One Year,Credit Card,Offer A,Fiber Optic,Yes,Female,30,No,California,Mckinleyville
0203-HHYIJ,Churned,Yes,79,3779,25.30,815.60,3,One Year,Bank Withdrawal,Offer C,No Internet Service,No,Male,62,No,California,Atherton
0206-OYVOC,Stayed,No,77,5596,19.25,1983.38,5,Two Year,Credit Card,Offer B,No Internet Service,No,Female,52,No,California,Huntington Beach
0206-TBWLC,Stayed,No,67,4488,114.65,6665.10,4,One Year,Credit Card,Offer B,Fiber Optic,Yes,Female,63,No,California,Calimesa
0207-MDKNV,Churned,Yes,84,2122,105.10,1918.60,1,Month-to-Month,Bank Withdrawal,No Offer,Fiber Optic,Yes,Female,54,No,California,Daly City
0208-BPQEJ,Stayed,No,29,3713,19.40,297.10,3,Month-to-Month,Bank Withdrawal,Offer D,No Internet Service,No,Female,48,No,California,Middletown
0212-ISBBF,Stayed,No,73,2875,50.35,1098.85,3,Month-to-Month,Bank Withdrawal,No Offer,Cable,No,Female,51,No,California,Berkeley
0214-JHPFW,Stayed,No,42,5640,57.80,4038.29,4,Two Year,Bank Withdrawal,No Offer,Cable,Yes,Female,22,No,California,Lost Hills
0215-BQKGS,Stayed,No,66,5393,84.30,3310.50,4,Month-to-Month,Credit Card,Offer C,Fiber Optic,No,Male,52,No,California,Garden Grove
0218-QNVAS,Stayed,No,37,5876,100.55,9108.90,5,One Year,Bank Withdrawal,Offer A,Fiber Optic,No,Male,22,No,California,Indio
0219-QAERP,Stayed,No,74,4006,19.80,870.95,5,One Year,Credit Card,No Offer,No Internet Service,No,Male,33,No,California,Oxnard
0219-YTZUE,Churned,Yes,73,4939,84.80,486.98,3,Month-to-Month,Bank Withdrawal,Offer E,Fiber Optic,No,Male,26,No,California,San Diego
0220-EBGCE,Churned,Yes,67,3273,85.85,195.58,1,Month-to-Month,Bank Withdrawal,Offer E,Fiber Optic,No,Male,58,No,California,Escondido
0221-NAUXK,Stayed,No,48,3044,19.95,298.10,5,One Year,Bank Withdrawal,No Offer,No Internet Service,No,Male,22,No,California,Moreno Valley
0221-WMXNQ,Stayed,No,40,4033,75.35,419.00,3,One Year,Bank Withdrawal,Offer E,Fiber Optic,No,Male,66,Yes,California,Chino
0222-CNVPT,Stayed,No,67,4865,48.80,2555.05,3,Two Year,Credit Card,Offer B,DSL,No,Male,69,Yes,California,Sacramento
0224-HJAPT,Churned,Yes,82,2857,47.15,333.20,2,Month-to-Month,Bank Withdrawal,No Offer,Cable,No,Male,25,No,California,San Diego
0224-NIJLP,Stayed,No,32,3899,20.15,188.46,4,Two Year,Credit Card,Offer E,No Internet Service,No,Male,30,No,California,Turlock
0224-RLWWD,Joined,No,44,3805,44.30,137.12,3,One Year,Bank Withdrawal,Offer E,Cable,No,Female,73,Yes,California,Calexico
0225-ZORZP,Joined,No,43,5828,84.30,276.21,5,Month-to-Month,Bank Withdrawal,Offer E,Fiber Optic,No,Male,46,No,California,Groveland
0228-MAUWC,Stayed,No,39,3949,59.55,1369.75,4,Month-to-Month,Bank Withdrawal,Offer D,DSL,Yes,Male,40,No,California,Los Gatos
0229-LFJAF,Stayed,No,32,4262,69.65,5171.77,5,Two Year,Bank Withdrawal,Offer A,DSL,Yes,Male,53,No,California,Clovis
0230-UBYPQ,Stayed,No,48,5089,36.10,2298.90,3,One Year,Bank Withdrawal,Offer B,DSL,Yes,Male,76,Yes,California,Hyampom
0230-WEQUW,Stayed,No,77,5500,56.60,3789.20,4,Two Year,Bank Withdrawal,No Offer,DSL,Yes,Male,38,No,California,Woodland Hills
0231-LXVAP,Churned,Yes,66,3389,75.90,120.46,3,Month-to-Month,Bank Withdrawal,No Offer,Fiber Optic,Yes,Male,23,No,California,Temecula
0233-FTHAV,Stayed,No,49,5687,79.20,5682.40,3,One Year,Bank Withdrawal,No Offer,Fiber Optic,No,Female,24,No,California,Livingston
0234-TEVTT,Stayed,No,21,5269,45.00,2196.30,3,One Year,Credit Card,No Offer,DSL,No,Female,43,No,California,Tulare
0235-KGSLC,Churned,Yes,86,3967,85.55,118.89,2,Month-to-Month,Credit Card,Offer E,Fiber Optic,No,Female,45,No,California,Buellton
0236-HFWSV,Churned,Yes,77,5264,93.35,2178.60,1,Month-to-Month,Bank Withdrawal,No Offer,Fiber Optic,No,Male,49,No,California,Palmdale
0237-YFUTL,Stayed,No,21,4676,109.65,7134.30,3,Month-to-Month,Bank Withdrawal,Offer B,Fiber Optic,Yes,Female,62,No,California,Midway City
0238-WHBIQ,Stayed,No,50,4193,89.70,8769.30,3,Two Year,Credit Card,Offer A,Cable,Yes,Male,25,No,California,Folsom
0239-OXEXL,Stayed,No,49,3509,84.25,5938.02,4,Month-to-Month,Credit Card,No Offer,Fiber Optic,No,Female,37,No,California,Oakland
0244-LGNFY,Stayed,No,75,6342,92.65,8893.00,4,Two Year,Bank Withdrawal,No Offer,DSL,Yes,Female,35,No,California,San Anselmo
0247-SLUJI,Joined,No,43,2004,19.70,53.98,5,Month-to-Month,Credit Card,No Offer,No Internet Service,No,Male,37,No,California,Duarte
0248-IPDFW,Joined,No,57,5617,50.10,79.23,4,Month-to-Month,Bank Withdrawal,No Offer,Cable,No,Female,19,No,California,Lake Elsinore
0248-PGHBZ,Stayed,No,80,5857,92.45,6313.04,4,Two Year,Bank Withdrawal,Offer A,Fiber Optic,Yes,Female,69,Yes,California,San Clemente
0253-ZTEOB,Stayed,No,50,3246,79.65,4299.42,4,Two Year,Bank Withdrawal,No Offer,DSL,Yes,Female,44,No,California,Los Angeles
0254-FNMCI,Stayed,No,37,5234,109.90,10641.72,4,Two Year,Bank Withdrawal,No Offer,Fiber Optic,Yes,Female,19,No,California,Downey
0254-KCJGT,Stayed,No,64,4628,81.40,6504.13,4,One Year,Credit Card,Offer B,Cable,Yes,Male,64,No,California,Bodega Bay
0254-WWRKD,Stayed,No,51,5122,50.55,6574.05,5,One Year,Credit Card,Offer A,Cable,No,Female,44,No,California,Challenge
0256-LTHVJ,Churned,Yes,91,5201,81.05,2698.90,1,Month-to-Month,Bank Withdrawal,Offer C,Fiber Optic,No,Female,58,No,California,Ludlow
0257-KXZGU,Stayed,No,74,5442,62.45,3110.51,3,Month-to-Month,Bank Withdrawal,Offer C,DSL,No,Female,29,No,California,Santa Clara
0257-ZESQC,Churned,Yes,91,4517,75.20,2118.89,1,Month-to-Month,Bank Withdrawal,No Offer,Cable,No,Female,80,Yes,California,Perris
0258-NOKBL,Joined,No,61,5625,90.40,362.89,5,Month-to-Month,Bank Withdrawal,No Offer,Fiber Optic,No,Male,22,No,California,Fortuna
0259-GBZSH,Churned,Yes,73,3878,85.65,262.36,1,Month-to-Month,Bank Withdrawal,Offer E,Cable,No,Male,22,No,California,San Diego
0260-ZDLGK,Churned,Yes,65,3585,72.90,970.81,1,Month-to-Month,Credit Card,No Offer,Cable,Yes,Female,50,No,California,San Dimas
0263-FJTQO,Stayed,No,60,4022,70.50,5711.15,4,Two Year,Credit Card,Offer B,Cable,Yes,Male,53,No,California,Rescue
0264-CNITK,Stayed,No,23,5043,20.10,3592.73,3,Two Year,Bank Withdrawal,No Offer,No Internet Service,No,Female,45,No,California,Clio
0265-EDXBD,Churned,Yes,69,4105,74.90,3818.23,2,Month-to-Month,Bank Withdrawal,Offer C,Fiber Optic,No,Male,76,Yes,California,San Diego
0265-PSUAE,Stayed,No,72,3337,100.70,1959.02,4,Month-to-Month,Bank Withdrawal,Offer D,Fiber Optic,No,Female,57,No,California,Lotus
0266-CLZKZ,Stayed,No,59,6383,105.65,7909.83,5,Two Year,Bank Withdrawal,Offer A,Fiber Optic,Yes,Female,45,No,California,San Marcos
0266-GMEAO,Stayed,No,70,5879,114.30,9206.23,3,Two Year,Credit Card,No Offer,Fiber Optic,Yes,Male,43,No,California,Lompoc
0268-QKIWO,Churned,Yes,83,2647,19.75,132.74,3,Month-to-Month,Bank Withdrawal,Offer E,No Internet Service,No,Female,41,No,California,Pilot Hill
0269-XFESX,Stayed,No,30,4031,24.35,1642.96,5,One Year,Credit Card,No Offer,No Internet Service,No,Male,22,No,California,San Francisco
0270-THENM,Stayed,No,77,6233,69.85,7119.75,3,Two Year,Bank Withdrawal,No Offer,DSL,Yes,Male,62,No,California,Mission Hills
0274-JKUJR,Stayed,No,76,3332,58.85,465.70,3,Month-to-Month,Credit Card,Offer E,Cable,No,Male,21,No,California,Los Angeles
0277-BKSQP,Stayed,No,62,4854,54.40,487.58,4,Month-to-Month,Bank Withdrawal,Offer E,DSL,No,Male,49,No,California,Harbor City
0277-ORXQS,Stayed,No,30,4652,50.55,3474.55,4,Two Year,Bank Withdrawal,Offer A,Cable,Yes,Male,33,No,California,San Francisco
0278-YXOOG,Churned,Yes,66,2604,21.05,285.15,3,Month-to-Month,Credit Card,Offer E,No Internet Service,No,Male,30,No,California,Inglewood
0280-XJGEX,Churned,Yes,89,5340,103.70,7208.47,1,Month-to-Month,Bank Withdrawal,No Offer,Fiber Optic,No,Male,38,No,California,Los Angeles
0281-CNTZX,Stayed,No,74,5151,19.95,3651.48,3,Two Year,Bank Withdrawal,Offer B,No Internet Service,No,Male,56,No,California,Pescadero
0282-NVSJS,Stayed,No,75,3353,29.30,355.90,4,Month-to-Month,Mailed Check,Offer D,DSL,Yes,Female,70,Yes,California,Aromas
0285-INHLN,Stayed,No,41,3519,54.75,2487.43,3,Month-to-Month,Credit Card,No Offer,DSL,No,Male,54,No,California,Badger
0289-IVARM,Stayed,No,34,3463,60.55,3550.95,4,Month-to-Month,Bank Withdrawal,No Offer,DSL,No,Female,57,No,California,Parlier
0292-WEGCH,Stayed,No,45,6275,86.20,4757.87,3,Month-to-Month,Bank Withdrawal,Offer B,DSL,Yes,Female,40,No,California,Death Valley
0295-PPHDO,Churned,Yes,71,5962,95.45,101.04,1,Month-to-Month,Bank Withdrawal,No Offer,Fiber Optic,No,Male,56,No,California,La Puente
0295-QVKPB,Stayed,No,42,3099,63.95,387.90,4,Month-to-Month,Credit Card,Offer E,DSL,Yes,Male,38,No,California,Riverdale
0297-RBCSG,Stayed,No,39,2051,65.35,2085.86,4,One Year,Bank Withdrawal,No Offer,DSL,Yes,Male,61,No,California,San Francisco
0298-XACET,Stayed,No,47,5396,50.20,2526.99,4,Two Year,Credit Card,No Offer,DSL,Yes,Male,35,No,California,Berry Creek
0301-FIDRB,Stayed,No,32,6107,63.80,4684.30,4,Two Year,Bank Withdrawal,No Offer,DSL,Yes,Female,61,No,California,Fulton
0301-KOBTQ,Stayed,No,20,3398,20.05,1081.84,5,Two Year,Bank Withdrawal,No Offer,No Internet Service,No,Male,50,No,California,Capitola
0302-JOIVN,Churned,Yes,76,2750,101.15,977.94,2,Month-to-Month,Bank Withdrawal,No Offer,Fiber Optic,No,Female,47,No,California,San Diego
0303-UNCIP,Stayed,No,57,5043,65.00,4211.35,4,One Year,Mailed Check,Offer B,DSL,No,Male,35,No,California,Claremont
0303-WMMRN,Stayed,No,27,3056,19.25,191.10,3,Month-to-Month,Credit Card,No Offer,No Internet Service,No,Male,32,No,California,Glendale
0305-SQECB,Stayed,No,67,4265,36.05,502.60,4,One Year,Credit Card,No Offer,DSL,Yes,Female,54,No,California,Gardena
0306-JAELE,Churned,Yes,66,4192,96.10,608.85,1,Month-to-Month,Bank Withdrawal,No Offer,Fiber Optic,Yes,Male,61,No,California,Fallbrook
0307-BCOPK,Stayed,No,60,4336,19.05,990.81,5,One Year,Credit Card,Offer D,No Internet Service,No,Female,62,No,California,San Francisco
0308-GIQJT,Stayed,No,54,4921,105.75,7815.95,4,One Year,Bank Withdrawal,No Offer,Fiber Optic,Yes,Male,80,Yes,California,San Diego
0308-IVGOK,Stayed,No,62,2133,40.40,422.60,5,One Year,Credit Card,No Offer,DSL,Yes,Female,23,No,California,Santa Ana
0310-MVLET,Churned,Yes,77,5612,99.15,9019.18,3,Month-to-Month,Bank Withdrawal,No Offer,Fiber Optic,No,Female,63,No,California,Snelling
0310-SUCIN,Stayed,No,28,5643,84.80,7683.36,3,One Year,Bank Withdrawal,No Offer,Cable,Yes,Female,50,No,California,Darwin
0310-VQXAM,Stayed,No,63,2788,19.85,545.46,3,Month-to-Month,Credit Card,No Offer,No Internet Service,No,Male,56,No,California,San Bernardino
0311-QYWSS,Stayed,No,60,3672,49.45,549.56,3,Month-to-Month,Bank Withdrawal,No Offer,DSL,No,Female,63,No,California,Garberville
0311-UNPFF,Churned,Yes,82,4910,88.80,3314.69,2,Month-to-Month,Bank Withdrawal,No Offer,Fiber Optic,No,Female,58,No,California,Long Beach
0314-TKOSI,Stayed,No,42,5377,55.15,364.78,4,Month-to-Month,Mailed Check,Offer E,Cable,No,Female,29,No,California,Upland
0315-LVCRK,Stayed,No,60,4924,84.80,1225.02,4,Month-to-Month,Bank Withdrawal,No Offer,Fiber Optic,No,Male,54,No,California,El Dorado Hills
0318-QUUOB,Churned,Yes,91,4273,80.55,124.22,1,Month-to-Month,Bank Withdrawal,No Offer,Fiber Optic,No,Male,25,No,California,Santa Rosa
0318-ZOPWS,Stayed,No,37,5422,20.15,1111.53,5,Two Year,Bank Withdrawal,No Offer,No Internet Service,No,Female,31,No,California,Malibu
0319-QZTCO,Joined,No,52,3654,58.70,203.01,3,Month-to-Month,Credit Card,Offer E,DSL,No,Female,25,No,California,Santa Rosa
0320-DWVTU,Stayed,No,23,4754,99.50,7733.46,3,Two Year,Credit Card,Offer B,Fiber Optic,Yes,Female,46,No,California,Riverdale
0320-JDNQG,Churned,Yes,83,3425,99.85,3204.15,1,Month-to-Month,Bank Withdrawal,No Offer,Fiber Optic,Yes,Male,28,No,California,Oxnard
0322-CHQRU,Churned,Yes,81,3478,45.35,140.48,1,Month-to-Month,Bank Withdrawal,No Offer,DSL,No,Male,63,No,California,Palmdale
0322-YINQP,Churned,Yes,77,5687,48.55,59.90,1,Month-to-Month,Credit Card,No Offer,DSL,No,Male,37,No,California,Covina
0323-XWWTN,Joined,No,77,4315,26.40,222.86,5,Two Year,Credit Card,No Offer,No Internet Service,No,Male,44,No,California,San Lucas
0324-BRPCJ,Churned,Yes,70,4481,100.20,8302.09,1,Month-to-Month,Bank Withdrawal,No Offer,Cable,No,Female,74,Yes,California,Palmdale
0325-XBFAC,Churned,Yes,94,5811,94.70,976.22,1,Month-to-Month,Bank Withdrawal,No Offer,Fiber Optic,No,Male,44,No,California,Hoopa
0326-VDYXE,Stayed,No,35,4252,97.65,8228.70,4,One Year,Bank Withdrawal,Offer A,Fiber Optic,No,Female,21,No,California,Long Beach
0327-WFZSY,Stayed,No,64,5434,100.00,4509.86,3,One Year,Bank Withdrawal,Offer C,Fiber Optic,No,Male,62,No,California,Samoa
0328-GRPMV,Churned,Yes,84,3706,70.10,87.47,1,Month-to-Month,Bank Withdrawal,No Offer,Fiber Optic,No,Female,43,No,California,Burnt Ranch
0329-GTIAJ,Churned,Yes,86,4330,97.90,405.84,3,Month-to-Month,Bank Withdrawal,No Offer,Fiber Optic,Yes,Female,40,No,California,Garden Grove
0330-BGYZE,Stayed,No,54,4968,102.50,7310.80,5,One Year,Bank Withdrawal,Offer B,Fiber Optic,No,Male,48,No,California,Milford
0330-IVZHA,Churned,Yes,81,2969,69.95,415.55,2,Month-to-Month,Bank Withdrawal,Offer E,Fiber Optic,No,Female,55,No,California,Anderson
0334-GDDSO,Churned,Yes,73,2818,81.35,261.36,1,Month-to-Month,Bank Withdrawal,Offer E,Fiber Optic,No,Male,77,Yes,California,San Diego
0334-ZFJSR,Stayed,No,68,5501,66.05,5513.47,4,One Year,Credit Card,No Offer,Cable,Yes,Female,41,No,California,San Diego
0336-KXKFK,Stayed,No,38,4085,61.20,4390.25,3,Two Year,Credit Card,No Offer,DSL,Yes,Male,43,No,California,Santa Margarita
0336-PIKEI,Stayed,No,58,5590,74.40,5880.19,4,Two Year,Bank Withdrawal,Offer A,DSL,Yes,Male,69,Yes,California,Orange
0337-CNPZE,Churned,Yes,85,5383,106.30,5001.08,2,Month-to-Month,Bank Withdrawal,No Offer,Fiber Optic,No,Female,63,No,California,Los Angeles
0343-QLUZP,Stayed,No,32,5544,39.60,2386.04,3,Two Year,Bank Withdrawal,Offer B,DSL,No,Male,38,No,California,San Jose
0345-HKJVM,Churned,Yes,91,5800,89.30,593.20,1,Month-to-Month,Bank Withdrawal,No Offer,Fiber Optic,No,Female,43,No,California,San Diego
0345-XMMUG,Stayed,No,45,5119,108.90,4946.30,5,Two Year,Credit Card,No Offer,Fiber Optic,Yes,Female,29,No,California,Ione
0347-UBKUZ,Stayed,No,29,3366,19.90,361.55,4,Month-to-Month,Mailed Check,No Offer,No Internet Service,No,Female,46,No,California,San Mateo
0348-SDKOL,Churned,Yes,96,4415,102.10,6188.98,2,Month-to-Month,Credit Card,No Offer,Fiber Optic,Yes,Female,33,No,California,San Diego
0354-VXMJC,Stayed,No,35,4617,19.60,1209.57,5,Two Year,Credit Card,No Offer,No Internet Service,No,Male,60,No,California,Los Angeles
0354-WYROK,Churned,Yes,91,4050,98.90,4397.75,2,Month-to-Month,Bank Withdrawal,Offer C,Fiber Optic,Yes,Female,70,Yes,California,San Francisco
0356-ERHVT,Stayed,No,41,3880,45.90,664.35,5,Month-to-Month,Bank Withdrawal,Offer D,Cable,No,Male,54,No,California,Santa Cruz
0356-OBMAC,Stayed,No,45,5840,99.90,6676.78,3,Two Year,Bank Withdrawal,No Offer,Fiber Optic,Yes,Female,80,Yes,California,Winchester
0357-NVCRI,Stayed,No,24,2192,20.05,793.45,5,Month-to-Month,Credit Card,Offer C,No Internet Service,No,Female,41,No,California,El Cajon
0361-HJRDX,Stayed,No,40,4146,64.35,4669.60,3,Two Year,Credit Card,Offer A,DSL,Yes,Female,38,No,California,Sherman Oaks
0362-RAOQO,Stayed,No,75,3878,19.65,1871.45,4,Two Year,Credit Card,No Offer,No Internet Service,No,Female,48,No,California,Norco
0362-ZBZWJ,Churned,Yes,69,2455,84.90,3954.96,1,Month-to-Month,Bank Withdrawal,No Offer,Fiber Optic,No,Male,46,No,California,Thornton
0363-QJVFX,Churned,Yes,69,2541,108.15,4318.98,1,Month-to-Month,Credit Card,Offer C,Fiber Optic,Yes,Male,22,No,California,Lake Hughes
0363-SVHYR,Stayed,No,60,6452,86.85,6981.61,4,Two Year,Bank Withdrawal,Offer A,DSL,Yes,Male,28,No,California,Paramount
0365-BZUWY,Stayed,No,75,3803,102.55,1914.37,5,Month-to-Month,Bank Withdrawal,Offer D,Fiber Optic,No,Male,58,No,California,San Juan Capistrano
0365-GXEZS,Stayed,No,79,2831,78.20,2040.97,5,Month-to-Month,Bank Withdrawal,Offer D,Fiber Optic,Yes,Male,55,No,California,Copperopolis
0365-TRTPY,Stayed,No,44,5135,91.20,3816.31,3,Month-to-Month,Bank Withdrawal,No Offer,Fiber Optic,No,Female,52,No,California,Covina
0366-NQSHS,Joined,No,52,5863,19.35,135.03,3,Month-to-Month,Credit Card,No Offer,No Internet Service,No,Male,42,No,California,Colusa
0369-ZGOVK,Stayed,No,54,5195,70.40,2354.52,3,One Year,Bank Withdrawal,Offer C,Fiber Optic,No,Female,56,No,California,Cypress
0373-AIVNJ,Stayed,No,67,3755,39.55,373.00,3,One Year,Credit Card,Offer E,Cable,No,Male,34,No,California,Sacramento
0374-AACSZ,Joined,No,30,4421,50.15,138.48,3,Month-to-Month,Bank Withdrawal,Offer E,DSL,No,Female,63,No,California,Lancaster
0374-FIUCA,Stayed,No,80,5368,20.40,2939.35,3,Two Year,Credit Card,No Offer,No Internet Service,No,Male,59,No,California,Orange
0374-IOEGQ,Joined,No,74,3122,44.60,169.47,4,Month-to-Month,Bank Withdrawal,No Offer,Cable,No,Female,62,No,California,Gonzales
0375-HVGXO,Churned,Yes,81,4476,34.70,34.70,3,Month-to-Month,Bank Withdrawal,Offer E,DSL,No,Female,31,No,California,Los Angeles
0376-OIWME,Stayed,No,53,2701,93.60,4837.37,4,Month-to-Month,Bank Withdrawal,Offer C,Fiber Optic,No,Male,24,No,California,San Ysidro
0376-YMCJC,Churned,Yes,82,4359,90.60,2828.34,2,Month-to-Month,Bank Withdrawal,No Offer,Cable,Yes,Male,21,No,California,Novato
0377-JBKKT,Stayed,No,41,5036,57.95,2208.56,3,Month-to-Month,Credit Card,Offer D,DSL,Yes,Male,21,No,California,Gilroy
0378-CJKPV,Stayed,No,62,4272,112.10,8275.39,4,Two Year,Credit Card,No Offer,Fiber Optic,Yes,Female,56,No,California,Oak Park
0378-NHQXU,Churned,Yes,68,4041,88.25,1765.12,2,Month-to-Month,Bank Withdrawal,No Offer,Fiber Optic,No,Female,31,No,California,South San Francisco
0378-TOVMS,Churned,Yes,89,5641,85.80,304.00,1,Month-to-Month,Bank Withdrawal,No Offer,Fiber Optic,Yes,Female,20,No,California,Vernalis
0378-XSZPU,Churned,Yes,88,4026,60.30,4562.56,2,One Year,Credit Card,Offer B,Cable,No,Male,31,No,California,San Jose
0379-DJQHR,Stayed,No,51,4219,81.35,8430.35,3,Two Year,Credit Card,No Offer,DSL,No,Male,60,No,California,Sunnyvale
0380-NEAVX,Stayed,No,71,5626,99.85,4533.15,5,One Year,Bank Withdrawal,No Offer,Fiber Optic,No,Male,72,Yes,California,Newport Beach
0380-ZCSBI,Stayed,No,66,2411,20.00,242.90,5,Month-to-Month,Credit Card,No Offer,No Internet Service,No,Male,56,No,California,San Francisco
0383-CLDDA,Stayed,No,37,6499,85.35,7171.83,3,Two Year,Credit Card,Offer A,DSL,Yes,Female,42,No,California,Stanford
0384-LPITE,Stayed,No,34,2290,62.05,2511.55,3,One Year,Credit Card,No Offer,Cable,No,Male,38,No,California,Los Angeles
0384-RVBPI,Stayed,No,80,2120,64.40,1650.60,3,Month-to-Month,Credit Card,Offer D,DSL,No,Male,64,No,California,Turlock
0386-CWRGM,Stayed,No,47,2320,19.40,3152.85,4,Two Year,Credit Card,No Offer,No Internet Service,No,Female,61,No,California,Beverly Hills
0388-EOPEX,Churned,Yes,77,4263,74.40,158.98,1,Month-to-Month,Bank Withdrawal,No Offer,Fiber Optic,No,Female,28,No,California,Riverside
0390-DCFDQ,Churned,Yes,76,3964,70.45,85.73,2,Month-to-Month,Mailed Check,Offer E,Fiber Optic,No,Female,76,Yes,California,Los Alamitos
0392-BZIUW,Stayed,No,70,5678,105.00,8063.56,3,Two Year,Credit Card,No Offer,Fiber Optic,No,Female,44,No,California,Fresno
0394-YONDK,Stayed,No,39,5114,25.15,1875.55,3,Two Year,Credit Card,No Offer,No Internet Service,No,Male,28,No,California,Escondido
0396-HUJBP,Joined,No,43,3009,19.30,144.22,3,Month-to-Month,Credit Card,No Offer,No Internet Service,No,Female,34,No,California,Gardena
0396-UKGAI,Stayed,No,65,4028,55.30,1320.54,4,Month-to-Month,Bank Withdrawal,Offer D,DSL,Yes,Male,25,No,California,Encinitas
0396-YCHWO,Stayed,No,44,5111,95.40,4935.08,3,Month-to-Month,Bank Withdrawal,Offer C,Fiber Optic,No,Male,58,No,California,Sacramento
0397-GZBBC,Churned,Yes,85,5390,93.85,6202.64,2,Month-to-Month,Bank Withdrawal,No Offer,Fiber Optic,No,Male,70,Yes,California,South Dos Palos
0397-ZXWQF,Stayed,No,45,4416,20.50,4600.72,5,Two Year,Bank Withdrawal,Offer A,No Internet Service,No,Male,24,No,California,Orick
0401-WDBXM,Stayed,No,62,4331,105.55,8152.01,3,Two Year,Bank Withdrawal,No Offer,Fiber Optic,No,Male,22,No,California,San Jose
0402-CQAJN,Churned,Yes,83,4437,101.90,4434.83,3,Month-to-Month,Bank Withdrawal,No Offer,Fiber Optic,No,Female,22,No,California,El Monte
0402-OAMEN,Stayed,No,64,5335,24.45,3189.42,3,Two Year,Bank Withdrawal,Offer A,No Internet Service,No,Female,36,No,California,Spreckels
0404-AHASP,Stayed,No,36,6436,19.70,3435.74,3,Two Year,Credit Card,Offer A,No Internet Service,No,Male,23,No,California,Beverly Hills
0404-SWRVG,Churned,Yes,76,4415,74.40,264.61,1,Month-to-Month,Bank Withdrawal,Offer E,Fiber Optic,No,Male,21,No,California,La Habra
0406-BPDVR,Churned,Yes,68,6405,101.50,7181.56,2,One Year,Credit Card,Offer B,Fiber Optic,No,Female,75,Yes,California,Visalia
0407-BDJKB,Churned,Yes,88,4129,95.75,7856.10,2,Month-to-Month,Bank Withdrawal,No Offer,Fiber Optic,No,Male,59,No,California,San Francisco
0409-WTMPL,Stayed,No,55,4761,110.65,8727.75,3,One Year,Credit Card,Offer B,Fiber Optic,No,Female,35,No,California,Whittier
0410-IPFTY,Stayed,No,56,4283,83.85,3035.71,3,Month-to-Month,Bank Withdrawal,Offer C,Fiber Optic,No,Female,64,No,California,Long Beach
0411-EZJZE,Joined,No,31,4830,60.25,300.80,4,Month-to-Month,Bank Withdrawal,No Offer,DSL,No,Female,62,No,California,Stockton
0412-UCCNP,Stayed,No,33,5162,59.20,3851.25,3,Two Year,Bank Withdrawal,No Offer,DSL,Yes,Male,20,No,California,Essex
0415-MOSGF,Churned,Yes,76,3204,44.40,70.93,2,Month-to-Month,Credit Card,Offer E,DSL,No,Female,58,No,California,Los Gatos
0419-YAAPX,Stayed,No,71,4696,85.30,4994.24,4,Month-to-Month,Credit Card,Offer B,Fiber Optic,No,Male,44,No,California,Grass Valley
0420-BWTPW,Churned,Yes,78,5578,25.50,215.20,2,Month-to-Month,Mailed Check,No Offer,DSL,No,Male,40,No,California,San Diego
0420-HLGXF,Stayed,No,58,3860,99.75,4427.17,3,Two Year,Bank Withdrawal,No Offer,Fiber Optic,No,Female,72,Yes,California,Visalia
0420-TXVSG,Stayed,No,73,5933,66.10,6917.31,3,Two Year,Credit Card,Offer A,DSL,No,Male,43,No,California,San Jose
0422-OHQHQ,Stayed,No,22,3009,20.55,815.40,5,One Year,Credit Card,No Offer,No Internet Service,No,Female,23,No,California,Fresno
0422-UXFAP,Stayed,No,43,6034,98.85,7511.27,5,One Year,Bank Withdrawal,Offer B,Fiber Optic,No,Female,34,No,California,San Diego
0423-UDIJQ,Stayed,No,22,2145,49.20,511.89,4,Two Year,Mailed Check,No Offer,DSL,Yes,Male,74,Yes,California,Snelling
0426-TIRNE,Churned,Yes,90,5527,20.90,36.41,3,Month-to-Month,Credit Card,Offer E,No Internet Service,No,Female,54,No,California,Encino
0428-AXXLJ,Stayed,No,36,4761,19.50,605.80,4,One Year,Bank Withdrawal,Offer C,No Internet Service,No,Male,29,No,California,Bellflower
0428-IKYCP,Stayed,No,49,5233,87.00,2921.61,4,Month-to-Month,Bank Withdrawal,No Offer,Fiber Optic,No,Male,56,No,California,Sonora
0430-IHCDJ,Stayed,No,25,2597,49.00,925.50,3,Month-to-Month,Bank Withdrawal,No Offer,DSL,No,Male,40,No,California,Highland
0431-APWVY,Churned,Yes,91,5958,90.10,3111.63,3,One Year,Bank Withdrawal,No Offer,Fiber Optic,No,Female,37,No,California,Novato
0432-CAJZV,Joined,No,69,3953,90.70,253.82,4,Month-to-Month,Credit Card,No Offer,Fiber Optic,No,Male,47,No,California,Temecula
0434-CSFON,Stayed,No,70,4488,100.50,6500.15,3,Month-to-Month,Bank Withdrawal,Offer B,Fiber Optic,No,Female,34,No,California,Los Angeles
0436-TWFFZ,Stayed,No,61,6322,85.25,6296.46,4,Two Year,Mailed Check,Offer A,DSL,Yes,Female,21,No,California,Long Beach
0439-IFYUN,Stayed,No,62,3896,74.70,1694.22,4,Month-to-Month,Bank Withdrawal,Offer D,Fiber Optic,No,Female,78,Yes,California,Escondido
0440-EKDCF,Stayed,No,80,4404,60.15,5842.60,5,Two Year,Credit Card,Offer B,Cable,Yes,Male,47,No,California,Herlong
0440-MOGPM,Stayed,No,29,4176,80.55,3516.46,3,One Year,Bank Withdrawal,No Offer,DSL,No,Female,51,No,California,Petaluma
0440-QEXBZ,Stayed,No,42,5790,50.15,2949.58,3,Month-to-Month,Credit Card,Offer B,DSL,No,Female,64,No,California,Mojave
0440-UEDAI,Stayed,No,64,5452,94.45,6838.39,4,One Year,Credit Card,No Offer,Fiber Optic,Yes,Female,59,No,California,Callahan
0442-TDYUO,Stayed,No,28,2964,20.05,2622.88,3,Two Year,Credit Card,No Offer,No Internet Service,No,Male,44,No,California,Bodega
0442-ZXKVS,Stayed,No,45,4337,115.60,8791.39,3,One Year,Bank Withdrawal,Offer B,Fiber Optic,Yes,Female,79,Yes,California,Denair
0447-BEMNG,Churned,Yes,65,4926,45.30,2285.00,1,Month-to-Month,Bank Withdrawal,No Offer,Cable,No,Female,28,No,California,Wrightwood
0447-RXSGD,Stayed,No,47,5207,99.65,3021.17,3,Month-to-Month,Bank Withdrawal,Offer C,Fiber Optic,No,Male,39,No,California,Monterey
0454-OKRCT,Stayed,No,80,5542,80.60,3801.15,4,Two Year,Bank Withdrawal,Offer C,Fiber Optic,Yes,Male,32,No,California,Palo Alto
0455-ENTCR,Stayed,No,38,5012,85.25,8366.45,4,Two Year,Bank Withdrawal,No Offer,DSL,Yes,Male,58,No,California,Jamestown
0455-XFASS,Joined,No,59,5998,69.55,171.41,3,Month-to-Month,Bank Withdrawal,No Offer,Fiber Optic,No,Female,61,No,California,Campbell
0458-HEUZG,Stayed,No,69,3239,35.40,550.40,3,Two Year,Credit Card,Offer D,Cable,Yes,Female,58,No,California,Alderpoint
0459-SPZHJ,Stayed,No,75,4652,83.50,6282.35,4,Two Year,Credit Card,No Offer,DSL,No,Male,19,No,California,Garden Grove
0461-CVKMU,Churned,Yes,80,5737,83.80,2792.88,1,Month-to-Month,Bank Withdrawal,No Offer,Fiber Optic,Yes,Female,45,No,California,Oak Run
0463-TXOAK,Stayed,No,76,5662,25.60,2536.74,3,Two Year,Credit Card,No Offer,No Internet Service,No,Male,26,No,California,Madison
0463-WZZKO,Joined,No,30,2406,20.75,116.27,5,Month-to-Month,Credit Card,Offer E,No Internet Service,No,Male,23,No,California,Van Nuys
0463-ZSDNT,Stayed,No,70,2037,56.75,836.25,5,Month-to-Month,Bank Withdrawal,No Offer,DSL,No,Male,23,No,California,Escondido
0464-WJTKO,Stayed,No,30,4598,20.10,2481.09,5,Two Year,Bank Withdrawal,No Offer,No Internet Service,No,Female,39,No,California,Cedarville
0468-YRPXN,Stayed,No,42,4580,98.80,4204.90,5,Month-to-Month,Credit Card,Offer C,Fiber Optic,Yes,Male,62,No,California,Lomita
0471-ARVMX,Stayed,No,68,5061,104.85,7722.78,3,One Year,Bank Withdrawal,Offer B,Fiber Optic,No,Female,70,Yes,California,Kelseyville
0471-LVHGK,Churned,Yes,86,2041,73.00,3653.51,2,One Year,Bank Withdrawal,No Offer,DSL,No,Male,34,No,California,Orangevale
0475-RIJEP,Churned,Yes,91,5107,77.85,5478.44,1,Month-to-Month,Bank Withdrawal,Offer B,Fiber Optic,No,Male,47,No,California,Pinecrest
0479-HMSWA,Stayed,No,62,5980,105.45,2779.78,5,Two Year,Bank Withdrawal,Offer C,Fiber Optic,Yes,Female,63,No,California,San Clemente
0480-BIXDE,Stayed,No,66,3249,96.80,1945.97,5,Month-to-Month,Bank Withdrawal,Offer D,Fiber Optic,No,Female,58,No,California,Beale Afb
0480-KYJVA,Stayed,No,26,5897,24.25,5161.94,4,Two Year,Credit Card,No Offer,No Internet Service,No,Female,42,No,California,Sacramento
0481-SUMCB,Stayed,No,69,5391,102.15,6270.75,4,One Year,Bank Withdrawal,Offer B,Fiber Optic,No,Female,74,Yes,California,Greenville
0484-FFVBJ,Stayed,No,29,4895,64.85,2507.59,5,One Year,Bank Withdrawal,No Offer,DSL,No,Male,43,No,California,Fort Bragg
0484-JPBRU,Stayed,No,40,3461,25.25,2686.06,4,Month-to-Month,Bank Withdrawal,No Offer,No Internet Service,No,Male,23,No,California,Petaluma
0485-ZBSLN,Stayed,No,39,6263,24.75,4087.60,5,Two Year,Credit Card,No Offer,No Internet Service,No,Male,52,No,California,Mecca
0486-HECZI,Churned,Yes,75,5154,96.75,7937.20,1,Month-to-Month,Bank Withdrawal,No Offer,Fiber Optic,No,Male,37,No,California,Torrance
0486-LGCCH,Stayed,No,33,3372,19.65,674.11,3,Two Year,Credit Card,Offer D,No Internet Service,No,Male,48,No,California,Victorville
0487-CRLZF,Stayed,No,60,4517,74.45,4089.89,5,Two Year,Bank Withdrawal,Offer B,DSL,Yes,Female,58,No,California,Poway
0487-RPVUM,Stayed,No,44,5404,99.40,6867.80,4,Month-to-Month,Bank Withdrawal,No Offer,Fiber Optic,Yes,Male,49,No,California,Mount Hermon
0487-VVUVK,Stayed,No,57,3829,19.15,954.85,4,Month-to-Month,Credit Card,No Offer,No Internet Service,No,Male,49,No,California,Santa Barbara
0488-GSLFR,Churned,Yes,91,3365,69.50,77.81,1,Month-to-Month,Bank Withdrawal,No Offer,Fiber Optic,No,Female,41,No,California,Taylorsville
0489-WMEMG,Stayed,No,70,5237,49.45,1713.90,3,One Year,Bank Withdrawal,Offer D,Cable,Yes,Female,61,No,California,Korbel
0491-KAPQG,Stayed,No,39,2071,73.70,2158.04,5,Month-to-Month,Bank Withdrawal,Offer D,Fiber Optic,No,Male,28,No,California,Pine Valley
0495-RVCBF,Churned,Yes,75,2066,79.70,113.58,3,Month-to-Month,Bank Withdrawal,No Offer,Fiber Optic,No,Female,39,No,California,Santa Rosa
0495-ZBNGW,Churned,Yes,90,4324,79.90,397.25,2,Month-to-Month,Bank Withdrawal,No Offer,Fiber Optic,No,Male,78,Yes,California,Loma Mar
0496-AHOOK,Stayed,No,68,4310,74.40,2501.54,3,One Year,Bank Withdrawal,Offer C,Cable,Yes,Male,61,No,California,Bangor
0504-HHAPI,Churned,Yes,96,2420,88.30,2925.13,3,Month-to-Month,Credit Card,No Offer,Fiber Optic,No,Female,72,Yes,California,Guinda
0505-SPOOW,Stayed,No,30,4500,19.80,2217.35,4,Two Year,Bank Withdrawal,Offer A,No Internet Service,No,Female,41,No,California,Riverside
0506-LVNGN,Churned,Yes,90,4028,75.55,561.30,1,Month-to-Month,Credit Card,No Offer,Fiber Optic,No,Female,78,Yes,California,Rancho Cordova
0506-YLVKJ,Stayed,No,35,3136,20.20,3029.77,3,Two Year,Credit Card,No Offer,No Internet Service,No,Male,54,No,California,Sultana
0508-OOLTO,Joined,No,67,3916,71.65,193.81,3,Month-to-Month,Bank Withdrawal,No Offer,Fiber Optic,No,Female,33,No,California,Fort Irwin
0508-SQWPL,Stayed,No,23,5506,20.10,2607.89,5,Two Year,Bank Withdrawal,Offer B,No Internet Service,No,Female,32,No,California,La Mesa
0511-JTEOY,Churned,Yes,91,5824,71.10,81.29,2,Month-to-Month,Mailed Check,Offer E,Fiber Optic,No,Female,41,No,California,Canyon Dam
0512-FLFDW,Stayed,No,34,6442,100.50,7689.80,5,One Year,Credit Card,No Offer,Fiber Optic,No,Female,74,Yes,California,Palomar Mountain
0513-RBGPE,Stayed,No,66,5229,62.80,2428.28,3,Two Year,Credit Card,No Offer,DSL,Yes,Male,57,No,California,Rancho Santa Fe
0515-YPMCW,Churned,Yes,90,3525,70.45,123.32,1,Month-to-Month,Credit Card,No Offer,Fiber Optic,No,Male,42,No,California,San Jose
0516-OOHAR,Stayed,No,50,3411,100.35,3015.44,3,One Year,Bank Withdrawal,No Offer,Fiber Optic,No,Male,39,No,California,Topanga
0516-QREYC,Stayed,No,71,3740,20.30,901.31,5,Two Year,Credit Card,No Offer,No Internet Service,No,Female,78,Yes,California,Capay
0516-UXRMT,Stayed,No,71,5801,92.05,7222.15,3,One Year,Bank Withdrawal,No Offer,Fiber Optic,No,Female,27,No,California,Oxnard
0516-VRYBW,Churned,Yes,85,4931,20.15,551.95,3,One Year,Bank Withdrawal,Offer D,No Internet Service,No,Female,39,No,California,Stanton
0516-WJVXC,Churned,Yes,78,5476,54.20,326.30,1,Month-to-Month,Bank Withdrawal,No Offer,DSL,Yes,Female,21,No,California,Sacramento
0519-DRGTI,Stayed,No,49,2522,20.35,1291.80,4,Month-to-Month,Credit Card,No Offer,No Internet Service,No,Female,58,No,California,Stockton
0519-XUZJU,Churned,Yes,93,3963,70.75,96.75,2,Month-to-Month,Mailed Check,No Offer,Fiber Optic,No,Female,56,No,California,Felton
0520-FDVVT,Churned,Yes,80,2473,102.35,5020.50,3,One Year,Bank Withdrawal,No Offer,Fiber Optic,No,Male,26,No,California,Lewiston
0523-VNGTF,Stayed,No,70,5185,50.50,2566.30,3,Two Year,Bank Withdrawal,No Offer,DSL,Yes,Female,78,Yes,California,Sun Valley
0524-IAVZO,Churned,Yes,90,3698,85.00,2768.85,2,Month-to-Month,Bank Withdrawal,Offer C,Fiber Optic,No,Female,25,No,California,Anza
0526-SXDJP,Stayed,No,29,6091,42.10,2962.00,4,Two Year,Bank Withdrawal,Offer A,Cable,No,Male,36,No,California,Bell
0529-ONKER,Churned,Yes,96,2099,75.65,1842.35,3,Month-to-Month,Bank Withdrawal,Offer D,Fiber Optic,No,Male,70,Yes,California,Forest Ranch
0530-IJVDB,Stayed,No,65,5414,114.60,9749.40,4,Two Year,Bank Withdrawal,Offer A,Fiber Optic,Yes,Male,36,No,California,Jamul
0531-XBKMM,Stayed,No,57,5058,65.70,6498.82,3,Two Year,Bank Withdrawal,No Offer,DSL,Yes,Male,37,No,California,Azusa
0531-ZZJWQ,Stayed,No,54,4958,74.00,6411.90,5,Two Year,Bank Withdrawal,No Offer,Fiber Optic,No,Male,68,Yes,California,Fallbrook
0533-BNWKF,Churned,Yes,91,5502,85.45,7319.80,1,Month-to-Month,Bank Withdrawal,Offer B,Fiber Optic,No,Female,66,Yes,California,San Diego
0533-UCAAU,Stayed,No,40,5462,71.10,6885.22,5,One Year,Credit Card,No Offer,DSL,No,Male,72,Yes,California,Montgomery Creek
0536-ACXIP,Stayed,No,53,6452,109.55,11347.50,3,Two Year,Bank Withdrawal,No Offer,Fiber Optic,No,Female,34,No,California,Lodi
0536-BGFMZ,Stayed,No,41,5145,20.50,1748.29,4,Month-to-Month,Credit Card,No Offer,No Internet Service,No,Female,27,No,California,Leggett
0536-ESJEP,Stayed,No,59,4544,74.55,4957.17,4,Two Year,Bank Withdrawal,No Offer,DSL,No,Male,48,No,California,Rough And Ready
0537-QYZZN,Stayed,No,36,3412,79.85,1955.19,3,Two Year,Bank Withdrawal,Offer C,Fiber Optic,No,Male,66,Yes,California,Petaluma
0541-FITGH,Joined,No,34,5766,62.15,209.88,3,Month-to-Month,Mailed Check,Offer E,Cable,No,Female,59,No,California,Hornitos
0547-HURJB,Stayed,No,70,4001,21.05,468.36,3,Month-to-Month,Credit Card,Offer D,No Internet Service,No,Male,19,No,California,Dixon
0549-CYCQN,Stayed,No,59,4673,79.60,5228.89,5,One Year,Bank Withdrawal,No Offer,Fiber Optic,No,Male,69,Yes,California,Flournoy
0550-DCXLH,Stayed,No,65,4645,73.35,1415.40,4,Month-to-Month,Mailed Check,No Offer,DSL,Yes,Male,64,No,California,Thermal
0556-FJEGU,Stayed,No,58,4474,70.10,6802.21,4,Two Year,Bank Withdrawal,Offer B,DSL,Yes,Male,26,No,California,Lafayette
0557-ASKVU,Stayed,No,33,4948,54.40,1766.56,5,One Year,Credit Card,Offer D,Cable,Yes,Female,43,No,California,Beverly Hills
0559-CKHUS,Stayed,No,77,5758,19.55,1970.64,3,Two Year,Credit Card,Offer C,No Internet Service,No,Female,44,No,California,Pleasanton
0562-FGDCR,Stayed,No,25,4703,74.55,7003.13,3,Two Year,Credit Card,No Offer,DSL,Yes,Female,61,No,California,Whitmore
0562-HKHML,Stayed,No,71,5574,23.90,2974.69,4,Two Year,Credit Card,Offer A,No Internet Service,No,Male,39,No,California,Alameda
0562-KBDVM,Stayed,No,26,4442,44.60,3058.15,3,Two Year,Bank Withdrawal,Offer A,DSL,Yes,Female,62,No,California,Herald
0564-JJHGS,Churned,Yes,90,5007,95.50,1002.08,2,Month-to-Month,Bank Withdrawal,No Offer,Fiber Optic,No,Male,45,No,California,Guerneville
0564-MUUQK,Stayed,No,73,3186,95.50,2690.40,3,Month-to-Month,Bank Withdrawal,No Offer,Fiber Optic,Yes,Female,28,No,California,Imperial Beach
0565-IYCGT,Churned,Yes,93,6230,78.60,7383.67,1,One Year,Credit Card,Offer A,DSL,Yes,Male,51,No,California,San Diego
0565-JUPYD,Stayed,No,43,4908,104.50,7942.15,4,One Year,Credit Card,No Offer,Fiber Optic,Yes,Male,26,No,California,Benicia
0567-GGCAC,Stayed,No,71,2845,61.40,549.78,3,Month-to-Month,Bank Withdrawal,No Offer,DSL,No,Female,38,No,California,Biola
0567-XRHCU,Stayed,No,73,4479,43.95,2960.10,3,Two Year,Credit Card,No Offer,DSL,No,Female,19,No,California,Los Angeles
0568-ONFPC,Churned,Yes,83,2102,25.90,335.25,1,Month-to-Month,Bank Withdrawal,Offer E,No Internet Service,No,Male,34,No,California,San Francisco
0570-BFQHT,Stayed,No,26,3581,80.55,944.75,3,Month-to-Month,Bank Withdrawal,No Offer,Fiber Optic,No,Female,38,No,California,Anderson
0572-ZJKLT,Stayed,No,58,4736,99.65,6886.81,3,Two Year,Credit Card,Offer B,Fiber Optic,Yes,Female,32,No,California,Chester
0575-CUQOV,Stayed,No,29,6150,97.95,6890.00,4,One Year,Bank Withdrawal,Offer B,Fiber Optic,No,Male,76,Yes,California,Hilmar
0576-WNXXC,Churned,Yes,75,2999,95.55,3576.43,1,Month-to-Month,Bank Withdrawal,No Offer,Fiber Optic,No,Male,70,Yes,California,Parlier
0577-WHMEV,Stayed,No,73,4839,90.70,1820.18,3,Month-to-Month,Bank Withdrawal,Offer D,Fiber Optic,No,Female,19,No,California,San Jose
0578-SKVMF,Churned,Yes,88,3804,83.30,1934.12,1,Month-to-Month,Bank Withdrawal,No Offer,Cable,No,Female,23,No,California,Seeley
0580-PIQHM,Stayed,No,52,3275,101.60,4534.48,3,One Year,Bank Withdrawal,Offer B,Fiber Optic,No,Female,21,No,California,Riverside
0581-BXBUB,Stayed,No,50,4503,72.75,460.43,4,Two Year,Bank Withdrawal,No Offer,Fiber Optic,No,Female,76,Yes,California,Penn Valley
0581-MDMPW,Stayed,No,37,5557,88.95,3130.91,3,Month-to-Month,Credit Card,Offer C,Fiber Optic,No,Female,63,No,California,San Jose
0582-AVCLN,Stayed,No,59,5919,20.30,2384.27,5,Two Year,Credit Card,No Offer,No Internet Service,No,Female,43,No,California,Bakersfield
0584-BJQGZ,Stayed,No,63,4855,78.35,2539.15,4,Month-to-Month,Bank Withdrawal,No Offer,Cable,Yes,Female,19,No,California,Taylorsville
0585-EGDDA,Stayed,No,31,2478,80.00,4695.81,3,Month-to-Month,Bank Withdrawal,Offer B,Fiber Optic,No,Male,41,No,California,Etna
0587-DMGBH,Churned,Yes,75,2269,49.85,664.86,3,Month-to-Month,Bank Withdrawal,No Offer,Cable,No,Female,48,No,California,Willows
0594-UFTUL,Stayed,No,31,2928,19.85,774.60,4,Month-to-Month,Credit Card,Offer D,No Internet Service,No,Male,35,No,California,Mather
0595-ITUDF,Stayed,No,37,5371,91.80,8173.62,3,Month-to-Month,Bank Withdrawal,No Offer,Fiber Optic,No,Male,21,No,California,Fairfax
0596-BQCEQ,Churned,Yes,93,4120,100.15,9295.26,1,Month-to-Month,Bank Withdrawal,No Offer,Fiber Optic,No,Female,32,No,California,Hydesville
0599-XNYDO,Stayed,No,33,5456,69.80,2410.15,5,Month-to-Month,Bank Withdrawal,No Offer,Fiber Optic,No,Female,51,No,California,Graton
0601-WZHJF,Churned,Yes,76,5360,46.35,667.70,3,Month-to-Month,Bank Withdrawal,Offer D,DSL,No,Male,53,No,California,Shafter
0602-DDUML,Stayed,No,38,4487,69.75,5954.38,3,Two Year,Mailed Check,No Offer,Cable,Yes,Female,21,No,California,Fallbrook
0603-OLQDC,Stayed,No,36,5796,69.85,1162.34,3,Month-to-Month,Mailed Check,Offer D,Cable,No,Male,41,No,California,Whittier
0603-TPMIB,Stayed,No,30,4746,25.45,4033.88,4,Two Year,Credit Card,Offer B,No Internet Service,No,Female,40,No,California,San Simeon
0604-THJFP,Stayed,No,46,5446,75.95,5030.87,3,Two Year,Credit Card,Offer B,DSL,Yes,Female,40,No,California,Castro Valley
0607-DAAHE,Churned,Yes,66,6265,19.75,2441.48,3,Two Year,Bank Withdrawal,Offer B,No Internet Service,No,Male,62,No,California,Olivehurst
0607-MVMGC,Stayed,No,63,2595,78.75,5392.55,3,One Year,Credit Card,No Offer,DSL,No,Male,33,No,California,Ranchita
0608-JDVEC,Stayed,No,61,5914,19.80,1106.70,4,Two Year,Bank Withdrawal,Offer B,No Internet Service,No,Male,55,No,California,Dunlap
0611-DFXKO,Churned,Yes,78,4594,89.00,2181.45,2,Month-to-Month,Credit Card,Offer D,Fiber Optic,No,Male,35,No,California,Comptche
0612-RTZZA,Churned,Yes,87,4628,25.25,25.25,2,Month-to-Month,Bank Withdrawal,Offer E,DSL,No,Female,77,Yes,California,Vista
0613-WUXUM,Stayed,No,53,5261,19.20,4105.50,3,Two Year,Credit Card,No Offer,No Internet Service,No,Female,38,No,California,Soquel
0616-ATFGB,Churned,Yes,95,2119,25.05,25.05,1,Month-to-Month,Bank Withdrawal,Offer E,Cable,No,Male,74,Yes,California,Shasta Lake
0617-AQNWT,Churned,Yes,66,6347,47.85,3147.50,1,Two Year,Bank Withdrawal,No Offer,DSL,Yes,Female,61,No,California,North Hills
0617-FHSGK,Churned,Yes,90,5283,75.20,4633.22,2,Month-to-Month,Credit Card,No Offer,Fiber Optic,No,Male,62,No,California,Rancho Cordova
0618-XWMSS,Churned,Yes,91,5392,74.90,3308.39,1,Month-to-Month,Bank Withdrawal,Offer C,Fiber Optic,No,Male,60,No,California,Wasco
0619-OLYUR,Stayed,No,80,6437,111.90,11514.81,3,Two Year,Credit Card,No Offer,Fiber Optic,Yes,Male,32,No,California,Garden Grove
0620-DLSLK,Stayed,No,71,2054,81.90,1473.24,3,Month-to-Month,Credit Card,No Offer,Fiber Optic,No,Female,47,No,California,Pasadena
0620-XEFWH,Stayed,No,63,5279,18.85,240.36,4,Month-to-Month,Credit Card,Offer E,No Internet Service,No,Male,41,No,California,Oak Run
0621-CXBKL,Stayed,No,54,4116,18.70,1552.66,5,Two Year,Mailed Check,Offer B,No Internet Service,No,Female,62,No,California,Copperopolis
0621-HJWXJ,Stayed,No,41,4980,81.55,6361.50,4,Month-to-Month,Bank Withdrawal,Offer B,Fiber Optic,No,Female,54,No,California,Irvine
0621-JFHOL,Stayed,No,62,3180,29.60,299.05,3,Two Year,Mailed Check,Offer D,Cable,Yes,Female,41,No,California,North Hollywood
0621-TSSMU,Stayed,No,65,4838,19.95,3863.47,5,One Year,Credit Card,No Offer,No Internet Service,No,Male,29,No,California,Maywood
0621-TWIEM,Churned,Yes,67,4097,45.55,747.00,1,Month-to-Month,Bank Withdrawal,Offer D,Cable,No,Male,28,No,California,Newhall
0623-EJQEG,Stayed,No,76,5774,93.55,6276.05,3,One Year,Bank Withdrawal,Offer B,Fiber Optic,Yes,Male,50,No,California,Murphys
0623-GDISB,Joined,No,27,5838,48.45,64.87,3,Month-to-Month,Bank Withdrawal,No Offer,Cable,No,Female,63,No,California,San Clemente
0623-IIHUG,Churned,Yes,90,4778,41.90,840.10,1,Month-to-Month,Bank Withdrawal,No Offer,Cable,No,Female,77,Yes,California,San Diego
0625-AFOHS,Stayed,No,69,2784,20.20,1557.56,3,Two Year,Credit Card,Offer C,No Internet Service,No,Female,40,No,California,Ferndale
0626-QXNGV,Stayed,No,68,5613,24.15,4511.01,5,Two Year,Credit Card,No Offer,No Internet Service,No,Female,55,No,California,Arcata
0628-CNQRM,Churned,Yes,76,3378,67.50,1979.65,1,One Year,Bank Withdrawal,No Offer,Cable,Yes,Male,49,No,California,Temecula
0634-SZPQA,Churned,Yes,67,4650,90.05,2224.07,2,Month-to-Month,Bank Withdrawal,No Offer,Fiber Optic,No,Female,64,No,California,San Anselmo
0635-WKOLD,Stayed,No,32,5507,70.75,3871.35,5,One Year,Credit Card,Offer B,DSL,Yes,Male,33,No,California,Ceres
0637-KVDLV,Churned,Yes,80,5944,76.50,196.89,1,Month-to-Month,Bank Withdrawal,Offer E,Fiber Optic,No,Male,30,No,California,Elk Grove
0637-UBJRP,Churned,Yes,77,4745,84.05,1460.29,1,Month-to-Month,Bank Withdrawal,Offer D,Fiber Optic,No,Male,40,No,California,Wilton
0637-YLETY,Churned,Yes,96,5915,95.60,1859.49,1,Month-to-Month,Credit Card,Offer D,Fiber Optic,No,Female,39,No,California,Douglas City
0639-TSIQW,Churned,Yes,70,5620,102.95,9398.75,1,Month-to-Month,Credit Card,Offer A,Fiber Optic,No,Female,28,No,California,White Water
0640-YJTPY,Stayed,No,71,4974,21.00,1904.15,5,Two Year,Bank Withdrawal,Offer A,No Internet Service,No,Male,19,No,California,Smartville
0641-EVBOJ,Joined,No,56,5755,82.30,369.31,4,Month-to-Month,Credit Card,No Offer,Fiber Optic,Yes,Male,61,No,California,Coarsegold
0643-OKLRP,Churned,Yes,95,5915,80.35,5716.42,1,Month-to-Month,Bank Withdrawal,No Offer,Fiber Optic,No,Female,73,Yes,California,Azusa
0644-OQMDK,Stayed,No,34,4510,70.65,318.57,4,Month-to-Month,Bank Withdrawal,Offer E,Fiber Optic,No,Male,69,Yes,California,Merced
0650-BWOZN,Stayed,No,66,5313,73.55,1494.63,3,Two Year,Bank Withdrawal,No Offer,Fiber Optic,No,Female,71,Yes,California,Aguanga
0654-HMSHN,Churned,Yes,77,3796,104.40,3053.60,2,Month-to-Month,Bank Withdrawal,Offer D,Fiber Optic,No,Male,45,No,California,Mojave
0654-PQKDW,Stayed,No,24,4133,70.75,6870.55,3,One Year,Bank Withdrawal,No Offer,DSL,Yes,Female,58,No,California,Pescadero
0655-RBDUG,Churned,Yes,86,2561,98.05,777.75,1,Month-to-Month,Bank Withdrawal,Offer E,Fiber Optic,No,Male,32,No,California,Alviso
0655-YDGFJ,Stayed,No,66,4825,48.95,1615.44,3,Month-to-Month,Bank Withdrawal,Offer C,DSL,No,Male,34,No,California,Palm Springs
0657-DOGUM,Stayed,No,76,4077,60.60,5231.81,4,One Year,Bank Withdrawal,Offer B,DSL,Yes,Female,35,No,California,Rancho Cucamonga
0661-KBKPA,Stayed,No,73,5052,78.75,5631.03,4,One Year,Credit Card,No Offer,DSL,Yes,Male,43,No,California,Seaside
0661-KQHNK,Stayed,No,46,5518,19.00,285.56,5,One Year,Credit Card,No Offer,No Internet Service,No,Female,38,No,California,Round Mountain
0661-WCQNQ,Stayed,No,28,3733,56.25,1561.16,4,One Year,Credit Card,Offer D,DSL,Yes,Male,56,No,California,Orleans
0661-XEYAN,Churned,Yes,90,3884,25.80,45.80,1,Month-to-Month,Mailed Check,No Offer,DSL,No,Female,76,Yes,California,Nevada City
0665-XHDJU,Stayed,No,51,6022,99.40,9802.10,5,Two Year,Bank Withdrawal,No Offer,Fiber Optic,No,Male,21,No,California,Monte Rio
0666-UXTJO,Stayed,No,27,5393,85.20,3882.89,5,Month-to-Month,Credit Card,Offer C,Fiber Optic,No,Male,80,Yes,California,Morongo Valley
0667-NSRGI,Stayed,No,75,2478,69.55,4253.04,4,One Year,Credit Card,No Offer,DSL,Yes,Female,45,No,California,Lodi
0668-OGMHD,Stayed,No,77,3766,28.50,629.35,4,Month-to-Month,Bank Withdrawal,Offer D,DSL,No,Female,20,No,California,Santa Rosa
0670-ANMUU,Stayed,No,37,5319,97.65,7864.32,3,One Year,Credit Card,No Offer,Fiber Optic,Yes,Male,47,No,California,Chino Hills
0670-KDOMA,Joined,No,69,5854,20.25,48.43,4,Month-to-Month,Credit Card,Offer E,No Internet Service,No,Female,42,No,California,Chowchilla
0673-IGUQO,Joined,No,38,4845,20.45,50.54,4,Month-to-Month,Credit Card,No Offer,No Internet Service,No,Male,26,No,California,Phelan
0674-DGMAQ,Stayed,No,77,5804,93.50,4364.08,5,Two Year,Bank Withdrawal,Offer C,Fiber Optic,No,Male,78,Yes,California,Elk
0674-EYYZV,Joined,No,74,5882,54.65,90.98,3,Month-to-Month,Bank Withdrawal,No Offer,DSL,No,Female,41,No,California,Los Angeles
0674-GCDXG,Stayed,No,38,5816,71.90,7162.37,4,Two Year,Bank Withdrawal,Offer B,DSL,Yes,Male,20,No,California,Bakersfield
0675-NCDYU,Stayed,No,74,6491,116.40,10621.17,3,Two Year,Credit Card,Offer A,Fiber Optic,Yes,Female,61,No,California,Placentia
0678-RLHVP,Stayed,No,67,5731,105.55,6367.01,5,Two Year,Bank Withdrawal,Offer B,Fiber Optic,No,Female,33,No,California,Redwood City
0679-IDSTG,Churned,Yes,87,4568,69.25,106.55,1,Month-to-Month,Bank Withdrawal,No Offer,Fiber Optic,No,Female,73,Yes,California,Branscomb
0679-TDGAK,Stayed,No,21,5141,75.50,5717.10,3,One Year,Bank Withdrawal,No Offer,Cable,Yes,Male,29,No,California,Fresno
0680-DFNNY,Churned,Yes,90,2055,101.10,2114.55,2,Month-to-Month,Bank Withdrawal,No Offer,Fiber Optic,No,Male,62,No,California,Winters
0682-USIXD,Stayed,No,23,2937,86.05,2129.91,3,Month-to-Month,Bank Withdrawal,No Offer,Fiber Optic,Yes,Female,40,No,California,Diamond Bar
0684-AOSIH,Churned,Yes,82,4489,95.00,107.04,1,Month-to-Month,Bank Withdrawal,No Offer,Cable,No,Male,42,No,California,Oro Grande
0685-MLYYM,Churned,Yes,96,4407,70.75,174.57,2,Month-to-Month,Bank Withdrawal,Offer E,Fiber Optic,No,Female,74,Yes,California,Buena Park
0687-ZVTHB,Churned,Yes,68,4415,72.45,6378.37,1,One Year,Credit Card,Offer B,Cable,No,Male,24,No,California,Richmond
0689-DSXGL,Stayed,No,22,5494,85.80,5310.54,3,Month-to-Month,Bank Withdrawal,Offer B,Fiber Optic,Yes,Female,61,No,California,Yreka
0689-NKYLF,Churned,Yes,86,4028,83.20,1520.80,2,Month-to-Month,Bank Withdrawal,Offer D,Fiber Optic,No,Male,42,No,California,Los Angeles
0690-SRQID,Stayed,No,72,4925,19.65,140.67,3,Month-to-Month,Credit Card,Offer E,No Internet Service,No,Male,20,No,California,Stockton
0691-IFBQW,Churned,Yes,81,2403,110.00,4983.82,1,One Year,Bank Withdrawal,No Offer,Fiber Optic,No,Female,65,Yes,California,Biola
0691-JVSYA,Churned,Yes,80,4328,94.85,7134.51,1,One Year,Bank Withdrawal,No Offer,Fiber Optic,No,Female,24,No,California,Pasadena
0691-NIKRI,Stayed,No,31,3784,105.95,5004.40,5,One Year,Credit Card,Offer B,Fiber Optic,Yes,Female,41,No,California,Elverta
0696-UKTOX,Stayed,No,80,2496,54.15,1545.65,4,Month-to-Month,Bank Withdrawal,No Offer,Cable,Yes,Male,64,No,California,North Hills
0697-ZMSWS,Churned,Yes,87,2330,85.65,366.54,1,Month-to-Month,Bank Withdrawal,No Offer,Fiber Optic,No,Male,19,No,California,Los Angeles
0699-NDKJM,Stayed,No,38,4115,58.75,3437.45,3,Month-to-Month,Bank Withdrawal,Offer B,Cable,No,Female,45,No,California,Westlake Village
0701-RFGFI,Stayed,No,41,6136,95.40,5014.77,5,Month-to-Month,Bank Withdrawal,Offer B,Fiber Optic,No,Female,56,No,California,La Mesa
0701-TJSEF,Stayed,No,40,4366,68.25,867.74,3,Month-to-Month,Bank Withdrawal,Offer E,Cable,Yes,Male,45,No,California,Santa Barbara
0702-PGIBZ,Churned,Yes,91,2777,101.70,467.71,2,Month-to-Month,Bank Withdrawal,Offer E,Fiber Optic,No,Male,28,No,California,Dutch Flat
0704-VCUMB,Stayed,No,55,5974,20.25,1940.99,3,Two Year,Credit Card,No Offer,No Internet Service,No,Female,64,No,California,San Diego
0707-HOVVN,Stayed,No,62,6024,75.50,8521.55,4,Two Year,Bank Withdrawal,Offer A,Cable,Yes,Female,79,Yes,California,Mi Wuk Village
0708-LGSMF,Stayed,No,44,2731,65.85,1088.41,3,Month-to-Month,Bank Withdrawal,Offer D,DSL,No,Male,56,No,California,Milpitas
0708-SJDIS,Stayed,No,55,5567,65.00,3697.02,5,Month-to-Month,Credit Card,Offer C,Cable,Yes,Female,32,No,California,West Hollywood
0709-TVGUR,Churned,Yes,69,3145,74.55,747.69,1,Month-to-Month,Bank Withdrawal,No Offer,Fiber Optic,No,Female,70,Yes,California,Stockton
0716-BQNDX,Stayed,No,75,4276,93.75,5751.52,3,Two Year,Bank Withdrawal,No Offer,Fiber Optic,Yes,Male,77,Yes,California,Madera
0719-SYFRB,Churned,Yes,67,5670,61.65,1148.63,1,Month-to-Month,Mailed Check,Offer D,DSL,Yes,Female,52,No,California,Norco
0722-SVSFK,Stayed,No,56,5041,100.40,988.14,3,Month-to-Month,Bank Withdrawal,No Offer,Fiber Optic,Yes,Female,45,No,California,Half Moon Bay
0722-TROQR,Churned,Yes,78,2122,74.90,426.67,1,Month-to-Month,Bank Withdrawal,No Offer,Fiber Optic,No,Female,68,Yes,California,Davis
0723-DRCLG,Churned,Yes,94,2394,74.45,115.72,2,Month-to-Month,Bank Withdrawal,No Offer,Fiber Optic,No,Female,73,Yes,California,Fallbrook
0723-FDLAY,Stayed,No,57,2292,85.25,5985.23,5,One Year,Bank Withdrawal,Offer B,Cable,Yes,Male,54,No,California,Gold Run
0723-VSOBE,Stayed,No,38,5715,34.20,1596.60,3,One Year,Bank Withdrawal,Offer B,Cable,No,Female,67,Yes,California,Dos Rios
0725-CXOTM,Stayed,No,68,4844,89.65,4957.30,3,One Year,Credit Card,No Offer,DSL,Yes,Female,29,No,California,Manteca
0727-BMPLR,Churned,Yes,83,5679,100.00,7665.20,3,One Year,Bank Withdrawal,No Offer,Fiber Optic,No,Female,66,Yes,California,Fresno
0727-BNRLG,Stayed,No,20,5709,97.65,10148.70,3,Two Year,Credit Card,Offer A,Fiber Optic,Yes,Male,41,No,California,Los Angeles
0727-IWKVK,Churned,Yes,91,4748,79.90,914.32,2,Month-to-Month,Bank Withdrawal,Offer E,Fiber Optic,No,Male,35,No,California,Yermo
0730-BGQGF,Stayed,No,63,6291,90.30,7502.71,3,Two Year,Credit Card,Offer A,DSL,Yes,Male,48,No,California,Grover Beach
0730-KOAVE,Stayed,No,75,4219,94.30,3929.50,3,Month-to-Month,Credit Card,Offer C,Fiber Optic,No,Male,53,No,California,Redwood City
0731-EBJQB,Stayed,No,26,5482,20.40,1384.45,3,One Year,Bank Withdrawal,Offer B,No Internet Service,No,Female,24,No,California,Downey
0732-OCQOC,Stayed,No,42,5674,25.05,1546.89,4,Two Year,Bank Withdrawal,Offer B,No Internet Service,No,Female,30,No,California,Death Valley
0733-VUNUW,Churned,Yes,90,4126,55.65,1676.31,1,Month-to-Month,Bank Withdrawal,No Offer,DSL,No,Male,43,No,California,San Francisco
0734-OXWBT,Joined,No,56,2584,70.70,300.77,3,Month-to-Month,Credit Card,Offer E,Cable,Yes,Male,44,No,California,Covina
0739-UUAJR,Stayed,No,28,4954,53.80,3952.45,3,Two Year,Credit Card,Offer A,Cable,No,Female,61,No,California,Mountain View
0742-LAFQK,Stayed,No,46,5152,99.15,9500.02,3,Two Year,Bank Withdrawal,No Offer,Fiber Optic,No,Male,52,No,California,Fullerton
0742-MOABM,Churned,Yes,82,3394,50.05,218.03,2,Month-to-Month,Credit Card,No Offer,Cable,Yes,Male,50,No,California,Fallbrook
0742-NXBGR,Churned,Yes,71,4278,82.30,115.71,1,Month-to-Month,Bank Withdrawal,Offer E,Fiber Optic,No,Female,64,No,California,Adin
0743-HNPFG,Stayed,No,50,5628,69.75,4477.95,3,One Year,Credit Card,No Offer,DSL,Yes,Female,50,No,California,Butte City
0743-HRVFF,Stayed,No,48,4132,56.15,2898.95,5,One Year,Bank Withdrawal,No Offer,DSL,Yes,Female,42,No,California,Bakersfield
0744-BIKKF,Stayed,No,67,4621,86.65,7046.32,3,Two Year,Bank Withdrawal,Offer A,DSL,Yes,Male,39,No,California,Mecca
0744-GKNGE,Stayed,No,70,4915,86.80,7102.61,3,Month-to-Month,Bank Withdrawal,Offer B,Fiber Optic,Yes,Female,31,No,California,Inglewood
0746-JTRFU,Churned,Yes,77,4810,25.05,56.35,1,Month-to-Month,Bank Withdrawal,Offer E,Cable,No,Male,22,No,California,Kingsburg
0748-RDGGM,Churned,Yes,82,6136,109.50,10308.75,2,One Year,Bank Withdrawal,No Offer,Fiber Optic,Yes,Male,38,No,California,Tarzana
0749-IRGQE,Stayed,No,48,4118,45.30,528.45,4,Month-to-Month,Bank Withdrawal,No Offer,DSL,No,Female,68,Yes,California,Buena Park
0750-EBAIU,Stayed,No,29,4770,91.25,6366.42,3,One Year,Bank Withdrawal,Offer B,Fiber Optic,No,Male,43,No,California,Temecula
0750-EKNGL,Stayed,No,46,4476,20.75,471.43,5,Month-to-Month,Mailed Check,Offer E,No Internet Service,No,Male,44,No,California,Hyampom
0754-EEBDC,Stayed,No,74,2347,19.90,174.93,4,Two Year,Mailed Check,Offer E,No Internet Service,No,Male,25,No,California,Covina
0754-UKWQP,Churned,Yes,66,3790,95.85,272.56,1,Month-to-Month,Bank Withdrawal,No Offer,Fiber Optic,No,Male,63,No,California,Cool
0756-MPZRL,Stayed,No,22,3007,33.70,1537.85,3,One Year,Credit Card,Offer B,DSL,Yes,Male,35,No,California,Pauma Valley
0757-WCUUZ,Stayed,No,72,4232,63.35,5357.96,3,Two Year,Credit Card,Offer B,DSL,No,Male,29,No,California,June Lake
0761-AETCS,Churned,Yes,92,3236,19.30,44.92,2,Month-to-Month,Bank Withdrawal,Offer E,No Internet Service,No,Female,58,No,California,Colton
0769-MURVM,Stayed,No,52,6187,65.70,4575.35,3,Two Year,Bank Withdrawal,Offer A,Cable,Yes,Female,44,No,California,Carmel Valley
0771-CHWSK,Stayed,No,78,4838,74.60,7806.02,3,Two Year,Credit Card,Offer A,DSL,No,Male,56,No,California,Brawley
0771-WLCLA,Stayed,No,70,2683,112.95,2625.75,3,Month-to-Month,Bank Withdrawal,Offer D,Fiber Optic,Yes,Female,49,No,California,Big Bear Lake
0772-GYEQQ,Churned,Yes,93,5202,88.35,410.25,2,Month-to-Month,Credit Card,Offer E,Fiber Optic,Yes,Male,33,No,California,Lodi
0774-IFUVM,Stayed,No,42,5942,65.15,907.16,3,Month-to-Month,Bank Withdrawal,No Offer,DSL,No,Male,19,No,California,Stockton
0774-RMNUW,Stayed,No,63,6420,59.70,4122.65,4,Two Year,Bank Withdrawal,Offer A,Cable,Yes,Female,44,No,California,Pala
0778-NELLA,Churned,Yes,95,5352,34.70,296.10,1,Month-to-Month,Credit Card,No Offer,DSL,No,Male,43,No,California,Anaheim
0780-XNZFN,Stayed,No,49,4193,20.65,1221.93,5,Two Year,Bank Withdrawal,No Offer,No Internet Service,No,Male,60,No,California,Oakland
0781-LKXBR,Churned,Yes,70,4038,100.50,1356.99,1,Month-to-Month,Bank Withdrawal,No Offer,Fiber Optic,No,Male,65,Yes,California,San Francisco
0784-GTUUK,Stayed,No,66,4811,23.75,3448.16,4,One Year,Credit Card,No Offer,No Internet Service,No,Male,26,No,California,Newman
0784-ZQJZX,Stayed,No,72,5730,19.90,3828.61,4,Two Year,Credit Card,No Offer,No Internet Service,No,Male,22,No,California,Spreckels
0786-IVLAW,Stayed,No,20,4722,108.10,7474.22,3,One Year,Bank Withdrawal,No Offer,Fiber Optic,No,Female,72,Yes,California,Valley Village
0786-VSSUD,Churned,Yes,92,5692,39.00,679.85,1,Month-to-Month,Mailed Check,No Offer,DSL,No,Male,68,Yes,California,San Diego
0787-LHDYT,Stayed,No,64,5667,20.60,865.29,3,Month-to-Month,Credit Card,Offer D,No Internet Service,No,Male,36,No,California,Carmel Valley
0788-DXBFY,Stayed,No,72,4801,19.55,2728.74,3,One Year,Bank Withdrawal,Offer B,No Internet Service,No,Male,54,No,California,Tustin
0793-TWELN,Stayed,No,62,2841,80.15,345.85,3,Month-to-Month,Bank Withdrawal,Offer E,Fiber Optic,No,Female,27,No,California,Los Angeles
0794-YVSGE,Stayed,No,76,5265,20.30,3356.67,3,Two Year,Bank Withdrawal,Offer A,No Internet Service,No,Male,29,No,California,Pasadena
0795-GMVQO,Stayed,No,26,5416,109.90,8882.11,4,One Year,Credit Card,No Offer,Fiber Optic,No,Male,36,No,California,San Diego
0795-LAFGP,Stayed,No,40,5633,90.40,6921.52,3,Two Year,Bank Withdrawal,No Offer,DSL,Yes,Male,25,No,California,Fullerton
0795-XCCTE,Stayed,No,51,6141,25.40,3682.07,3,Two Year,Bank Withdrawal,Offer A,No Internet Service,No,Male,80,Yes,California,Bishop
0799-DDIHE,Stayed,No,68,3103,46.30,1003.50,5,Month-to-Month,Bank Withdrawal,Offer D,Cable,No,Female,24,No,California,Grenada
0804-XBFBV,Stayed,No,57,5916,25.20,321.05,3,Month-to-Month,Bank Withdrawal,No Offer,DSL,No,Female,49,No,California,Foothill Ranch
0804-YGEQV,Stayed,No,77,5119,24.45,2157.11,4,One Year,Bank Withdrawal,Offer B,No Internet Service,No,Female,59,No,California,Palm Desert
0807-ZABDG,Churned,Yes,90,4412,55.10,232.77,1,Month-to-Month,Mailed Check,Offer E,Cable,Yes,Female,43,No,California,Woodland
0810-BDHAW,Stayed,No,77,2506,78.40,2721.28,3,One Year,Bank Withdrawal,No Offer,DSL,No,Female,54,No,California,Chowchilla
0810-DHDBD,Stayed,No,39,5806,74.00,4989.41,3,One Year,Credit Card,No Offer,Cable,Yes,Female,31,No,California,Rohnert Park
0811-GSDTP,Stayed,No,22,3540,30.15,392.20,5,Month-to-Month,Bank Withdrawal,No Offer,Cable,No,Female,50,No,California,Alameda
0812-WUPTB,Churned,Yes,69,3022,70.85,120.45,2,Month-to-Month,Credit Card,Offer E,Fiber Optic,No,Male,65,Yes,California,Corona Del Mar
0813-TAXXS,Stayed,No,59,6483,77.80,5769.85,5,Two Year,Bank Withdrawal,No Offer,DSL,No,Male,48,No,California,Alderpoint
0815-MFZGM,Stayed,No,76,4545,99.00,4190.02,4,Two Year,Credit Card,No Offer,Fiber Optic,Yes,Female,54,No,California,Morgan Hill
0816-TSPHQ,Joined,No,79,3976,20.75,99.54,3,Month-to-Month,Credit Card,No Offer,No Internet Service,No,Male,35,No,California,Kettleman City
0817-HSUSE,Joined,No,43,2954,75.50,81.13,5,Month-to-Month,Bank Withdrawal,No Offer,Cable,Yes,Male,26,No,California,Altadena
0818-OCPZO,Churned,Yes,83,2571,81.45,3280.62,3,Month-to-Month,Bank Withdrawal,No Offer,Fiber Optic,No,Male,80,Yes,California,Los Angeles
0820-FNRNX,Stayed,No,46,2814,66.70,1584.84,3,Month-to-Month,Mailed Check,Offer D,DSL,Yes,Male,48,No,California,Lafayette
0822-GAVAP,Churned,Yes,65,3146,34.70,62.25,1,Month-to-Month,Bank Withdrawal,Offer E,DSL,No,Female,19,No,California,Posey
0822-QGCXA,Stayed,No,35,5907,83.85,2402.81,5,Month-to-Month,Bank Withdrawal,Offer C,DSL,Yes,Female,76,Yes,California,Los Angeles
0823-HSCDJ,Churned,Yes,90,5597,49.15,2580.90,2,Month-to-Month,Bank Withdrawal,No Offer,DSL,No,Male,76,Yes,California,Temecula
0824-VWDPO,Stayed,No,73,3682,96.75,4513.40,4,One Year,Bank Withdrawal,No Offer,Fiber Optic,No,Female,58,No,California,Mckinleyville
0825-CPPQH,Stayed,No,72,4241,19.10,4172.69,4,Two Year,Credit Card,No Offer,No Internet Service,No,Female,26,No,California,Laytonville
0827-ITJPH,Stayed,No,28,5703,18.55,995.00,3,Two Year,Credit Card,Offer C,No Internet Service,No,Male,33,No,California,Los Angeles
0829-DDVLK,Stayed,No,71,4359,20.10,448.55,5,One Year,Credit Card,No Offer,No Internet Service,No,Female,58,No,California,Orange
0829-XXPLX,Stayed,No,68,2098,89.40,2481.55,4,Month-to-Month,Bank Withdrawal,No Offer,Fiber Optic,No,Female,48,No,California,Cutler
0831-JNISG,Stayed,No,20,5406,19.80,3053.39,4,Two Year,Credit Card,Offer A,No Internet Service,No,Male,52,No,California,San Jose
0835-DUUIQ,Stayed,No,63,2050,21.05,1666.99,5,One Year,Bank Withdrawal,No Offer,No Internet Service,No,Female,55,No,California,Alameda
0835-JKADZ,Stayed,No,54,4361,111.25,10960.47,4,Two Year,Bank Withdrawal,No Offer,Fiber Optic,Yes,Female,29,No,California,San Francisco
0836-SEYLU,Churned,Yes,91,4800,40.65,328.95,1,Month-to-Month,Mailed Check,Offer E,DSL,Yes,Male,64,No,California,San Diego
0839-JTCUD,Stayed,No,20,4082,89.90,8358.61,3,Two Year,Credit Card,No Offer,Cable,Yes,Female,31,No,California,Mission Viejo
0839-QNXME,Stayed,No,78,3986,19.40,856.60,3,Two Year,Credit Card,No Offer,No Internet Service,No,Female,35,No,California,Surfside
0840-DCNZE,Stayed,No,57,5631,86.95,5867.56,4,One Year,Bank Withdrawal,Offer B,DSL,Yes,Male,33,No,California,Newport Beach
0840-DFEZH,Stayed,No,37,4989,75.35,740.84,3,Month-to-Month,Bank Withdrawal,No Offer,Fiber Optic,No,Female,63,No,California,Los Angeles
0841-NULXI,Churned,Yes,71,3958,35.55,35.55,1,Month-to-Month,Bank Withdrawal,No Offer,DSL,No,Male,38,No,California,Stockton
0842-IWYCP,Stayed,No,44,2626,44.95,4023.62,5,Month-to-Month,Bank Withdrawal,No Offer,Cable,No,Female,19,No,California,Helendale
0843-WTBXE,Churned,Yes,90,4753,85.45,5388.04,1,Month-to-Month,Bank Withdrawal,No Offer,Fiber Optic,No,Male,38,No,California,San Diego
0847-HGRML,Stayed,No,37,4402,20.00,2767.86,3,Two Year,Bank Withdrawal,No Offer,No Internet Service,No,Male,44,No,California,North Palm Springs
0848-SOMKO,Stayed,No,66,4483,48.40,3442.80,3,Two Year,Bank Withdrawal,No Offer,DSL,Yes,Male,23,No,California,Shingle Springs
0848-ZGQIJ,Stayed,No,36,3050,94.65,1629.15,5,Month-to-Month,Bank Withdrawal,Offer D,Fiber Optic,No,Female,56,No,California,Saratoga
0851-DFJKB,Stayed,No,55,4497,58.95,1413.25,4,Month-to-Month,Bank Withdrawal,No Offer,DSL,Yes,Female,57,No,California,Concord
0853-NWIFK,Stayed,No,64,4868,100.30,4530.30,3,One Year,Bank Withdrawal,No Offer,Fiber Optic,No,Female,27,No,California,Woodacre
0853-TWRVK,Stayed,No,48,5981,105.60,8024.30,3,Two Year,Bank Withdrawal,No Offer,Fiber Optic,Yes,Male,59,No,California,North Hollywood
0854-UYHZD,Stayed,No,55,2816,19.55,814.29,4,Two Year,Mailed Check,No Offer,No Internet Service,No,Female,21,No,California,West Covina
0856-NAOES,Stayed,No,80,2191,60.90,688.12,5,Month-to-Month,Credit Card,Offer E,DSL,No,Male,29,No,California,Concord
0859-YGKFW,Stayed,No,63,4458,20.05,850.98,5,One Year,Bank Withdrawal,Offer D,No Internet Service,No,Male,56,No,California,Olivehurst
0862-PRCBS,Stayed,No,45,4121,103.75,8133.57,3,Two Year,Credit Card,No Offer,Fiber Optic,Yes,Female,32,No,California,San Francisco
0864-FVJNJ,Stayed,No,20,4952,113.35,7679.87,3,One Year,Bank Withdrawal,Offer B,Fiber Optic,Yes,Female,63,No,California,Trinidad
0866-QLSIR,Churned,Yes,75,5189,64.40,3258.69,2,One Year,Mailed Check,Offer C,DSL,Yes,Female,53,No,California,Garden Grove
0867-LDTTC,Stayed,No,68,5900,75.15,621.10,4,Month-to-Month,Bank Withdrawal,No Offer,Cable,Yes,Male,51,No,California,Sacramento
0867-MKZVY,Churned,Yes,86,5719,82.40,2290.92,1,Month-to-Month,Bank Withdrawal,No Offer,Fiber Optic,No,Female,26,No,California,Altadena
0868-VJRDR,Stayed,No,36,4337,104.05,6910.19,4,Two Year,Credit Card,No Offer,Fiber Optic,Yes,Male,61,No,California,Cassel
0869-PAPRP,Stayed,No,23,3935,85.70,3269.24,3,Two Year,Credit Card,No Offer,Fiber Optic,No,Female,68,Yes,California,Pixley
0870-VEMYL,Churned,Yes,74,5435,53.85,368.44,1,Month-to-Month,Credit Card,Offer E,Cable,Yes,Female,34,No,California,Columbia
0871-OPBXW,Joined,No,80,5191,20.05,52.95,3,Month-to-Month,Mailed Check,Offer E,No Internet Service,No,Female,57,No,California,Escondido
0871-URUWO,Churned,Yes,66,2003,102.25,1756.15,1,Month-to-Month,Credit Card,No Offer,Fiber Optic,No,Male,36,No,California,Sheep Ranch
0872-CASZJ,Stayed,No,29,4765,69.10,5306.40,3,One Year,Credit Card,Offer B,Cable,Yes,Male,30,No,California,Hamilton City
0872-JCPIB,Stayed,No,63,3921,65.75,1917.85,4,Month-to-Month,Bank Withdrawal,Offer D,DSL,No,Male,47,No,California,Pinecrest
0872-NXJYS,Churned,Yes,81,3246,79.55,1132.09,1,Month-to-Month,Bank Withdrawal,No Offer,Fiber Optic,No,Female,40,No,California,West Hollywood
0875-CABNR,Churned,Yes,94,3320,84.60,1034.05,3,Month-to-Month,Credit Card,No Offer,Fiber Optic,No,Female,70,Yes,California,San Luis Obispo
0876-WDUUZ,Churned,Yes,90,3716,85.40,643.45,2,Month-to-Month,Credit Card,Offer E,Fiber Optic,Yes,Female,62,No,California,Pine Grove
0877-SDMBN,Churned,Yes,91,6117,103.95,7986.43,3,One Year,Bank Withdrawal,No Offer,Fiber Optic,No,Female,20,No,California,San Diego
0880-FVFWF,Stayed,No,64,4449,86.40,7002.80,5,Month-to-Month,Bank Withdrawal,Offer B,Fiber Optic,No,Male,32,No,California,Livermore
0880-TKATG,Churned,Yes,84,4417,101.15,424.14,1,Month-to-Month,Bank Withdrawal,Offer E,Fiber Optic,No,Male,21,No,California,Lucerne Valley
0883-EIBTI,Churned,Yes,82,2484,19.50,87.59,3,Month-to-Month,Mailed Check,No Offer,No Internet Service,No,Female,23,No,California,Clarksburg
0885-HMGPY,Stayed,No,67,6469,69.40,6787.56,3,Two Year,Bank Withdrawal,Offer B,Cable,Yes,Male,55,No,California,Honeydew
0886-QGENL,Churned,Yes,77,4853,101.25,3991.59,1,Month-to-Month,Bank Withdrawal,No Offer,Fiber Optic,No,Female,72,Yes,California,San Diego
0887-HJGAR,Churned,Yes,95,2295,45.70,51.25,3,Month-to-Month,Mailed Check,Offer E,DSL,No,Male,57,No,California,Coalinga
0887-WBJVH,Stayed,No,20,4700,93.45,6904.75,4,One Year,Bank Withdrawal,Offer B,Fiber Optic,Yes,Female,29,No,California,Cressey
0895-DQHEW,Churned,Yes,77,4019,104.30,7181.54,1,Month-to-Month,Bank Withdrawal,No Offer,Fiber Optic,No,Male,47,No,California,Burney
0895-LMRSF,Stayed,No,50,3314,64.90,2707.00,4,One Year,Bank Withdrawal,No Offer,Cable,No,Male,34,No,California,Imperial Beach
0895-LNKRC,Stayed,No,43,3461,19.45,122.92,4,One Year,Credit Card,Offer E,No Internet Service,No,Male,53,No,California,El Monte
0895-UADGO,Stayed,No,66,5489,44.55,343.45,3,Two Year,Mailed Check,No Offer,Cable,Yes,Male,46,No,California,River Pines
0897-FEGMU,Churned,Yes,84,5286,99.50,1398.83,3,Month-to-Month,Bank Withdrawal,Offer D,Fiber Optic,No,Female,43,No,California,Los Angeles
0898-XCGTF,Stayed,No,49,5926,96.50,7013.26,5,One Year,Bank Withdrawal,No Offer,Fiber Optic,No,Male,46,No,California,Los Angeles
0899-LIIBW,Stayed,No,76,5891,100.85,4668.00,5,Month-to-Month,Bank Withdrawal,No Offer,Fiber Optic,No,Male,21,No,California,Forks Of Salmon
0899-WZRSD,Stayed,No,31,5680,105.35,7921.89,3,Month-to-Month,Credit Card,No Offer,Fiber Optic,Yes,Male,31,No,California,Marina Del Rey
0902-RFHOF,Stayed,No,26,2907,20.10,1574.84,3,One Year,Credit Card,No Offer,No Internet Service,No,Male,38,No,California,Loomis
0902-XKXPN,Stayed,No,78,5463,20.20,3001.45,3,Two Year,Bank Withdrawal,No Offer,No Internet Service,No,Male,29,No,California,Redding
0906-QVPMS,Stayed,No,26,5398,115.15,10920.57,4,Two Year,Bank Withdrawal,Offer A,Fiber Optic,Yes,Male,29,No,California,Monterey
0907-HQNTS,Stayed,No,47,4588,113.00,11221.60,3,Two Year,Credit Card,Offer A,Fiber Optic,Yes,Female,74,Yes,California,Pittsburg
0909-SDHNU,Stayed,No,56,4236,29.80,201.95,3,Month-to-Month,Credit Card,No Offer,Cable,No,Female,33,No,California,Los Angeles
0909-SELIE,Stayed,No,72,4302,80.80,7495.96,4,Two Year,Bank Withdrawal,No Offer,DSL,Yes,Male,53,No,California,Clearlake Oaks
0913-XWSCN,Stayed,No,20,6411,85.50,7017.35,4,Month-to-Month,Bank Withdrawal,Offer B,Fiber Optic,No,Male,29,No,California,Sun City
0916-KNFAJ,Stayed,No,76,5117,69.90,4512.79,4,Two Year,Credit Card,Offer B,Cable,No,Male,37,No,California,San Jose
0916-QOFDP,Stayed,No,29,3471,95.80,1547.76,3,Two Year,Bank Withdrawal,No Offer,Fiber Optic,No,Female,79,Yes,California,Randsburg
0917-EZOLA,Churned,Yes,74,5925,104.15,8124.11,3,Two Year,Bank Withdrawal,No Offer,Fiber Optic,No,Male,66,Yes,California,Lakewood
0921-OHLVP,Stayed,No,59,5357,83.05,2051.42,4,Month-to-Month,Bank Withdrawal,Offer D,Fiber Optic,No,Male,35,No,California,Paradise
0923-PNFUB,Churned,Yes,65,4852,83.75,386.33,2,Month-to-Month,Bank Withdrawal,Offer E,Fiber Optic,No,Female,55,No,California,Westlake Village
0924-BJCRC,Stayed,No,44,4340,89.45,6785.40,3,Two Year,Bank Withdrawal,Offer B,Fiber Optic,No,Female,70,Yes,California,Felton
0925-VYDLG,Churned,Yes,83,5898,75.25,295.61,3,Month-to-Month,Bank Withdrawal,No Offer,Fiber Optic,No,Female,40,No,California,Ludlow
0927-CNGRH,Joined,No,21,5272,19.55,50.18,4,Month-to-Month,Credit Card,No Offer,No Internet Service,No,Male,42,No,California,Alta
0927-LCSMG,Churned,Yes,75,3331,74.65,705.61,3,Month-to-Month,Mailed Check,Offer E,Fiber Optic,No,Male,23,No,California,San Jose
0928-JMXNP,Stayed,No,46,2914,29.90,118.25,4,Two Year,Bank Withdrawal,Offer E,DSL,No,Male,78,Yes,California,Los Molinos
0928-XUTSN,Stayed,No,37,3895,80.50,1571.68,4,Month-to-Month,Bank Withdrawal,No Offer,Fiber Optic,No,Female,22,No,California,Brawley
0929-HYQEW,Joined,No,23,2085,50.15,213.11,3,Month-to-Month,Credit Card,No Offer,DSL,No,Male,20,No,California,Oakland
0929-PECLO,Stayed,No,38,4438,89.60,8172.20,4,Two Year,Bank Withdrawal,Offer B,Fiber Optic,No,Female,74,Yes,California,Klamath
0930-EHUZA,Stayed,No,38,4771,76.35,4221.67,5,One Year,Credit Card,No Offer,Cable,Yes,Female,33,No,California,Calpine
0931-MHTEM,Stayed,No,69,4478,100.05,7150.23,4,One Year,Credit Card,No Offer,Fiber Optic,No,Female,36,No,California,Big Bar
0932-YIXYU,Stayed,No,64,5134,20.25,1445.75,3,Two Year,Credit Card,No Offer,No Internet Service,No,Female,50,No,California,Dos Palos
0936-NQLJU,Stayed,No,79,5062,20.65,1221.59,3,Two Year,Credit Card,Offer B,No Internet Service,No,Female,40,No,California,Mokelumne Hill
0939-EREMR,Stayed,No,40,4335,53.45,1021.02,5,Month-to-Month,Credit Card,Offer D,Cable,Yes,Female,40,No,California,Chico
0939-YAPAF,Churned,Yes,72,2744,100.25,3894.75,3,Month-to-Month,Bank Withdrawal,Offer C,Fiber Optic,No,Female,44,No,California,Santa Ana
0940-OUQEC,Churned,Yes,77,3492,80.70,971.08,1,Month-to-Month,Bank Withdrawal,Offer D,Fiber Optic,No,Male,54,No,California,Winters
0942-KOWSM,Stayed,No,46,4274,80.80,2847.50,5,Two Year,Bank Withdrawal,Offer C,DSL,Yes,Female,24,No,California,Hesperia
0943-ZQPXH,Stayed,No,78,5635,92.95,5277.90,5,Month-to-Month,Bank Withdrawal,No Offer,Fiber Optic,No,Male,46,No,California,Vacaville
0945-TSONX,Stayed,No,30,5698,85.30,5607.30,3,Two Year,Credit Card,Offer B,DSL,Yes,Female,22,No,California,Encino
0946-CLJTI,Churned,Yes,91,4662,98.70,5997.04,1,Month-to-Month,Bank Withdrawal,Offer B,Fiber Optic,No,Male,67,Yes,California,Palmdale
0946-FKYTX,Stayed,No,51,6290,30.10,1611.68,3,One Year,Mailed Check,Offer B,Cable,No,Male,42,No,California,Tulare
0947-IDHRQ,Churned,Yes,75,3949,80.30,811.17,2,Month-to-Month,Mailed Check,No Offer,Fiber Optic,No,Female,21,No,California,Woodland Hills
0947-MUGVO,Churned,Yes,95,5849,73.65,1570.90,1,Month-to-Month,Bank Withdrawal,No Offer,Fiber Optic,No,Male,71,Yes,California,Jolon
0952-KMEEH,Churned,Yes,91,5525,98.15,1313.93,1,Month-to-Month,Mailed Check,No Offer,Fiber Optic,No,Male,46,No,California,Mountain View
0953-LGOVU,Stayed,No,75,2562,35.50,432.25,4,Month-to-Month,Mailed Check,Offer D,DSL,Yes,Male,19,No,California,Clearlake
0956-ACVZC,Stayed,No,70,4084,94.10,7845.28,3,One Year,Credit Card,No Offer,Fiber Optic,No,Female,23,No,California,Novato
0956-SYCWG,Stayed,No,49,2024,19.65,675.49,3,One Year,Bank Withdrawal,Offer D,No Internet Service,No,Female,61,No,California,Agoura Hills
0958-YHXGP,Stayed,No,80,4562,69.90,714.23,4,Month-to-Month,Credit Card,No Offer,Fiber Optic,No,Female,25,No,California,Oakland
0959-WHOKV,Stayed,No,46,2887,99.00,4568.09,3,One Year,Bank Withdrawal,Offer B,Fiber Optic,No,Male,28,No,California,Covina
0960-HUWBM,Stayed,No,25,4024,104.10,9268.85,4,Two Year,Bank Withdrawal,Offer B,Fiber Optic,Yes,Male,40,No,California,Pleasant Grove
0961-ZWLVI,Stayed,No,44,6005,109.20,5523.69,3,One Year,Credit Card,No Offer,Fiber Optic,No,Male,35,No,California,Rancho Cordova
0962-CQPWQ,Stayed,No,56,4574,20.30,1445.57,5,Two Year,Bank Withdrawal,No Offer,No Internet Service,No,Female,57,No,California,Alameda
0963-ZBDRN,Churned,Yes,93,3606,96.20,3990.12,3,Month-to-Month,Bank Withdrawal,No Offer,Fiber Optic,Yes,Male,45,No,California,Claremont
0967-BMLBD,Stayed,No,72,5837,20.00,737.44,5,One Year,Credit Card,Offer D,No Internet Service,No,Female,37,No,California,Hornitos
0968-GSIKN,Churned,Yes,73,3901,70.80,101.40,3,Month-to-Month,Mailed Check,Offer E,Fiber Optic,No,Female,23,No,California,Thousand Palms
0969-RGKCU,Stayed,No,24,5137,19.80,2264.00,4,One Year,Credit Card,No Offer,No Internet Service,No,Male,31,No,California,Woodland Hills
0970-ETWGE,Churned,Yes,91,4996,89.55,132.01,2,Month-to-Month,Bank Withdrawal,Offer E,Cable,No,Male,38,No,California,Bodfish
0970-QXPXW,Joined,No,25,5454,19.65,62.07,3,Month-to-Month,Credit Card,No Offer,No Internet Service,No,Female,28,No,California,Monrovia
0971-QIFJK,Stayed,No,21,4884,24.25,4340.87,3,Two Year,Bank Withdrawal,Offer A,No Internet Service,No,Female,57,No,California,Soquel
0973-KYVNF,Stayed,No,75,5176,70.65,8115.79,3,Two Year,Credit Card,No Offer,Cable,No,Female,59,No,California,Castaic
0975-UYDTX,Stayed,No,39,2068,90.10,2931.14,3,One Year,Credit Card,Offer C,DSL,Yes,Female,46,No,California,Glendale
0975-VOOVL,Joined,No,48,4699,29.20,98.50,4,Month-to-Month,Credit Card,No Offer,DSL,No,Female,34,No,California,Agoura Hills
0979-MOZQI,Stayed,No,54,4987,39.00,2337.45,4,Two Year,Bank Withdrawal,No Offer,Cable,Yes,Male,61,No,California,Monterey
0979-PHULV,Churned,Yes,80,4020,99.45,10374.80,3,Month-to-Month,Credit Card,Offer A,Fiber Optic,No,Male,30,No,California,San Diego
0980-FEXWF,Stayed,No,48,3386,50.35,1405.92,5,One Year,Credit Card,Offer C,DSL,No,Male,32,No,California,Fiddletown
0980-PVMRC,Stayed,No,35,2819,50.85,2036.55,3,Month-to-Month,Bank Withdrawal,No Offer,DSL,No,Female,27,No,California,Squaw Valley
0983-TATYJ,Stayed,No,59,4935,51.45,3345.87,3,One Year,Credit Card,No Offer,DSL,Yes,Female,42,No,California,Santa Ynez
0988-AADSA,Stayed,No,56,6317,80.85,6534.59,4,Two Year,Bank Withdrawal,Offer A,Cable,Yes,Female,40,No,California,Forbestown
0988-JRWWP,Joined,No,68,3167,54.20,264.54,4,Month-to-Month,Bank Withdrawal,No Offer,DSL,No,Female,50,No,California,Wilseyville
0991-BRRFB,Churned,Yes,75,4028,49.40,1250.28,1,Month-to-Month,Bank Withdrawal,No Offer,DSL,No,Male,31,No,California,Corona
0993-OSGPT,Stayed,No,24,6418,60.65,6733.30,5,One Year,Bank Withdrawal,No Offer,DSL,Yes,Female,78,Yes,California,Junction City
0997-YTLNY,Stayed,No,74,3749,48.80,1030.22,3,Month-to-Month,Credit Card,Offer D,Cable,Yes,Female,59,No,California,Escondido
0999-QXNSA,Stayed,No,57,3779,45.75,603.18,4,Two Year,Credit Card,No Offer,DSL,No,Male,72,Yes,California,Los Angeles
1000-AJSLD,Churned,Yes,90,4389,20.10,24.21,1,Month-to-Month,Mailed Check,No Offer,No Internet Service,No,Male,25,No,California,San Diego
1004-NOZNR,Stayed,No,59,5693,94.80,5856.22,4,One Year,Credit Card,Offer B,Fiber Optic,No,Male,71,Yes,California,Glen Ellen
1009-IRMNA,Churned,Yes,91,4479,20.00,249.88,3,Month-to-Month,Bank Withdrawal,Offer E,No Internet Service,No,Female,27,No,California,Port Hueneme
1010-DIAUQ,Churned,Yes,91,5383,96.50,596.85,3,Month-to-Month,Bank Withdrawal,Offer E,Fiber Optic,No,Male,54,No,California,San Diego
1013-QCWAM,Stayed,No,32,5469,100.80,8542.71,4,Two Year,Bank Withdrawal,Offer A,Fiber Optic,No,Female,73,Yes,California,Garden Grove
1015-JPFYW,Stayed,No,29,5084,19.45,480.87,3,One Year,Credit Card,No Offer,No Internet Service,No,Male,47,No,California,Clements
1015-OWJKI,Joined,No,59,5279,19.05,24.07,4,Month-to-Month,Credit Card,No Offer,No Internet Service,No,Male,46,No,California,Lawndale
1016-DJTSV,Stayed,No,20,5242,69.70,907.65,4,Two Year,Bank Withdrawal,Offer E,Fiber Optic,No,Male,66,Yes,California,Santee
1017-FBQMM,Stayed,No,69,6361,106.05,7636.60,4,One Year,Credit Card,Offer B,Fiber Optic,Yes,Female,47,No,California,Acampo
1020-JPQOW,Stayed,No,63,6161,90.55,5313.40,4,Month-to-Month,Bank Withdrawal,No Offer,Fiber Optic,Yes,Female,63,No,California,Angwin
1022-RKXDR,Stayed,No,42,3089,24.85,2301.31,3,One Year,Mailed Check,No Offer,No Internet Service,No,Female,38,No,California,South El Monte
1023-BQXZE,Stayed,No,71,5548,74.35,5723.54,4,Two Year,Bank Withdrawal,No Offer,DSL,No,Male,30,No,California,Stockton
1024-GUALD,Churned,Yes,94,4851,24.80,24.80,1,Month-to-Month,Bank Withdrawal,Offer E,DSL,No,Female,29,No,California,Glendale
1024-KPRBB,Stayed,No,56,2675,89.10,4575.42,4,One Year,Mailed Check,Offer C,Fiber Optic,No,Female,63,No,California,San Diego
1024-VRZHF,Churned,Yes,70,2044,74.95,1063.08,1,Month-to-Month,Bank Withdrawal,Offer D,Fiber Optic,No,Male,39,No,California,San Diego
1025-FALIX,Stayed,No,23,5379,69.05,2790.91,3,Month-to-Month,Credit Card,No Offer,Fiber Optic,No,Female,49,No,California,Nicolaus
1027-LKKQQ,Stayed,No,54,4480,80.45,6819.97,3,Two Year,Bank Withdrawal,No Offer,DSL,Yes,Female,35,No,California,Plymouth
1028-FFNJK,Stayed,No,73,4828,101.50,4358.25,5,Month-to-Month,Bank Withdrawal,Offer C,Fiber Optic,Yes,Male,79,Yes,California,Burbank
1029-QFBEN,Churned,Yes,95,3556,19.55,57.99,2,Month-to-Month,Mailed Check,No Offer,No Internet Service,No,Male,27,No,California,San Diego
1031-IIDEO,Churned,Yes,72,2874,70.85,97.90,3,Month-to-Month,Bank Withdrawal,Offer E,Fiber Optic,No,Female,51,No,California,Sierra City
1032-MAELW,Stayed,No,67,5071,78.45,5841.31,5,One Year,Bank Withdrawal,No Offer,DSL,Yes,Female,57,No,California,Fresno
1035-IPQPU,Stayed,No,53,5187,103.50,7622.22,4,Month-to-Month,Bank Withdrawal,No Offer,Fiber Optic,No,Female,77,Yes,California,Parker Dam
1036-GUDCL,Stayed,No,60,5275,79.05,7049.00,4,Month-to-Month,Credit Card,No Offer,DSL,Yes,Male,59,No,California,Oak Park
1038-RQOST,Stayed,No,32,2276,20.60,504.25,3,Month-to-Month,Credit Card,Offer D,No Internet Service,No,Male,43,No,California,Zenia
1038-ZAGBI,Churned,Yes,94,2653,19.80,681.40,3,One Year,Bank Withdrawal,No Offer,No Internet Service,No,Female,59,No,California,Fresno
1041-RXHRA,Churned,Yes,69,3407,70.25,4540.03,3,Month-to-Month,Bank Withdrawal,No Offer,Fiber Optic,No,Female,25,No,California,Guatay
1042-HFUCW,Stayed,No,50,5136,54.75,2248.09,5,One Year,Credit Card,Offer C,DSL,Yes,Female,37,No,California,Cobb
1043-UXOVO,Stayed,No,35,4955,113.15,10009.70,3,Two Year,Credit Card,Offer A,Fiber Optic,Yes,Female,25,No,California,Sacramento
1043-YCUTE,Churned,Yes,79,6484,25.15,2066.35,3,Two Year,Credit Card,Offer B,No Internet Service,No,Male,19,No,California,Hayward
1045-LTCYT,Stayed,No,78,2158,21.05,484.15,3,Month-to-Month,Credit Card,No Offer,No Internet Service,No,Female,54,No,California,San Jose
1047-NNCBF,Stayed,No,59,5790,70.55,1551.95,3,Month-to-Month,Credit Card,No Offer,Fiber Optic,No,Male,56,No,California,San Jose
1047-RNXZV,Stayed,No,67,4871,19.55,997.72,5,Two Year,Credit Card,No Offer,No Internet Service,No,Male,57,No,California,Glendale
1049-FYSYG,Stayed,No,38,5977,35.65,646.05,3,Month-to-Month,Credit Card,Offer D,DSL,No,Female,48,No,California,Temecula
1051-EQPZR,Stayed,No,36,5584,19.60,963.73,5,Month-to-Month,Credit Card,No Offer,No Internet Service,No,Female,21,No,California,Stanford
1051-GEJLJ,Joined,No,74,4836,19.50,81.89,5,Month-to-Month,Mailed Check,No Offer,No Internet Service,No,Female,19,No,California,San Gregorio
1052-QJIBV,Stayed,No,53,6015,19.90,2852.09,3,Two Year,Credit Card,Offer A,No Internet Service,No,Female,28,No,California,Colfax
1053-MXTTK,Stayed,No,48,5730,108.65,8767.47,4,Two Year,Bank Withdrawal,No Offer,Fiber Optic,Yes,Female,63,No,California,North Hollywood
1057-FOGLZ,Stayed,No,20,4333,19.65,719.30,3,Month-to-Month,Credit Card,Offer D,No Internet Service,No,Female,44,No,California,Calimesa
1060-ENTOF,Stayed,No,64,5703,105.40,7214.49,4,One Year,Credit Card,No Offer,Fiber Optic,Yes,Female,70,Yes,California,Los Angeles
1061-PNTHC,Stayed,No,67,5012,109.60,6733.64,3,Month-to-Month,Credit Card,Offer B,Fiber Optic,Yes,Female,36,No,California,Encinitas
1062-LHZOD,Churned,Yes,90,2100,69.90,74.89,1,Month-to-Month,Mailed Check,No Offer,Fiber Optic,No,Male,49,No,California,San Diego
1063-DHQJF,Stayed,No,30,5817,92.15,7882.98,3,Two Year,Mailed Check,Offer A,Fiber Optic,Yes,Male,56,No,California,Whittier
1064-FBXNK,Joined,No,20,2618,19.85,67.31,3,One Year,Credit Card,No Offer,No Internet Service,No,Male,55,No,California,Sacramento
1066-JKSGK,Churned,Yes,92,4832,20.15,53.73,1,Month-to-Month,Credit Card,No Offer,No Internet Service,No,Male,29,No,California,Los Angeles
1069-QJOEE,Stayed,No,76,4134,19.90,977.20,5,One Year,Bank Withdrawal,No Offer,No Internet Service,No,Male,47,No,California,Hayward
1069-XAIEM,Churned,Yes,96,2975,85.05,101.42,1,Month-to-Month,Bank Withdrawal,No Offer,Fiber Optic,No,Female,68,Yes,California,Mendocino
1073-XXCZD,Stayed,No,79,6228,25.70,2115.20,4,Two Year,Bank Withdrawal,No Offer,No Internet Service,No,Male,54,No,California,Bakersfield
1074-AMIOH,Stayed,No,73,5989,108.25,8234.77,4,Month-to-Month,Bank Withdrawal,No Offer,Fiber Optic,Yes,Female,38,No,California,San Francisco
1074-WVEVG,Stayed,No,57,5757,20.35,3121.37,5,One Year,Credit Card,No Offer,No Internet Service,No,Female,29,No,California,Los Angeles
1075-BGWOH,Churned,Yes,87,3392,98.75,1830.11,2,Month-to-Month,Bank Withdrawal,No Offer,Fiber Optic,No,Male,69,Yes,California,Rosemead
1077-HUUJM,Stayed,No,49,4668,71.05,682.15,5,Month-to-Month,Bank Withdrawal,Offer E,Fiber Optic,No,Female,48,No,California,Rancho Cucamonga
1078-TDCRN,Joined,No,27,4133,30.75,82.85,5,Month-to-Month,Bank Withdrawal,No Offer,DSL,No,Female,75,Yes,California,Agoura Hills
1080-BWSYE,Stayed,No,36,6469,25.65,3624.32,5,Two Year,Credit Card,No Offer,No Internet Service,No,Male,76,Yes,California,Irvine
1084-MNSMJ,Stayed,No,43,6261,85.50,6152.38,3,Two Year,Credit Card,Offer B,DSL,Yes,Female,63,No,California,El Dorado
1084-UQCHV,Churned,Yes,66,2901,69.75,97.72,2,Month-to-Month,Bank Withdrawal,Offer E,Fiber Optic,No,Male,35,No,California,Angelus Oaks
1085-LDWAM,Stayed,No,26,5188,20.35,3062.08,3,One Year,Credit Card,No Offer,No Internet Service,No,Female,24,No,California,Portola
1086-LXKFY,Churned,Yes,92,4779,69.10,85.65,1,Month-to-Month,Credit Card,Offer E,Fiber Optic,No,Female,46,No,California,Westwood
1087-GRUYI,Stayed,No,65,3756,20.40,1008.36,5,Two Year,Bank Withdrawal,Offer C,No Internet Service,No,Male,62,No,California,San Diego
1087-UDSIH,Churned,Yes,81,5000,19.60,99.59,3,Month-to-Month,Credit Card,Offer E,No Internet Service,No,Female,38,No,California,Concord
1088-AUUZZ,Stayed,No,52,5314,75.85,6365.68,3,Two Year,Credit Card,Offer B,DSL,Yes,Male,33,No,California,Shaver Lake
1088-CNNKB,Stayed,No,56,5540,80.00,7183.46,3,One Year,Credit Card,No Offer,DSL,Yes,Male,34,No,California,Campbell
1089-HDMKP,Stayed,No,40,4143,54.55,731.71,4,Two Year,Bank Withdrawal,No Offer,Cable,Yes,Male,72,Yes,California,Bridgeport
1089-XZWHH,Stayed,No,31,3594,19.70,1605.25,5,Two Year,Credit Card,No Offer,No Internet Service,No,Female,43,No,California,Lee Vining
1090-ESELR,Stayed,No,25,5534,105.50,9573.55,3,Two Year,Bank Withdrawal,Offer A,Fiber Optic,Yes,Male,47,No,California,Fawnskin
1090-PYKCI,Stayed,No,27,4686,105.10,8933.18,3,One Year,Credit Card,Offer A,Fiber Optic,Yes,Female,19,No,California,Boonville
1091-SOZGA,Stayed,No,43,4606,99.80,7888.17,4,One Year,Credit Card,No Offer,Fiber Optic,No,Female,27,No,California,La Palma
1092-GANHU,Churned,Yes,87,3182,76.65,1833.92,2,Month-to-Month,Bank Withdrawal,No Offer,Fiber Optic,No,Male,62,No,California,Magalia
1092-WPIVQ,Stayed,No,55,3675,25.10,1125.96,4,Two Year,Credit Card,Offer D,No Internet Service,No,Female,33,No,California,French Gulch
1093-YSWCA,Stayed,No,50,5433,19.55,385.15,3,Two Year,Credit Card,Offer D,No Internet Service,No,Male,45,No,California,Corona
1094-BKOSX,Stayed,No,22,4534,51.00,2264.50,4,One Year,Bank Withdrawal,No Offer,Cable,Yes,Female,52,No,California,Coleville
1095-JUDTC,Churned,Yes,65,5214,95.05,5172.89,2,Month-to-Month,Bank Withdrawal,No Offer,Fiber Optic,Yes,Female,78,Yes,California,Woodbridge
1095-WGNGG,Stayed,No,60,6311,101.05,7038.14,4,Two Year,Bank Withdrawal,No Offer,Fiber Optic,No,Female,35,No,California,San Pedro
1096-ADRUX,Stayed,No,45,4395,74.25,7356.69,3,One Year,Bank Withdrawal,No Offer,Fiber Optic,No,Female,34,No,California,Placentia
1097-FSPVW,Stayed,No,72,5387,54.55,3805.77,3,Month-to-Month,Credit Card,Offer B,DSL,No,Female,42,No,California,Pioneertown
1098-KFQEC,Stayed,No,23,5366,19.40,2609.25,5,Two Year,Credit Card,No Offer,No Internet Service,No,Female,24,No,California,Encino
1098-TDVUQ,Joined,No,66,4745,19.25,28.69,3,Month-to-Month,Bank Withdrawal,Offer E,No Internet Service,No,Female,34,No,California,Spring Valley
1099-BTKWT,Stayed,No,69,4897,54.40,3698.03,4,One Year,Bank Withdrawal,Offer A,DSL,No,Female,58,No,California,Mission Viejo
1099-GODLO,Joined,No,38,4836,20.35,50.44,5,Two Year,Credit Card,No Offer,No Internet Service,No,Female,62,No,California,Berkeley
1100-DDVRV,Stayed,No,24,5575,49.80,836.35,5,Month-to-Month,Credit Card,No Offer,DSL,No,Male,27,No,California,Twain Harte
1101-SSWAG,Stayed,No,33,4858,51.10,1178.10,5,Month-to-Month,Bank Withdrawal,No Offer,DSL,No,Female,60,No,California,Berkeley
1104-FEJAM,Stayed,No,48,2434,64.40,2062.83,3,Month-to-Month,Bank Withdrawal,No Offer,DSL,No,Male,52,No,California,Richgrove
1104-TNLZA,Stayed,No,73,4174,105.80,3679.80,3,Month-to-Month,Bank Withdrawal,Offer C,Fiber Optic,Yes,Male,67,Yes,California,Klamath River
1106-HRLKZ,Stayed,No,34,2630,19.60,1727.35,5,Two Year,Credit Card,Offer B,No Internet Service,No,Male,21,No,California,Oakley
1110-KYLGQ,Stayed,No,39,5331,108.25,7105.81,3,Month-to-Month,Credit Card,No Offer,Fiber Optic,No,Female,46,No,California,Campbell
1112-CUNAO,Churned,Yes,91,2668,89.85,1489.15,2,Month-to-Month,Bank Withdrawal,Offer D,Fiber Optic,No,Female,67,Yes,California,Grimes
1113-IUJYX,Churned,Yes,84,5887,105.95,1427.72,1,One Year,Credit Card,No Offer,Fiber Optic,Yes,Female,59,No,California,Winnetka
1114-CENIM,Churned,Yes,84,5282,55.00,3454.45,1,Month-to-Month,Credit Card,No Offer,Cable,No,Male,43,No,California,San Jacinto
1116-DXXDF,Stayed,No,45,2698,100.45,5281.36,4,Two Year,Bank Withdrawal,No Offer,Fiber Optic,No,Male,38,No,California,Porter Ranch
1116-FRYVH,Stayed,No,26,5701,39.40,2108.65,4,Two Year,Credit Card,No Offer,DSL,Yes,Female,29,No,California,Kingsburg
1120-BMWUB,Churned,Yes,65,5091,53.90,983.91,3,Month-to-Month,Credit Card,Offer D,DSL,Yes,Female,36,No,California,Los Angeles
1121-QSIVB,Stayed,No,43,5044,77.55,3694.18,3,One Year,Credit Card,Offer B,DSL,No,Female,39,No,California,Bakersfield
1122-JWTJW,Churned,Yes,82,3463,70.65,108.33,1,Month-to-Month,Credit Card,No Offer,Fiber Optic,No,Male,64,No,California,Ocotillo
1122-YJBCS,Stayed,No,55,6092,53.65,4782.82,3,One Year,Credit Card,Offer A,DSL,No,Male,36,No,California,Los Angeles
1125-SNVCK,Stayed,No,68,5651,43.80,3832.45,5,Two Year,Credit Card,No Offer,DSL,No,Female,78,Yes,California,Los Angeles
1131-ALZWV,Stayed,No,62,4147,24.60,1629.09,5,One Year,Bank Withdrawal,Offer C,No Internet Service,No,Female,58,No,California,San Lorenzo
1131-QQZEB,Stayed,No,52,4329,23.95,3937.32,3,Two Year,Bank Withdrawal,Offer A,No Internet Service,No,Male,66,Yes,California,Sunset Beach
1131-SUEKT,Stayed,No,64,4000,98.45,8680.97,3,One Year,Bank Withdrawal,Offer B,Fiber Optic,Yes,Male,41,No,California,Hood
1133-KXCGE,Stayed,No,55,2910,20.10,745.45,4,One Year,Mailed Check,Offer D,No Internet Service,No,Female,38,No,California,Palmdale
1134-YWTYF,Stayed,No,66,2563,53.80,2509.81,4,Month-to-Month,Bank Withdrawal,Offer C,DSL,Yes,Male,32,No,California,Fresno
1135-HIORI,Stayed,No,74,5129,111.45,9786.63,5,One Year,Bank Withdrawal,Offer B,Fiber Optic,Yes,Female,48,No,California,Byron
1135-LMECX,Joined,No,51,4905,19.85,36.32,5,Month-to-Month,Credit Card,No Offer,No Internet Service,No,Female,47,No,California,Moreno Valley
1136-XGEQU,Stayed,No,43,4625,84.15,6488.90,3,One Year,Credit Card,Offer B,DSL,Yes,Female,53,No,California,Winchester
1137-DGOWI,Stayed,No,66,5417,70.25,2718.80,4,One Year,Bank Withdrawal,No Offer,DSL,Yes,Female,53,No,California,Coachella
1139-WUOAH,Stayed,No,42,5461,53.35,3190.05,4,Two Year,Credit Card,No Offer,DSL,Yes,Male,33,No,California,Vallecito
1140-UKVZG,Stayed,No,66,5208,24.80,605.47,5,Month-to-Month,Credit Card,Offer D,No Internet Service,No,Female,64,No,California,Farmersville
1142-IHLOO,Stayed,No,57,6021,87.55,5208.77,4,One Year,Credit Card,Offer B,Fiber Optic,No,Female,36,No,California,San Diego
1142-WACZW,Churned,Yes,95,4268,29.85,75.60,2,Month-to-Month,Bank Withdrawal,No Offer,Cable,Yes,Male,64,No,California,Chico
1143-NMNQJ,Churned,Yes,95,2187,85.70,197.94,2,Month-to-Month,Bank Withdrawal,No Offer,Fiber Optic,No,Female,39,No,California,Boulder Creek
1150-FTQGN,Stayed,No,60,6399,94.15,8694.20,4,One Year,Bank Withdrawal,Offer B,Fiber Optic,No,Female,35,No,California,Oregon House
1150-WFARN,Churned,Yes,90,5516,108.75,9310.25,1,Two Year,Credit Card,No Offer,Fiber Optic,Yes,Female,59,No,California,Brawley
1153-GNOLC,Stayed,No,40,2855,39.10,1309.00,4,One Year,Bank Withdrawal,No Offer,DSL,No,Male,62,No,California,Santa Ana
1154-HYWWO,Stayed,No,67,4993,70.60,4313.32,3,One Year,Credit Card,Offer C,DSL,Yes,Male,55,No,California,San Clemente
1156-ZFYDO,Joined,No,38,3666,19.75,57.37,3,Month-to-Month,Bank Withdrawal,No Offer,No Internet Service,No,Female,57,No,California,Glendale
1157-BQCUW,Churned,Yes,82,2591,74.95,105.02,1,Month-to-Month,Bank Withdrawal,Offer E,Fiber Optic,No,Male,59,No,California,Fall River Mills
1159-WFSGR,Stayed,No,62,3990,20.40,1050.04,4,Month-to-Month,Bank Withdrawal,Offer D,No Internet Service,No,Female,59,No,California,South Pasadena
1162-ECVII,Stayed,No,53,4265,109.75,9421.78,4,Two Year,Bank Withdrawal,Offer A,Fiber Optic,Yes,Male,66,Yes,California,Fresno
1163-ONYEY,Stayed,No,61,2748,74.55,4194.10,3,Month-to-Month,Credit Card,Offer B,Cable,No,Male,61,No,California,Shoshone
1163-VIPRI,Stayed,No,51,6087,109.30,8198.80,4,Two Year,Bank Withdrawal,Offer B,Fiber Optic,Yes,Female,22,No,California,Garberville
1166-PQLGG,Stayed,No,68,4424,19.55,2711.21,3,Two Year,Bank Withdrawal,No Offer,No Internet Service,No,Female,58,No,California,Redwood City
1167-OYZJF,Stayed,No,76,4934,20.05,4565.37,5,Two Year,Bank Withdrawal,No Offer,No Internet Service,No,Female,65,Yes,California,Santa Monica
1169-SAOCL,Stayed,No,27,5154,106.65,6401.58,5,One Year,Bank Withdrawal,No Offer,Fiber Optic,Yes,Male,45,No,California,Brookdale
1169-WCVAK,Stayed,No,63,4600,88.80,2319.30,3,Month-to-Month,Credit Card,Offer D,Fiber Optic,Yes,Male,42,No,California,Fresno
1170-SASML,Stayed,No,62,5976,85.40,8249.21,5,Month-to-Month,Bank Withdrawal,Offer A,Fiber Optic,No,Female,33,No,California,Desert Hot Springs
1171-TYKUR,Stayed,No,33,3159,25.40,1612.49,3,Month-to-Month,Bank Withdrawal,No Offer,No Internet Service,No,Male,20,No,California,Los Angeles
1172-VIYBP,Stayed,No,22,4975,69.70,5166.34,3,Two Year,Bank Withdrawal,No Offer,DSL,No,Male,54,No,California,Cathedral City
1173-NOEYG,Stayed,No,67,5750,90.15,2929.38,4,Month-to-Month,Bank Withdrawal,No Offer,Fiber Optic,No,Female,25,No,California,Santa Margarita
1173-XZPYF,Stayed,No,32,3734,89.20,1110.75,4,Month-to-Month,Bank Withdrawal,Offer D,Fiber Optic,No,Female,60,No,California,Torrance
1174-FGIFN,Stayed,No,74,5823,90.45,3245.09,3,One Year,Bank Withdrawal,Offer C,Fiber Optic,Yes,Female,44,No,California,Squaw Valley
1177-XZBJL,Stayed,No,45,5570,64.15,5482.76,3,One Year,Bank Withdrawal,Offer B,DSL,Yes,Male,35,No,California,Palermo
1178-PZGAB,Stayed,No,78,5586,20.25,736.48,4,One Year,Credit Card,No Offer,No Internet Service,No,Female,45,No,California,Sun City
1179-INLAT,Joined,No,32,2787,19.45,77.59,4,One Year,Credit Card,No Offer,No Internet Service,No,Male,33,No,California,Santa Clara
1183-CANVH,Stayed,No,54,3835,60.00,1379.12,4,One Year,Bank Withdrawal,Offer D,DSL,Yes,Female,55,No,California,Escondido
1184-PJVDB,Churned,Yes,68,5640,79.95,970.20,1,Month-to-Month,Bank Withdrawal,No Offer,Fiber Optic,No,Male,38,No,California,Amador City
1187-WILMM,Stayed,No,80,5004,89.40,8404.30,3,Two Year,Credit Card,No Offer,DSL,Yes,Male,39,No,California,Lindsay
1193-RTSLK,Churned,Yes,82,2157,83.90,4608.44,1,Month-to-Month,Credit Card,No Offer,Fiber Optic,No,Female,26,No,California,Happy Camp
1194-BHJYC,Stayed,No,59,6427,62.15,3778.85,3,Two Year,Credit Card,Offer B,DSL,Yes,Male,22,No,California,Lockwood
1194-HVAIF,Stayed,No,75,4235,95.00,2959.89,4,Month-to-Month,Credit Card,Offer C,Fiber Optic,No,Female,21,No,California,Capistrano Beach
1194-SPVSP,Joined,No,79,3625,19.65,47.53,3,Month-to-Month,Bank Withdrawal,No Offer,No Internet Service,No,Male,20,No,California,Soquel
1195-OIYEJ,Churned,Yes,78,5347,91.10,1286.29,2,Month-to-Month,Bank Withdrawal,Offer D,Fiber Optic,No,Male,54,No,California,La Puente
1196-AMORA,Churned,Yes,87,2679,73.60,786.49,1,Month-to-Month,Bank Withdrawal,No Offer,Fiber Optic,No,Male,63,No,California,Big Creek
1197-BVMVG,Stayed,No,50,4093,74.45,311.61,3,Two Year,Bank Withdrawal,No Offer,Fiber Optic,No,Female,65,Yes,California,Friant
1200-TUZHR,Stayed,No,53,2565,85.20,1052.79,4,Two Year,Bank Withdrawal,Offer E,Fiber Optic,No,Female,70,Yes,California,Posey
1202-KKGFU,Stayed,No,31,4474,54.20,978.38,4,Month-to-Month,Bank Withdrawal,Offer D,DSL,Yes,Female,24,No,California,Korbel
1205-WNWPJ,Churned,Yes,91,4661,59.50,431.63,3,Month-to-Month,Credit Card,Offer E,DSL,Yes,Female,54,No,California,Lakehead
1206-EHBDD,Stayed,No,67,6203,80.30,4751.09,3,Two Year,Bank Withdrawal,Offer B,Fiber Optic,No,Female,56,No,California,Rodeo
1207-BLKSA,Stayed,No,34,4922,23.05,2254.02,3,Two Year,Credit Card,No Offer,No Internet Service,No,Female,42,No,California,Redwood City
1208-DNHLN,Churned,Yes,83,4580,48.35,1200.55,2,One Year,Credit Card,No Offer,DSL,No,Male,60,No,California,Grizzly Flats
1208-NBVFH,Stayed,No,68,3235,49.60,1203.40,3,Month-to-Month,Bank Withdrawal,No Offer,Cable,No,Male,63,No,California,Perris
1209-VFFOC,Stayed,No,59,4556,56.40,3948.45,3,Two Year,Credit Card,Offer A,DSL,Yes,Male,47,No,California,Brisbane
1212-GLHMD,Joined,No,37,2500,86.05,299.63,4,Month-to-Month,Credit Card,Offer E,Fiber Optic,No,Male,54,No,California,San Joaquin
1213-NGCUN,Churned,Yes,88,4248,49.65,560.69,2,Month-to-Month,Bank Withdrawal,Offer E,DSL,Yes,Female,49,No,California,San Diego
1215-EXRMO,Stayed,No,78,4745,20.55,3413.15,3,Two Year,Credit Card,No Offer,No Internet Service,No,Male,32,No,California,Junction City
1215-FIGMP,Stayed,No,35,6292,89.90,8023.50,3,Month-to-Month,Bank Withdrawal,Offer B,Fiber Optic,No,Male,27,No,California,Los Angeles
1215-VFYVK,Stayed,No,30,2682,48.25,212.25,3,Month-to-Month,Mailed Check,Offer E,Cable,Yes,Female,19,No,California,Groveland
1216-BGTSP,Stayed,No,33,5093,108.45,5233.35,3,Month-to-Month,Credit Card,No Offer,Fiber Optic,Yes,Male,30,No,California,Imperial
1216-JWVUX,Stayed,No,33,5985,75.50,2012.55,3,Month-to-Month,Bank Withdrawal,No Offer,Fiber Optic,No,Male,51,No,California,San Miguel
1217-VASWC,Stayed,No,65,4499,100.55,5898.87,4,One Year,Bank Withdrawal,Offer B,Fiber Optic,No,Male,77,Yes,California,Avila Beach
1218-VKFPE,Churned,Yes,72,3535,19.00,467.31,1,Month-to-Month,Credit Card,Offer D,No Internet Service,No,Female,48,No,California,Anaheim
1219-NNDDO,Stayed,No,38,4834,76.85,1045.24,5,Month-to-Month,Bank Withdrawal,Offer E,Fiber Optic,No,Female,51,No,California,Los Angeles
1221-GHZEP,Stayed,No,47,5172,65.10,5283.91,3,Two Year,Credit Card,No Offer,DSL,Yes,Female,45,No,California,Hemet
1222-KJNZD,Stayed,No,72,5918,20.40,820.90,3,Month-to-Month,Bank Withdrawal,Offer B,No Internet Service,No,Male,61,No,California,Palos Verdes Peninsula
1222-LRYKO,Stayed,No,22,2189,26.35,413.73,3,Month-to-Month,Credit Card,Offer E,No Internet Service,No,Male,21,No,California,Posey
1223-UNPKS,Stayed,No,24,4328,20.05,477.40,4,Two Year,Credit Card,No Offer,No Internet Service,No,Male,55,No,California,Wendel
1226-IENZN,Stayed,No,74,4351,78.75,1850.57,4,Month-to-Month,Bank Withdrawal,Offer D,Fiber Optic,No,Male,68,Yes,California,Los Angeles
1226-JZNKR,Stayed,No,51,5698,19.80,387.01,4,One Year,Bank Withdrawal,Offer E,No Internet Service,No,Female,20,No,California,Santa Ynez
1226-UDFZR,Churned,Yes,78,3599,49.60,157.26,1,Month-to-Month,Credit Card,Offer E,Cable,No,Female,26,No,California,Lafayette
1227-UDMZR,Stayed,No,33,4311,91.15,6850.30,4,Two Year,Bank Withdrawal,No Offer,Cable,Yes,Female,53,No,California,Fremont
1228-FZFRV,Churned,Yes,79,5536,105.95,6385.80,1,Month-to-Month,Credit Card,No Offer,Fiber Optic,No,Male,37,No,California,Los Angeles
1228-ZLNBX,Stayed,No,50,2847,75.30,1639.16,3,Month-to-Month,Credit Card,No Offer,Fiber Optic,No,Male,25,No,California,Farmington
1229-RCALF,Stayed,No,45,5189,115.00,10368.31,4,One Year,Bank Withdrawal,No Offer,Fiber Optic,Yes,Female,37,No,California,San Jose
1230-QAJDW,Joined,No,43,2562,65.25,337.94,5,Month-to-Month,Credit Card,No Offer,Cable,Yes,Male,32,No,California,Somes Bar
1231-YNDEK,Stayed,No,25,6339,19.15,2706.78,5,Two Year,Bank Withdrawal,No Offer,No Internet Service,No,Male,49,No,California,Redding
1236-WFCDV,Churned,Yes,96,4777,90.45,1424.44,3,Month-to-Month,Credit Card,No Offer,Fiber Optic,No,Male,74,Yes,California,Greenbrae
1237-WIYYZ,Stayed,No,28,2386,19.55,581.31,4,Month-to-Month,Credit Card,Offer D,No Internet Service,No,Female,49,No,California,Los Angeles
1240-HCBOH,Stayed,No,42,6466,26.10,4660.65,3,Two Year,Credit Card,No Offer,No Internet Service,No,Female,45,No,California,Windsor
1240-KNSEZ,Churned,Yes,95,4933,20.10,60.93,3,Month-to-Month,Credit Card,Offer E,No Internet Service,No,Male,63,No,California,San Diego
1241-EZFMJ,Stayed,No,41,6015,25.45,2241.93,4,Two Year,Bank Withdrawal,Offer B,No Internet Service,No,Male,48,No,California,Ontario
1241-FPMOF,Stayed,No,24,5157,19.65,2168.01,4,Two Year,Credit Card,No Offer,No Internet Service,No,Male,31,No,California,Seal Beach
1245-HARPS,Stayed,No,73,4556,20.40,496.94,3,Two Year,Credit Card,No Offer,No Internet Service,No,Female,46,No,California,Janesville
1247-QBVSH,Stayed,No,49,5284,50.20,2798.92,4,Month-to-Month,Mailed Check,Offer B,DSL,No,Female,41,No,California,Santa Margarita
1248-DYXUB,Stayed,No,76,5320,24.80,3326.26,5,Two Year,Credit Card,Offer B,No Internet Service,No,Male,42,No,California,Lemon Grove
1251-KRREG,Churned,Yes,81,2556,54.40,202.72,3,Month-to-Month,Credit Card,No Offer,DSL,No,Male,22,No,California,North Hollywood
1251-STYSZ,Stayed,No,20,3828,80.25,368.70,4,One Year,Bank Withdrawal,No Offer,Fiber Optic,No,Female,66,Yes,California,Glenhaven
1254-IZEYF,Churned,Yes,96,5362,99.95,4406.81,3,Month-to-Month,Bank Withdrawal,No Offer,Fiber Optic,No,Female,74,Yes,California,Cutler
1257-SXUXQ,Stayed,No,79,4573,19.45,126.25,3,Month-to-Month,Credit Card,No Offer,No Internet Service,No,Male,20,No,California,Jenner
1258-YMZNM,Stayed,No,56,4997,110.50,3823.12,3,One Year,Bank Withdrawal,Offer C,Fiber Optic,No,Female,70,Yes,California,Montara
1260-TTRXI,Churned,Yes,87,5834,54.30,435.90,2,Month-to-Month,Bank Withdrawal,Offer E,DSL,No,Male,64,No,California,Planada
1261-FWTTE,Stayed,No,67,2307,34.65,768.45,4,Month-to-Month,Bank Withdrawal,No Offer,Cable,No,Male,78,Yes,California,Los Angeles
1262-OPMFY,Churned,Yes,92,5105,75.75,941.65,3,Month-to-Month,Bank Withdrawal,Offer E,Fiber Optic,No,Female,46,No,California,San Diego
1264-BYWMS,Churned,Yes,82,4089,96.80,7889.85,1,Month-to-Month,Bank Withdrawal,Offer B,Fiber Optic,No,Male,40,No,California,La Grange
1264-FUHCX,Stayed,No,20,5913,56.30,2780.60,5,One Year,Credit Card,Offer B,DSL,Yes,Female,51,No,California,San Diego
1265-BCFEO,Stayed,No,75,4518,80.45,7549.43,5,Two Year,Bank Withdrawal,Offer A,Cable,Yes,Female,30,No,California,Alamo
1265-HVPZB,Stayed,No,64,6432,66.40,4905.74,3,One Year,Credit Card,No Offer,DSL,No,Male,49,No,California,Winnetka
1265-XTECC,Churned,Yes,86,5957,96.55,6716.54,1,One Year,Credit Card,No Offer,Fiber Optic,No,Female,68,Yes,California,Madera
1265-ZFOSD,Stayed,No,74,5254,81.30,6170.00,4,Two Year,Mailed Check,No Offer,Cable,Yes,Female,33,No,California,Stonyford
1266-NZYUI,Stayed,No,32,6264,66.85,5813.60,3,Two Year,Bank Withdrawal,Offer A,DSL,Yes,Female,56,No,California,Lee Vining
1268-ASBGA,Churned,Yes,66,5769,85.35,1534.03,2,Month-to-Month,Credit Card,Offer D,Fiber Optic,No,Female,66,Yes,California,Huntington Park
1269-FOYWN,Stayed,No,72,3743,20.00,2482.69,3,One Year,Bank Withdrawal,No Offer,No Internet Service,No,Male,23,No,California,Phillipsville
1270-XKUCC,Stayed,No,38,5045,19.70,934.96,3,Two Year,Credit Card,No Offer,No Internet Service,No,Female,24,No,California,San Diego
1271-SJBGZ,Churned,Yes,74,2437,43.65,526.95,1,Month-to-Month,Bank Withdrawal,No Offer,DSL,Yes,Male,77,Yes,California,Forest Knolls
1271-UODNO,Stayed,No,79,2380,53.85,2364.64,3,Two Year,Credit Card,No Offer,DSL,Yes,Male,60,No,California,San Jose
1272-ILHFG,Stayed,No,71,5928,19.65,591.85,5,One Year,Credit Card,Offer D,No Internet Service,No,Male,48,No,California,La Habra
1273-MTETI,Churned,Yes,74,2754,88.85,423.89,3,Month-to-Month,Bank Withdrawal,No Offer,Fiber Optic,No,Female,69,Yes,California,Rancho Cucamonga
1282-IHQAC,Stayed,No,68,4022,44.05,3011.65,3,One Year,Credit Card,Offer A,Cable,No,Male,68,Yes,California,Sheep Ranch
1285-OKIPP,Churned,Yes,91,3394,79.90,103.10,2,Month-to-Month,Bank Withdrawal,No Offer,Fiber Optic,No,Male,62,No,California,Mission Hills
1291-CUOCY,Stayed,No,64,5444,110.60,8273.24,3,Two Year,Credit Card,No Offer,Fiber Optic,Yes,Male,55,No,California,Yorkville
1293-BSEUN,Stayed,No,40,4528,20.70,1979.10,5,Two Year,Credit Card,No Offer,No Internet Service,No,Female,64,No,California,Volcano
1293-HHSHJ,Stayed,No,79,5707,21.10,1558.72,4,One Year,Credit Card,Offer C,No Internet Service,No,Female,61,No,California,Montrose
1297-VQDRP,Stayed,No,66,4324,107.15,9613.28,5,One Year,Credit Card,Offer A,Fiber Optic,Yes,Male,80,Yes,California,Foothill Ranch
1298-PHBTI,Stayed,No,43,5952,84.80,8542.97,3,Two Year,Bank Withdrawal,No Offer,Fiber Optic,Yes,Male,40,No,California,Los Angeles
1299-AURJA,Stayed,No,59,5907,24.70,3809.00,4,Two Year,Bank Withdrawal,No Offer,No Internet Service,No,Female,43,No,California,Twain Harte
1301-LOPVR,Stayed,No,70,5138,55.35,1636.95,3,One Year,Credit Card,No Offer,DSL,Yes,Male,62,No,California,North Hollywood
1302-TPUBN,Stayed,No,23,5637,19.35,2641.98,3,Two Year,Bank Withdrawal,No Offer,No Internet Service,No,Male,58,No,California,West Sacramento
1302-UHBDD,Stayed,No,33,4812,89.95,2617.65,4,Two Year,Bank Withdrawal,Offer D,Fiber Optic,No,Male,70,Yes,California,Ladera Ranch
1303-SRDOK,Stayed,No,67,4318,69.05,5375.45,3,Two Year,Credit Card,Offer B,Fiber Optic,No,Female,52,No,California,Rio Dell
1304-BCCFO,Stayed,No,69,4900,70.05,698.59,3,Month-to-Month,Mailed Check,No Offer,Cable,No,Male,24,No,California,Redlands
1304-NECVQ,Churned,Yes,92,5203,78.55,237.47,2,Month-to-Month,Bank Withdrawal,Offer E,Fiber Optic,No,Female,69,Yes,California,Somis
1304-SEGFY,Stayed,No,22,4508,97.85,7025.62,4,Two Year,Bank Withdrawal,Offer A,Fiber Optic,No,Female,57,No,California,National City
1306-RPWXZ,Stayed,No,20,4784,20.45,2577.95,4,Two Year,Credit Card,No Offer,No Internet Service,No,Female,60,No,California,Mc Farland
1307-ATKGB,Stayed,No,41,2007,89.55,2856.99,5,Month-to-Month,Bank Withdrawal,No Offer,Fiber Optic,No,Male,21,No,California,Santa Clara
1307-TVUFB,Stayed,No,79,2399,79.35,3911.52,4,One Year,Bank Withdrawal,No Offer,Fiber Optic,No,Male,66,Yes,California,Santa Ynez
1309-BXVOQ,Churned,Yes,69,3584,106.10,2708.38,1,Month-to-Month,Bank Withdrawal,Offer D,Fiber Optic,Yes,Male,27,No,California,Old Station
1309-XGFSN,Stayed,No,76,6090,80.85,4445.63,3,One Year,Bank Withdrawal,No Offer,DSL,No,Male,72,Yes,California,Pinon Hills
1310-QRITU,Stayed,No,65,5877,50.30,1603.06,3,Month-to-Month,Bank Withdrawal,No Offer,DSL,No,Female,40,No,California,Hinkley
1319-YLZJG,Stayed,No,31,2499,84.60,1427.90,4,Month-to-Month,Bank Withdrawal,Offer D,Fiber Optic,No,Male,62,No,California,Dutch Flat
1320-GVNHT,Stayed,No,20,4419,108.40,9804.61,4,Two Year,Credit Card,No Offer,Fiber Optic,No,Male,56,No,California,Glendale
1320-HTRDR,Churned,Yes,79,5948,75.50,363.13,2,Month-to-Month,Bank Withdrawal,Offer E,Fiber Optic,No,Female,30,No,California,Fellows
1320-REHCS,Stayed,No,46,4993,110.75,7023.82,5,Two Year,Bank Withdrawal,No Offer,Fiber Optic,Yes,Male,75,Yes,California,Inglewood
1322-AGOQM,Churned,Yes,95,2243,30.30,1380.10,2,Month-to-Month,Bank Withdrawal,No Offer,DSL,No,Male,57,No,California,Mather
1323-OOEPC,Churned,Yes,87,6481,98.40,7361.72,2,Month-to-Month,Credit Card,No Offer,Fiber Optic,No,Female,45,No,California,Prather
1324-NLTJE,Churned,Yes,94,3167,55.00,1014.95,1,Month-to-Month,Credit Card,Offer D,DSL,Yes,Female,73,Yes,California,Emeryville
1325-USMEC,Stayed,No,53,4120,99.35,10304.50,3,Two Year,Credit Card,Offer A,Fiber Optic,No,Male,58,No,California,Pearblossom
1328-EUZHC,Stayed,No,30,4329,20.10,830.22,4,Two Year,Credit Card,No Offer,No Internet Service,No,Female,59,No,California,Carson
1329-VHWNP,Stayed,No,63,4404,25.05,189.95,4,Month-to-Month,Bank Withdrawal,No Offer,DSL,No,Female,42,No,California,Grover Beach
1333-PBMXB,Stayed,No,70,6466,24.75,2901.13,3,One Year,Bank Withdrawal,No Offer,No Internet Service,No,Female,40,No,California,Santa Ana
1334-FJSVR,Churned,Yes,85,2846,24.25,24.25,1,Month-to-Month,Bank Withdrawal,Offer E,DSL,No,Male,64,No,California,Sequoia National Park
1334-PDUKM,Stayed,No,39,4480,86.45,6576.63,5,One Year,Credit Card,Offer A,Fiber Optic,No,Female,48,No,California,Palomar Mountain
1335-HQMKX,Stayed,No,25,4497,101.35,10642.35,4,One Year,Bank Withdrawal,Offer A,Fiber Optic,No,Female,49,No,California,Los Angeles
1335-MXCSE,Stayed,No,42,5821,55.25,5683.45,3,Two Year,Credit Card,No Offer,DSL,Yes,Male,24,No,California,Shoshone
1335-NTIUC,Stayed,No,24,5473,24.95,190.25,5,Month-to-Month,Bank Withdrawal,No Offer,DSL,No,Male,61,No,California,Pacoima
1336-EZFZY,Stayed,No,30,4596,20.05,186.50,4,Month-to-Month,Credit Card,No Offer,No Internet Service,No,Female,33,No,California,Kings Beach
1337-BOZWO,Stayed,No,35,4003,46.40,812.40,5,One Year,Credit Card,No Offer,DSL,No,Male,25,No,California,Canby
1338-CECEE,Stayed,No,54,3877,68.50,3358.36,4,One Year,Bank Withdrawal,No Offer,DSL,No,Male,28,No,California,Mount Hermon
1342-JPNKI,Churned,Yes,85,2966,86.05,893.30,3,Month-to-Month,Bank Withdrawal,Offer D,Fiber Optic,No,Male,33,No,California,Lake Forest
1343-EHPYB,Churned,Yes,91,4352,103.40,9686.85,2,Month-to-Month,Bank Withdrawal,No Offer,Fiber Optic,No,Male,61,No,California,San Diego
1345-GKDZZ,Stayed,No,69,2309,19.55,233.78,4,Month-to-Month,Credit Card,No Offer,No Internet Service,No,Male,20,No,California,Riverside
1345-ZUKID,Stayed,No,39,2400,19.35,689.08,3,One Year,Mailed Check,Offer D,No Internet Service,No,Male,24,No,California,Magalia
1346-PJWTK,Stayed,No,70,4806,94.15,6813.38,3,Month-to-Month,Credit Card,No Offer,Fiber Optic,Yes,Male,63,No,California,Corona
1346-UFHAX,Stayed,No,78,5577,80.00,1467.32,3,Month-to-Month,Credit Card,Offer D,Fiber Optic,No,Female,59,No,California,Woodbridge
1347-KTTTA,Stayed,No,58,6398,102.45,9245.46,3,One Year,Credit Card,Offer B,Fiber Optic,Yes,Male,22,No,California,Canyon Country
1349-WXNGG,Churned,Yes,66,4710,20.05,32.05,2,Month-to-Month,Bank Withdrawal,No Offer,No Internet Service,No,Male,57,No,California,Glendale
1352-HNSAW,Stayed,No,65,5633,115.60,10858.08,3,Two Year,Bank Withdrawal,No Offer,Fiber Optic,Yes,Female,26,No,California,Aliso Viejo
1352-VHKAJ,Stayed,No,52,3773,71.60,2462.95,5,Month-to-Month,Bank Withdrawal,No Offer,Cable,Yes,Male,30,No,California,Berkeley
1353-GHZOS,Stayed,No,31,3947,59.75,1507.01,3,One Year,Bank Withdrawal,Offer D,DSL,No,Male,22,No,California,San Diego
1353-LJWEM,Stayed,No,58,2726,60.90,955.62,3,Month-to-Month,Bank Withdrawal,Offer D,DSL,Yes,Male,23,No,California,Cottonwood
1354-YZFNB,Stayed,No,57,5573,19.55,185.16,4,Two Year,Credit Card,Offer E,No Internet Service,No,Male,53,No,California,Mad River
1355-KUSBG,Stayed,No,51,4785,48.80,413.50,4,Month-to-Month,Bank Withdrawal,Offer E,DSL,No,Female,56,No,California,Fall River Mills
1356-MKYSK,Stayed,No,68,2724,78.65,772.84,3,Month-to-Month,Credit Card,Offer E,DSL,Yes,Male,44,No,California,Castro Valley
1357-BIJKI,Stayed,No,62,5154,98.25,6769.65,4,One Year,Bank Withdrawal,Offer B,Fiber Optic,No,Male,46,No,California,Mission Viejo
1357-MVDOZ,Stayed,No,71,2136,59.65,915.79,3,Month-to-Month,Bank Withdrawal,Offer D,DSL,No,Male,25,No,California,Firebaugh
1360-JYXKQ,Stayed,No,54,4118,99.10,6627.80,5,One Year,Bank Withdrawal,No Offer,Fiber Optic,Yes,Female,68,Yes,California,South Gate
1360-RCYRT,Stayed,No,62,4960,30.35,678.75,4,Month-to-Month,Bank Withdrawal,Offer D,DSL,Yes,Male,45,No,California,Forest Knolls
1360-XFJMR,Stayed,No,24,4017,109.70,8531.69,4,One Year,Credit Card,No Offer,Fiber Optic,Yes,Female,50,No,California,Washington
1363-TXLSL,Churned,Yes,91,4962,70.30,109.40,1,Month-to-Month,Bank Withdrawal,Offer E,Fiber Optic,No,Male,80,Yes,California,San Lucas
1370-GGAWX,Stayed,No,70,3924,94.15,5934.73,5,One Year,Bank Withdrawal,No Offer,Fiber Optic,No,Female,55,No,California,Beverly Hills
1371-DWPAZ,Stayed,No,30,4740,56.05,560.50,4,Two Year,Credit Card,No Offer,DSL,Yes,Female,64,No,California,Redcrest
1371-OJCEK,Stayed,No,70,4200,24.35,1789.86,5,One Year,Bank Withdrawal,No Offer,No Internet Service,No,Female,25,No,California,Standish
1371-WEPDS,Stayed,No,78,3587,55.80,3475.70,3,One Year,Bank Withdrawal,No Offer,DSL,No,Male,71,Yes,California,Chowchilla
1373-ORVIZ,Churned,Yes,91,2860,66.35,913.39,1,Month-to-Month,Bank Withdrawal,Offer D,DSL,Yes,Female,62,No,California,Modesto
1374-DMZUI,Churned,Yes,91,5419,94.30,622.45,2,Month-to-Month,Bank Withdrawal,Offer E,Fiber Optic,No,Female,65,Yes,California,San Ramon
1376-HHBDV,Stayed,No,71,4864,48.80,1858.95,3,Month-to-Month,Credit Card,Offer C,DSL,No,Female,37,No,California,Santa Monica
1379-FRVEB,Stayed,No,48,4602,91.00,1883.35,4,Month-to-Month,Bank Withdrawal,Offer D,Fiber Optic,No,Male,31,No,California,San Bernardino
1383-EZRWL,Churned,Yes,89,5595,20.05,502.39,2,Month-to-Month,Mailed Check,Offer E,No Internet Service,No,Female,62,No,California,Long Beach
1384-RCUXW,Stayed,No,24,5183,80.55,1795.78,4,Month-to-Month,Credit Card,No Offer,Fiber Optic,No,Male,58,No,California,French Gulch
1385-TQOZW,Stayed,No,41,2392,20.45,561.46,4,Month-to-Month,Credit Card,Offer E,No Internet Service,No,Female,32,No,California,Branscomb
1386-ZIKUV,Stayed,No,26,4097,18.95,362.81,5,Month-to-Month,Credit Card,Offer E,No Internet Service,No,Male,42,No,California,Glenhaven
1389-CXMLU,Churned,Yes,91,2194,91.05,368.06,2,Month-to-Month,Bank Withdrawal,Offer E,Fiber Optic,No,Male,65,Yes,California,Downey
1389-WNUIB,Stayed,No,69,4085,76.00,1957.25,4,One Year,Bank Withdrawal,No Offer,Cable,No,Female,21,No,California,San Diego
1391-UBDAR,Stayed,No,71,3042,72.90,1020.08,3,Month-to-Month,Bank Withdrawal,Offer D,Fiber Optic,No,Male,27,No,California,Riverside
1393-IMKZG,Joined,No,23,3270,95.85,98.55,4,Month-to-Month,Bank Withdrawal,No Offer,Fiber Optic,Yes,Female,50,No,California,Fullerton
1394-SUIUH,Stayed,No,45,2672,85.15,5625.86,4,Two Year,Bank Withdrawal,No Offer,Fiber Optic,Yes,Female,70,Yes,California,Mount Shasta
1395-OFUWC,Stayed,No,70,4741,29.30,1224.05,3,Month-to-Month,Credit Card,Offer B,Cable,No,Male,44,No,California,Los Angeles
1395-WSWXR,Stayed,No,43,4117,20.75,1627.29,3,Two Year,Credit Card,No Offer,No Internet Service,No,Male,40,No,California,Weldon
1396-QWFBJ,Churned,Yes,91,5630,74.05,1672.17,3,Month-to-Month,Bank Withdrawal,No Offer,Fiber Optic,No,Female,32,No,California,Rancho Santa Margarita
1397-XKKWR,Stayed,No,39,3463,35.30,264.80,4,One Year,Credit Card,No Offer,DSL,No,Male,47,No,California,San Jose
1399-OUPJN,Stayed,No,80,4235,19.75,1970.87,5,Two Year,Bank Withdrawal,No Offer,No Internet Service,No,Female,43,No,California,Bellflower
1399-UBQIU,Stayed,No,47,2288,69.35,889.79,3,Month-to-Month,Bank Withdrawal,No Offer,DSL,No,Male,35,No,California,Orange
1400-MMYXY,Churned,Yes,71,2715,105.90,458.55,2,Month-to-Month,Bank Withdrawal,No Offer,Fiber Optic,No,Male,71,Yes,California,Alhambra
1400-WIVLL,Stayed,No,24,4687,107.95,6926.31,3,Two Year,Bank Withdrawal,No Offer,Fiber Optic,Yes,Male,31,No,California,Oakdale
1401-FTHFQ,Stayed,No,62,2170,20.00,1002.36,5,One Year,Credit Card,Offer D,No Internet Service,No,Male,64,No,California,Culver City
1402-PTHGN,Stayed,No,67,3479,61.50,1813.93,4,One Year,Credit Card,Offer D,DSL,Yes,Female,22,No,California,Elk Grove
1403-GYAFU,Stayed,No,64,4485,20.05,4760.15,3,Two Year,Credit Card,Offer A,No Internet Service,No,Male,47,No,California,Irvine
1403-LKLIK,Stayed,No,62,3342,20.10,1516.60,3,One Year,Credit Card,No Offer,No Internet Service,No,Female,23,No,California,Olympic Valley
1406-PUQVY,Joined,No,39,3239,49.90,56.25,5,Month-to-Month,Bank Withdrawal,Offer E,DSL,No,Male,29,No,California,Madison
1407-DIGZV,Joined,No,30,3863,19.10,187.99,5,Two Year,Mailed Check,No Offer,No Internet Service,No,Female,32,No,California,Redding
1409-PHXTF,Stayed,No,77,4425,110.45,7835.99,4,Two Year,Bank Withdrawal,Offer B,Fiber Optic,Yes,Male,77,Yes,California,Lemon Grove
1410-RSCMR,Stayed,No,30,3459,71.35,865.61,3,Month-to-Month,Credit Card,No Offer,Cable,Yes,Male,47,No,California,Edwards
1414-YADCW,Stayed,No,39,5679,84.60,5781.10,3,Two Year,Bank Withdrawal,Offer A,Fiber Optic,Yes,Male,45,No,California,Deer Park
1415-YFWLT,Churned,Yes,85,3067,89.30,119.53,1,Month-to-Month,Bank Withdrawal,Offer E,Fiber Optic,No,Female,68,Yes,California,Shaver Lake
1421-HCERK,Stayed,No,54,2455,105.70,4186.20,5,Month-to-Month,Bank Withdrawal,No Offer,Fiber Optic,Yes,Male,75,Yes,California,Lakeshore
1422-DGUBX,Stayed,No,43,2735,79.25,3981.71,5,One Year,Bank Withdrawal,No Offer,Fiber Optic,Yes,Male,64,No,California,Sacramento
1423-BMPBQ,Joined,No,44,2400,19.00,47.28,4,Month-to-Month,Credit Card,Offer E,No Internet Service,No,Female,62,No,California,Anaheim
1427-VERSM,Stayed,No,44,5141,98.70,6061.50,4,Month-to-Month,Bank Withdrawal,Offer B,Fiber Optic,Yes,Female,62,No,California,Shasta
1428-GTBJJ,Churned,Yes,81,4601,74.55,884.15,2,Month-to-Month,Bank Withdrawal,No Offer,Fiber Optic,No,Male,20,No,California,Jenner
1428-IEDPR,Stayed,No,33,5624,109.30,6869.15,4,Two Year,Bank Withdrawal,No Offer,Fiber Optic,Yes,Male,54,No,California,Sacramento
1429-UYJSV,Stayed,No,62,3423,19.70,700.70,4,One Year,Credit Card,Offer D,No Internet Service,No,Female,57,No,California,San Jose
1430-SFQSA,Stayed,No,74,3898,35.60,1072.60,4,One Year,Mailed Check,Offer C,DSL,Yes,Male,46,No,California,Stockton
1431-AIDJQ,Stayed,No,32,2281,82.10,2656.56,4,Two Year,Credit Card,Offer C,Cable,Yes,Male,44,No,California,Walnut Creek
1431-CYWMH,Stayed,No,30,4312,19.05,1475.95,3,Month-to-Month,Bank Withdrawal,Offer D,No Internet Service,No,Female,35,No,California,Fish Camp
1432-FPAXX,Churned,Yes,77,3615,30.60,856.35,2,Month-to-Month,Bank Withdrawal,No Offer,DSL,No,Female,53,No,California,Beale Afb
1436-ZMJAN,Stayed,No,79,2709,67.80,1023.95,5,Month-to-Month,Credit Card,Offer D,Cable,No,Female,62,No,California,Gerber
1439-LCGVL,Stayed,No,39,3656,19.20,505.10,3,One Year,Credit Card,Offer C,No Internet Service,No,Female,42,No,California,Los Angeles
1442-BQPVU,Stayed,No,71,2876,29.15,357.15,4,Month-to-Month,Bank Withdrawal,No Offer,DSL,No,Female,33,No,California,Culver City
1442-OKRJE,Stayed,No,80,4663,103.15,9635.00,4,One Year,Bank Withdrawal,No Offer,Fiber Optic,No,Male,40,No,California,Los Angeles
1444-VVSGW,Churned,Yes,91,5563,115.65,9180.75,2,One Year,Credit Card,Offer A,Fiber Optic,Yes,Male,51,No,California,Los Molinos
1447-GIQMR,Churned,Yes,87,4179,69.15,71.35,2,Month-to-Month,Bank Withdrawal,No Offer,Fiber Optic,No,Male,54,No,California,Los Angeles
1447-PJGGA,Churned,Yes,93,5789,95.25,6465.00,1,Two Year,Bank Withdrawal,No Offer,Fiber Optic,No,Female,39,No,California,San Diego
1448-CYWKC,Stayed,No,59,4605,105.20,8685.15,4,One Year,Credit Card,No Offer,Fiber Optic,No,Female,61,No,California,Coronado
1448-PWKYE,Churned,Yes,88,2046,80.00,115.71,1,Month-to-Month,Bank Withdrawal,Offer E,Cable,No,Male,48,No,California,Shafter
1449-XQEMT,Churned,Yes,79,4323,19.80,103.51,1,Month-to-Month,Mailed Check,Offer E,No Internet Service,No,Male,33,No,California,Susanville
1450-GALXR,Churned,Yes,74,5184,98.50,1313.55,1,Month-to-Month,Bank Withdrawal,No Offer,Fiber Optic,Yes,Female,33,No,California,Friant
1450-SKCVI,Churned,Yes,72,5276,73.85,6085.89,3,Month-to-Month,Bank Withdrawal,No Offer,Fiber Optic,No,Female,22,No,California,Del Mar
1452-KIOVK,Stayed,No,43,4459,89.10,2599.28,4,Month-to-Month,Credit Card,Offer D,Fiber Optic,No,Male,42,No,California,Los Angeles
1452-UZOSF,Stayed,No,21,4890,106.10,8040.73,3,Two Year,Credit Card,Offer A,Fiber Optic,Yes,Male,31,No,California,Guerneville
1452-VOQCH,Joined,No,28,4120,75.10,79.63,3,Month-to-Month,Bank Withdrawal,No Offer,Fiber Optic,No,Male,61,No,California,Hinkley
1452-XRSJV,Stayed,No,63,3154,51.05,2653.34,3,Month-to-Month,Credit Card,No Offer,DSL,No,Female,59,No,California,Oakland
1453-RZFON,Joined,No,54,5969,49.90,58.90,3,Month-to-Month,Credit Card,Offer E,Cable,No,Female,39,No,California,Cantua Creek
1455-ESIQH,Churned,Yes,79,2905,89.10,105.16,2,Month-to-Month,Bank Withdrawal,No Offer,Fiber Optic,No,Male,44,No,California,Oakland
1455-HFBXA,Stayed,No,62,6069,91.60,5624.84,3,Two Year,Credit Card,Offer B,Fiber Optic,Yes,Male,61,No,California,Bethel Island
1455-UGQVH,Churned,Yes,91,4501,98.50,1048.65,2,Month-to-Month,Bank Withdrawal,Offer D,Fiber Optic,No,Male,35,No,California,Acampo
1456-TWCGB,Stayed,No,37,3272,49.25,360.49,3,Month-to-Month,Mailed Check,No Offer,Cable,No,Male,34,No,California,Bakersfield
1459-QNFQT,Stayed,No,27,4031,59.50,4121.08,4,Two Year,Bank Withdrawal,Offer A,DSL,Yes,Male,21,No,California,San Jose
1460-UZPRJ,Stayed,No,72,5971,19.95,3066.55,4,Two Year,Credit Card,No Offer,No Internet Service,No,Male,39,No,California,Heber
1465-LNTLJ,Stayed,No,78,4537,64.40,786.26,5,Two Year,Credit Card,Offer E,Cable,Yes,Male,78,Yes,California,Santa Barbara
1465-VINDH,Churned,Yes,78,3596,102.10,1389.55,3,Month-to-Month,Credit Card,No Offer,Fiber Optic,No,Female,31,No,California,Los Angeles
1465-WCZVT,Joined,No,31,4943,19.65,151.67,4,Month-to-Month,Credit Card,No Offer,No Internet Service,No,Female,44,No,California,Badger
1468-DEFNC,Stayed,No,68,4772,24.40,3922.41,3,Two Year,Bank Withdrawal,No Offer,No Internet Service,No,Male,69,Yes,California,San Jose
1469-LBJQJ,Stayed,No,20,4016,105.20,9724.03,4,Month-to-Month,Bank Withdrawal,Offer A,Fiber Optic,No,Female,39,No,California,Victorville
1470-PSXNM,Stayed,No,65,5542,93.65,6254.94,3,One Year,Bank Withdrawal,No Offer,Fiber Optic,No,Male,27,No,California,San Diego
1471-GIQKQ,Joined,No,32,5230,49.95,94.93,3,Month-to-Month,Bank Withdrawal,No Offer,DSL,No,Female,37,No,California,Niland
1472-TNCWL,Stayed,No,76,4671,94.70,4279.30,3,Month-to-Month,Bank Withdrawal,No Offer,Fiber Optic,No,Male,55,No,California,El Sobrante
1474-JUWSM,Stayed,No,62,5269,68.40,5537.67,3,One Year,Bank Withdrawal,No Offer,Cable,Yes,Female,24,No,California,Lynwood
1475-VWVDO,Stayed,No,52,5335,74.90,732.68,3,Month-to-Month,Bank Withdrawal,Offer E,Fiber Optic,No,Male,55,No,California,Dos Palos
1478-VPOAD,Joined,No,31,4633,43.80,81.30,5,Month-to-Month,Bank Withdrawal,Offer E,DSL,No,Female,39,No,California,Calpine
1480-BKXGA,Stayed,No,64,4404,116.05,10063.54,3,Two Year,Bank Withdrawal,Offer A,Fiber Optic,Yes,Male,75,Yes,California,Mentone
1480-IVEVR,Stayed,No,60,2300,81.60,2960.85,3,One Year,Bank Withdrawal,No Offer,Fiber Optic,No,Male,76,Yes,California,Montara
1481-ZUWZA,Churned,Yes,80,5433,94.50,3653.96,1,Month-to-Month,Credit Card,No Offer,Fiber Optic,No,Male,52,No,California,Klamath
1482-OXZSY,Stayed,No,37,3778,100.40,3454.05,3,Month-to-Month,Bank Withdrawal,Offer C,Fiber Optic,No,Male,45,No,California,Freedom
1485-YDHMM,Stayed,No,56,4740,93.25,5219.30,3,Month-to-Month,Bank Withdrawal,No Offer,Fiber Optic,Yes,Male,49,No,California,San Ardo
1488-PBLJN,Stayed,No,33,4055,116.85,10769.46,3,Two Year,Bank Withdrawal,Offer A,Fiber Optic,Yes,Female,63,No,California,San Diego
1488-SYSFC,Stayed,No,79,2990,20.65,954.65,4,Month-to-Month,Bank Withdrawal,No Offer,No Internet Service,No,Male,31,No,California,Arcadia
1492-KGETH,Stayed,No,42,4422,78.35,7958.95,4,One Year,Bank Withdrawal,Offer A,Cable,Yes,Male,25,No,California,Ojai
1492-QGCLU,Stayed,No,36,5957,85.70,6038.62,5,Month-to-Month,Bank Withdrawal,No Offer,Cable,Yes,Male,51,No,California,San Diego
1493-AMTIE,Churned,Yes,87,5394,20.20,31.18,1,Month-to-Month,Bank Withdrawal,Offer E,No Internet Service,No,Male,28,No,California,Ivanhoe
1494-EJZDW,Stayed,No,74,2836,20.15,407.00,5,Two Year,Credit Card,No Offer,No Internet Service,No,Female,51,No,California,Nice
1496-GGSUK,Churned,Yes,83,4095,25.70,25.70,1,Month-to-Month,Mailed Check,No Offer,Cable,No,Female,68,Yes,California,Fulton
1498-DQNRX,Stayed,No,59,2712,19.85,738.06,4,Month-to-Month,Mailed Check,No Offer,No Internet Service,No,Female,46,No,California,Westwood
1498-NHTLT,Stayed,No,21,5020,86.75,7835.83,3,Two Year,Bank Withdrawal,Offer B,Cable,Yes,Male,21,No,California,Citrus Heights
1501-SGHBW,Churned,Yes,81,3843,45.85,120.04,1,Month-to-Month,Credit Card,No Offer,Cable,No,Male,34,No,California,Guatay
1502-XFCVR,Churned,Yes,82,5902,106.45,7015.27,1,One Year,Bank Withdrawal,Offer B,Fiber Optic,No,Female,57,No,California,Los Angeles
1506-YJTYT,Stayed,No,76,5264,73.85,4527.05,3,Two Year,Credit Card,Offer B,DSL,Yes,Male,21,No,California,Oakley
1508-DFXCU,Stayed,No,70,2916,81.45,1044.48,3,Month-to-Month,Bank Withdrawal,No Offer,Fiber Optic,No,Male,32,No,California,Riverside
1513-XNPPH,Churned,Yes,79,5047,89.40,1305.17,1,Month-to-Month,Bank Withdrawal,Offer D,Fiber Optic,Yes,Female,36,No,California,Los Angeles
1518-OMDIK,Stayed,No,28,2422,44.55,3062.77,4,Month-to-Month,Credit Card,Offer C,DSL,No,Male,23,No,California,Rohnert Park
1518-VOWAV,Churned,Yes,90,5900,74.65,1031.42,1,Month-to-Month,Bank Withdrawal,Offer E,DSL,No,Female,31,No,California,Fallbrook
1522-VVDMG,Churned,Yes,90,3807,89.75,717.39,2,Month-to-Month,Bank Withdrawal,No Offer,Fiber Optic,Yes,Male,25,No,California,Oakland
1525-LNLOJ,Stayed,No,60,4186,63.30,6263.72,5,Two Year,Bank Withdrawal,No Offer,DSL,No,Male,34,No,California,Bakersfield
1527-SXDPN,Churned,Yes,90,4751,96.25,7532.93,3,Two Year,Bank Withdrawal,No Offer,Fiber Optic,Yes,Male,63,No,California,San Diego
1530-ZTDOZ,Stayed,No,29,5565,40.65,2070.75,4,Month-to-Month,Bank Withdrawal,No Offer,Cable,No,Female,57,No,California,Studio City
1534-OULXE,Stayed,No,46,4577,49.70,5575.25,3,One Year,Bank Withdrawal,Offer B,DSL,No,Female,34,No,California,Atherton
1535-VTJOQ,Stayed,No,56,3904,25.15,1192.36,5,Two Year,Credit Card,No Offer,No Internet Service,No,Female,19,No,California,Thornton
1536-HBSWP,Joined,No,56,4667,49.90,64.83,3,Month-to-Month,Bank Withdrawal,No Offer,DSL,Yes,Female,33,No,California,Terra Bella
1536-YHDOE,Stayed,No,33,3937,62.10,1645.24,3,One Year,Credit Card,No Offer,Cable,Yes,Male,58,No,California,Round Mountain
1539-LNKHM,Stayed,No,60,4497,20.40,545.00,4,Month-to-Month,Credit Card,Offer D,No Internet Service,No,Female,53,No,California,Orange Cove
1541-ETJZO,Churned,Yes,86,2937,62.05,119.88,2,Month-to-Month,Mailed Check,Offer E,DSL,Yes,Male,58,No,California,Wheatland
1543-LLLFT,Stayed,No,74,5413,98.30,6200.14,3,One Year,Credit Card,No Offer,Fiber Optic,Yes,Male,77,Yes,California,Waterford
1544-JJMYL,Stayed,No,60,2450,69.35,2909.83,3,One Year,Credit Card,No Offer,DSL,Yes,Male,19,No,California,San Jose
1545-ACTAS,Stayed,No,29,5921,99.70,6713.84,3,One Year,Bank Withdrawal,Offer B,Fiber Optic,No,Female,53,No,California,West Covina
1545-JFUML,Stayed,No,31,5295,99.00,10162.86,3,Two Year,Bank Withdrawal,No Offer,Fiber Optic,No,Male,50,No,California,San Diego
1548-ARAGG,Stayed,No,23,5605,58.50,365.65,3,Month-to-Month,Credit Card,No Offer,DSL,Yes,Female,28,No,California,Cedar Glen
1548-FEHVL,Stayed,No,74,6298,106.20,8062.46,4,Month-to-Month,Bank Withdrawal,No Offer,Fiber Optic,No,Male,40,No,California,Weed
1550-EENBN,Stayed,No,78,5320,104.35,4622.61,4,Month-to-Month,Bank Withdrawal,No Offer,Fiber Optic,No,Female,23,No,California,Concord
1550-LOAHA,Churned,Yes,74,4017,84.15,3785.31,2,Month-to-Month,Bank Withdrawal,No Offer,Fiber Optic,No,Female,53,No,California,Orangevale
1552-AAGRX,Stayed,No,35,5503,106.40,4546.60,4,Month-to-Month,Bank Withdrawal,No Offer,Fiber Optic,Yes,Female,22,No,California,Visalia
1552-CZCLL,Stayed,No,53,4277,20.00,2808.75,4,Month-to-Month,Credit Card,Offer B,No Internet Service,No,Female,31,No,California,Descanso
1552-TKMXS,Stayed,No,69,2127,20.35,1119.80,3,Month-to-Month,Credit Card,Offer B,No Internet Service,No,Female,37,No,California,Fresno
1555-DJEQW,Churned,Yes,73,5947,114.20,8849.96,1,Two Year,Bank Withdrawal,Offer A,Fiber Optic,Yes,Female,21,No,California,Cupertino
1555-HAPSU,Stayed,No,59,5471,23.90,3751.61,5,Two Year,Credit Card,Offer A,No Internet Service,No,Female,25,No,California,Fresno
1557-EMYVT,Stayed,No,57,4115,115.05,5952.89,4,Two Year,Credit Card,Offer B,Fiber Optic,Yes,Female,25,No,California,Tecate
1559-DTODC,Stayed,No,54,3784,25.15,468.35,4,Month-to-Month,Bank Withdrawal,Offer D,DSL,No,Male,37,No,California,Santa Barbara
1561-BWHIN,Stayed,No,27,4464,19.80,593.97,5,One Year,Credit Card,Offer D,No Internet Service,No,Male,33,No,California,Maywood
1563-IWQEX,Stayed,No,71,5715,19.70,444.87,3,Month-to-Month,Credit Card,No Offer,No Internet Service,No,Female,43,No,California,Chula Vista
1564-HJUVY,Stayed,No,59,2624,63.75,238.32,5,Month-to-Month,Bank Withdrawal,No Offer,DSL,Yes,Male,53,No,California,Modesto
1564-NTYXF,Churned,Yes,91,3363,82.00,1185.05,2,Month-to-Month,Bank Withdrawal,No Offer,Fiber Optic,No,Female,79,Yes,California,San Marcos
1565-RHDJD,Churned,Yes,95,5552,84.05,500.43,3,Month-to-Month,Bank Withdrawal,No Offer,Fiber Optic,No,Female,21,No,California,Palo Cedro
1567-DSCIC,Churned,Yes,71,2632,94.00,964.77,1,Month-to-Month,Bank Withdrawal,No Offer,Fiber Optic,No,Male,59,No,California,San Mateo
1568-BEKZM,Stayed,No,47,4666,90.05,7178.30,3,Two Year,Credit Card,No Offer,DSL,Yes,Male,65,Yes,California,Baldwin Park
1568-LJSZU,Stayed,No,43,4451,92.20,9002.69,3,Two Year,Credit Card,Offer A,DSL,Yes,Male,39,No,California,Harbor City
1569-TTNYJ,Churned,Yes,72,3401,78.75,427.90,2,Month-to-Month,Bank Withdrawal,No Offer,Fiber Optic,No,Male,55,No,California,Richmond
1571-SAVHK,Churned,Yes,80,5598,99.95,1590.67,1,Month-to-Month,Credit Card,No Offer,Fiber Optic,Yes,Male,20,No,California,Meadow Vista
1573-LGXBA,Stayed,No,51,5833,97.55,5836.26,4,One Year,Credit Card,No Offer,Fiber Optic,No,Male,26,No,California,Soledad
1574-DYCWE,Stayed,No,69,4057,19.95,1770.29,4,Two Year,Credit Card,Offer B,No Internet Service,No,Female,60,No,California,Escondido
1575-KRZZE,Stayed,No,74,4042,55.20,250.61,3,Month-to-Month,Bank Withdrawal,Offer E,Cable,No,Female,64,No,California,Murphys
1576-PFZIW,Stayed,No,34,5866,105.35,8525.50,4,Two Year,Credit Card,Offer A,Fiber Optic,No,Male,70,Yes,California,Bakersfield
1577-HKTFG,Churned,Yes,79,2486,19.65,1116.65,1,Month-to-Month,Bank Withdrawal,No Offer,No Internet Service,No,Female,42,No,California,Elk Grove
1579-KLYDT,Churned,Yes,91,5356,90.45,844.82,2,Month-to-Month,Bank Withdrawal,Offer E,Fiber Optic,No,Male,31,No,California,Hickman
1580-BMCMR,Stayed,No,70,4447,87.30,2203.50,3,Month-to-Month,Bank Withdrawal,No Offer,Fiber Optic,No,Male,66,Yes,California,Tehachapi
1582-RAFML,Churned,Yes,88,5654,60.10,83.73,1,Month-to-Month,Mailed Check,Offer E,Cable,Yes,Male,26,No,California,Sacramento
1583-IHQZE,Churned,Yes,90,3965,112.95,1582.15,2,Month-to-Month,Mailed Check,No Offer,Cable,Yes,Male,60,No,California,Camarillo
1585-MQSSU,Churned,Yes,94,5659,51.50,1657.36,1,Month-to-Month,Mailed Check,Offer D,Cable,Yes,Male,36,No,California,Santa Rosa
1587-FKLZB,Churned,Yes,96,4479,99.50,8726.91,1,Month-to-Month,Credit Card,Offer A,Fiber Optic,No,Male,79,Yes,California,Santa Barbara
1589-AGTLK,Churned,Yes,90,2450,45.35,250.94,3,Month-to-Month,Bank Withdrawal,No Offer,DSL,No,Male,26,No,California,San Diego
1591-MQJTP,Stayed,No,68,4163,93.65,4951.86,4,One Year,Bank Withdrawal,Offer B,Fiber Optic,No,Male,76,Yes,California,Long Beach
1591-NFNLQ,Churned,Yes,91,4769,80.00,4528.97,3,Month-to-Month,Credit Card,No Offer,Fiber Optic,No,Male,38,No,California,Fallbrook
1591-XWLGB,Stayed,No,56,4121,19.85,2686.71,4,Two Year,Credit Card,No Offer,No Internet Service,No,Female,44,No,California,El Cajon
1596-BBVTG,Churned,Yes,79,2785,75.35,3512.45,3,Month-to-Month,Credit Card,Offer C,Fiber Optic,No,Male,53,No,California,San Dimas
1596-OQSPS,Stayed,No,60,4467,51.10,563.60,4,Month-to-Month,Bank Withdrawal,No Offer,DSL,No,Female,64,No,California,Pasadena
1597-FZREH,Churned,Yes,91,3005,76.40,244.08,2,Month-to-Month,Bank Withdrawal,Offer E,DSL,Yes,Female,39,No,California,Shoshone
1597-LHYNC,Churned,Yes,90,4232,95.00,3795.58,1,Month-to-Month,Bank Withdrawal,No Offer,Fiber Optic,No,Female,74,Yes,California,Auburn
1599-EAHXY,Stayed,No,71,5449,23.95,3213.40,5,One Year,Credit Card,No Offer,No Internet Service,No,Male,37,No,California,Gold Run
1599-MMYRQ,Stayed,No,66,5179,81.45,7428.44,3,One Year,Credit Card,No Offer,Fiber Optic,No,Male,27,No,California,Forestville
1600-DILPE,Stayed,No,35,4998,45.00,957.67,3,Month-to-Month,Bank Withdrawal,No Offer,DSL,No,Female,47,No,California,Richvale
1602-IJQQE,Churned,Yes,92,2220,75.35,454.54,1,Month-to-Month,Bank Withdrawal,Offer E,Fiber Optic,No,Female,42,No,California,Whittier
1608-GMEWB,Stayed,No,58,3960,93.90,4904.50,4,Two Year,Bank Withdrawal,Offer B,Fiber Optic,No,Male,76,Yes,California,Stockton
1612-EOHDH,Churned,Yes,89,5828,45.15,76.07,3,Month-to-Month,Bank Withdrawal,Offer E,DSL,No,Female,29,No,California,Pacoima
1614-JBEBI,Stayed,No,49,3330,20.70,349.36,5,Month-to-Month,Mailed Check,Offer E,No Internet Service,No,Female,59,No,California,Georgetown
1618-CFHME,Churned,Yes,86,2101,75.90,197.09,1,Month-to-Month,Bank Withdrawal,No Offer,Fiber Optic,No,Female,30,No,California,Riverbank
1619-YWUBB,Stayed,No,72,6146,24.95,3426.42,5,Two Year,Credit Card,Offer A,No Internet Service,No,Female,38,No,California,Avery
1621-YNCJH,Stayed,No,25,4505,106.05,4577.04,3,Two Year,Credit Card,No Offer,Fiber Optic,Yes,Female,54,No,California,Sacramento
1622-HSHSF,Joined,No,58,5607,19.55,29.75,5,Month-to-Month,Credit Card,No Offer,No Internet Service,No,Female,44,No,California,Biggs
1623-NLDOT,Churned,Yes,82,2044,33.55,1495.30,2,One Year,Mailed Check,Offer B,Cable,Yes,Female,55,No,California,Lancaster
1624-NALOJ,Churned,Yes,88,2960,89.80,684.40,1,Month-to-Month,Bank Withdrawal,No Offer,Fiber Optic,No,Male,75,Yes,California,North Hollywood
1624-WOIWJ,Churned,Yes,69,5686,84.70,1276.14,1,Month-to-Month,Mailed Check,No Offer,Fiber Optic,No,Female,40,No,California,Nicasio
1625-JAIIY,Churned,Yes,86,4714,83.00,8694.12,1,One Year,Bank Withdrawal,No Offer,Fiber Optic,No,Female,42,No,California,Torrance
1626-ERCMM,Churned,Yes,84,5604,94.55,2005.85,1,Month-to-Month,Bank Withdrawal,No Offer,Fiber Optic,No,Male,75,Yes,California,Camp Nelson
1627-AFWVJ,Stayed,No,35,2265,19.40,990.99,3,Two Year,Credit Card,No Offer,No Internet Service,No,Female,30,No,California,Tahoe Vista
1628-BIZYP,Joined,No,46,5754,85.00,100.20,4,Month-to-Month,Bank Withdrawal,No Offer,Fiber Optic,No,Male,60,No,California,Brentwood
1629-DQQVB,Stayed,No,25,2331,50.10,1216.58,3,Month-to-Month,Bank Withdrawal,No Offer,Cable,No,Female,19,No,California,Keeler
1635-FJFCC,Stayed,No,74,5846,44.05,257.10,5,Month-to-Month,Credit Card,No Offer,DSL,No,Female,46,No,California,Acton
1635-HDGFT,Stayed,No,69,4855,20.50,1048.03,4,Two Year,Credit Card,Offer D,No Internet Service,No,Female,29,No,California,Manton
1635-NZATJ,Stayed,No,26,5341,25.45,4434.40,5,Two Year,Credit Card,Offer A,No Internet Service,No,Male,80,Yes,California,Alameda
1636-NTNCO,Stayed,No,33,2104,50.95,207.35,3,Two Year,Credit Card,No Offer,DSL,No,Male,72,Yes,California,Valley Village
1640-PLFMP,Joined,No,58,4063,70.25,90.30,4,Month-to-Month,Bank Withdrawal,No Offer,Fiber Optic,No,Female,20,No,California,Los Angeles
1641-BYBTK,Stayed,No,75,3478,20.20,199.81,4,Month-to-Month,Credit Card,No Offer,No Internet Service,No,Male,38,No,California,Stockton
1641-RQDAY,Stayed,No,59,4848,100.40,4792.37,3,One Year,Bank Withdrawal,Offer C,Fiber Optic,No,Female,77,Yes,California,Wallace
1642-HMARX,Stayed,No,77,4113,91.70,7488.90,3,Two Year,Bank Withdrawal,Offer A,DSL,Yes,Female,45,No,California,Topanga
1644-IRKSF,Churned,Yes,76,5080,93.80,3785.16,3,One Year,Bank Withdrawal,No Offer,Fiber Optic,No,Female,48,No,California,La Palma
1656-DRSMG,Stayed,No,66,5775,109.85,8200.58,5,Month-to-Month,Credit Card,Offer B,Fiber Optic,Yes,Female,40,No,California,Chico
1657-DYMBM,Stayed,No,61,4157,19.90,2936.43,3,Two Year,Credit Card,Offer B,No Internet Service,No,Male,35,No,California,Temecula
1658-BYGOY,Churned,Yes,81,3179,95.45,1910.88,2,Month-to-Month,Bank Withdrawal,Offer D,Fiber Optic,No,Male,71,Yes,California,Los Angeles
1658-TJVOA,Stayed,No,79,4716,74.10,526.92,3,Two Year,Bank Withdrawal,No Offer,Fiber Optic,No,Female,65,Yes,California,Cazadero
1658-XUHBX,Stayed,No,21,6492,88.75,6301.50,3,Month-to-Month,Credit Card,No Offer,Fiber Optic,No,Female,75,Yes,California,Modesto
1660-HSOOQ,Churned,Yes,90,5338,49.65,93.83,3,Month-to-Month,Credit Card,No Offer,DSL,No,Male,60,No,California,Santa Barbara
1661-CZBAU,Stayed,No,56,2667,70.95,5777.68,3,One Year,Bank Withdrawal,Offer B,DSL,Yes,Male,50,No,California,Carlotta
1663-MHLHE,Joined,No,44,4629,19.20,55.08,3,Month-to-Month,Credit Card,No Offer,No Internet Service,No,Male,33,No,California,Duarte
1666-JXLKU,Stayed,No,52,2904,100.05,4456.57,5,Month-to-Month,Bank Withdrawal,Offer C,Fiber Optic,No,Female,64,No,California,Shingle Springs
1666-JZPZT,Stayed,No,51,5428,49.00,1363.98,3,Month-to-Month,Mailed Check,No Offer,Cable,No,Male,61,No,California,Twin Bridges
1670-SVOWZ,Churned,Yes,91,2504,89.65,1435.03,1,Month-to-Month,Credit Card,Offer D,Fiber Optic,Yes,Female,57,No,California,Mira Loma
1676-MQAOA,Stayed,No,55,6284,75.10,6418.51,3,Two Year,Bank Withdrawal,Offer A,Cable,Yes,Male,32,No,California,North Hollywood
1678-FYZOW,Churned,Yes,90,2448,79.40,384.45,1,Month-to-Month,Bank Withdrawal,Offer E,Fiber Optic,No,Female,28,No,California,Sacramento
1679-JRFBR,Stayed,No,41,5192,108.15,8334.45,4,One Year,Credit Card,Offer A,Fiber Optic,No,Female,27,No,California,Long Beach
1680-VDCWW,Stayed,No,77,5279,19.80,334.73,4,One Year,Bank Withdrawal,Offer D,No Internet Service,No,Male,45,No,California,Los Angeles
1682-VCOIO,Stayed,No,43,3434,20.45,1543.01,5,One Year,Credit Card,Offer D,No Internet Service,No,Male,56,No,California,Sacramento
1684-FLBGS,Stayed,No,66,2159,69.50,2267.48,4,Month-to-Month,Credit Card,No Offer,Cable,Yes,Female,60,No,California,San Diego
1685-BQULA,Stayed,No,53,3819,93.40,3865.42,3,Month-to-Month,Bank Withdrawal,Offer B,Fiber Optic,No,Female,54,No,California,La Quinta
1685-VAYJF,Stayed,No,39,5253,45.20,1088.49,5,Month-to-Month,Credit Card,Offer D,DSL,No,Male,44,No,California,Salinas
1686-STUHN,Stayed,No,39,3575,19.80,2476.98,3,One Year,Bank Withdrawal,No Offer,No Internet Service,No,Male,55,No,California,Creston
1689-MRZQR,Churned,Yes,77,2777,78.30,3021.60,3,Month-to-Month,Bank Withdrawal,No Offer,Fiber Optic,No,Male,36,No,California,Turlock
1689-YQBYY,Stayed,No,61,3280,76.60,1206.56,3,Month-to-Month,Bank Withdrawal,Offer D,Fiber Optic,No,Female,43,No,California,Los Gatos
1696-HXOWK,Stayed,No,65,5856,95.65,7227.57,3,One Year,Credit Card,Offer A,Fiber Optic,No,Female,53,No,California,Riverside
1696-MZVAU,Stayed,No,21,4259,25.25,947.75,3,One Year,Credit Card,No Offer,DSL,No,Male,27,No,California,Los Angeles
1697-BCSHV,Stayed,No,70,6433,66.80,6528.20,5,Month-to-Month,Bank Withdrawal,Offer B,DSL,No,Female,44,No,California,Guinda
1697-LYYYX,Stayed,No,57,4376,19.10,3712.51,4,One Year,Credit Card,No Offer,No Internet Service,No,Female,21,No,California,Cotati
1697-NVVGY,Stayed,No,22,4533,66.40,1864.41,4,Month-to-Month,Bank Withdrawal,No Offer,DSL,No,Male,71,Yes,California,Fresno
1698-XFZCI,Stayed,No,29,5364,107.75,9108.30,3,One Year,Bank Withdrawal,Offer B,Fiber Optic,No,Male,30,No,California,Artesia
1699-HPSBG,Churned,Yes,69,4581,59.80,843.00,3,One Year,Bank Withdrawal,Offer D,Cable,Yes,Male,44,No,California,Palm Springs
1699-TLDLZ,Stayed,No,43,5293,19.70,415.79,3,Two Year,Credit Card,Offer D,No Internet Service,No,Female,44,No,California,Los Angeles
1699-UOTXU,Stayed,No,40,6209,61.40,5493.45,3,Two Year,Bank Withdrawal,Offer B,DSL,No,Male,24,No,California,Big Oak Flat
1702-CCFNJ,Stayed,No,49,4729,61.35,5491.35,3,Month-to-Month,Bank Withdrawal,No Offer,Cable,Yes,Male,39,No,California,Los Angeles
1703-MGIAB,Stayed,No,22,4439,69.00,1167.66,5,Month-to-Month,Credit Card,No Offer,DSL,Yes,Female,53,No,California,Van Nuys
1704-NRWYE,Churned,Yes,71,5242,80.85,1141.71,2,Month-to-Month,Bank Withdrawal,No Offer,Fiber Optic,No,Female,79,Yes,California,Point Reyes Station
1705-GUHPV,Stayed,No,64,4948,24.20,3302.82,3,Two Year,Credit Card,Offer B,No Internet Service,No,Female,64,No,California,Los Angeles
1707-HABPF,Stayed,No,43,3191,91.30,4675.13,4,One Year,Bank Withdrawal,Offer B,Fiber Optic,No,Female,65,Yes,California,Santa Barbara
1708-PBBOA,Stayed,No,62,3179,54.75,2428.45,3,One Year,Bank Withdrawal,No Offer,DSL,Yes,Female,51,No,California,Banning
1709-EJDOX,Stayed,No,34,3843,19.75,2901.28,3,Two Year,Credit Card,Offer B,No Internet Service,No,Female,33,No,California,San Francisco
1710-RCXUS,Stayed,No,26,4965,90.35,5084.26,3,One Year,Credit Card,No Offer,Fiber Optic,No,Male,53,No,California,Orange
1716-LSAMB,Stayed,No,39,5083,54.65,4588.15,3,Two Year,Bank Withdrawal,No Offer,Cable,Yes,Male,21,No,California,Santa Ana
1722-LDZJS,Stayed,No,22,6050,20.20,2151.47,4,One Year,Credit Card,No Offer,No Internet Service,No,Male,38,No,California,Sanger
1723-HKXJQ,Churned,Yes,66,5545,101.75,5062.63,2,Month-to-Month,Bank Withdrawal,No Offer,Fiber Optic,No,Male,64,No,California,San Diego
1724-BQUHA,Churned,Yes,66,2718,89.50,706.30,2,Month-to-Month,Bank Withdrawal,No Offer,Fiber Optic,No,Male,67,Yes,California,Los Gatos
1724-IQWNM,Joined,No,46,4136,19.30,27.96,3,Month-to-Month,Credit Card,Offer E,No Internet Service,No,Male,37,No,California,Burbank
1725-IQNIY,Churned,Yes,90,6274,109.75,8383.06,2,Two Year,Bank Withdrawal,No Offer,Fiber Optic,Yes,Male,34,No,California,San Bernardino
1725-MIMXW,Churned,Yes,78,5687,19.45,68.41,2,Month-to-Month,Credit Card,Offer E,No Internet Service,No,Male,42,No,California,Honeydew
1728-BQDMA,Joined,No,26,5694,44.45,120.10,3,Month-to-Month,Bank Withdrawal,Offer E,DSL,No,Female,22,No,California,Penryn
1728-CXQBE,Stayed,No,63,6020,94.25,7574.52,3,Two Year,Bank Withdrawal,Offer B,Fiber Optic,No,Male,79,Yes,California,Glenn
1729-VLAZJ,Stayed,No,38,2876,40.25,423.49,3,One Year,Credit Card,Offer D,DSL,Yes,Female,52,No,California,Santa Barbara
1730-VFMWO,Stayed,No,54,4352,50.20,3198.08,5,Month-to-Month,Bank Withdrawal,No Offer,DSL,Yes,Female,33,No,California,Petaluma
1730-ZMAME,Stayed,No,24,3041,79.50,4220.84,4,Two Year,Bank Withdrawal,No Offer,Fiber Optic,No,Female,74,Yes,California,Ontario
1731-TVIUK,Churned,Yes,73,4554,93.50,391.76,2,Month-to-Month,Bank Withdrawal,Offer E,Fiber Optic,Yes,Female,47,No,California,Temecula
1732-FEKLD,Stayed,No,50,5665,94.75,7224.85,4,One Year,Bank Withdrawal,Offer B,Fiber Optic,No,Female,30,No,California,Newport Beach
1732-VHUBQ,Churned,Yes,82,4457,70.55,4548.91,3,Month-to-Month,Bank Withdrawal,No Offer,Fiber Optic,No,Female,73,Yes,California,Escondido
1734-ZMNTZ,Stayed,No,65,5409,25.00,466.14,4,Two Year,Credit Card,No Offer,No Internet Service,No,Female,50,No,California,Eureka
1735-XMJVH,Stayed,No,58,5416,19.35,431.56,3,Month-to-Month,Mailed Check,Offer E,No Internet Service,No,Male,51,No,California,Sacramento
1740-CSDJP,Churned,Yes,88,2548,35.25,35.25,2,Month-to-Month,Bank Withdrawal,No Offer,DSL,No,Male,53,No,California,Oakhurst
1741-WTPON,Stayed,No,75,4937,115.85,8856.06,3,Two Year,Credit Card,Offer B,Fiber Optic,Yes,Male,42,No,California,Westport
1744-JHKYS,Stayed,No,72,3421,24.70,1171.88,4,Month-to-Month,Bank Withdrawal,Offer C,No Internet Service,No,Female,49,No,California,Pasadena
1746-TGTWV,Joined,No,70,3514,75.35,114.24,5,Month-to-Month,Credit Card,Offer E,Fiber Optic,No,Male,32,No,California,Whittier
1750-CSKKM,Churned,Yes,70,2688,55.35,818.93,1,Month-to-Month,Bank Withdrawal,Offer E,DSL,No,Male,40,No,California,Imperial Beach
1751-NCDLI,Stayed,No,41,2641,98.85,4758.10,5,One Year,Bank Withdrawal,No Offer,Fiber Optic,No,Male,74,Yes,California,Castroville
1752-OZXFY,Stayed,No,63,5488,59.80,4475.55,3,One Year,Credit Card,Offer B,DSL,No,Male,39,No,California,Lockwood
1754-GKYPY,Stayed,No,23,4180,89.75,2431.26,3,Month-to-Month,Bank Withdrawal,No Offer,Fiber Optic,No,Male,65,Yes,California,Carson
1755-FZQEC,Stayed,No,69,4041,19.90,2643.76,4,One Year,Credit Card,Offer C,No Internet Service,No,Male,26,No,California,Ventura
1755-RMCXH,Joined,No,38,5113,20.30,54.79,4,Month-to-Month,Credit Card,Offer E,No Internet Service,No,Male,37,No,California,San Dimas
1757-TCATG,Stayed,No,49,3942,20.05,2182.45,3,One Year,Bank Withdrawal,Offer C,No Internet Service,No,Male,24,No,California,Huntington Beach
1760-CAZHT,Stayed,No,60,3274,20.80,515.14,5,Month-to-Month,Credit Card,No Offer,No Internet Service,No,Male,55,No,California,Glendale
1761-AEZZR,Churned,Yes,72,5593,79.55,83.59,2,Month-to-Month,Bank Withdrawal,No Offer,Fiber Optic,No,Male,59,No,California,Guinda
1763-KUAAW,Stayed,No,30,4713,20.35,1045.14,4,One Year,Bank Withdrawal,Offer D,No Internet Service,No,Female,77,Yes,California,Junction City
1763-WQFUK,Joined,No,43,5258,50.50,226.89,4,Month-to-Month,Mailed Check,No Offer,DSL,Yes,Male,45,No,California,Riverside
1764-VUUMT,Stayed,No,51,6382,19.95,3773.14,4,Two Year,Credit Card,No Offer,No Internet Service,No,Male,63,No,California,Spreckels
1766-GKNMI,Stayed,No,69,4388,84.90,2744.37,3,Month-to-Month,Bank Withdrawal,No Offer,Fiber Optic,No,Male,56,No,California,Bakersfield
1767-CJKBA,Stayed,No,48,6025,25.10,4940.28,4,Two Year,Credit Card,Offer A,No Internet Service,No,Male,39,No,California,Richmond
1767-TGTKO,Stayed,No,41,4651,45.45,452.47,4,Month-to-Month,Bank Withdrawal,Offer E,DSL,No,Female,30,No,California,Dana Point
1768-HNVGJ,Stayed,No,43,4223,70.05,3893.15,3,Two Year,Bank Withdrawal,Offer B,Cable,Yes,Female,80,Yes,California,Mountain View
1768-ZAIFU,Churned,Yes,67,5688,25.20,25.20,1,Month-to-Month,Bank Withdrawal,No Offer,Cable,No,Female,74,Yes,California,Rio Dell
1769-GRUIK,Stayed,No,28,4911,71.10,1447.43,5,Month-to-Month,Bank Withdrawal,Offer D,Fiber Optic,No,Female,19,No,California,Gridley
1771-OADNZ,Churned,Yes,95,2151,95.90,3821.22,3,Month-to-Month,Bank Withdrawal,Offer C,Fiber Optic,No,Male,70,Yes,California,Pauma Valley
1775-KWJKQ,Stayed,No,50,6046,89.85,8491.47,4,Two Year,Credit Card,No Offer,DSL,Yes,Male,41,No,California,Santa Barbara
1776-SPBWV,Stayed,No,21,2272,20.10,2100.58,5,One Year,Bank Withdrawal,Offer C,No Internet Service,No,Female,43,No,California,Salinas
1777-JYQPJ,Joined,No,77,2515,24.30,38.45,4,Month-to-Month,Mailed Check,Offer E,DSL,No,Male,19,No,California,Colfax
1779-PWPMG,Stayed,No,29,5408,114.65,8664.43,3,Two Year,Bank Withdrawal,Offer A,Fiber Optic,Yes,Female,73,Yes,California,San Jose
1784-BXEFA,Stayed,No,43,3595,20.55,234.95,3,Month-to-Month,Mailed Check,No Offer,No Internet Service,No,Female,63,No,California,Vacaville
1784-EZDKJ,Stayed,No,33,4640,106.80,7138.20,3,One Year,Bank Withdrawal,Offer B,Fiber Optic,No,Male,31,No,California,Hemet
1785-BPHTP,Stayed,No,26,4022,85.45,2378.94,3,Month-to-Month,Bank Withdrawal,No Offer,Fiber Optic,No,Male,64,No,California,Santa Monica
1790-NESIO,Stayed,No,76,4883,20.40,346.58,5,Two Year,Credit Card,No Offer,No Internet Service,No,Female,23,No,California,Concord
1791-PQHBB,Joined,No,31,5056,61.20,190.07,4,Month-to-Month,Credit Card,Offer E,Cable,No,Female,28,No,California,El Dorado
1792-UXAFY,Churned,Yes,89,5082,89.15,2013.19,1,Month-to-Month,Bank Withdrawal,Offer D,Fiber Optic,No,Female,80,Yes,California,San Jose
1794-HBQTJ,Churned,Yes,83,4207,48.60,55.14,1,Month-to-Month,Credit Card,Offer E,Cable,No,Female,22,No,California,Corcoran
1794-SWWKL,Stayed,No,75,3974,59.65,1199.85,4,Month-to-Month,Bank Withdrawal,Offer D,DSL,Yes,Male,22,No,California,Dorris
1796-JANOW,Joined,No,40,4079,19.95,107.29,4,Month-to-Month,Credit Card,Offer E,No Internet Service,No,Female,33,No,California,Fiddletown
1803-BGNBD,Stayed,No,63,3854,54.30,1236.06,3,Month-to-Month,Bank Withdrawal,Offer D,DSL,Yes,Female,59,No,California,Santa Monica
1809-DMJHQ,Churned,Yes,85,4846,46.00,341.15,1,Month-to-Month,Mailed Check,No Offer,DSL,No,Female,56,No,California,Newport Beach
1810-BOHSY,Stayed,No,26,4745,96.40,6696.05,3,One Year,Credit Card,Offer B,Fiber Optic,No,Male,63,No,California,Vacaville
1810-MVMAI,Stayed,No,33,4104,67.60,3441.40,3,Month-to-Month,Bank Withdrawal,Offer C,Cable,Yes,Male,31,No,California,San Jose
1813-JLKWR,Stayed,No,31,5384,19.80,2824.65,5,One Year,Bank Withdrawal,No Offer,No Internet Service,No,Female,47,No,California,Orange
1813-JYWTO,Stayed,No,62,4202,80.45,6316.16,4,Two Year,Bank Withdrawal,No Offer,Fiber Optic,No,Female,59,No,California,Shandon
1814-DKOLC,Stayed,No,24,4855,25.45,161.80,3,Month-to-Month,Credit Card,No Offer,No Internet Service,No,Female,63,No,California,Loma Linda
1814-WFGVS,Stayed,No,47,5415,48.90,3492.56,3,Two Year,Mailed Check,No Offer,DSL,Yes,Male,53,No,California,Richvale
1816-FLZDK,Joined,No,40,3923,29.15,29.15,5,Month-to-Month,Credit Card,No Offer,DSL,Yes,Male,34,No,California,Fawnskin
1818-ESQMW,Stayed,No,54,4384,89.20,3453.34,3,Month-to-Month,Bank Withdrawal,Offer C,Fiber Optic,Yes,Female,31,No,California,San Joaquin
1820-DJFPH,Stayed,No,36,4755,24.05,5186.03,4,Two Year,Bank Withdrawal,No Offer,No Internet Service,No,Female,59,No,California,Orick
1820-TQVEV,Churned,Yes,76,3042,69.55,118.98,2,Month-to-Month,Bank Withdrawal,Offer E,Fiber Optic,No,Male,27,No,California,Madera
1821-BUCWY,Stayed,No,70,5445,55.65,3065.65,3,Two Year,Mailed Check,Offer C,Cable,No,Male,35,No,California,Valyermo
1830-GGFNM,Stayed,No,36,4603,94.55,7348.20,4,Two Year,Credit Card,Offer B,Fiber Optic,Yes,Male,35,No,California,Somerset
1830-IPXVJ,Stayed,No,22,6108,19.75,2861.00,3,Two Year,Credit Card,Offer B,No Internet Service,No,Female,44,No,California,Lafayette
1832-PEUTS,Stayed,No,68,5995,89.10,7752.15,4,Two Year,Credit Card,Offer B,Fiber Optic,No,Male,23,No,California,San Bernardino
1833-TCXKK,Stayed,No,27,3301,107.75,6224.25,5,Month-to-Month,Bank Withdrawal,Offer B,Fiber Optic,No,Male,50,No,California,San Bernardino
1833-VGRUM,Churned,Yes,71,4684,74.20,123.15,2,Month-to-Month,Bank Withdrawal,Offer E,Fiber Optic,No,Female,70,Yes,California,Perris
1834-ABKHQ,Stayed,No,73,4298,50.95,3132.21,4,One Year,Bank Withdrawal,Offer B,Cable,No,Female,59,No,California,Upper Lake
1834-WULEG,Stayed,No,58,3000,20.25,1419.19,4,One Year,Mailed Check,Offer C,No Internet Service,No,Male,61,No,California,Nevada City
1837-YQUCE,Stayed,No,55,4093,58.35,4214.25,3,Two Year,Bank Withdrawal,Offer A,DSL,Yes,Female,54,No,California,Buena Park
1839-FBNFR,Stayed,No,72,3032,19.85,2125.03,5,Two Year,Bank Withdrawal,No Offer,No Internet Service,No,Female,35,No,California,Georgetown
1839-UMACK,Stayed,No,55,3756,25.05,2110.73,5,One Year,Bank Withdrawal,No Offer,No Internet Service,No,Male,20,No,California,Pasadena
1840-BIUOG,Stayed,No,73,2989,68.70,2066.20,3,One Year,Bank Withdrawal,No Offer,DSL,Yes,Male,23,No,California,Hayward
1841-YSJGV,Stayed,No,59,6258,109.95,10788.56,4,Two Year,Credit Card,Offer A,Fiber Optic,Yes,Male,58,No,California,South El Monte
1842-EZJMK,Churned,Yes,82,5897,103.70,6741.44,1,Month-to-Month,Bank Withdrawal,Offer B,Fiber Optic,Yes,Male,28,No,California,Orangevale
1843-TLSGD,Stayed,No,58,3163,20.85,631.41,4,Two Year,Credit Card,No Offer,No Internet Service,No,Female,56,No,California,Standish
1845-CSBRZ,Stayed,No,49,2656,85.35,2845.78,5,Two Year,Bank Withdrawal,Offer D,Fiber Optic,No,Female,71,Yes,California,Pomona
1845-ZLLIG,Joined,No,50,4014,50.15,70.45,3,Month-to-Month,Credit Card,Offer E,DSL,No,Male,45,No,California,Woodbridge
1846-XWOQN,Churned,Yes,71,2825,70.15,118.12,2,Month-to-Month,Bank Withdrawal,No Offer,Fiber Optic,No,Female,80,Yes,California,Bradley
1848-LBZHY,Stayed,No,42,2547,50.30,587.78,3,Month-to-Month,Bank Withdrawal,No Offer,DSL,No,Female,19,No,California,Downey
1849-RJYIG,Stayed,No,29,5862,60.00,861.99,3,Month-to-Month,Bank Withdrawal,No Offer,DSL,No,Female,43,No,California,Sunnyvale
1850-AKQEP,Stayed,No,42,4577,20.35,293.66,3,Month-to-Month,Credit Card,No Offer,No Internet Service,No,Male,61,No,California,Santa Cruz
1852-QSWCD,Stayed,No,55,6281,24.80,3770.85,3,Two Year,Credit Card,No Offer,No Internet Service,No,Male,62,No,California,Palo Verde
1852-XEMDW,Stayed,No,30,4709,65.05,2400.71,4,Month-to-Month,Credit Card,Offer D,DSL,No,Male,20,No,California,Mad River
1853-ARAAQ,Stayed,No,48,2510,50.35,1277.50,5,Month-to-Month,Credit Card,No Offer,DSL,No,Female,47,No,California,Cayucos
1853-UDXBW,Churned,Yes,85,2485,70.00,108.80,2,Month-to-Month,Bank Withdrawal,No Offer,Fiber Optic,No,Male,38,No,California,Samoa
1855-AGAWH,Stayed,No,46,2510,93.80,4077.19,4,One Year,Bank Withdrawal,No Offer,Fiber Optic,No,Male,27,No,California,Bell
1855-CFULU,Stayed,No,20,3460,20.05,259.37,5,Two Year,Credit Card,No Offer,No Internet Service,No,Female,65,Yes,California,Oakland
1862-QRWPE,Stayed,No,25,4124,20.65,2879.08,5,Two Year,Bank Withdrawal,No Offer,No Internet Service,No,Female,24,No,California,Pacific Palisades
1862-SKORY,Churned,Yes,91,2296,39.30,1637.40,3,Month-to-Month,Bank Withdrawal,No Offer,Cable,No,Female,66,Yes,California,Los Angeles
1866-DIOQZ,Stayed,No,42,4698,66.80,4689.15,4,One Year,Bank Withdrawal,No Offer,Cable,Yes,Female,23,No,California,Forestville
1866-NXPSP,Stayed,No,22,3235,75.55,3932.15,4,One Year,Credit Card,No Offer,Cable,Yes,Female,48,No,California,Arcata
1866-OBPNR,Joined,No,22,5494,74.60,117.59,5,Month-to-Month,Credit Card,No Offer,Fiber Optic,No,Male,28,No,California,Sacramento
1866-RZZQS,Churned,Yes,91,2169,98.40,5912.21,1,Month-to-Month,Bank Withdrawal,Offer B,Fiber Optic,No,Male,77,Yes,California,Redlands
1866-ZSLJM,Stayed,No,75,5654,20.50,1093.54,4,Month-to-Month,Credit Card,Offer D,No Internet Service,No,Male,31,No,California,Valley Ford
1867-BDVFH,Churned,Yes,80,5075,74.35,934.74,2,Month-to-Month,Bank Withdrawal,Offer D,Fiber Optic,No,Male,35,No,California,Los Angeles
1867-TJHTS,Stayed,No,78,5709,79.80,5844.03,4,Month-to-Month,Bank Withdrawal,No Offer,Fiber Optic,No,Female,47,No,California,Sacramento
1871-MOWRM,Churned,Yes,87,4306,80.85,1061.85,1,Month-to-Month,Bank Withdrawal,No Offer,Fiber Optic,Yes,Male,57,No,California,Woodacre
1872-EBWSC,Stayed,No,66,4840,20.35,1231.86,4,One Year,Mailed Check,No Offer,No Internet Service,No,Female,28,No,California,Berkeley
1875-QIVME,Churned,Yes,83,4690,104.40,220.38,3,Month-to-Month,Bank Withdrawal,Offer E,Fiber Optic,Yes,Female,26,No,California,Tujunga
1877-HKBQX,Stayed,No,49,2573,54.60,630.61,4,One Year,Mailed Check,Offer D,DSL,Yes,Female,21,No,California,Cerritos
1891-FZYSA,Churned,Yes,82,6363,89.95,7373.82,1,Month-to-Month,Bank Withdrawal,No Offer,Fiber Optic,No,Male,65,Yes,California,Piercy
1891-QRQSA,Stayed,No,69,4881,111.60,8144.12,4,Two Year,Bank Withdrawal,Offer B,Fiber Optic,Yes,Male,71,Yes,California,Downey
1891-UAWWU,Churned,Yes,87,2312,90.80,2046.40,1,Month-to-Month,Bank Withdrawal,No Offer,Fiber Optic,No,Female,79,Yes,California,Johannesburg
1894-IGFSG,Churned,Yes,82,3161,89.25,2304.07,1,Month-to-Month,Bank Withdrawal,No Offer,Fiber Optic,No,Female,38,No,California,Lancaster
1895-QTKDO,Joined,No,20,5684,43.95,89.54,5,Month-to-Month,Credit Card,No Offer,DSL,No,Female,38,No,California,San Jacinto
1897-OKVMW,Stayed,No,43,5240,90.60,8185.45,4,Two Year,Mailed Check,No Offer,DSL,Yes,Female,44,No,California,Lathrop
1897-RCFUM,Stayed,No,67,3109,24.20,1143.92,3,One Year,Credit Card,No Offer,No Internet Service,No,Female,31,No,California,Point Arena
1898-JSNDC,Stayed,No,46,5662,58.60,4103.13,4,One Year,Credit Card,Offer C,DSL,No,Female,23,No,California,Elk Grove
1899-VXWXM,Churned,Yes,89,5898,106.10,6269.84,1,One Year,Credit Card,No Offer,Fiber Optic,No,Male,55,No,California,San Diego
1902-XBTFB,Churned,Yes,91,5438,89.40,2872.26,2,Month-to-Month,Bank Withdrawal,Offer D,Fiber Optic,No,Male,39,No,California,North Hollywood
1904-WAJAA,Stayed,No,60,5461,64.35,2675.61,4,Two Year,Bank Withdrawal,Offer C,DSL,No,Female,23,No,California,Coronado
1905-OEILC,Joined,No,33,3107,19.50,39.61,5,Month-to-Month,Credit Card,Offer E,No Internet Service,No,Female,42,No,California,Pebble Beach
1907-UBQFC,Churned,Yes,91,3189,72.85,773.25,1,Month-to-Month,Bank Withdrawal,No Offer,Fiber Optic,No,Male,69,Yes,California,San Francisco
1907-YLNYW,Stayed,No,35,4490,66.70,908.04,3,Month-to-Month,Bank Withdrawal,No Offer,DSL,No,Male,47,No,California,Gasquet
1910-FMXJM,Stayed,No,35,5544,80.40,4713.53,3,Month-to-Month,Bank Withdrawal,No Offer,Fiber Optic,No,Female,59,No,California,Colton
1915-IOFGU,Churned,Yes,90,4123,70.50,111.89,2,Month-to-Month,Bank Withdrawal,No Offer,Fiber Optic,No,Female,53,No,California,Keene
1915-OAKWD,Stayed,No,48,2870,19.30,1065.15,3,One Year,Bank Withdrawal,Offer D,No Internet Service,No,Female,56,No,California,Belvedere Tiburon
1918-ZBFQJ,Churned,Yes,73,5142,79.25,1499.42,1,Month-to-Month,Bank Withdrawal,No Offer,Fiber Optic,No,Female,48,No,California,Glendale
1919-RTPQD,Stayed,No,67,4699,44.75,534.55,5,Month-to-Month,Bank Withdrawal,Offer E,DSL,No,Male,42,No,California,Fish Camp
1921-KYSAY,Stayed,No,34,4572,68.60,4391.18,4,One Year,Bank Withdrawal,No Offer,DSL,Yes,Female,36,No,California,Olivehurst
1925-GMVBW,Stayed,No,23,5967,20.55,218.75,3,Month-to-Month,Credit Card,No Offer,No Internet Service,No,Female,49,No,California,Oroville
1925-LFCZZ,Stayed,No,70,4932,50.05,2743.45,4,One Year,Bank Withdrawal,No Offer,DSL,No,Male,71,Yes,California,Potrero
1925-TIBLE,Churned,Yes,74,3887,86.50,760.77,1,Month-to-Month,Bank Withdrawal,No Offer,Fiber Optic,No,Female,62,No,California,Los Angeles
1926-QUZNN,Stayed,No,36,4551,25.25,5405.92,3,Two Year,Bank Withdrawal,No Offer,No Internet Service,No,Female,45,No,California,Carmel
1927-QEWMY,Stayed,No,25,6302,20.50,4663.77,4,Two Year,Credit Card,Offer A,No Internet Service,No,Female,51,No,California,Arcadia
1928-BXYIV,Joined,No,28,4592,61.15,78.22,4,Month-to-Month,Bank Withdrawal,Offer E,DSL,No,Male,47,No,California,Placerville
1929-ZCBHE,Stayed,No,29,5040,40.30,1794.80,3,One Year,Bank Withdrawal,Offer B,DSL,Yes,Male,27,No,California,Georgetown
1930-BZLHI,Stayed,No,40,3721,20.35,895.83,5,One Year,Credit Card,No Offer,No Internet Service,No,Male,31,No,California,Castroville
1930-QPBVZ,Stayed,No,38,5748,95.10,7315.12,3,Two Year,Bank Withdrawal,Offer A,Fiber Optic,Yes,Male,31,No,California,Laytonville
1930-WNXSB,Stayed,No,36,4879,92.85,8071.07,5,Month-to-Month,Bank Withdrawal,No Offer,Fiber Optic,No,Male,38,No,California,Covina
1932-UEDCX,Stayed,No,55,3669,100.60,4725.55,4,Month-to-Month,Bank Withdrawal,No Offer,Fiber Optic,No,Male,79,Yes,California,Manchester
1934-MKPXS,Stayed,No,59,3636,20.10,2249.76,5,One Year,Credit Card,No Offer,No Internet Service,No,Male,21,No,California,Nicolaus
1934-SJVJK,Churned,Yes,70,4103,20.15,60.66,2,Month-to-Month,Credit Card,Offer E,No Internet Service,No,Male,35,No,California,Smith River
1935-IMVBB,Stayed,No,49,5955,89.70,5123.53,4,Month-to-Month,Credit Card,No Offer,Fiber Optic,No,Male,43,No,California,San Diego
1936-CZAKF,Stayed,No,29,4283,49.65,2409.90,4,Two Year,Credit Card,No Offer,Cable,No,Male,22,No,California,Graton
1936-UAFEH,Stayed,No,36,5502,110.25,10629.11,4,Two Year,Credit Card,No Offer,Fiber Optic,Yes,Female,43,No,California,Pioneer
1937-OTUKY,Stayed,No,75,4332,98.20,8850.46,3,Two Year,Bank Withdrawal,No Offer,Fiber Optic,Yes,Female,32,No,California,Seaside
1941-HOSAM,Joined,No,47,4142,90.10,114.43,3,Month-to-Month,Bank Withdrawal,No Offer,Fiber Optic,No,Male,20,No,California,San Diego
1942-OQFRW,Joined,No,61,2785,44.00,57.40,5,Month-to-Month,Bank Withdrawal,Offer E,DSL,No,Male,62,No,California,Forest Knolls
1945-XISKS,Stayed,No,26,4994,19.65,3546.87,4,Two Year,Credit Card,No Offer,No Internet Service,No,Female,22,No,California,Sonora
1950-KSVVJ,Stayed,No,61,4885,113.30,6541.55,3,One Year,Mailed Check,Offer B,Fiber Optic,Yes,Female,57,No,California,Monterey Park
1951-IEYXM,Stayed,No,73,4528,90.60,8959.69,3,Two Year,Credit Card,No Offer,Cable,Yes,Male,57,No,California,Rancho Cucamonga
1952-DVVSW,Stayed,No,77,3509,20.10,324.80,5,One Year,Credit Card,No Offer,No Internet Service,No,Female,23,No,California,Colfax
1955-IBMMB,Stayed,No,65,5216,20.20,3975.33,4,Two Year,Bank Withdrawal,No Offer,No Internet Service,No,Male,47,No,California,Forest Knolls
1956-YIFGE,Stayed,No,64,3274,100.05,2289.35,4,One Year,Credit Card,No Offer,Fiber Optic,No,Male,36,No,California,Boulevard
1958-RNRKS,Stayed,No,45,3712,49.90,1708.75,4,Month-to-Month,Bank Withdrawal,No Offer,DSL,No,Male,62,No,California,El Segundo
1960-UOTYM,Stayed,No,22,4509,79.20,4875.86,4,Two Year,Bank Withdrawal,No Offer,DSL,No,Male,61,No,California,Lakewood
1960-UYCNN,Stayed,No,23,4810,95.25,1285.85,3,Month-to-Month,Bank Withdrawal,No Offer,Fiber Optic,No,Male,35,No,California,Julian
1963-SVUCV,Churned,Yes,78,5774,45.30,103.67,2,Month-to-Month,Bank Withdrawal,No Offer,DSL,No,Male,59,No,California,Flournoy
1963-VAUKV,Churned,Yes,92,3663,20.40,42.52,3,Month-to-Month,Mailed Check,Offer E,No Internet Service,No,Female,31,No,California,Kyburz
1964-SVLEA,Stayed,No,80,2860,19.70,1018.50,4,One Year,Mailed Check,Offer D,No Internet Service,No,Male,59,No,California,Upland
1965-AKTSX,Churned,Yes,88,5203,78.95,1330.89,1,Month-to-Month,Bank Withdrawal,Offer D,Fiber Optic,No,Female,65,Yes,California,Byron
1965-DDBWU,Churned,Yes,87,5953,89.05,1639.96,3,Month-to-Month,Credit Card,No Offer,Fiber Optic,Yes,Male,37,No,California,Escondido
1970-KKFWL,Stayed,No,78,2416,23.30,1025.30,3,Two Year,Bank Withdrawal,No Offer,No Internet Service,No,Female,38,No,California,Rescue
1971-DTCZB,Stayed,No,54,6091,90.95,9538.68,3,Two Year,Bank Withdrawal,No Offer,DSL,Yes,Female,52,No,California,Yreka
1972-XMUWV,Stayed,No,37,6034,59.80,4473.15,5,Two Year,Credit Card,No Offer,Cable,Yes,Female,46,No,California,Miramonte
1976-AZZPJ,Stayed,No,32,5100,34.20,256.60,4,Month-to-Month,Credit Card,Offer E,DSL,No,Male,47,No,California,Concord
1976-CFOCS,Churned,Yes,67,4531,46.00,53.74,1,Month-to-Month,Bank Withdrawal,No Offer,DSL,No,Female,69,Yes,California,Dana Point
1977-STDKI,Churned,Yes,76,4116,73.00,93.55,1,Month-to-Month,Bank Withdrawal,No Offer,Fiber Optic,No,Female,72,Yes,California,The Sea Ranch
1980-KXVPM,Churned,Yes,83,3553,75.05,327.71,1,Month-to-Month,Credit Card,No Offer,Fiber Optic,No,Female,68,Yes,California,El Centro
1981-INRFU,Churned,Yes,91,5172,79.75,181.14,3,Month-to-Month,Bank Withdrawal,No Offer,Fiber Optic,No,Female,44,No,California,San Diego
1982-FEBTD,Stayed,No,78,5939,25.60,1102.17,5,Two Year,Credit Card,No Offer,No Internet Service,No,Female,27,No,California,Newport Beach
1984-FCOWB,Churned,Yes,91,4191,109.50,10756.15,2,One Year,Bank Withdrawal,Offer A,Fiber Optic,Yes,Female,21,No,California,Templeton
1984-GPTEH,Stayed,No,46,5491,25.15,833.37,4,Month-to-Month,Bank Withdrawal,No Offer,No Internet Service,No,Female,47,No,California,Burbank
1985-MBRYP,Stayed,No,41,3678,19.65,1067.78,3,Two Year,Bank Withdrawal,Offer B,No Internet Service,No,Female,44,No,California,Arnold
1986-PHGZF,Stayed,No,54,2812,58.40,1817.02,4,Two Year,Credit Card,Offer D,DSL,No,Male,73,Yes,California,Greenwood
1987-AUELQ,Stayed,No,52,6334,25.05,5057.34,5,Two Year,Credit Card,No Offer,No Internet Service,No,Female,46,No,California,Los Angeles
1989-PRJHP,Churned,Yes,65,2377,75.50,2180.15,1,Month-to-Month,Bank Withdrawal,No Offer,Fiber Optic,No,Male,75,Yes,California,Pleasanton
1991-VOPLL,Stayed,No,61,3248,19.05,439.17,4,Month-to-Month,Credit Card,Offer E,No Internet Service,No,Female,45,No,California,San Marcos
1996-DBMUS,Stayed,No,71,5523,70.65,4149.85,3,One Year,Bank Withdrawal,No Offer,Fiber Optic,No,Female,72,Yes,California,Palo Verde
1998-VHJHK,Stayed,No,38,5606,19.15,1046.21,5,One Year,Credit Card,No Offer,No Internet Service,No,Female,36,No,California,Santa Barbara
2000-DHJUY,Stayed,No,44,5264,92.20,7781.35,4,Two Year,Bank Withdrawal,Offer A,DSL,Yes,Female,67,Yes,California,Menlo Park
2000-MPKCA,Stayed,No,57,5121,107.75,9041.35,3,One Year,Bank Withdrawal,Offer B,Fiber Optic,No,Female,51,No,California,San Pedro
2001-EWBQU,Stayed,No,75,6186,104.70,8612.00,5,Two Year,Bank Withdrawal,No Offer,Fiber Optic,No,Female,23,No,California,Stockton
2001-MCUUW,Stayed,No,25,4210,108.65,6628.20,4,Two Year,Bank Withdrawal,No Offer,Fiber Optic,Yes,Male,51,No,California,Corona
2002-MZHWP,Churned,Yes,76,3820,20.50,46.62,2,Month-to-Month,Credit Card,Offer E,No Internet Service,No,Female,24,No,California,Delhi
2003-CKLOR,Churned,Yes,73,4001,99.50,8414.62,2,Month-to-Month,Bank Withdrawal,Offer A,Cable,No,Male,62,No,California,Igo
2004-OCQXK,Churned,Yes,85,5622,81.95,126.89,1,Month-to-Month,Bank Withdrawal,Offer E,Fiber Optic,No,Female,44,No,California,Merced
2005-DWQZJ,Stayed,No,47,3153,19.05,543.06,3,Two Year,Credit Card,No Offer,No Internet Service,No,Female,26,No,California,Stevenson Ranch
2007-QVGAW,Stayed,No,27,6303,19.35,4462.13,4,Two Year,Bank Withdrawal,Offer A,No Internet Service,No,Female,51,No,California,Cypress
2011-TRQYE,Churned,Yes,82,5474,33.50,600.00,2,Month-to-Month,Credit Card,Offer D,DSL,No,Male,59,No,California,Deer Park
2012-NWRPA,Churned,Yes,71,3172,99.55,1145.28,3,Month-to-Month,Bank Withdrawal,Offer D,Fiber Optic,No,Female,78,Yes,California,Modesto
2013-SGDXK,Churned,Yes,78,2172,84.30,95.93,1,Month-to-Month,Bank Withdrawal,No Offer,Fiber Optic,No,Female,27,No,California,Mariposa
2014-MKGMH,Stayed,No,54,4883,101.10,5961.02,4,One Year,Bank Withdrawal,Offer B,Fiber Optic,No,Female,45,No,California,Riverside
2017-CCBLH,Stayed,No,71,3087,20.00,329.28,3,Two Year,Credit Card,No Offer,No Internet Service,No,Female,55,No,California,Weott
2018-PZKMU,Stayed,No,61,4171,103.10,1351.16,4,Month-to-Month,Bank Withdrawal,Offer E,Fiber Optic,Yes,Male,32,No,California,Santa Ana
2018-QKYGT,Joined,No,27,4396,81.05,117.37,5,Month-to-Month,Bank Withdrawal,No Offer,Fiber Optic,No,Male,19,No,California,San Gabriel
2019-HDCZY,Stayed,No,29,4004,102.60,6468.11,5,Two Year,Bank Withdrawal,No Offer,Fiber Optic,No,Male,35,No,California,Farmersville
2023-VQFDL,Stayed,No,39,5379,19.00,945.68,5,Month-to-Month,Bank Withdrawal,Offer D,No Internet Service,No,Male,42,No,California,Riverside
2024-BASKD,Churned,Yes,94,3860,74.60,106.76,3,Month-to-Month,Mailed Check,Offer E,Fiber Optic,No,Female,23,No,California,Exeter
2025-JKFWI,Churned,Yes,81,3493,99.00,1615.52,1,Month-to-Month,Credit Card,No Offer,Fiber Optic,Yes,Male,31,No,California,Burbank
2026-TGDHM,Churned,Yes,69,3830,79.30,667.62,1,Month-to-Month,Bank Withdrawal,No Offer,Fiber Optic,No,Female,54,No,California,Cloverdale
2027-CWDNU,Stayed,No,63,5968,85.60,2106.22,4,Month-to-Month,Bank Withdrawal,No Offer,Fiber Optic,Yes,Male,45,No,California,Venice
2027-DNKIV,Stayed,No,31,3483,58.75,3522.89,4,One Year,Credit Card,No Offer,DSL,Yes,Male,28,No,California,Spring Valley
2027-FECZV,Churned,Yes,92,2406,106.70,1556.18,2,Month-to-Month,Bank Withdrawal,No Offer,Fiber Optic,No,Male,44,No,California,Bodfish
2027-OAQQC,Churned,Yes,92,4044,49.05,2055.91,1,Month-to-Month,Bank Withdrawal,Offer B,DSL,No,Female,64,No,California,Aptos
2027-WKXMW,Stayed,No,20,4582,108.75,8155.01,5,Month-to-Month,Bank Withdrawal,Offer B,Fiber Optic,Yes,Female,49,No,California,Montara
2030-BTZRO,Stayed,No,57,4628,20.40,355.76,5,Two Year,Credit Card,No Offer,No Internet Service,No,Male,54,No,California,Northridge
2034-CGRHZ,Churned,Yes,66,5245,102.95,2574.22,3,Month-to-Month,Credit Card,No Offer,Fiber Optic,No,Male,73,Yes,California,San Francisco
2034-GDRCN,Churned,Yes,76,4157,90.40,189.26,3,Month-to-Month,Bank Withdrawal,Offer E,Fiber Optic,No,Female,47,No,California,San Diego
2037-SGXHH,Churned,Yes,71,3498,94.65,5512.90,2,Month-to-Month,Bank Withdrawal,No Offer,Fiber Optic,No,Male,25,No,California,Campo Seco
2037-XJFUP,Churned,Yes,76,4161,95.80,4476.15,2,One Year,Bank Withdrawal,Offer C,Fiber Optic,No,Male,24,No,California,Temecula
2038-LLMLM,Stayed,No,78,4304,103.85,5450.05,5,Month-to-Month,Bank Withdrawal,No Offer,Fiber Optic,Yes,Female,35,No,California,El Centro
2038-OEQZH,Stayed,No,55,3653,86.05,485.54,5,Month-to-Month,Bank Withdrawal,No Offer,Fiber Optic,No,Male,63,No,California,Menifee
2038-YSEZE,Stayed,No,65,3152,67.45,2199.56,3,Month-to-Month,Credit Card,Offer C,DSL,Yes,Female,48,No,California,Los Angeles
2039-JONDJ,Stayed,No,80,3616,55.45,2025.48,3,One Year,Bank Withdrawal,No Offer,DSL,No,Male,50,No,California,Burbank
2040-LDIWQ,Stayed,No,33,5256,84.20,8026.55,5,Two Year,Bank Withdrawal,Offer B,DSL,Yes,Male,51,No,California,Woodland Hills
2040-OBMLJ,Stayed,No,68,4850,81.70,3081.23,5,One Year,Credit Card,No Offer,Fiber Optic,Yes,Male,24,No,California,Dunlap
2040-VZIKE,Stayed,No,53,5417,100.85,7043.04,3,Month-to-Month,Mailed Check,No Offer,Fiber Optic,No,Female,56,No,California,Stevinson
2040-XBAVJ,Stayed,No,32,4700,114.45,9896.95,3,Two Year,Bank Withdrawal,Offer A,Fiber Optic,Yes,Male,51,No,California,Malibu
2041-JIJCI,Stayed,No,75,4421,64.00,594.15,5,Month-to-Month,Bank Withdrawal,No Offer,Cable,No,Female,37,No,California,Wendel
2043-WVTQJ,Joined,No,36,5664,55.70,73.38,4,Month-to-Month,Credit Card,No Offer,Cable,No,Male,61,No,California,Westminster
2045-BMBTJ,Stayed,No,30,3116,59.45,1884.65,4,Two Year,Bank Withdrawal,No Offer,DSL,No,Female,80,Yes,California,South El Monte
2049-BAFNW,Joined,No,55,3929,35.90,35.90,5,Month-to-Month,Credit Card,Offer E,DSL,Yes,Female,60,No,California,Vallejo
2050-ONYDQ,Stayed,No,72,5352,26.00,1846.60,3,Two Year,Credit Card,No Offer,No Internet Service,No,Female,48,No,California,Montara
2054-PJOCK,Stayed,No,52,4159,80.55,5813.65,5,One Year,Credit Card,No Offer,Cable,Yes,Female,32,No,California,Corona
2055-BFOCC,Stayed,No,42,5688,84.00,7890.50,3,One Year,Bank Withdrawal,No Offer,DSL,Yes,Male,65,Yes,California,Likely
2055-PDADH,Churned,Yes,67,2491,70.40,211.48,3,Month-to-Month,Bank Withdrawal,Offer E,Fiber Optic,No,Female,71,Yes,California,Big Bend
2055-SIFSS,Stayed,No,24,4763,51.65,4462.70,3,One Year,Bank Withdrawal,No Offer,Cable,No,Female,75,Yes,California,Westmorland
2056-EVGZL,Stayed,No,39,4437,105.75,7926.34,3,One Year,Credit Card,No Offer,Fiber Optic,Yes,Male,56,No,California,West Covina
2057-BOYKM,Stayed,No,78,5153,96.60,8849.98,4,Two Year,Bank Withdrawal,No Offer,Fiber Optic,Yes,Female,70,Yes,California,Inglewood
2057-ZBLPD,Churned,Yes,72,2036,86.50,2695.32,3,Month-to-Month,Bank Withdrawal,Offer D,Fiber Optic,No,Female,50,No,California,Los Gatos
2058-DCJBE,Churned,Yes,91,3965,69.75,480.30,1,Month-to-Month,Bank Withdrawal,Offer E,Fiber Optic,No,Male,32,No,California,Los Angeles
2061-VVFST,Stayed,No,72,3924,19.50,2477.23,4,Month-to-Month,Bank Withdrawal,No Offer,No Internet Service,No,Female,57,No,California,Whittier
2065-MMKGR,Stayed,No,32,4226,71.00,3280.12,5,One Year,Credit Card,No Offer,DSL,No,Female,47,No,California,Diamond Springs
2067-QYTCF,Stayed,No,55,5455,111.15,7503.80,4,Month-to-Month,Bank Withdrawal,No Offer,Fiber Optic,Yes,Female,41,No,California,Los Angeles
2068-WWXQZ,Stayed,No,38,2942,20.05,2293.50,5,Two Year,Bank Withdrawal,Offer B,No Internet Service,No,Male,61,No,California,Whittier
2070-FNEXE,Churned,Yes,81,4419,76.45,681.20,2,Month-to-Month,Bank Withdrawal,Offer E,Fiber Optic,No,Female,77,Yes,California,Pasadena
2070-XYMFH,Stayed,No,50,3558,79.35,2020.45,5,Two Year,Credit Card,No Offer,Fiber Optic,No,Female,66,Yes,California,Long Beach
2072-ZVJJX,Stayed,No,70,4571,25.25,3280.64,3,Two Year,Bank Withdrawal,Offer A,No Internet Service,No,Male,47,No,California,Sacramento
2073-QBVBI,Stayed,No,80,2954,35.45,1391.65,4,One Year,Credit Card,No Offer,Cable,Yes,Female,59,No,California,Los Angeles
2074-GKOWZ,Churned,Yes,73,3851,89.55,203.27,1,Month-to-Month,Bank Withdrawal,Offer E,Fiber Optic,No,Male,49,No,California,Novato
2074-GUHPQ,Stayed,No,41,2347,92.70,2403.11,4,Month-to-Month,Credit Card,No Offer,Fiber Optic,Yes,Female,37,No,California,Albion
2075-PUEPR,Stayed,No,49,5248,19.35,2511.75,3,Two Year,Bank Withdrawal,No Offer,No Internet Service,No,Male,46,No,California,Newport Coast
2075-RMJIK,Stayed,No,44,5756,49.40,477.85,4,Month-to-Month,Mailed Check,No Offer,Cable,No,Female,54,No,California,Santa Ysabel
2077-DDHJK,Stayed,No,50,4114,70.90,6725.86,4,Two Year,Credit Card,No Offer,DSL,Yes,Female,48,No,California,Goleta
2077-MPJQO,Stayed,No,41,3533,75.40,682.64,4,Month-to-Month,Bank Withdrawal,No Offer,Fiber Optic,No,Male,80,Yes,California,Menlo Park
2079-FBMZK,Churned,Yes,77,5816,69.25,654.56,1,Month-to-Month,Mailed Check,No Offer,Fiber Optic,No,Female,50,No,California,Antelope
2080-CAZNM,Stayed,No,61,4477,104.40,4393.48,5,Month-to-Month,Bank Withdrawal,Offer B,Fiber Optic,No,Female,78,Yes,California,Burbank
2080-GKCWQ,Joined,No,76,3969,74.95,159.27,4,Month-to-Month,Bank Withdrawal,No Offer,Fiber Optic,No,Male,54,No,California,San Pablo
2080-SRCDE,Joined,No,38,4556,25.40,58.13,3,Month-to-Month,Mailed Check,Offer E,No Internet Service,No,Female,21,No,California,Walnut
2081-KJSQF,Joined,No,21,4769,20.25,63.21,5,Month-to-Month,Credit Card,No Offer,No Internet Service,No,Male,25,No,California,Isleton
2081-VEYEH,Joined,No,70,5653,107.95,356.58,3,Month-to-Month,Bank Withdrawal,Offer E,Fiber Optic,Yes,Male,42,No,California,Compton
2082-CEFLT,Churned,Yes,88,3037,45.60,57.33,1,Month-to-Month,Bank Withdrawal,Offer E,DSL,No,Male,31,No,California,San Diego
2082-OJVTK,Churned,Yes,91,5292,89.20,2814.35,1,Month-to-Month,Bank Withdrawal,No Offer,Fiber Optic,No,Male,25,No,California,San Diego
2085-BOJKI,Stayed,No,37,5228,96.65,2078.36,5,One Year,Bank Withdrawal,Offer D,Fiber Optic,No,Male,33,No,California,Long Beach
2085-JVGAD,Stayed,No,24,3078,20.35,732.13,4,Month-to-Month,Bank Withdrawal,No Offer,No Internet Service,No,Male,56,No,California,Ivanhoe
2087-QAREY,Stayed,No,53,5722,54.70,2055.01,3,Month-to-Month,Credit Card,Offer D,Cable,No,Female,60,No,California,Sequoia National Park
2088-IEBAU,Stayed,No,46,5531,88.15,7595.92,3,Two Year,Bank Withdrawal,No Offer,DSL,Yes,Female,63,No,California,Poway
2091-GPPIQ,Stayed,No,76,5050,78.95,7605.03,5,Two Year,Bank Withdrawal,Offer A,Cable,Yes,Female,56,No,California,Yuba City
2091-MJTFX,Churned,Yes,79,4568,51.20,1561.50,3,Month-to-Month,Credit Card,No Offer,DSL,Yes,Female,57,No,California,Auburn
2091-RFFBA,Churned,Yes,75,2560,73.90,2695.48,1,Month-to-Month,Bank Withdrawal,No Offer,Fiber Optic,No,Female,70,Yes,California,Port Costa
2096-XOTMO,Stayed,No,31,4146,19.35,447.78,5,Month-to-Month,Credit Card,No Offer,No Internet Service,No,Female,40,No,California,Marysville
2097-YVPKN,Stayed,No,73,5707,25.75,1931.51,5,Two Year,Credit Card,No Offer,No Internet Service,No,Male,56,No,California,Healdsburg
2100-BDNSN,Churned,Yes,69,3889,67.95,444.80,3,Month-to-Month,Bank Withdrawal,No Offer,DSL,Yes,Female,39,No,California,Strawberry Valley
2101-RANCD,Stayed,No,46,5832,73.10,4636.05,4,Month-to-Month,Bank Withdrawal,No Offer,Fiber Optic,No,Female,50,No,California,El Dorado Hills
2103-ZRXFN,Joined,No,69,3631,50.75,75.41,4,Month-to-Month,Credit Card,No Offer,DSL,No,Male,19,No,California,La Quinta
2105-PHWON,Stayed,No,76,4639,95.00,3409.37,3,Month-to-Month,Credit Card,No Offer,Fiber Optic,Yes,Female,41,No,California,Navarro
2107-FBPTK,Stayed,No,59,5655,104.10,4379.00,4,Two Year,Bank Withdrawal,No Offer,Fiber Optic,No,Female,80,Yes,California,Ramona
2108-GLPQB,Stayed,No,49,2950,55.55,1695.30,5,Month-to-Month,Credit Card,Offer C,DSL,No,Male,49,No,California,Los Angeles
2108-XWMPY,Churned,Yes,70,2095,35.45,106.85,1,Month-to-Month,Credit Card,No Offer,DSL,No,Male,29,No,California,Cabazon
2108-YKQTY,Churned,Yes,90,4930,50.70,190.54,3,Month-to-Month,Credit Card,No Offer,DSL,No,Female,42,No,California,Santa Monica
2111-DWYHN,Joined,No,52,2810,21.10,39.91,5,Month-to-Month,Credit Card,No Offer,No Internet Service,No,Male,31,No,California,Aptos
2114-MGINA,Churned,Yes,81,4107,89.80,1273.30,1,Month-to-Month,Credit Card,Offer D,Fiber Optic,No,Female,57,No,California,Rio Vista
2115-BFTIW,Churned,Yes,75,4881,70.95,2410.10,1,Month-to-Month,Credit Card,No Offer,Fiber Optic,No,Male,52,No,California,Clearlake Oaks
2120-SMPEX,Stayed,No,58,3848,20.15,977.35,5,Month-to-Month,Mailed Check,Offer C,No Internet Service,No,Male,43,No,California,Santa Rosa
2121-JAFOM,Stayed,No,38,5076,115.55,8432.64,3,Two Year,Credit Card,No Offer,Fiber Optic,Yes,Female,23,No,California,Danville
2122-SZZZD,Stayed,No,35,4220,19.50,1633.66,4,One Year,Credit Card,No Offer,No Internet Service,No,Male,60,No,California,Sacramento
2122-YWVYA,Stayed,No,53,4792,75.40,1650.58,4,Month-to-Month,Bank Withdrawal,Offer D,Fiber Optic,No,Female,44,No,California,San Francisco
2123-AGEEN,Stayed,No,38,2107,84.35,774.51,3,One Year,Bank Withdrawal,Offer E,Fiber Optic,No,Female,66,Yes,California,Millbrae
2123-VSCOT,Stayed,No,52,6225,72.10,5658.64,5,Two Year,Bank Withdrawal,No Offer,Cable,Yes,Female,39,No,California,Pomona
2126-GSEGL,Stayed,No,32,4032,84.80,6687.15,4,Two Year,Bank Withdrawal,No Offer,DSL,Yes,Female,53,No,California,Solvang
2129-ALKBS,Stayed,No,37,2211,26.20,3046.30,3,Month-to-Month,Bank Withdrawal,No Offer,No Internet Service,No,Female,49,No,California,Needles
2133-TSRRM,Stayed,No,39,5432,105.35,4918.56,4,Month-to-Month,Bank Withdrawal,No Offer,Fiber Optic,No,Female,47,No,California,Rosemead
2135-DQWAQ,Stayed,No,67,2689,85.30,659.15,4,Month-to-Month,Credit Card,Offer E,Fiber Optic,No,Female,37,No,California,Santa Barbara
2135-RXIHG,Churned,Yes,73,2600,45.65,59.77,1,Month-to-Month,Bank Withdrawal,Offer E,Cable,No,Male,63,No,California,Carson
2137-DQMEV,Stayed,No,68,4112,44.80,2983.65,3,One Year,Credit Card,Offer A,DSL,No,Male,39,No,California,Tustin
2138-VFAPZ,Stayed,No,68,2966,19.70,478.27,4,Two Year,Credit Card,Offer D,No Internet Service,No,Female,40,No,California,San Francisco
2139-FQHLM,Stayed,No,35,3402,89.95,1834.21,5,Month-to-Month,Credit Card,Offer D,Fiber Optic,Yes,Male,49,No,California,Corona
2141-RRYGO,Churned,Yes,76,5274,68.65,303.81,3,Month-to-Month,Bank Withdrawal,Offer E,DSL,No,Female,51,No,California,Camino
2143-LJULT,Stayed,No,32,5887,25.25,4100.93,5,Two Year,Credit Card,No Offer,No Internet Service,No,Female,55,No,California,Fresno
2144-BFDSO,Stayed,No,54,5211,108.75,5890.90,3,Month-to-Month,Bank Withdrawal,Offer B,Fiber Optic,No,Female,70,Yes,California,Ranchita
2144-ESWKO,Stayed,No,70,5268,35.20,1463.70,3,One Year,Credit Card,No Offer,Cable,No,Male,47,No,California,San Pedro
2146-EGVDT,Stayed,No,28,4149,19.30,2701.33,3,Two Year,Credit Card,Offer B,No Internet Service,No,Male,33,No,California,Chatsworth
2150-OEGBV,Stayed,No,28,3428,20.10,1464.40,5,One Year,Bank Withdrawal,No Offer,No Internet Service,No,Male,31,No,California,Oakland
2150-UWTFY,Churned,Yes,87,4626,61.15,2447.61,1,Month-to-Month,Credit Card,Offer D,DSL,No,Female,21,No,California,San Mateo
2150-WLKUW,Stayed,No,41,2654,63.90,4319.00,3,One Year,Bank Withdrawal,Offer B,DSL,No,Female,27,No,California,Banning
2153-MREFK,Churned,Yes,79,3599,99.20,4870.52,1,One Year,Bank Withdrawal,No Offer,Fiber Optic,Yes,Female,55,No,California,Fawnskin
2154-KVJFF,Churned,Yes,65,2813,79.75,1754.30,3,Month-to-Month,Bank Withdrawal,Offer D,Fiber Optic,No,Female,42,No,California,Stevinson
2155-AMQRX,Stayed,No,26,2885,54.90,1596.15,3,Month-to-Month,Credit Card,No Offer,Cable,Yes,Female,37,No,California,Norwalk
2157-MXBJS,Churned,Yes,89,4800,75.30,1525.31,3,One Year,Credit Card,Offer D,Cable,No,Male,20,No,California,Calistoga
2159-TURXX,Stayed,No,51,2483,20.05,206.35,4,Month-to-Month,Credit Card,No Offer,No Internet Service,No,Male,26,No,California,Weaverville
2160-GPFXD,Stayed,No,49,5725,65.65,4894.56,3,Two Year,Credit Card,Offer B,DSL,Yes,Male,25,No,California,Davis
2162-FRZAA,Stayed,No,24,5374,39.35,2395.05,5,Two Year,Bank Withdrawal,Offer B,DSL,Yes,Male,45,No,California,Fort Irwin
2164-SOQXL,Stayed,No,43,2698,20.05,701.85,3,Month-to-Month,Credit Card,No Offer,No Internet Service,No,Female,31,No,California,Los Angeles
2165-VOEGB,Churned,Yes,91,3322,105.20,6802.69,2,One Year,Bank Withdrawal,No Offer,Fiber Optic,Yes,Female,23,No,California,Burbank
2167-FQSTQ,Stayed,No,59,5527,92.40,9632.50,3,Two Year,Bank Withdrawal,No Offer,DSL,Yes,Female,20,No,California,Hayward
2169-RRLFW,Stayed,No,68,5063,25.60,2682.03,5,Two Year,Credit Card,No Offer,No Internet Service,No,Female,48,No,California,Capay
2171-UDMFD,Stayed,No,42,4363,19.45,1796.15,4,Month-to-Month,Credit Card,Offer C,No Internet Service,No,Male,22,No,California,Chowchilla
2172-EJXVF,Stayed,No,60,5479,105.90,9433.61,3,One Year,Bank Withdrawal,No Offer,Fiber Optic,No,Female,65,Yes,California,Los Angeles
2176-LVPNX,Stayed,No,33,4994,89.85,9088.14,3,Two Year,Credit Card,Offer A,DSL,Yes,Female,69,Yes,California,San Jose
2176-OSJUV,Stayed,No,69,4384,65.15,7561.78,3,Two Year,Bank Withdrawal,Offer A,DSL,Yes,Male,29,No,California,Anaheim
2178-PMGCJ,Stayed,No,32,4838,69.70,1837.34,3,Month-to-Month,Credit Card,Offer D,Fiber Optic,No,Male,22,No,California,Long Beach
2180-DXNEG,Churned,Yes,89,5239,96.00,1368.58,1,Month-to-Month,Bank Withdrawal,No Offer,Fiber Optic,No,Female,46,No,California,Harbor City
2181-TIDSV,Stayed,No,70,6492,19.95,2646.25,3,Two Year,Bank Withdrawal,Offer A,No Internet Service,No,Male,47,No,California,Glen Ellen
2181-UAESM,Joined,No,25,3477,53.45,144.68,4,Month-to-Month,Bank Withdrawal,No Offer,Cable,No,Male,30,No,California,Angelus Oaks
2186-QZEYA,Stayed,No,30,2044,58.55,1943.37,3,Two Year,Bank Withdrawal,Offer C,DSL,No,Female,68,Yes,California,San Leandro
2187-LZGPL,Churned,Yes,68,4414,40.10,293.30,2,Month-to-Month,Credit Card,No Offer,DSL,No,Female,36,No,California,Walnut Creek
2187-PKZAY,Stayed,No,71,2968,79.95,1524.12,5,Month-to-Month,Bank Withdrawal,No Offer,Fiber Optic,No,Male,23,No,California,Stevinson
2188-SXWVT,Stayed,No,46,4027,55.00,3352.93,4,One Year,Credit Card,Offer C,DSL,No,Female,31,No,California,Chilcoot
2189-UXTKY,Churned,Yes,91,3410,79.20,2031.17,1,Month-to-Month,Bank Withdrawal,No Offer,DSL,Yes,Female,27,No,California,La Quinta
2189-WWOEW,Churned,Yes,96,3579,85.90,1639.00,3,Month-to-Month,Bank Withdrawal,No Offer,Fiber Optic,No,Female,37,No,California,Keene
2190-BCXEC,Stayed,No,45,5257,78.85,4725.65,4,Month-to-Month,Credit Card,No Offer,Fiber Optic,Yes,Female,61,No,California,Death Valley
2190-PHBHR,Stayed,No,43,5274,94.45,8558.98,4,Two Year,Credit Card,Offer A,Fiber Optic,No,Female,22,No,California,Hume
2192-CKRLV,Stayed,No,33,4700,49.20,3580.95,3,Two Year,Bank Withdrawal,Offer A,DSL,No,Female,57,No,California,Wilton
2192-OZITF,Stayed,No,56,2280,73.55,5342.15,3,Two Year,Credit Card,Offer B,DSL,Yes,Female,60,No,California,San Leandro
2193-SFWQW,Stayed,No,25,4004,111.95,9766.86,3,Two Year,Bank Withdrawal,No Offer,Fiber Optic,Yes,Male,47,No,California,San Rafael
2194-IIQOF,Stayed,No,30,4658,89.30,7801.55,3,Two Year,Credit Card,Offer A,DSL,Yes,Female,38,No,California,Sunnyvale
2195-VVRJF,Stayed,No,30,2422,59.10,1083.14,3,Two Year,Credit Card,No Offer,DSL,No,Male,74,Yes,California,Los Angeles
2195-ZRVAX,Churned,Yes,90,3631,85.30,6125.87,2,Month-to-Month,Bank Withdrawal,No Offer,Cable,No,Female,40,No,California,Rodeo
2197-OMWGI,Stayed,No,31,5583,53.00,3656.25,4,Two Year,Bank Withdrawal,No Offer,DSL,No,Female,65,Yes,California,Los Angeles
2200-DSAAL,Stayed,No,70,5914,80.65,6800.60,3,Two Year,Bank Withdrawal,No Offer,DSL,No,Female,52,No,California,Greenbrae
2202-CUYXZ,Churned,Yes,77,3086,84.85,120.92,1,Month-to-Month,Bank Withdrawal,No Offer,Fiber Optic,No,Male,25,No,California,Dublin
2202-OUTMO,Stayed,No,73,3012,60.85,2421.80,4,Month-to-Month,Bank Withdrawal,No Offer,DSL,Yes,Female,59,No,California,Caruthers
2203-GHNWN,Stayed,No,72,3816,79.65,3007.02,4,Month-to-Month,Credit Card,No Offer,Fiber Optic,No,Female,24,No,California,Julian
2205-LPVGL,Stayed,No,58,5035,89.85,6324.69,3,One Year,Bank Withdrawal,Offer B,Fiber Optic,Yes,Male,71,Yes,California,Colusa
2205-YMZZJ,Churned,Yes,70,2015,84.80,823.52,3,Month-to-Month,Bank Withdrawal,No Offer,Fiber Optic,No,Male,75,Yes,California,Clovis
2207-NHRJK,Churned,Yes,85,3718,50.80,52.08,1,Month-to-Month,Bank Withdrawal,Offer E,DSL,No,Male,58,No,California,Carmel
2207-OBZNX,Churned,Yes,90,3736,51.00,595.48,1,Month-to-Month,Mailed Check,No Offer,Cable,No,Male,56,No,California,Aguanga
2207-QPJED,Stayed,No,62,4048,90.00,3948.95,4,Two Year,Bank Withdrawal,No Offer,Fiber Optic,Yes,Female,66,Yes,California,Somes Bar
2207-RYYRL,Stayed,No,28,5535,24.55,2867.65,3,Two Year,Credit Card,Offer B,No Internet Service,No,Male,34,No,California,Grass Valley
2208-MPXIO,Stayed,No,71,5169,20.00,1864.25,4,Two Year,Bank Withdrawal,No Offer,No Internet Service,No,Female,42,No,California,Escondido
2208-NKVVH,Stayed,No,51,4432,24.25,1198.78,4,Two Year,Credit Card,No Offer,No Internet Service,No,Male,60,No,California,Costa Mesa
2208-NQBCT,Stayed,No,72,2817,81.95,3186.75,3,Month-to-Month,Bank Withdrawal,No Offer,Fiber Optic,No,Female,23,No,California,San Jose
2208-UGTGR,Stayed,No,58,5601,98.60,6196.49,3,Month-to-Month,Bank Withdrawal,Offer B,Fiber Optic,No,Male,62,No,California,Sultana
2209-XADXF,Joined,No,28,4831,25.25,35.25,5,Month-to-Month,Bank Withdrawal,Offer E,DSL,No,Female,40,No,California,Willow Creek
2211-RMNHO,Stayed,No,43,4732,85.30,7270.88,4,Two Year,Bank Withdrawal,No Offer,Cable,Yes,Female,36,No,California,Rio Nido
2212-LYASK,Stayed,No,49,2068,45.85,1276.40,4,One Year,Credit Card,No Offer,DSL,No,Male,25,No,California,Brea
2215-ZAFGX,Stayed,No,69,4867,85.50,895.20,5,Month-to-Month,Bank Withdrawal,Offer E,Fiber Optic,No,Male,35,No,California,La Mesa
2219-MVUSO,Churned,Yes,91,3721,45.15,722.64,2,Month-to-Month,Credit Card,No Offer,Cable,No,Male,59,No,California,Los Angeles
2220-IAHLS,Joined,No,21,5566,19.40,22.25,3,Month-to-Month,Credit Card,No Offer,No Internet Service,No,Female,49,No,California,Modesto
2223-GDSHL,Stayed,No,62,6481,116.05,10237.91,3,Two Year,Bank Withdrawal,Offer A,Fiber Optic,Yes,Male,41,No,California,Fountain Valley
2223-KAGMX,Churned,Yes,87,5379,19.40,786.40,1,Month-to-Month,Bank Withdrawal,Offer D,No Internet Service,No,Female,47,No,California,Santa Rosa
2225-ZRGSG,Churned,Yes,95,6173,93.90,6962.65,1,Two Year,Bank Withdrawal,Offer A,Fiber Optic,Yes,Female,38,No,California,Piru
2226-ICFDO,Stayed,No,72,6361,85.90,6893.39,4,Two Year,Credit Card,No Offer,DSL,Yes,Female,39,No,California,Covelo
2227-JRSJX,Stayed,No,36,5324,99.15,2084.92,3,Month-to-Month,Bank Withdrawal,Offer D,Fiber Optic,Yes,Female,22,No,California,Monterey Park
2228-BZDEE,Stayed,No,57,5755,20.10,2496.95,5,Two Year,Credit Card,Offer B,No Internet Service,No,Female,45,No,California,Pleasanton
2229-DPMBI,Stayed,No,58,3598,19.50,267.83,5,Two Year,Credit Card,No Offer,No Internet Service,No,Female,19,No,California,Blairsden Graeagle
2229-VWQJH,Stayed,No,66,5394,49.30,1348.93,5,Month-to-Month,Credit Card,No Offer,DSL,No,Female,34,No,California,Homewood
2230-XTUWL,Stayed,No,68,5461,19.55,1519.83,5,Two Year,Credit Card,Offer B,No Internet Service,No,Female,20,No,California,Madera
2232-DMLXU,Churned,Yes,81,3638,55.20,90.80,2,Month-to-Month,Credit Card,No Offer,DSL,No,Female,22,No,California,Van Nuys
2233-FAGXV,Stayed,No,20,3181,24.30,165.75,5,Month-to-Month,Credit Card,No Offer,No Internet Service,No,Female,41,No,California,Salton City
2233-TXSIU,Stayed,No,73,3522,44.45,792.15,3,One Year,Credit Card,No Offer,DSL,No,Male,20,No,California,Grass Valley
2234-EOFPT,Stayed,No,55,4278,79.35,7938.85,3,Two Year,Bank Withdrawal,No Offer,DSL,Yes,Male,48,No,California,Santa Ana
2234-XADUH,Stayed,No,71,5560,103.20,9453.04,4,One Year,Credit Card,No Offer,Fiber Optic,No,Female,30,No,California,Amboy
2235-DWLJU,Stayed,No,71,4611,44.40,263.05,5,Month-to-Month,Bank Withdrawal,No Offer,DSL,No,Female,75,Yes,California,Thousand Palms
2235-EZAIK,Stayed,No,79,4288,79.20,7035.42,4,Two Year,Credit Card,Offer A,DSL,Yes,Female,21,No,California,Badger
2235-ZGKPT,Churned,Yes,90,5386,50.85,291.07,1,Month-to-Month,Credit Card,No Offer,Cable,No,Female,36,No,California,Los Angeles
2236-HILPA,Stayed,No,40,6403,20.65,1909.75,5,Two Year,Credit Card,Offer B,No Internet Service,No,Male,55,No,California,Hayward
2237-ZFSMY,Churned,Yes,73,2767,95.55,3867.57,1,One Year,Bank Withdrawal,Offer C,Fiber Optic,Yes,Female,29,No,California,Riverdale
2239-CFOUJ,Joined,No,54,4540,20.40,47.90,4,One Year,Credit Card,No Offer,No Internet Service,No,Male,27,No,California,Trinidad
2239-CGBUZ,Stayed,No,63,4207,60.50,5551.33,3,One Year,Bank Withdrawal,Offer B,Cable,Yes,Female,56,No,California,West Covina
2239-JALAW,Churned,Yes,74,6105,103.25,8598.65,1,One Year,Bank Withdrawal,Offer B,Fiber Optic,No,Male,20,No,California,Escondido
2240-HSJQD,Stayed,No,55,3571,81.85,3189.96,5,Month-to-Month,Credit Card,No Offer,Fiber Optic,No,Male,44,No,California,La Mesa
2242-MFOTG,Stayed,No,54,3957,80.10,3451.73,4,One Year,Bank Withdrawal,No Offer,Fiber Optic,No,Male,29,No,California,Poway
2243-FNMMI,Stayed,No,32,4958,19.40,1035.80,3,Month-to-Month,Credit Card,Offer D,No Internet Service,No,Male,20,No,California,Torrance
2245-ADZFJ,Stayed,No,24,3491,80.55,3355.72,4,Two Year,Bank Withdrawal,Offer C,DSL,Yes,Female,58,No,California,Castella
2249-YPRNG,Churned,Yes,84,4223,105.85,2815.45,2,Month-to-Month,Bank Withdrawal,No Offer,Fiber Optic,No,Female,57,No,California,The Sea Ranch
2250-IVBWA,Stayed,No,48,5168,81.05,8302.71,3,Month-to-Month,Bank Withdrawal,No Offer,Fiber Optic,No,Male,47,No,California,San Jose
2251-PYLPB,Stayed,No,55,4766,79.55,9054.50,3,Two Year,Credit Card,Offer A,Cable,Yes,Male,34,No,California,Big Bear Lake
2252-ISRNH,Stayed,No,27,2993,90.35,1042.04,3,One Year,Bank Withdrawal,Offer E,Fiber Optic,No,Male,22,No,California,Covelo
2252-JHJGE,Stayed,No,22,4344,104.00,9150.54,3,One Year,Bank Withdrawal,Offer B,Fiber Optic,No,Male,24,No,California,Sun Valley
2252-NKNSI,Stayed,No,69,4322,85.15,6126.89,3,Two Year,Credit Card,No Offer,DSL,Yes,Male,63,No,California,Salinas
2253-KPMNB,Stayed,No,33,4180,46.25,3121.40,4,Two Year,Bank Withdrawal,No Offer,DSL,Yes,Female,29,No,California,Live Oak
2254-DLXRI,Joined,No,57,2742,79.15,157.15,4,Month-to-Month,Credit Card,Offer E,Fiber Optic,No,Female,33,No,California,Burbank
2256-YLYLP,Stayed,No,27,4499,72.95,7274.09,4,Two Year,Bank Withdrawal,No Offer,DSL,Yes,Male,45,No,California,Cypress
2257-BOVXD,Stayed,No,36,3516,66.60,1289.46,3,Month-to-Month,Credit Card,No Offer,DSL,Yes,Male,48,No,California,Tahoe City
2259-OUUSZ,Stayed,No,48,5124,35.50,249.55,3,One Year,Credit Card,Offer E,DSL,Yes,Male,28,No,California,San Diego
2260-USTRB,Churned,Yes,67,2767,70.20,135.05,1,Month-to-Month,Bank Withdrawal,No Offer,Fiber Optic,No,Female,75,Yes,California,Campo
2262-SLNVK,Joined,No,74,2475,70.10,71.25,4,Month-to-Month,Bank Withdrawal,No Offer,Fiber Optic,No,Female,53,No,California,Birds Landing
2263-SFSQZ,Stayed,No,37,5461,24.95,2081.60,4,Two Year,Credit Card,No Offer,No Internet Service,No,Male,46,No,California,San Jose
2265-CYWIV,Churned,Yes,77,4708,99.60,397.50,1,Month-to-Month,Bank Withdrawal,No Offer,Fiber Optic,No,Female,68,Yes,California,Hickman
2266-FUBDZ,Stayed,No,54,2742,19.35,975.90,3,Two Year,Credit Card,No Offer,No Internet Service,No,Male,19,No,California,San Francisco
2266-SJNAT,Stayed,No,46,4807,109.15,8642.80,4,One Year,Credit Card,Offer A,Fiber Optic,Yes,Female,21,No,California,Temecula
2267-FPIMA,Stayed,No,21,5548,94.40,5793.90,4,Month-to-Month,Credit Card,Offer B,Fiber Optic,No,Male,27,No,California,San Carlos
2267-WTPYD,Stayed,No,49,6015,94.00,6752.80,5,Month-to-Month,Credit Card,No Offer,Fiber Optic,No,Female,77,Yes,California,Granada Hills
2270-CHBFN,Stayed,No,20,2221,95.10,5500.23,3,Month-to-Month,Credit Card,Offer B,Fiber Optic,Yes,Female,46,No,California,Ventura
2272-JKMSI,Stayed,No,49,4306,110.80,7662.45,4,One Year,Bank Withdrawal,Offer B,Fiber Optic,Yes,Female,42,No,California,Roseville
2272-QAGFO,Churned,Yes,71,5342,74.30,1587.23,3,Month-to-Month,Bank Withdrawal,No Offer,Fiber Optic,No,Female,75,Yes,California,Inglewood
2272-UOINI,Stayed,No,47,3601,78.50,594.43,4,Month-to-Month,Bank Withdrawal,Offer E,Cable,Yes,Female,44,No,California,Rancho Cucamonga
2272-WUSPA,Stayed,No,34,4848,110.75,10612.98,4,Two Year,Bank Withdrawal,No Offer,Fiber Optic,No,Female,48,No,California,Milford
2273-QCKXA,Joined,No,30,3178,49.05,74.82,3,Month-to-Month,Credit Card,No Offer,Cable,Yes,Male,39,No,California,Culver City
2274-XUATA,Stayed,No,56,4933,63.10,4685.55,3,Two Year,Bank Withdrawal,Offer A,Cable,Yes,Male,78,Yes,California,Earp
2275-RBYQS,Joined,No,50,4916,45.40,94.73,3,Month-to-Month,Credit Card,Offer E,DSL,No,Female,38,No,California,Sun City
2276-YDAVZ,Churned,Yes,92,4965,75.10,350.26,3,Month-to-Month,Credit Card,Offer E,Fiber Optic,No,Female,63,No,California,San Diego
2277-AXSDC,Stayed,No,46,4691,19.75,2025.75,4,One Year,Bank Withdrawal,No Offer,No Internet Service,No,Female,46,No,California,El Centro
2277-BKJKN,Stayed,No,23,4951,99.20,8775.75,4,Two Year,Bank Withdrawal,No Offer,Fiber Optic,No,Female,70,Yes,California,Camptonville
2277-DJJDL,Stayed,No,40,4763,99.00,6791.90,3,Two Year,Bank Withdrawal,Offer B,Fiber Optic,Yes,Male,69,Yes,California,La Grange
2277-VWCNI,Stayed,No,25,3048,48.75,304.37,3,Two Year,Mailed Check,No Offer,DSL,No,Female,65,Yes,California,Brookdale
2279-AXJJK,Stayed,No,45,4465,95.65,5541.48,3,Month-to-Month,Credit Card,No Offer,Fiber Optic,Yes,Male,27,No,California,Cazadero
2282-YGNOR,Stayed,No,63,2810,58.00,2153.84,3,One Year,Credit Card,No Offer,DSL,Yes,Female,42,No,California,Monterey Park
2284-VFLKH,Stayed,No,43,4995,99.25,6583.37,3,One Year,Credit Card,Offer B,Fiber Optic,Yes,Male,23,No,California,Clipper Mills
2292-XQWSV,Stayed,No,28,3724,60.30,2448.50,4,One Year,Credit Card,No Offer,DSL,Yes,Male,19,No,California,Temple City
2293-IJWPS,Stayed,No,31,6354,100.75,6197.04,3,One Year,Credit Card,Offer B,Fiber Optic,No,Female,39,No,California,Piercy
2294-DMMUS,Stayed,No,37,5057,70.45,6565.93,5,Month-to-Month,Credit Card,No Offer,DSL,No,Female,25,No,California,Patterson
2294-SALNE,Stayed,No,54,3200,86.80,2413.29,4,One Year,Credit Card,Offer D,Fiber Optic,Yes,Male,51,No,California,Chula Vista
2296-DKZFP,Stayed,No,32,6308,71.00,4470.05,4,Two Year,Bank Withdrawal,Offer B,DSL,No,Female,25,No,California,San Francisco
2300-RQGOI,Stayed,No,62,2295,20.05,2323.44,5,Two Year,Credit Card,Offer C,No Internet Service,No,Female,33,No,California,Needles
2302-ANTDP,Churned,Yes,67,5915,117.45,7504.82,1,Month-to-Month,Bank Withdrawal,No Offer,Fiber Optic,Yes,Female,76,Yes,California,Hat Creek
2302-OUZXB,Stayed,No,70,4552,82.15,7369.02,5,Two Year,Bank Withdrawal,Offer A,DSL,No,Male,62,No,California,Ventura
2303-PJYHN,Joined,No,80,4107,19.85,124.10,5,Month-to-Month,Bank Withdrawal,Offer E,No Internet Service,No,Female,27,No,California,Los Angeles
2305-MRGLV,Stayed,No,71,2085,76.55,2678.88,3,Month-to-Month,Bank Withdrawal,No Offer,Fiber Optic,Yes,Male,31,No,California,Klamath River
2307-FYNNL,Stayed,No,29,5692,109.05,7359.53,3,Two Year,Bank Withdrawal,No Offer,Fiber Optic,Yes,Male,67,Yes,California,La Mirada
2308-STERM,Joined,No,63,5816,19.40,74.35,5,Month-to-Month,Credit Card,No Offer,No Internet Service,No,Female,58,No,California,Armona
2309-OSFEU,Churned,Yes,84,2529,33.90,298.45,1,Month-to-Month,Credit Card,No Offer,DSL,No,Male,42,No,California,Smith River
2311-QYMUQ,Churned,Yes,73,3696,89.45,1937.93,3,Month-to-Month,Credit Card,No Offer,Fiber Optic,No,Female,41,No,California,San Joaquin
2314-TNDJQ,Stayed,No,35,5192,55.65,3880.05,4,Two Year,Credit Card,Offer A,Cable,Yes,Female,28,No,California,Oceanside
2316-ESMLS,Stayed,No,74,3882,33.15,444.75,3,One Year,Credit Card,No Offer,DSL,Yes,Female,54,No,California,Fresno
2320-JRSDE,Churned,Yes,73,4633,19.90,27.39,3,Month-to-Month,Bank Withdrawal,No Offer,No Internet Service,No,Female,33,No,California,Richgrove
2320-SLKMB,Stayed,No,26,3080,44.45,1183.80,4,Month-to-Month,Credit Card,No Offer,Cable,Yes,Female,46,No,California,Baker
2320-TZRRH,Stayed,No,59,4700,19.50,1177.95,3,One Year,Credit Card,No Offer,No Internet Service,No,Female,38,No,California,Three Rivers
2320-YKQBO,Stayed,No,57,4764,19.30,196.19,5,Month-to-Month,Credit Card,No Offer,No Internet Service,No,Female,51,No,California,Grenada
2321-OMBXY,Churned,Yes,81,2071,80.30,4659.97,1,One Year,Credit Card,Offer C,DSL,Yes,Female,55,No,California,San Diego
2322-VCZHZ,Stayed,No,50,4999,90.00,2749.29,3,Month-to-Month,Bank Withdrawal,Offer D,Fiber Optic,No,Male,70,Yes,California,El Portal
2323-ARSVR,Stayed,No,67,6103,111.05,10462.68,3,Two Year,Bank Withdrawal,No Offer,Fiber Optic,Yes,Male,51,No,California,Milpitas
2324-AALNO,Stayed,No,41,5517,24.55,2308.39,5,One Year,Bank Withdrawal,Offer B,No Internet Service,No,Female,63,No,California,Porterville
2324-EFHVG,Stayed,No,38,5617,104.40,9625.13,4,Two Year,Bank Withdrawal,No Offer,Fiber Optic,No,Male,37,No,California,Oakland
2325-NBPZG,Joined,No,58,5125,74.55,263.95,3,Month-to-Month,Bank Withdrawal,No Offer,Fiber Optic,No,Female,20,No,California,Novato
2325-WINES,Stayed,No,60,2335,104.05,3871.57,4,One Year,Credit Card,No Offer,Fiber Optic,No,Female,44,No,California,Littlerock
2325-ZUSFD,Churned,Yes,81,4669,70.10,6002.35,1,One Year,Bank Withdrawal,Offer B,DSL,No,Female,46,No,California,Irvine
2330-PQGDQ,Stayed,No,33,4952,84.20,4744.57,5,One Year,Bank Withdrawal,No Offer,Fiber Optic,Yes,Male,36,No,California,Gualala
2332-EFBJY,Churned,Yes,82,3438,19.70,434.24,1,Month-to-Month,Credit Card,Offer D,No Internet Service,No,Male,35,No,California,Sherman Oaks
2332-TODQS,Stayed,No,33,3642,25.05,2833.20,4,One Year,Credit Card,Offer B,No Internet Service,No,Female,44,No,California,Garden Grove
2333-KWEWW,Stayed,No,20,2782,20.05,861.28,3,Two Year,Credit Card,No Offer,No Internet Service,No,Male,64,No,California,Fresno
2335-GSODA,Stayed,No,24,2327,40.10,857.75,4,Two Year,Credit Card,No Offer,DSL,Yes,Male,36,No,California,Camino
2338-BQEZT,Stayed,No,44,6250,50.55,3031.85,3,Month-to-Month,Credit Card,Offer B,DSL,No,Female,38,No,California,San Carlos
2342-CKIAO,Joined,No,24,5074,20.30,66.56,5,Month-to-Month,Credit Card,No Offer,No Internet Service,No,Female,39,No,California,Eagleville
2344-JMOGN,Churned,Yes,72,3016,94.85,1047.83,2,Month-to-Month,Credit Card,No Offer,Fiber Optic,Yes,Male,54,No,California,Buttonwillow
2346-CZYIL,Stayed,No,52,4962,20.35,1605.39,3,Two Year,Credit Card,Offer C,No Internet Service,No,Male,42,No,California,Beverly Hills
2346-DJQTB,Stayed,No,75,5097,24.15,852.50,4,Month-to-Month,Bank Withdrawal,No Offer,DSL,No,Female,54,No,California,Fairfax
2346-LOCWC,Stayed,No,72,6186,20.50,2654.36,4,Two Year,Credit Card,No Offer,No Internet Service,No,Female,52,No,California,Arbuckle
2347-WKKAE,Stayed,No,47,2662,94.40,5743.32,3,Month-to-Month,Bank Withdrawal,No Offer,Fiber Optic,No,Male,52,No,California,Penryn
2348-KCJLT,Stayed,No,21,2059,61.50,4846.48,3,One Year,Credit Card,Offer B,Cable,No,Female,60,No,California,Los Alamitos
2351-BKRZW,Stayed,No,23,3976,75.20,4543.49,3,Two Year,Bank Withdrawal,No Offer,Cable,No,Female,30,No,California,Gilroy
2351-RRBUE,Stayed,No,70,3575,20.65,425.53,4,One Year,Mailed Check,Offer E,No Internet Service,No,Female,20,No,California,Tulelake
2357-COQEK,Churned,Yes,78,4136,103.30,3678.57,2,Month-to-Month,Bank Withdrawal,No Offer,Fiber Optic,Yes,Female,79,Yes,California,Atherton
2359-KLTEK,Stayed,No,53,3539,94.90,5618.79,3,Month-to-Month,Bank Withdrawal,No Offer,Fiber Optic,No,Female,25,No,California,Lookout
2359-KMGLI,Churned,Yes,77,4418,80.25,3044.70,1,Month-to-Month,Bank Withdrawal,Offer C,Fiber Optic,No,Male,52,No,California,Running Springs
2359-QWQUL,Churned,Yes,68,2371,104.70,4505.74,2,One Year,Credit Card,No Offer,Fiber Optic,Yes,Female,35,No,California,Los Angeles
2360-RDGRO,Stayed,No,70,5089,104.25,9490.95,3,Month-to-Month,Bank Withdrawal,No Offer,Fiber Optic,No,Male,48,No,California,Sutter
2361-FJWNO,Stayed,No,38,5323,36.00,1512.90,3,One Year,Credit Card,No Offer,Cable,Yes,Male,55,No,California,Rancho Cucamonga
2361-UPSND,Stayed,No,52,5433,70.60,5289.55,3,One Year,Credit Card,No Offer,DSL,Yes,Female,45,No,California,Herlong
2362-IBOOY,Churned,Yes,76,5272,84.75,4633.07,3,Month-to-Month,Bank Withdrawal,Offer C,Fiber Optic,No,Male,22,No,California,San Diego
2363-BJLSL,Stayed,No,79,5157,80.40,8001.79,5,Month-to-Month,Bank Withdrawal,Offer B,DSL,Yes,Male,49,No,California,Bonita
2364-UFROM,Stayed,No,68,3380,70.40,3017.05,3,One Year,Bank Withdrawal,No Offer,Cable,Yes,Male,47,No,California,San Diego
2368-GAKKQ,Stayed,No,75,6424,113.65,9151.65,4,Two Year,Bank Withdrawal,Offer A,Fiber Optic,Yes,Female,28,No,California,Sylmar
2369-FEVNO,Joined,No,52,4590,19.90,27.66,3,Month-to-Month,Credit Card,No Offer,No Internet Service,No,Male,36,No,California,Long Beach
2369-UAPKZ,Churned,Yes,76,3131,104.10,736.35,3,Month-to-Month,Mailed Check,Offer E,Fiber Optic,No,Male,43,No,California,Meadow Vista
2371-JQHZZ,Stayed,No,29,5886,93.00,3413.89,5,Month-to-Month,Bank Withdrawal,No Offer,Fiber Optic,No,Male,54,No,California,Bakersfield
2371-JUNGC,Stayed,No,33,4032,20.25,522.82,4,Month-to-Month,Credit Card,Offer D,No Internet Service,No,Male,46,No,California,Cupertino
2371-KFUOG,Stayed,No,26,6409,99.15,7615.81,3,One Year,Bank Withdrawal,Offer B,Fiber Optic,No,Male,54,No,California,Escondido
2372-HWUHI,Churned,Yes,76,2570,44.35,174.93,3,Month-to-Month,Bank Withdrawal,Offer E,DSL,No,Male,45,No,California,Lakewood
2373-NTKOD,Stayed,No,60,3026,66.25,752.21,5,Month-to-Month,Bank Withdrawal,Offer E,Cable,No,Male,40,No,California,Rancho Cordova
2378-HTWFW,Stayed,No,35,5527,91.00,4137.15,3,Month-to-Month,Credit Card,No Offer,Fiber Optic,No,Male,78,Yes,California,Newman
2378-VTKDH,Stayed,No,69,4073,104.35,7136.90,5,Month-to-Month,Bank Withdrawal,Offer B,Fiber Optic,No,Male,76,Yes,California,Woodland
2378-YIZKA,Stayed,No,65,6221,85.00,6164.79,3,Two Year,Credit Card,No Offer,DSL,Yes,Female,61,No,California,Weed
2379-ENZGV,Churned,Yes,72,3420,84.85,759.42,2,Month-to-Month,Bank Withdrawal,Offer E,Fiber Optic,No,Male,61,No,California,San Diego
2379-GYFLQ,Stayed,No,50,5316,94.90,5416.85,4,One Year,Credit Card,No Offer,Fiber Optic,No,Male,31,No,California,Oceanside
2380-DAMQP,Stayed,No,67,4761,115.15,11272.18,4,Two Year,Bank Withdrawal,No Offer,Fiber Optic,Yes,Female,63,No,California,La Palma
2382-BCKQJ,Churned,Yes,91,5600,100.15,8433.61,3,One Year,Bank Withdrawal,Offer B,Fiber Optic,No,Female,41,No,California,Escondido
2384-OVPSA,Stayed,No,71,4947,20.20,891.32,3,Two Year,Mailed Check,No Offer,No Internet Service,No,Female,65,Yes,California,Caruthers
2386-LAHRK,Churned,Yes,80,5094,53.50,68.08,1,Month-to-Month,Mailed Check,No Offer,DSL,No,Male,22,No,California,Weimar
2386-OWURY,Stayed,No,68,6460,95.30,7879.60,4,Month-to-Month,Bank Withdrawal,No Offer,Fiber Optic,Yes,Female,20,No,California,Yucaipa
2387-KDZQY,Stayed,No,51,2185,20.10,816.70,4,One Year,Credit Card,No Offer,No Internet Service,No,Male,46,No,California,Weaverville
2388-LAESQ,Stayed,No,26,4796,114.85,10385.79,3,Two Year,Bank Withdrawal,Offer A,Fiber Optic,Yes,Female,74,Yes,California,Manchester
2391-IPLOP,Stayed,No,27,4706,69.65,4158.15,4,One Year,Bank Withdrawal,Offer B,Cable,Yes,Male,25,No,California,Corcoran
2391-SOORI,Churned,Yes,83,5858,49.35,323.81,1,Month-to-Month,Bank Withdrawal,Offer E,DSL,No,Male,40,No,California,Big Bear City
2393-DIVAI,Joined,No,21,5575,20.00,107.81,3,Month-to-Month,Credit Card,Offer E,No Internet Service,No,Female,40,No,California,Brea
2397-BRLOM,Churned,Yes,91,3443,80.45,799.37,1,Month-to-Month,Credit Card,No Offer,Fiber Optic,No,Male,67,Yes,California,San Rafael
2398-YPMUR,Churned,Yes,85,5101,70.15,1498.93,2,Month-to-Month,Bank Withdrawal,No Offer,Fiber Optic,No,Female,77,Yes,California,Dinuba
2400-FEQME,Stayed,No,25,5011,20.50,3423.82,5,Two Year,Credit Card,Offer B,No Internet Service,No,Male,57,No,California,Grenada
2400-XIWIO,Stayed,No,80,5054,90.10,7896.33,3,Two Year,Bank Withdrawal,No Offer,Cable,Yes,Female,30,No,California,Lucerne
2402-TAIRZ,Stayed,No,55,3364,80.05,3374.67,5,One Year,Bank Withdrawal,No Offer,Fiber Optic,No,Female,48,No,California,Los Angeles
2403-BCASL,Churned,Yes,93,3711,111.95,6381.54,2,One Year,Bank Withdrawal,Offer B,Cable,Yes,Male,66,Yes,California,Santa Ana
2404-JIBFC,Stayed,No,67,5661,85.10,5119.40,3,Two Year,Bank Withdrawal,No Offer,DSL,Yes,Female,37,No,California,Anaheim
2405-LBMUW,Stayed,No,22,5024,50.70,3108.75,4,One Year,Bank Withdrawal,Offer B,DSL,Yes,Female,25,No,California,Oceanside
2408-PSJVE,Stayed,No,63,4388,61.90,4581.97,4,Month-to-Month,Credit Card,No Offer,DSL,Yes,Male,41,No,California,Chino Hills
2408-TZMJL,Churned,Yes,90,4601,110.15,7787.94,1,One Year,Bank Withdrawal,Offer B,Fiber Optic,No,Male,43,No,California,Gualala
2408-WITXK,Churned,Yes,92,3244,34.70,329.80,1,Month-to-Month,Bank Withdrawal,Offer D,DSL,No,Female,67,Yes,California,San Jose
2410-CIYFZ,Joined,No,77,3000,20.40,141.96,3,Month-to-Month,Mailed Check,No Offer,No Internet Service,No,Male,42,No,California,Woodland
2418-TPEUN,Stayed,No,59,4681,19.80,3839.26,3,Two Year,Credit Card,Offer B,No Internet Service,No,Female,58,No,California,Topanga
2419-FSORS,Stayed,No,33,4394,108.40,8488.46,4,Two Year,Bank Withdrawal,Offer A,Fiber Optic,Yes,Male,29,No,California,Salinas
2424-WVHPL,Joined,No,60,4182,74.70,102.35,5,One Year,Bank Withdrawal,No Offer,Fiber Optic,Yes,Male,79,Yes,California,Redondo Beach
2428-HYUNX,Stayed,No,42,4975,19.35,930.41,5,Two Year,Credit Card,No Offer,No Internet Service,No,Male,74,Yes,California,San Francisco
2428-ZMCTB,Stayed,No,62,3926,19.75,411.15,3,Month-to-Month,Credit Card,Offer D,No Internet Service,No,Male,24,No,California,Mountain View
2429-AYKKO,Stayed,No,22,4790,19.85,1681.06,5,Two Year,Bank Withdrawal,Offer A,No Internet Service,No,Male,52,No,California,Redding
2430-RRYUW,Stayed,No,20,4621,54.80,4228.66,4,One Year,Mailed Check,Offer A,DSL,No,Male,32,No,California,Tecate
2430-USGXP,Churned,Yes,66,4766,101.05,3222.68,1,Month-to-Month,Bank Withdrawal,No Offer,Fiber Optic,No,Male,44,No,California,Santa Fe Springs
2432-TFSMK,Stayed,No,36,2269,89.60,2259.04,3,One Year,Credit Card,No Offer,Fiber Optic,No,Male,43,No,California,Sebastopol
2433-KMEAS,Churned,Yes,71,2445,54.45,1287.51,1,Month-to-Month,Bank Withdrawal,Offer D,DSL,No,Male,62,No,California,Dublin
2434-EEVDB,Stayed,No,26,5038,94.60,6029.98,4,Two Year,Credit Card,Offer B,Fiber Optic,No,Female,45,No,California,California City
2436-QBZFP,Stayed,No,25,3288,39.20,899.90,4,Month-to-Month,Bank Withdrawal,No Offer,DSL,No,Female,53,No,California,Yreka
2439-LYPMQ,Stayed,No,40,5469,102.60,4143.89,4,Two Year,Bank Withdrawal,Offer C,Fiber Optic,No,Male,79,Yes,California,Milford
2439-QKJUL,Stayed,No,44,5064,20.25,148.95,3,Month-to-Month,Credit Card,No Offer,No Internet Service,No,Male,31,No,California,Saratoga
2446-BEGGB,Churned,Yes,83,3330,98.25,844.70,3,Month-to-Month,Bank Withdrawal,No Offer,Fiber Optic,No,Female,79,Yes,California,Lakewood
2446-PLQVO,Churned,Yes,78,4512,70.30,75.97,2,Month-to-Month,Bank Withdrawal,Offer E,Fiber Optic,No,Male,32,No,California,Santa Clarita
2446-ZKVAF,Stayed,No,59,5558,56.80,1097.69,5,Month-to-Month,Credit Card,No Offer,DSL,No,Male,19,No,California,Stockton
2450-ZKEED,Stayed,No,27,5899,53.80,733.17,5,One Year,Bank Withdrawal,Offer D,DSL,Yes,Female,33,No,California,Mammoth Lakes
2451-YMUXS,Stayed,No,67,4494,64.55,6185.06,3,Two Year,Bank Withdrawal,Offer A,DSL,Yes,Male,79,Yes,California,Vista
2452-KDRRH,Stayed,No,28,5269,101.40,9444.00,4,Two Year,Credit Card,No Offer,Fiber Optic,No,Male,76,Yes,California,Mi Wuk Village
2452-MRMZF,Stayed,No,21,5079,25.70,2547.96,3,Two Year,Credit Card,No Offer,No Internet Service,No,Female,70,Yes,California,Inglewood
2452-SNHFZ,Stayed,No,66,4995,75.45,5802.51,4,Month-to-Month,Credit Card,No Offer,Fiber Optic,No,Female,19,No,California,Elk Creek
2453-SAFNS,Stayed,No,47,4277,72.10,6339.27,5,One Year,Credit Card,Offer B,Cable,Yes,Female,68,Yes,California,Likely
2454-RPBRZ,Churned,Yes,90,2709,98.10,1378.70,3,Month-to-Month,Bank Withdrawal,Offer D,Fiber Optic,No,Female,67,Yes,California,Catheys Valley
2455-USLMV,Stayed,No,35,3727,84.75,3363.91,3,Month-to-Month,Credit Card,Offer C,Fiber Optic,No,Female,30,No,California,Redlands
2458-EOMRE,Stayed,No,24,4171,64.05,1274.51,4,Month-to-Month,Bank Withdrawal,Offer D,DSL,No,Female,19,No,California,Mc Farland
2460-FPSYH,Churned,Yes,90,4272,55.80,2189.35,1,Month-to-Month,Bank Withdrawal,No Offer,Cable,No,Female,72,Yes,California,Exeter
2460-NGXBJ,Stayed,No,28,5193,75.20,1090.34,5,One Year,Credit Card,No Offer,Fiber Optic,No,Male,65,Yes,California,Stockton
2462-XIIJB,Churned,Yes,73,2810,92.50,468.95,2,Month-to-Month,Bank Withdrawal,No Offer,Fiber Optic,No,Male,33,No,California,Miranda
2465-BLLEU,Joined,No,33,4441,19.75,29.97,5,Month-to-Month,Credit Card,Offer E,No Internet Service,No,Male,31,No,California,Salinas
2466-FCCPT,Stayed,No,30,4910,19.70,541.80,5,One Year,Bank Withdrawal,No Offer,No Internet Service,No,Female,50,No,California,North Fork
2466-NEJOJ,Stayed,No,38,4535,19.65,379.11,4,Month-to-Month,Credit Card,Offer E,No Internet Service,No,Male,58,No,California,Bodega
2468-SJFLM,Joined,No,64,3063,74.30,113.85,5,Month-to-Month,Mailed Check,No Offer,Fiber Optic,Yes,Male,37,No,California,Biggs
2469-DTSGX,Stayed,No,75,5388,111.65,11169.77,5,Two Year,Bank Withdrawal,Offer A,Fiber Optic,Yes,Female,72,Yes,California,Somis
2472-OVKUP,Churned,Yes,94,2283,91.00,783.48,2,Month-to-Month,Bank Withdrawal,No Offer,Fiber Optic,No,Male,39,No,California,Canoga Park
2474-BRUCM,Churned,Yes,84,2837,101.85,4200.30,1,Month-to-Month,Bank Withdrawal,No Offer,Fiber Optic,No,Male,76,Yes,California,Redding
2474-LCNUE,Stayed,No,61,2590,73.65,1976.94,5,Month-to-Month,Credit Card,Offer D,Cable,Yes,Female,20,No,California,Sunset Beach
2475-MROZF,Stayed,No,64,3597,95.00,2938.50,3,Month-to-Month,Credit Card,Offer C,Fiber Optic,Yes,Male,36,No,California,Murrieta
2476-YGEFM,Stayed,No,46,5324,76.00,2418.54,3,Month-to-Month,Credit Card,No Offer,Fiber Optic,No,Female,24,No,California,Clovis
2478-EEWWM,Stayed,No,28,5905,44.30,2686.75,4,Month-to-Month,Bank Withdrawal,Offer B,DSL,No,Male,21,No,California,Glenn
2479-BRAMR,Churned,Yes,71,4995,83.75,5152.99,1,Month-to-Month,Bank Withdrawal,Offer B,Fiber Optic,No,Male,74,Yes,California,Murphys
2480-EJWYP,Stayed,No,23,6019,97.80,8090.26,3,One Year,Bank Withdrawal,Offer B,Fiber Optic,No,Female,66,Yes,California,Roseville
2480-JZOSN,Joined,No,59,4517,20.65,55.89,4,Month-to-Month,Credit Card,No Offer,No Internet Service,No,Female,64,No,California,Woody
2480-SQIOB,Stayed,No,63,2114,44.80,273.25,5,Month-to-Month,Bank Withdrawal,Offer E,DSL,No,Male,40,No,California,Woodland Hills
2481-SBOYW,Stayed,No,54,4673,25.00,3453.40,4,Two Year,Credit Card,Offer B,No Internet Service,No,Female,62,No,California,San Bernardino
2482-CZGBB,Churned,Yes,67,3156,70.00,1012.80,1,Month-to-Month,Bank Withdrawal,No Offer,Fiber Optic,No,Male,41,No,California,Anaheim
2483-XSSMZ,Stayed,No,23,5531,47.85,2944.27,3,One Year,Bank Withdrawal,No Offer,DSL,No,Female,22,No,California,Orinda
2484-DGXPZ,Churned,Yes,67,2687,19.55,1591.12,3,Month-to-Month,Credit Card,No Offer,No Internet Service,No,Female,45,No,California,San Dimas
2485-ITVKB,Churned,Yes,78,2643,35.10,78.75,2,Month-to-Month,Bank Withdrawal,Offer E,DSL,No,Female,36,No,California,Northridge
2486-WYVVE,Stayed,No,34,5238,79.30,2580.72,5,One Year,Credit Card,No Offer,DSL,Yes,Male,47,No,California,Sacramento
2495-INZWQ,Churned,Yes,66,5605,44.55,184.30,2,Month-to-Month,Bank Withdrawal,Offer E,Cable,No,Male,44,No,California,San Juan Bautista
2495-KZNFB,Stayed,No,44,4460,90.65,3542.68,4,Month-to-Month,Bank Withdrawal,No Offer,Fiber Optic,No,Female,26,No,California,La Mesa
2495-TTHBQ,Stayed,No,24,5602,20.40,213.35,3,One Year,Credit Card,No Offer,No Internet Service,No,Female,52,No,California,La Quinta
2498-XLDZR,Stayed,No,42,4343,73.60,2936.51,4,Two Year,Credit Card,No Offer,DSL,Yes,Female,26,No,California,San Diego
2499-AJYUA,Stayed,No,80,5933,110.80,9023.45,5,Two Year,Credit Card,Offer A,Fiber Optic,Yes,Female,69,Yes,California,Benton
2501-XWWTZ,Stayed,No,34,2535,70.20,771.16,5,Month-to-Month,Bank Withdrawal,No Offer,Fiber Optic,No,Male,51,No,California,San Clemente
2504-DSHIH,Stayed,No,38,5788,86.80,2955.42,3,One Year,Bank Withdrawal,No Offer,Fiber Optic,No,Male,66,Yes,California,Thousand Oaks
2506-CLAKW,Churned,Yes,80,3578,98.15,689.01,1,Month-to-Month,Bank Withdrawal,Offer E,Fiber Optic,Yes,Female,20,No,California,Ventura
2506-TNFCO,Churned,Yes,67,5948,69.55,82.01,2,Month-to-Month,Bank Withdrawal,No Offer,Fiber Optic,No,Female,76,Yes,California,Riverside
2507-QZPQS,Stayed,No,23,4999,95.70,1600.65,5,Month-to-Month,Bank Withdrawal,No Offer,Fiber Optic,Yes,Male,24,No,California,La Mirada
2509-TFPJU,Stayed,No,24,4413,25.75,4747.08,5,Two Year,Credit Card,No Offer,No Internet Service,No,Male,62,No,California,Torrance
2511-ALLCS,Stayed,No,32,5998,24.30,1481.70,4,Two Year,Bank Withdrawal,No Offer,No Internet Service,No,Female,38,No,California,Temple City
2511-MORQY,Stayed,No,41,4322,54.90,3130.60,4,One Year,Bank Withdrawal,Offer B,DSL,No,Male,46,No,California,Torrance
2514-GINMM,Churned,Yes,92,4490,79.50,128.47,2,Month-to-Month,Bank Withdrawal,Offer E,Fiber Optic,No,Male,60,No,California,Dana Point
2516-VQRRV,Churned,Yes,65,3350,75.45,205.32,3,Month-to-Month,Credit Card,No Offer,Fiber Optic,No,Female,77,Yes,California,Culver City
2516-XSJKX,Stayed,No,27,5468,78.45,4450.34,3,Two Year,Bank Withdrawal,No Offer,DSL,Yes,Female,20,No,California,San Juan Bautista
2519-ERQOJ,Stayed,No,30,5322,54.60,1803.70,4,One Year,Bank Withdrawal,Offer C,Cable,Yes,Male,74,Yes,California,Desert Hot Springs
2519-FAKOD,Churned,Yes,76,5274,99.25,4965.41,1,Month-to-Month,Bank Withdrawal,Offer C,Fiber Optic,No,Male,30,No,California,Tehachapi
2519-LBNQL,Stayed,No,73,4040,104.35,7675.22,4,One Year,Bank Withdrawal,No Offer,Fiber Optic,No,Male,80,Yes,California,Artesia
2519-TWKFS,Stayed,No,40,2499,55.10,2643.60,4,One Year,Credit Card,No Offer,DSL,Yes,Male,34,No,California,Blocksburg
2520-SGTTA,Stayed,No,27,3763,20.00,400.50,4,Two Year,Credit Card,Offer E,No Internet Service,No,Female,23,No,California,Ben Lomond
2521-NPUZR,Stayed,No,48,5025,101.00,9959.00,3,Two Year,Credit Card,Offer A,Fiber Optic,Yes,Male,26,No,California,Santa Maria
2522-AHJXR,Stayed,No,77,4350,109.45,6848.25,4,Month-to-Month,Bank Withdrawal,No Offer,Fiber Optic,Yes,Male,36,No,California,Death Valley
2522-WLNSF,Stayed,No,34,2225,64.20,2525.52,4,One Year,Bank Withdrawal,No Offer,Cable,Yes,Female,74,Yes,California,Los Olivos
2523-EWWZL,Stayed,No,43,3291,76.10,3134.35,3,Month-to-Month,Bank Withdrawal,Offer C,Fiber Optic,No,Female,26,No,California,Blythe
2525-GVKQU,Stayed,No,35,4192,20.60,3917.20,3,Two Year,Credit Card,Offer B,No Internet Service,No,Female,60,No,California,Santa Margarita
2528-HFYZX,Churned,Yes,92,3266,76.45,1251.25,1,Month-to-Month,Bank Withdrawal,No Offer,Fiber Optic,No,Male,66,Yes,California,Santa Ana
2530-ENDWQ,Churned,Yes,91,4296,93.70,9462.27,3,Two Year,Bank Withdrawal,Offer A,Fiber Optic,No,Female,55,No,California,Rio Dell
2530-FMFXO,Stayed,No,55,4478,103.20,8234.71,3,Two Year,Bank Withdrawal,Offer B,Fiber Optic,Yes,Male,38,No,California,Irvine
2533-QVMSK,Churned,Yes,71,6295,94.10,7281.64,3,Two Year,Bank Withdrawal,Offer B,Fiber Optic,Yes,Male,46,No,California,March Air Reserve Base
2533-TIBIX,Stayed,No,78,5825,30.20,469.65,4,Month-to-Month,Bank Withdrawal,No Offer,Cable,No,Male,59,No,California,Oak Run
2535-PBCGC,Stayed,No,30,4858,64.55,4458.84,3,Two Year,Bank Withdrawal,Offer A,Cable,Yes,Female,21,No,California,San Diego
2538-OIMXF,Joined,No,55,3065,24.70,94.70,5,Month-to-Month,Credit Card,Offer E,Cable,No,Female,29,No,California,Cathedral City
2541-YGPKE,Stayed,No,55,3764,63.70,4651.25,4,One Year,Credit Card,No Offer,DSL,Yes,Male,29,No,California,Lemon Cove
2542-HYGIQ,Joined,No,48,2732,19.95,58.79,5,Month-to-Month,Credit Card,No Offer,No Internet Service,No,Female,58,No,California,Palo Alto
2545-EBUPK,Joined,No,72,5039,84.05,229.85,3,Two Year,Bank Withdrawal,Offer E,Fiber Optic,No,Female,70,Yes,California,Los Angeles
2545-LXYVJ,Stayed,No,55,6317,20.70,3055.94,3,Two Year,Bank Withdrawal,Offer A,No Internet Service,No,Male,19,No,California,Suisun City
2546-KZAAT,Stayed,No,59,5211,75.40,4406.25,5,One Year,Credit Card,No Offer,DSL,No,Male,28,No,California,San Diego
2550-AEVRU,Stayed,No,21,5660,53.45,4022.57,3,One Year,Bank Withdrawal,No Offer,DSL,No,Female,33,No,California,Woodland Hills
2550-QHZGP,Stayed,No,71,4271,19.50,342.66,5,One Year,Credit Card,Offer E,No Internet Service,No,Male,48,No,California,Calexico
2558-BUOZZ,Stayed,No,66,5022,94.80,6424.26,4,One Year,Bank Withdrawal,Offer B,Fiber Optic,No,Male,51,No,California,Glendale
2560-PPCHE,Stayed,No,73,5742,105.05,8488.20,5,One Year,Bank Withdrawal,No Offer,Fiber Optic,Yes,Female,22,No,California,Huntington Beach
2560-QTSBS,Stayed,No,30,4152,23.30,2929.23,5,One Year,Bank Withdrawal,No Offer,No Internet Service,No,Female,26,No,California,Pomona
2560-WBWXF,Stayed,No,70,5987,24.15,4068.57,4,Two Year,Bank Withdrawal,No Offer,No Internet Service,No,Male,45,No,California,March Air Reserve Base
2565-JSLRY,Churned,Yes,67,3162,24.05,44.31,2,Month-to-Month,Mailed Check,No Offer,No Internet Service,No,Male,21,No,California,Bakersfield
2568-BRGYX,Churned,Yes,92,5094,70.20,290.03,1,Month-to-Month,Bank Withdrawal,No Offer,Fiber Optic,No,Male,43,No,California,Dixon
2568-OIADY,Churned,Yes,92,4233,99.50,5104.73,1,Month-to-Month,Bank Withdrawal,No Offer,Fiber Optic,No,Female,26,No,California,Escondido
2569-WGERO,Stayed,No,45,5306,21.15,3039.53,5,Two Year,Bank Withdrawal,No Offer,No Internet Service,No,Female,30,No,California,Landers
2573-GYRUU,Stayed,No,60,3594,91.05,5579.87,4,Two Year,Credit Card,No Offer,Fiber Optic,No,Male,65,Yes,California,San Miguel
2575-GFSOE,Churned,Yes,65,5672,69.00,569.55,2,Month-to-Month,Bank Withdrawal,Offer E,Fiber Optic,No,Female,25,No,California,Graton
2576-HXMPA,Joined,No,38,5537,19.55,27.78,4,Month-to-Month,Credit Card,No Offer,No Internet Service,No,Female,30,No,California,Mckinleyville
2577-GVSIL,Stayed,No,66,4719,73.45,3129.75,4,One Year,Bank Withdrawal,No Offer,DSL,Yes,Male,61,No,California,Lamont
2578-JQPHZ,Stayed,No,68,4025,100.10,6532.15,3,Two Year,Bank Withdrawal,Offer B,Fiber Optic,Yes,Male,30,No,California,Bayside
2580-ASVVY,Stayed,No,33,4051,45.40,1548.97,4,Two Year,Bank Withdrawal,No Offer,DSL,Yes,Female,23,No,California,San Ysidro
2580-ATZSQ,Stayed,No,36,6354,61.35,5125.35,3,One Year,Bank Withdrawal,Offer B,DSL,No,Female,55,No,California,San Jose
2581-VKIRT,Stayed,No,35,5631,65.50,4656.21,3,One Year,Mailed Check,No Offer,Cable,Yes,Female,57,No,California,Kings Beach
2582-FFFZR,Stayed,No,62,2854,50.60,1073.30,4,Month-to-Month,Bank Withdrawal,No Offer,DSL,No,Female,34,No,California,Vallejo
2585-KTFRE,Joined,No,53,2706,70.45,90.55,3,Month-to-Month,Bank Withdrawal,No Offer,Cable,Yes,Male,61,No,California,Escondido
2586-CWXVV,Stayed,No,78,4778,30.40,1621.35,4,Month-to-Month,Bank Withdrawal,Offer B,Cable,No,Male,45,No,California,Hawaiian Gardens
2587-EKXTS,Stayed,No,26,2827,111.50,6870.95,4,Month-to-Month,Bank Withdrawal,Offer B,Fiber Optic,No,Male,48,No,California,San Diego
2587-YNLES,Stayed,No,42,5874,20.10,250.65,4,Two Year,Credit Card,Offer E,No Internet Service,No,Female,52,No,California,Downey
2589-AYCRP,Stayed,No,71,4934,19.75,2886.55,4,One Year,Bank Withdrawal,Offer B,No Internet Service,No,Female,63,No,California,Cedar Glen
2592-HODOV,Stayed,No,66,2823,19.30,809.76,4,One Year,Credit Card,Offer D,No Internet Service,No,Male,44,No,California,Brea
2592-SEIFQ,Churned,Yes,69,3503,24.75,66.95,2,Month-to-Month,Bank Withdrawal,No Offer,DSL,No,Male,36,No,California,San Anselmo
2592-YKDIF,Joined,No,72,5774,20.35,64.44,3,Month-to-Month,Credit Card,No Offer,No Internet Service,No,Female,47,No,California,North Highlands
2595-KIWPV,Stayed,No,79,4052,19.70,1380.86,3,Two Year,Credit Card,Offer C,No Internet Service,No,Male,48,No,California,Tecate
2599-CIPQE,Stayed,No,61,5737,109.30,9874.22,3,Two Year,Credit Card,No Offer,Fiber Optic,Yes,Male,36,No,California,Compton
2599-CZABP,Stayed,No,51,4612,44.60,1270.55,3,One Year,Bank Withdrawal,Offer D,DSL,No,Male,57,No,California,Meridian
2603-HVKCG,Stayed,No,72,2025,101.40,3744.43,4,Month-to-Month,Bank Withdrawal,Offer C,Fiber Optic,No,Male,20,No,California,Meridian
2604-IJPDU,Stayed,No,36,4382,96.55,2473.05,3,Month-to-Month,Bank Withdrawal,Offer D,Fiber Optic,Yes,Female,32,No,California,Encino
2604-XVDAM,Stayed,No,26,5706,43.80,619.67,4,Month-to-Month,Bank Withdrawal,Offer D,DSL,No,Female,54,No,California,Pope Valley
2606-PKWJB,Stayed,No,30,4288,40.25,1564.05,4,One Year,Credit Card,No Offer,Cable,Yes,Male,62,No,California,Little River
2606-RMDHZ,Churned,Yes,93,4667,30.50,208.70,1,Month-to-Month,Credit Card,Offer E,DSL,No,Male,47,No,California,Lakewood
2607-DHDAK,Stayed,No,29,5027,19.80,4211.13,4,Two Year,Credit Card,No Offer,No Internet Service,No,Male,54,No,California,Bakersfield
2607-FBDFF,Joined,No,45,5289,49.00,98.19,3,Month-to-Month,Credit Card,No Offer,DSL,Yes,Male,32,No,California,Tuolumne
2608-BHKFN,Churned,Yes,89,3600,70.05,317.22,1,Month-to-Month,Credit Card,No Offer,Fiber Optic,No,Female,46,No,California,Berkeley
2609-IAICY,Churned,Yes,79,2756,77.15,114.85,3,Month-to-Month,Bank Withdrawal,No Offer,Fiber Optic,No,Female,32,No,California,North Fork
2612-PHGOX,Stayed,No,26,4222,76.10,5240.56,4,Two Year,Bank Withdrawal,No Offer,Cable,Yes,Male,47,No,California,Graton
2612-RANWT,Churned,Yes,96,3682,100.15,1530.78,2,Month-to-Month,Bank Withdrawal,Offer D,Fiber Optic,No,Female,24,No,California,Mount Laguna
2612-RRIDN,Churned,Yes,88,3591,81.00,477.33,2,Month-to-Month,Bank Withdrawal,Offer E,Fiber Optic,No,Male,25,No,California,Westwood
2615-YVMYX,Stayed,No,64,5775,107.50,10025.44,3,Month-to-Month,Bank Withdrawal,No Offer,Fiber Optic,No,Male,68,Yes,California,Chula Vista
2616-FLVQC,Stayed,No,27,6036,19.55,3733.59,3,Two Year,Credit Card,No Offer,No Internet Service,No,Male,42,No,California,Point Arena
2616-UUTFK,Stayed,No,75,4959,72.75,3078.08,3,Month-to-Month,Bank Withdrawal,No Offer,DSL,No,Male,54,No,California,Bakersfield
2619-WFQWU,Churned,Yes,96,3208,70.15,72.39,3,Month-to-Month,Mailed Check,No Offer,Fiber Optic,No,Female,34,No,California,Mission Viejo
2621-UDNLU,Joined,No,56,5867,20.85,107.31,3,Month-to-Month,Credit Card,No Offer,No Internet Service,No,Female,35,No,California,San Francisco
2623-DRYAM,Stayed,No,47,5596,101.75,8460.90,3,One Year,Bank Withdrawal,No Offer,Fiber Optic,No,Female,19,No,California,Jamul
2625-TRCZQ,Stayed,No,30,5528,49.65,2553.35,3,Month-to-Month,Bank Withdrawal,Offer B,DSL,No,Female,21,No,California,Auburn
2626-URJFX,Churned,Yes,69,5691,50.90,259.92,3,Month-to-Month,Bank Withdrawal,Offer E,DSL,No,Male,55,No,California,Termo
2626-VEEWG,Stayed,No,70,4890,19.40,1651.36,5,Two Year,Credit Card,No Offer,No Internet Service,No,Male,48,No,California,Sun City
2632-IVXVF,Stayed,No,77,4967,111.75,8470.78,4,Two Year,Credit Card,No Offer,Fiber Optic,Yes,Female,40,No,California,Kernville
2632-TACXW,Stayed,No,21,4671,23.65,1969.17,4,Two Year,Bank Withdrawal,No Offer,No Internet Service,No,Female,49,No,California,Richmond
2632-UCGVD,Churned,Yes,72,4512,100.05,10162.00,2,Month-to-Month,Credit Card,No Offer,Fiber Optic,Yes,Male,71,Yes,California,Fairfield
2634-HCZGT,Churned,Yes,77,5271,60.05,4478.16,1,One Year,Bank Withdrawal,No Offer,Cable,Yes,Male,71,Yes,California,San Jose
2636-ALXXZ,Churned,Yes,74,2151,69.60,115.40,2,Month-to-Month,Bank Withdrawal,Offer E,Fiber Optic,No,Female,68,Yes,California,Tahoe Vista
2636-OHFMN,Churned,Yes,90,3955,48.55,201.00,2,Month-to-Month,Bank Withdrawal,No Offer,DSL,No,Male,26,No,California,Orosi
2636-SJDOU,Stayed,No,53,5044,84.30,7226.33,3,One Year,Credit Card,No Offer,Fiber Optic,No,Male,34,No,California,Seal Beach
2637-FKFSY,Joined,No,39,4047,46.10,138.13,4,Month-to-Month,Mailed Check,No Offer,DSL,No,Female,61,No,California,Wasco
2639-UGMAZ,Stayed,No,68,5372,56.45,3985.35,3,One Year,Bank Withdrawal,Offer A,DSL,No,Male,73,Yes,California,Artesia
2640-LYMOV,Joined,No,65,3007,19.65,58.02,4,Month-to-Month,Credit Card,Offer E,No Internet Service,No,Male,59,No,California,Anaheim
2640-PMGFL,Churned,Yes,91,2518,79.50,2847.99,1,Month-to-Month,Bank Withdrawal,No Offer,Fiber Optic,Yes,Male,35,No,California,West Sacramento
2642-DTVCO,Churned,Yes,74,5095,85.05,886.12,3,Month-to-Month,Bank Withdrawal,Offer E,Fiber Optic,No,Male,68,Yes,California,Chualar
2642-MAWLJ,Stayed,No,57,5272,20.25,2248.31,5,Two Year,Bank Withdrawal,Offer C,No Internet Service,No,Female,26,No,California,Menlo Park
2645-QTLMB,Churned,Yes,91,5267,94.25,753.35,3,Month-to-Month,Bank Withdrawal,Offer E,Fiber Optic,No,Male,22,No,California,Bloomington
2649-HWLYB,Stayed,No,46,6177,76.15,6332.25,4,Two Year,Bank Withdrawal,Offer B,DSL,Yes,Male,45,No,California,Fresno
2650-GYRYL,Stayed,No,66,3470,19.45,793.63,5,One Year,Bank Withdrawal,No Offer,No Internet Service,No,Male,25,No,California,Kerman
2651-ZCBXV,Stayed,No,73,6370,108.00,6719.69,3,Two Year,Credit Card,Offer B,Fiber Optic,Yes,Male,49,No,California,Burbank
2654-VBVPB,Joined,No,49,2010,19.90,31.73,5,Month-to-Month,Bank Withdrawal,No Offer,No Internet Service,No,Female,22,No,California,Newport Beach
2656-FMOKZ,Churned,Yes,91,5717,74.45,1806.75,2,Month-to-Month,Mailed Check,Offer D,Fiber Optic,No,Female,70,Yes,California,Pasadena
2656-TABEH,Churned,Yes,82,2650,100.20,533.08,2,Month-to-Month,Bank Withdrawal,No Offer,Fiber Optic,No,Male,57,No,California,Temecula
2657-ALMWY,Churned,Yes,75,4316,84.95,2644.51,3,Month-to-Month,Bank Withdrawal,Offer C,Fiber Optic,No,Female,65,Yes,California,Simi Valley
2657-VPXTA,Stayed,No,54,4531,88.85,1257.05,4,Month-to-Month,Bank Withdrawal,No Offer,Fiber Optic,No,Female,45,No,California,Anza
2659-VXMWZ,Churned,Yes,85,4146,111.30,9441.18,3,One Year,Bank Withdrawal,Offer A,Fiber Optic,No,Male,58,No,California,Newport Coast
2660-EMUBI,Churned,Yes,75,5353,95.35,1312.05,1,Month-to-Month,Bank Withdrawal,Offer D,Fiber Optic,No,Male,71,Yes,California,Escondido
2661-GKBTK,Stayed,No,52,5053,76.95,6175.95,4,Two Year,Bank Withdrawal,No Offer,DSL,Yes,Male,39,No,California,Eureka
2662-NNTDK,Stayed,No,76,5826,24.80,4582.50,4,One Year,Credit Card,Offer B,No Internet Service,No,Male,50,No,California,Coleville
2664-XJZNO,Stayed,No,35,5169,104.90,8059.95,4,Two Year,Credit Card,Offer A,Fiber Optic,Yes,Male,43,No,California,Oroville
2665-NPTGL,Stayed,No,38,3114,98.10,2951.69,4,Two Year,Bank Withdrawal,Offer C,Fiber Optic,No,Female,79,Yes,California,Sheep Ranch
2667-WYLWJ,Churned,Yes,89,2247,19.75,514.04,3,One Year,Credit Card,Offer E,No Internet Service,No,Female,44,No,California,Dunnigan
2668-TZSPS,Joined,No,51,2664,20.45,60.06,5,Month-to-Month,Mailed Check,No Offer,No Internet Service,No,Male,32,No,California,Santa Rosa
2669-OIDSD,Stayed,No,34,3468,100.05,4845.51,5,Month-to-Month,Credit Card,Offer B,Fiber Optic,Yes,Female,58,No,California,Long Beach
2669-QVCRG,Stayed,No,62,2299,81.30,3511.68,4,Month-to-Month,Credit Card,No Offer,Fiber Optic,No,Female,32,No,California,Forest Ranch
2672-DZUOY,Churned,Yes,91,5386,25.15,25.15,1,Month-to-Month,Bank Withdrawal,Offer E,DSL,No,Male,46,No,California,Buttonwillow
2672-HUYVI,Churned,Yes,68,2266,91.10,526.16,2,Month-to-Month,Bank Withdrawal,No Offer,Fiber Optic,No,Female,53,No,California,Newman
2672-OJQZP,Joined,No,30,4118,44.75,85.62,5,Month-to-Month,Credit Card,No Offer,Cable,No,Female,35,No,California,Stockton
2672-TGEFF,Stayed,No,31,3746,88.80,3380.51,4,Month-to-Month,Bank Withdrawal,Offer C,Fiber Optic,No,Female,33,No,California,Traver
2673-CXQEU,Stayed,No,21,4463,110.50,8778.78,4,One Year,Bank Withdrawal,No Offer,Fiber Optic,No,Female,73,Yes,California,Gardena
2673-ZALNP,Stayed,No,46,2750,19.90,286.55,3,One Year,Credit Card,Offer E,No Internet Service,No,Female,29,No,California,Mcarthur
2674-MIAHT,Stayed,No,70,3132,80.30,479.16,3,Month-to-Month,Credit Card,No Offer,Fiber Optic,No,Female,26,No,California,Blocksburg
2674-MLXMN,Stayed,No,77,4241,99.65,9387.38,4,Two Year,Credit Card,Offer A,Fiber Optic,No,Female,73,Yes,California,Richmond
2675-DHUTR,Stayed,No,21,4993,98.90,7585.08,3,Two Year,Bank Withdrawal,No Offer,Fiber Optic,No,Male,80,Yes,California,Big Pine
2675-IJRGJ,Stayed,No,68,5878,19.65,2206.01,3,Two Year,Bank Withdrawal,No Offer,No Internet Service,No,Male,62,No,California,Oakland
2675-OTVVJ,Stayed,No,68,5597,89.45,4203.93,4,Two Year,Bank Withdrawal,Offer C,Fiber Optic,No,Male,76,Yes,California,Novato
2676-ISHSF,Joined,No,46,5203,20.30,49.49,5,Month-to-Month,Credit Card,No Offer,No Internet Service,No,Male,22,No,California,Anderson
2676-OXPPQ,Stayed,No,45,2482,55.70,354.61,3,Month-to-Month,Bank Withdrawal,No Offer,DSL,No,Male,22,No,California,Irvine
2676-SSLTO,Stayed,No,33,6138,66.15,4069.73,3,Two Year,Bank Withdrawal,No Offer,DSL,Yes,Male,49,No,California,Hawaiian Gardens
2680-XKKNJ,Stayed,No,52,3325,58.20,639.41,4,One Year,Bank Withdrawal,No Offer,DSL,Yes,Female,60,No,California,Weimar
2682-KEVRP,Stayed,No,21,4327,20.05,1173.58,3,One Year,Credit Card,No Offer,No Internet Service,No,Female,65,Yes,California,Woodlake
2683-BPJSO,Churned,Yes,91,2651,84.45,3289.83,1,Month-to-Month,Bank Withdrawal,No Offer,Fiber Optic,No,Male,37,No,California,Byron
2683-JXWQQ,Stayed,No,64,6495,33.60,2227.20,3,Month-to-Month,Bank Withdrawal,No Offer,DSL,No,Male,24,No,California,Visalia
2684-EIWEO,Churned,Yes,90,2482,91.70,4134.55,1,Month-to-Month,Credit Card,No Offer,Fiber Optic,No,Female,69,Yes,California,San Diego
2685-SREOM,Churned,Yes,96,4793,89.10,2949.40,1,Month-to-Month,Bank Withdrawal,No Offer,Fiber Optic,No,Female,36,No,California,Rancho Cucamonga
2688-BHGOG,Stayed,No,76,5811,79.55,952.20,5,Two Year,Bank Withdrawal,Offer E,Fiber Optic,No,Male,73,Yes,California,Olancha
2690-DVRVK,Stayed,No,54,3629,20.55,305.50,3,One Year,Bank Withdrawal,No Offer,No Internet Service,No,Male,27,No,California,San Diego
2691-NZETQ,Churned,Yes,89,2752,85.35,1200.86,2,Month-to-Month,Bank Withdrawal,Offer E,Fiber Optic,No,Male,28,No,California,San Jose
2692-AQCPF,Stayed,No,69,6047,108.05,9806.00,3,One Year,Credit Card,Offer B,Fiber Optic,Yes,Female,32,No,California,San Mateo
2692-BUCFV,Stayed,No,76,5285,101.45,3199.71,4,One Year,Bank Withdrawal,Offer C,Fiber Optic,No,Male,79,Yes,California,Shingle Springs
2692-PFYTJ,Joined,No,67,2569,25.75,40.97,4,Month-to-Month,Credit Card,No Offer,No Internet Service,No,Female,23,No,California,Hercules
2694-CIUMO,Stayed,No,62,3445,79.55,1221.41,3,Month-to-Month,Credit Card,Offer D,Fiber Optic,Yes,Female,47,No,California,Los Angeles
2696-ECXKC,Stayed,No,55,6153,100.90,7713.50,4,One Year,Credit Card,Offer B,Fiber Optic,No,Female,34,No,California,Ione
2696-NARTR,Churned,Yes,66,3634,73.85,1420.59,2,Month-to-Month,Bank Withdrawal,No Offer,Fiber Optic,Yes,Male,40,No,California,Corona Del Mar
2696-RZVZW,Stayed,No,24,4187,25.05,3342.12,5,Two Year,Credit Card,Offer A,No Internet Service,No,Male,19,No,California,Downey
2697-NQBPF,Stayed,No,74,5503,105.35,4492.65,3,Month-to-Month,Bank Withdrawal,No Offer,Fiber Optic,Yes,Male,51,No,California,Fulton
2700-LUEVA,Joined,No,76,2791,20.75,57.03,3,Month-to-Month,Credit Card,No Offer,No Internet Service,No,Male,49,No,California,Oakland
2703-AMTUL,Stayed,No,37,4113,53.65,2227.35,4,One Year,Credit Card,No Offer,Cable,No,Male,40,No,California,Lookout
2706-QZIHY,Stayed,No,25,4411,25.20,1088.10,4,Two Year,Credit Card,No Offer,No Internet Service,No,Female,35,No,California,Los Angeles
2709-UQGNP,Stayed,No,45,4292,51.65,1014.90,4,Month-to-Month,Credit Card,No Offer,Cable,No,Male,38,No,California,San Mateo
2710-WYVXG,Joined,No,41,3501,71.10,321.73,4,Two Year,Credit Card,No Offer,DSL,Yes,Female,36,No,California,Sun Valley
2712-SYWAY,Joined,No,54,5249,25.70,69.54,3,Month-to-Month,Bank Withdrawal,Offer E,No Internet Service,No,Female,30,No,California,Creston
2716-GFZOR,Stayed,No,42,2358,86.10,3879.74,3,Month-to-Month,Credit Card,Offer B,Fiber Optic,No,Male,48,No,California,Raymond
2717-HVIZY,Stayed,No,32,2675,20.05,288.88,4,Month-to-Month,Credit Card,Offer E,No Internet Service,No,Female,24,No,California,Orleans
2718-GAXQD,Churned,Yes,92,4797,46.00,350.12,1,Month-to-Month,Bank Withdrawal,Offer E,Cable,No,Female,68,Yes,California,Fallbrook
2718-YSKCS,Stayed,No,56,6444,19.60,2532.68,5,Two Year,Bank Withdrawal,Offer A,No Internet Service,No,Male,64,No,California,Tomales
2719-BDAQO,Churned,Yes,93,4940,93.85,1702.32,1,Month-to-Month,Bank Withdrawal,No Offer,Fiber Optic,No,Male,36,No,California,Sunnyvale
2720-FVBQP,Stayed,No,30,3061,48.95,422.23,3,Month-to-Month,Credit Card,Offer E,Cable,No,Female,28,No,California,Mccloud
2720-WGKHP,Churned,Yes,93,5569,94.00,223.68,1,Month-to-Month,Bank Withdrawal,Offer E,Fiber Optic,No,Male,65,Yes,California,Sloughhouse
2722-JMONI,Churned,Yes,76,4989,49.55,73.79,1,Month-to-Month,Bank Withdrawal,Offer E,Cable,No,Female,73,Yes,California,Escondido
2722-VOJQL,Churned,Yes,91,4870,105.65,8453.82,1,One Year,Credit Card,No Offer,Fiber Optic,Yes,Male,30,No,California,San Diego
2724-FJDYW,Stayed,No,72,3884,54.85,2191.70,4,One Year,Bank Withdrawal,No Offer,DSL,Yes,Male,31,No,California,Inverness
2725-IWWBA,Stayed,No,44,4258,56.90,4328.80,4,One Year,Credit Card,Offer B,DSL,Yes,Male,52,No,California,El Cajon
2725-KXXWT,Churned,Yes,86,5460,90.75,113.81,3,Month-to-Month,Bank Withdrawal,Offer E,Fiber Optic,No,Male,26,No,California,Vallejo
2725-TTRIQ,Stayed,No,69,5598,84.20,8711.03,3,Two Year,Bank Withdrawal,Offer A,Cable,Yes,Female,45,No,California,Menifee
2729-VNVAP,Stayed,No,42,2635,19.80,1054.18,4,Two Year,Credit Card,No Offer,No Internet Service,No,Female,35,No,California,Vallejo
2731-GJRDG,Stayed,No,72,5076,109.55,3755.52,3,One Year,Bank Withdrawal,No Offer,Fiber Optic,Yes,Female,55,No,California,Corona
2732-ISEZX,Stayed,No,53,5263,20.50,227.35,3,Month-to-Month,Credit Card,No Offer,No Internet Service,No,Female,44,No,California,Pacific Grove
2737-WFVYW,Churned,Yes,74,4566,45.25,95.50,1,Month-to-Month,Bank Withdrawal,No Offer,DSL,No,Female,28,No,California,Marina Del Rey
2737-YNGYW,Churned,Yes,69,2856,80.55,251.88,3,Month-to-Month,Bank Withdrawal,Offer E,Fiber Optic,No,Female,29,No,California,Hemet
2739-CACDQ,Stayed,No,26,3754,82.65,1488.07,4,One Year,Credit Card,Offer D,Fiber Optic,No,Female,79,Yes,California,La Jolla
2739-CCZMB,Stayed,No,60,3161,20.35,162.05,4,Month-to-Month,Credit Card,No Offer,No Internet Service,No,Male,39,No,California,Alleghany
2740-JFBOK,Stayed,No,71,5299,24.00,256.65,5,Month-to-Month,Bank Withdrawal,Offer D,No Internet Service,No,Male,35,No,California,Lakewood
2740-TVLFN,Joined,No,80,3043,50.15,90.02,3,Month-to-Month,Bank Withdrawal,Offer E,DSL,No,Male,42,No,California,Manteca
2746-DIJLO,Stayed,No,46,2994,56.30,3859.27,5,One Year,Credit Card,Offer B,DSL,No,Female,40,No,California,Harbor City
2748-MYRVK,Churned,Yes,71,4776,99.90,6664.94,3,One Year,Bank Withdrawal,Offer B,Fiber Optic,No,Female,22,No,California,Fresno
2749-CTKAJ,Stayed,No,72,2173,20.15,1477.22,5,One Year,Credit Card,No Offer,No Internet Service,No,Male,37,No,California,Long Beach
2750-BJLSB,Stayed,No,20,4543,103.70,4845.75,4,One Year,Bank Withdrawal,Offer B,Fiber Optic,Yes,Female,32,No,California,Rancho Santa Fe
2753-JMMCV,Stayed,No,39,4774,74.20,6250.60,3,Two Year,Credit Card,Offer B,DSL,Yes,Male,41,No,California,Paso Robles
2754-SDJRD,Stayed,No,42,5157,100.15,1227.43,4,Two Year,Credit Card,Offer E,Fiber Optic,Yes,Female,74,Yes,California,Somis
2754-VDLTR,Churned,Yes,69,4922,95.20,1286.70,2,Month-to-Month,Bank Withdrawal,Offer D,Fiber Optic,No,Male,54,No,California,Greenview
2754-XBHTB,Churned,Yes,96,3847,77.65,920.07,2,Month-to-Month,Bank Withdrawal,No Offer,Fiber Optic,No,Female,40,No,California,Amador City
2758-RNWXS,Stayed,No,39,4446,89.20,4987.65,4,One Year,Bank Withdrawal,Offer C,Fiber Optic,Yes,Male,60,No,California,Oceanside
2761-OCIAX,Churned,Yes,81,2803,74.70,178.42,2,Month-to-Month,Bank Withdrawal,No Offer,Fiber Optic,No,Male,74,Yes,California,Palo Cedro
2761-XECQW,Stayed,No,68,2560,43.35,371.40,3,Two Year,Credit Card,No Offer,Cable,No,Male,67,Yes,California,Glenhaven
2770-NSVDG,Stayed,No,33,4636,29.10,688.00,3,Month-to-Month,Bank Withdrawal,Offer C,DSL,No,Male,25,No,California,San Jose
2773-MADBQ,Stayed,No,40,2751,53.10,1901.25,3,Two Year,Credit Card,No Offer,Cable,Yes,Female,46,No,California,Long Beach
2773-OVBPK,Stayed,No,59,4469,111.30,8985.11,3,Two Year,Bank Withdrawal,Offer A,Fiber Optic,Yes,Male,60,No,California,Orange
2774-LVQUS,Churned,Yes,70,2596,83.05,2030.25,3,Month-to-Month,Bank Withdrawal,No Offer,Fiber Optic,Yes,Female,65,Yes,California,Temecula
2775-SEFEE,Stayed,No,65,5188,61.90,918.50,4,Two Year,Bank Withdrawal,No Offer,DSL,Yes,Male,56,No,California,Wilmington
2777-PHDEI,Churned,Yes,91,3458,78.05,117.46,1,Month-to-Month,Bank Withdrawal,No Offer,Fiber Optic,No,Female,20,No,California,Ahwahnee
2778-OCLGR,Churned,Yes,89,4591,39.10,971.30,1,Month-to-Month,Bank Withdrawal,No Offer,DSL,No,Male,75,Yes,California,Soda Springs
2782-JEEBU,Stayed,No,64,3378,36.00,780.15,4,Month-to-Month,Credit Card,No Offer,DSL,Yes,Male,39,No,California,Los Molinos
2782-LFZVW,Stayed,No,21,3880,58.95,941.87,4,Month-to-Month,Credit Card,Offer D,Cable,No,Female,52,No,California,Costa Mesa
2786-GCDPI,Stayed,No,39,5570,104.95,6104.85,5,Month-to-Month,Bank Withdrawal,Offer B,Fiber Optic,Yes,Female,75,Yes,California,Pioneertown
2788-CJQAQ,Stayed,No,37,3799,19.45,560.23,5,One Year,Mailed Check,Offer D,No Internet Service,No,Male,39,No,California,Winton
2789-CZANW,Stayed,No,45,5574,110.30,8351.54,3,Two Year,Bank Withdrawal,Offer B,Fiber Optic,Yes,Female,49,No,California,Dublin
2789-HQBOU,Joined,No,51,4203,80.35,402.69,5,Month-to-Month,Bank Withdrawal,Offer E,Fiber Optic,No,Male,60,No,California,Bakersfield
2790-XUYMV,Stayed,No,48,4777,85.45,8293.14,4,One Year,Credit Card,No Offer,Fiber Optic,No,Male,19,No,California,Mount Hamilton
2791-SFVEW,Stayed,No,27,3772,20.15,551.26,4,Month-to-Month,Bank Withdrawal,Offer E,No Internet Service,No,Female,63,No,California,Los Angeles
2792-LSHWX,Joined,No,26,5960,83.40,126.46,3,Month-to-Month,Credit Card,No Offer,Fiber Optic,Yes,Female,49,No,California,Fremont
2792-VPPET,Joined,No,35,5296,20.50,187.98,5,Month-to-Month,Bank Withdrawal,No Offer,No Internet Service,No,Male,28,No,California,San Gabriel
2794-XIMMO,Churned,Yes,91,5650,60.45,3184.25,2,One Year,Bank Withdrawal,No Offer,DSL,Yes,Male,61,No,California,Rancho Cucamonga
2796-NNUFI,Stayed,No,80,5480,19.95,2328.72,5,Two Year,Credit Card,No Offer,No Internet Service,No,Female,56,No,California,Palos Verdes Peninsula
2796-UUZZO,Stayed,No,66,5157,80.30,6125.79,4,Month-to-Month,Credit Card,Offer B,Fiber Optic,No,Male,30,No,California,Redding
2798-NYLMZ,Stayed,No,58,4111,108.55,9885.87,3,Two Year,Credit Card,Offer A,Fiber Optic,Yes,Male,29,No,California,Los Banos
2799-ARNLO,Stayed,No,41,5437,69.35,389.40,4,One Year,Bank Withdrawal,Offer E,Fiber Optic,No,Female,67,Yes,California,Bonsall
2799-TSLAG,Stayed,No,51,4533,25.30,3960.50,4,Two Year,Bank Withdrawal,No Offer,No Internet Service,No,Female,25,No,California,Irvine
2800-QQUSO,Stayed,No,33,3286,100.30,5301.93,5,Month-to-Month,Bank Withdrawal,No Offer,Fiber Optic,Yes,Male,48,No,California,Riverside
2800-VEQXM,Joined,No,21,3319,74.75,236.76,3,Month-to-Month,Mailed Check,No Offer,Fiber Optic,No,Female,48,No,California,Lebec
2801-NISEI,Stayed,No,55,3407,54.95,2070.18,3,Month-to-Month,Bank Withdrawal,No Offer,DSL,Yes,Male,28,No,California,Mt Baldy
2804-ETQDK,Stayed,No,74,4101,20.55,2701.54,4,Two Year,Credit Card,No Offer,No Internet Service,No,Male,57,No,California,Ventura
2805-AUFQN,Stayed,No,20,3875,19.80,823.45,3,Two Year,Credit Card,Offer C,No Internet Service,No,Female,42,No,California,Traver
2805-EDJPQ,Stayed,No,68,5926,99.75,6758.08,4,One Year,Credit Card,No Offer,Fiber Optic,Yes,Female,45,No,California,San Diego
2806-MLNTI,Stayed,No,47,4621,105.10,6892.20,4,One Year,Bank Withdrawal,No Offer,Fiber Optic,No,Male,79,Yes,California,White Water
2808-CHTDM,Stayed,No,67,2267,25.10,1436.23,5,Two Year,Mailed Check,No Offer,No Internet Service,No,Female,47,No,California,Los Angeles
2809-ILCYT,Stayed,No,78,3428,26.80,823.55,5,One Year,Credit Card,No Offer,No Internet Service,No,Female,56,No,California,Sequoia National Park
2809-ZMYOQ,Stayed,No,72,4341,101.35,4663.86,5,Month-to-Month,Bank Withdrawal,No Offer,Fiber Optic,No,Female,33,No,California,Camptonville
2810-FTLEM,Churned,Yes,69,4254,50.15,990.41,2,Month-to-Month,Bank Withdrawal,No Offer,DSL,No,Female,21,No,California,Los Angeles
2811-POVEX,Stayed,No,70,3937,88.45,2177.24,5,Two Year,Bank Withdrawal,No Offer,Fiber Optic,No,Female,74,Yes,California,Live Oak
2812-ENYMO,Stayed,No,54,4296,54.55,1362.85,4,One Year,Credit Card,Offer C,Cable,Yes,Male,22,No,California,Orick
2812-REYAT,Stayed,No,72,5579,20.05,2006.00,5,One Year,Bank Withdrawal,No Offer,No Internet Service,No,Female,56,No,California,Chilcoot
2812-SFXMJ,Joined,No,27,4221,20.05,27.71,3,Month-to-Month,Credit Card,No Offer,No Internet Service,No,Male,46,No,California,Hat Creek
2815-CPTUL,Churned,Yes,89,3684,70.25,330.77,2,Month-to-Month,Credit Card,No Offer,Fiber Optic,No,Male,68,Yes,California,Gasquet
2817-LVCPP,Stayed,No,41,6233,19.40,1654.95,5,Two Year,Credit Card,No Offer,No Internet Service,No,Female,36,No,California,Sacramento
2817-NTQDO,Churned,Yes,74,4856,45.55,597.00,3,Month-to-Month,Credit Card,Offer D,DSL,Yes,Male,52,No,California,Huntington Beach
2819-GWENI,Stayed,No,41,2987,19.90,1156.48,4,One Year,Credit Card,Offer C,No Internet Service,No,Female,64,No,California,Hayward
2821-WARNZ,Stayed,No,34,4170,19.45,3157.66,5,One Year,Credit Card,No Offer,No Internet Service,No,Female,25,No,California,Buena Park
2823-LKABH,Stayed,No,60,4524,95.05,1774.31,4,Month-to-Month,Bank Withdrawal,No Offer,Fiber Optic,Yes,Female,51,No,California,Rancho Mirage
2824-DXNKN,Stayed,No,30,5656,71.45,7833.13,3,Two Year,Bank Withdrawal,Offer A,Cable,No,Female,26,No,California,Santa Cruz
2824-MYYBN,Stayed,No,29,2969,95.25,3373.35,4,Month-to-Month,Bank Withdrawal,No Offer,Fiber Optic,No,Female,43,No,California,Bakersfield
2826-DXLQO,Stayed,No,69,2587,29.80,208.62,3,One Year,Bank Withdrawal,Offer E,DSL,No,Male,80,Yes,California,El Cerrito
2826-UWHIS,Stayed,No,55,5602,81.40,3847.40,5,Month-to-Month,Bank Withdrawal,Offer B,Fiber Optic,No,Male,64,No,California,Sequoia National Park
2828-SLQPF,Stayed,No,62,4519,45.00,1404.18,3,Month-to-Month,Bank Withdrawal,No Offer,DSL,No,Male,53,No,California,San Marino
2829-HYVZP,Stayed,No,69,5696,19.80,1909.68,4,One Year,Credit Card,No Offer,No Internet Service,No,Male,42,No,California,Fairfax
2830-LEWOA,Stayed,No,28,4079,103.90,9077.03,5,One Year,Credit Card,Offer B,Fiber Optic,Yes,Male,37,No,California,Jamestown
2831-EBWRN,Stayed,No,39,3200,45.90,335.47,3,Month-to-Month,Bank Withdrawal,Offer E,Cable,No,Male,46,No,California,Altadena
2832-KJCRD,Stayed,No,47,2511,103.65,5038.60,5,Month-to-Month,Bank Withdrawal,Offer C,Fiber Optic,Yes,Female,22,No,California,Los Angeles
2832-SCUCO,Joined,No,40,2822,19.90,111.20,4,Month-to-Month,Bank Withdrawal,Offer E,No Internet Service,No,Female,52,No,California,Kirkwood
2833-SLKDQ,Churned,Yes,91,4094,45.05,93.08,1,Month-to-Month,Credit Card,No Offer,Cable,No,Male,23,No,California,Caspar
2834-JKOOW,Stayed,No,51,3572,45.90,677.18,3,One Year,Credit Card,Offer D,DSL,Yes,Female,60,No,California,Gerber
2834-JRTUA,Churned,Yes,81,5200,108.05,11040.97,1,Two Year,Bank Withdrawal,Offer A,Fiber Optic,Yes,Male,30,No,California,Martinez
2834-SPCJV,Churned,Yes,75,6216,84.10,6343.89,1,Month-to-Month,Bank Withdrawal,No Offer,Fiber Optic,No,Male,40,No,California,Rough And Ready
2839-RFSQE,Churned,Yes,83,3845,20.65,88.12,2,Month-to-Month,Mailed Check,Offer E,No Internet Service,No,Female,60,No,California,Rancho Mirage
2840-XANRC,Churned,Yes,73,2212,93.15,2617.45,2,Month-to-Month,Bank Withdrawal,Offer C,Cable,No,Male,77,Yes,California,San Diego
2842-BCQGE,Stayed,No,33,4898,75.35,4006.78,5,Month-to-Month,Credit Card,Offer B,Fiber Optic,No,Male,39,No,California,San Diego
2842-JTCCU,Churned,Yes,72,4662,46.05,149.73,3,Month-to-Month,Bank Withdrawal,Offer E,Cable,No,Male,27,No,California,Hopland
2843-CQMEG,Stayed,No,38,2911,49.70,1307.53,3,Month-to-Month,Mailed Check,Offer C,Cable,No,Male,21,No,California,San Diego
2845-AFFTX,Churned,Yes,76,4726,99.80,5175.38,1,Month-to-Month,Bank Withdrawal,No Offer,Fiber Optic,No,Male,78,Yes,California,Westport
2845-HSJCY,Churned,Yes,78,4786,87.25,1667.12,2,Month-to-Month,Bank Withdrawal,No Offer,Fiber Optic,No,Female,49,No,California,Fallbrook
2845-KDHVX,Stayed,No,31,5425,68.30,5869.36,5,Two Year,Credit Card,No Offer,DSL,Yes,Female,57,No,California,Sheridan
2848-YXSMW,Stayed,No,23,5234,19.40,4927.25,5,Two Year,Credit Card,Offer A,No Internet Service,No,Male,38,No,California,Torrance
2851-MMUTZ,Stayed,No,69,3056,56.15,1474.72,3,Month-to-Month,Mailed Check,No Offer,Cable,Yes,Female,29,No,California,Tahoe Vista
2851-STERV,Stayed,No,59,2715,73.00,2577.65,4,One Year,Bank Withdrawal,No Offer,DSL,Yes,Male,79,Yes,California,Descanso
2853-CWQFQ,Joined,No,47,5824,59.55,100.94,3,Month-to-Month,Credit Card,No Offer,Cable,Yes,Male,20,No,California,Eureka
2856-HYAPG,Churned,Yes,91,3052,68.65,81.05,2,Month-to-Month,Bank Withdrawal,Offer E,Fiber Optic,No,Female,62,No,California,Platina
2856-NNASM,Churned,Yes,73,3802,89.55,5538.91,1,Month-to-Month,Mailed Check,No Offer,Fiber Optic,No,Male,74,Yes,California,Santa Rosa
2858-EIMXH,Stayed,No,65,5325,95.85,6592.17,3,One Year,Credit Card,No Offer,Fiber Optic,No,Female,69,Yes,California,Vallejo
2858-MOFSQ,Churned,Yes,76,5472,55.85,1350.77,2,One Year,Mailed Check,No Offer,DSL,No,Female,50,No,California,Rio Oso
2860-RANUS,Churned,Yes,75,3336,85.80,2313.30,1,Month-to-Month,Credit Card,Offer D,Fiber Optic,No,Female,67,Yes,California,Mc Kittrick
2862-JVEOY,Stayed,No,41,5322,19.15,187.64,5,One Year,Credit Card,No Offer,No Internet Service,No,Male,33,No,California,Loma Mar
2862-PFNIK,Joined,No,29,3518,24.70,24.70,4,Month-to-Month,Bank Withdrawal,No Offer,Cable,No,Male,47,No,California,San Leandro
2863-IMQDR,Stayed,No,48,6149,89.65,6739.15,3,Two Year,Bank Withdrawal,No Offer,DSL,Yes,Female,52,No,California,San Diego
2865-TCHJW,Churned,Yes,74,5808,89.20,539.60,1,Month-to-Month,Bank Withdrawal,No Offer,Cable,No,Female,74,Yes,California,Anaheim
2866-IKBTM,Joined,No,80,3968,19.55,60.18,4,Month-to-Month,Credit Card,No Offer,No Internet Service,No,Female,57,No,California,Dana Point
2867-UIMSS,Churned,Yes,85,2734,80.50,116.27,1,Month-to-Month,Bank Withdrawal,No Offer,Fiber Optic,No,Male,24,No,California,Vernalis
2868-LLSKM,Stayed,No,43,5958,83.65,6770.33,4,One Year,Bank Withdrawal,Offer A,Fiber Optic,Yes,Female,50,No,California,Escondido
2868-MZAGQ,Churned,Yes,83,5533,79.25,99.23,1,Month-to-Month,Bank Withdrawal,Offer E,Fiber Optic,No,Male,49,No,California,Modesto
2868-SNELZ,Churned,Yes,92,2683,80.60,166.44,1,Month-to-Month,Credit Card,No Offer,Fiber Optic,No,Female,54,No,California,San Diego
2869-ADAWR,Churned,Yes,90,4880,89.30,4607.62,2,Month-to-Month,Credit Card,Offer B,Fiber Optic,No,Female,41,No,California,Sutter Creek
2873-ZLIWT,Churned,Yes,91,5764,84.85,3384.25,2,Month-to-Month,Bank Withdrawal,Offer B,Fiber Optic,Yes,Female,64,No,California,Temecula
2874-YXVVA,Stayed,No,68,3941,105.10,3730.68,5,Month-to-Month,Bank Withdrawal,No Offer,Fiber Optic,Yes,Female,38,No,California,Herlong
2876-GZYZC,Stayed,No,58,5886,85.95,1595.38,5,Month-to-Month,Bank Withdrawal,No Offer,Fiber Optic,No,Female,49,No,California,Cerritos
2876-VBBBL,Churned,Yes,85,2783,20.25,30.96,2,Month-to-Month,Credit Card,Offer E,No Internet Service,No,Female,64,No,California,Shaver Lake
2877-VDUER,Stayed,No,78,5691,40.90,1383.60,3,One Year,Credit Card,No Offer,DSL,Yes,Female,36,No,California,Camp Nelson
2878-DHMIN,Stayed,No,30,2334,19.90,1514.05,3,One Year,Bank Withdrawal,No Offer,No Internet Service,No,Male,63,No,California,Sacramento
2878-RMWXY,Stayed,No,66,4680,102.65,9602.30,3,Two Year,Credit Card,No Offer,Fiber Optic,No,Male,75,Yes,California,Temecula
2880-FPNAE,Joined,No,32,3170,74.20,154.68,4,Two Year,Bank Withdrawal,Offer E,Fiber Optic,No,Male,69,Yes,California,Van Nuys
2882-DDZPG,Stayed,No,76,4862,19.45,657.17,4,Month-to-Month,Bank Withdrawal,No Offer,No Internet Service,No,Female,27,No,California,San Carlos
2882-WDTBA,Stayed,No,75,5839,75.75,8446.92,4,Two Year,Bank Withdrawal,Offer A,Cable,Yes,Male,64,No,California,Willows
2883-ILGWO,Stayed,No,75,5838,104.90,7833.10,5,Two Year,Bank Withdrawal,No Offer,Fiber Optic,Yes,Male,68,Yes,California,Compton
2884-GBPFB,Churned,Yes,79,5413,70.30,2861.60,3,Month-to-Month,Bank Withdrawal,Offer C,Fiber Optic,No,Female,61,No,California,Morro Bay
2885-HIJDH,Stayed,No,49,4667,86.90,8012.25,3,Two Year,Bank Withdrawal,No Offer,DSL,Yes,Male,47,No,California,Tecate
2886-KEFUM,Churned,Yes,96,6144,107.50,7055.34,3,One Year,Bank Withdrawal,No Offer,Fiber Optic,No,Female,50,No,California,Big Bend
2887-JPYLU,Stayed,No,42,4418,45.20,3438.44,5,Month-to-Month,Bank Withdrawal,No Offer,DSL,No,Female,58,No,California,Stinson Beach
2888-ADFAO,Stayed,No,30,2861,21.30,1227.45,4,Two Year,Bank Withdrawal,No Offer,No Internet Service,No,Female,47,No,California,Palmdale
2889-FPWRM,Churned,Yes,91,4432,117.80,11195.44,2,One Year,Bank Withdrawal,No Offer,Fiber Optic,Yes,Male,31,No,California,Mckinleyville
2890-WFBHU,Stayed,No,64,6041,79.85,4900.56,3,One Year,Credit Card,Offer B,DSL,Yes,Female,26,No,California,Salyer
2892-GESUL,Stayed,No,36,2269,19.35,669.25,5,Two Year,Credit Card,No Offer,No Internet Service,No,Female,20,No,California,San Juan Capistrano
2894-QOJRX,Churned,Yes,93,5024,34.00,853.00,1,Month-to-Month,Bank Withdrawal,Offer C,Cable,No,Female,19,No,California,San Diego
2896-TBNBE,Stayed,No,26,3387,80.80,3651.55,3,One Year,Bank Withdrawal,Offer B,Fiber Optic,No,Male,46,No,California,Guadalupe
2897-DOVND,Joined,No,26,3527,69.80,179.03,3,Month-to-Month,Bank Withdrawal,No Offer,Fiber Optic,No,Male,31,No,California,Winterhaven
2898-LSJGD,Churned,Yes,74,5531,55.95,1167.05,1,One Year,Bank Withdrawal,No Offer,Cable,No,Female,30,No,California,Santa Ana
2898-MRKPI,Stayed,No,32,5570,101.05,9124.66,4,One Year,Credit Card,Offer A,Fiber Optic,No,Male,36,No,California,Ranchita
2900-PHPLN,Stayed,No,22,5209,19.55,2575.05,3,Two Year,Credit Card,Offer A,No Internet Service,No,Female,73,Yes,California,Vista
2903-YYTBW,Joined,No,48,3408,44.55,85.65,4,Month-to-Month,Bank Withdrawal,No Offer,DSL,No,Male,48,No,California,Hemet
2904-GGUAZ,Stayed,No,47,5515,84.05,7215.05,4,Two Year,Bank Withdrawal,Offer A,Fiber Optic,No,Female,24,No,California,Potrero
2905-KFQUV,Joined,No,39,5748,70.40,169.78,3,Month-to-Month,Credit Card,No Offer,Fiber Optic,No,Female,61,No,California,Moss Beach
2907-ILJBN,Stayed,No,29,4047,20.60,255.02,3,One Year,Credit Card,No Offer,No Internet Service,No,Female,21,No,California,Duarte
2908-WGAXL,Stayed,No,76,5243,24.95,3096.26,5,Two Year,Credit Card,No Offer,No Internet Service,No,Female,40,No,California,Fullerton
2908-ZTPNF,Stayed,No,50,4452,34.85,1267.20,4,Month-to-Month,Bank Withdrawal,Offer C,Cable,Yes,Female,41,No,California,Pleasanton
2911-IJORQ,Stayed,No,26,2546,90.60,4996.93,4,One Year,Bank Withdrawal,No Offer,DSL,Yes,Male,42,No,California,Stirling City
2911-UREFD,Churned,Yes,67,5632,55.90,2184.35,1,Month-to-Month,Bank Withdrawal,No Offer,DSL,No,Female,50,No,California,Santa Monica
2911-WDXMV,Stayed,No,37,5334,80.55,2146.09,5,Month-to-Month,Credit Card,Offer D,Fiber Optic,No,Male,29,No,California,Fontana
2916-BQZLN,Stayed,No,24,5157,84.75,1819.55,4,Month-to-Month,Bank Withdrawal,No Offer,Fiber Optic,No,Male,29,No,California,Reseda
2919-HBCJO,Churned,Yes,90,4580,76.65,429.96,1,Month-to-Month,Bank Withdrawal,No Offer,Fiber Optic,No,Female,36,No,California,Downieville
2920-RNCEZ,Joined,No,62,5133,69.95,81.40,3,Month-to-Month,Credit Card,No Offer,Fiber Optic,No,Male,46,No,California,Lebec
2921-XWDJH,Stayed,No,49,2768,83.45,3252.13,3,Two Year,Bank Withdrawal,No Offer,Fiber Optic,No,Female,76,Yes,California,Glendale
2923-ARZLG,Stayed,No,69,4890,19.70,659.84,5,One Year,Credit Card,Offer E,No Internet Service,No,Male,38,No,California,La Verne
2924-KHUVI,Stayed,No,61,4847,100.55,8141.35,3,One Year,Bank Withdrawal,No Offer,Fiber Optic,No,Male,28,No,California,Orland
2925-MXLSX,Stayed,No,30,4403,68.95,2717.90,5,One Year,Credit Card,Offer C,DSL,No,Female,37,No,California,Chula Vista
2925-VDZHY,Stayed,No,46,4641,88.70,8562.71,4,Two Year,Credit Card,Offer A,DSL,Yes,Male,64,No,California,Sonora
2926-JEJJC,Stayed,No,38,5066,20.20,183.11,4,One Year,Bank Withdrawal,No Offer,No Internet Service,No,Female,26,No,California,Angelus Oaks
2927-CVULT,Stayed,No,43,4190,104.05,7069.48,3,Two Year,Bank Withdrawal,Offer B,Fiber Optic,Yes,Female,64,No,California,Ramona
2927-QRRQV,Stayed,No,79,4120,94.65,4778.48,4,One Year,Bank Withdrawal,Offer B,Fiber Optic,No,Male,44,No,California,Scott Bar
2928-HLDBA,Stayed,No,47,5346,20.70,159.07,5,Month-to-Month,Credit Card,Offer E,No Internet Service,No,Female,31,No,California,Cypress
2929-ERCFZ,Churned,Yes,80,2939,94.20,1087.94,1,Month-to-Month,Bank Withdrawal,Offer E,Fiber Optic,No,Female,22,No,California,Independence
2929-QNSRW,Churned,Yes,90,4886,98.25,6731.31,1,One Year,Bank Withdrawal,No Offer,Fiber Optic,No,Female,21,No,California,San Diego
2930-UOTMB,Churned,Yes,68,4403,65.25,3079.64,1,Month-to-Month,Credit Card,Offer C,Cable,Yes,Female,29,No,California,Riverside
2931-FSOHN,Stayed,No,58,5254,59.90,1437.05,5,Month-to-Month,Bank Withdrawal,No Offer,DSL,No,Male,76,Yes,California,Napa
2931-SVLTV,Stayed,No,39,2283,110.10,4929.10,3,Month-to-Month,Credit Card,Offer B,Fiber Optic,Yes,Male,59,No,California,Vallejo
2931-VUVJN,Stayed,No,30,5061,94.05,6643.16,3,One Year,Bank Withdrawal,No Offer,Fiber Optic,Yes,Female,71,Yes,California,Murrieta
2931-XIQBR,Stayed,No,72,5905,103.05,7527.50,4,One Year,Credit Card,No Offer,Fiber Optic,Yes,Female,41,No,California,Kelseyville
2933-FILNV,Churned,Yes,91,2635,24.40,36.55,3,Month-to-Month,Credit Card,No Offer,DSL,No,Female,53,No,California,Carlsbad
2933-XEUJM,Stayed,No,63,2007,79.20,5747.98,4,Two Year,Mailed Check,Offer B,DSL,No,Female,56,No,California,Ballico
2937-FTHUR,Stayed,No,37,2466,64.80,1930.80,4,Month-to-Month,Bank Withdrawal,Offer D,DSL,No,Female,45,No,California,Cedar Glen
2946-KIQSP,Stayed,No,66,2553,33.45,1205.85,5,Month-to-Month,Credit Card,Offer C,Cable,Yes,Female,59,No,California,Fallbrook
2947-DOMLJ,Churned,Yes,82,3677,50.60,62.46,1,Month-to-Month,Credit Card,No Offer,Cable,No,Male,47,No,California,Buena Park
2951-QOQTK,Churned,Yes,72,5436,80.80,501.77,2,Month-to-Month,Credit Card,No Offer,Fiber Optic,Yes,Male,28,No,California,Sacramento
2952-QAYZF,Churned,Yes,81,2264,85.30,606.75,1,Month-to-Month,Bank Withdrawal,No Offer,Fiber Optic,No,Male,30,No,California,Sacramento
2954-PIBKO,Stayed,No,62,5128,64.15,7045.82,3,Two Year,Credit Card,No Offer,Cable,Yes,Female,64,No,California,Los Angeles
2955-BJZHG,Churned,Yes,77,5174,80.85,1683.22,1,Month-to-Month,Bank Withdrawal,No Offer,Fiber Optic,No,Male,41,No,California,Apple Valley
2955-PSXOE,Churned,Yes,91,3061,20.20,63.72,2,Month-to-Month,Bank Withdrawal,No Offer,No Internet Service,No,Female,48,No,California,Topanga
2956-GGUCQ,Churned,Yes,65,3079,78.85,1821.45,1,Month-to-Month,Bank Withdrawal,No Offer,Fiber Optic,No,Male,71,Yes,California,Pioneer
2957-JIRMN,Stayed,No,60,4166,84.45,6169.39,4,One Year,Bank Withdrawal,No Offer,Fiber Optic,No,Female,69,Yes,California,Vallejo
2957-LOLHO,Churned,Yes,68,2887,45.40,652.34,3,Month-to-Month,Bank Withdrawal,No Offer,DSL,No,Male,49,No,California,Fallbrook
2958-NHPPS,Stayed,No,53,4263,20.85,1286.26,5,Month-to-Month,Bank Withdrawal,No Offer,No Internet Service,No,Male,45,No,California,Sacramento
2959-EEXWB,Stayed,No,64,3937,50.90,2333.85,3,Month-to-Month,Bank Withdrawal,Offer B,DSL,No,Female,54,No,California,Pasadena
2959-FENLU,Stayed,No,28,5850,85.30,1226.82,5,Month-to-Month,Credit Card,No Offer,Fiber Optic,No,Female,64,No,California,Los Gatos
2959-MJHIC,Churned,Yes,65,4167,80.35,437.12,1,Month-to-Month,Bank Withdrawal,No Offer,Fiber Optic,No,Male,60,No,California,Hinkley
2960-NKRSO,Stayed,No,52,5421,85.95,2335.87,3,Month-to-Month,Bank Withdrawal,No Offer,Fiber Optic,Yes,Male,60,No,California,Mad River
2961-VNFKL,Stayed,No,23,5072,25.95,3556.31,5,Two Year,Credit Card,Offer A,No Internet Service,No,Female,42,No,California,Mountain View
2962-XPMCQ,Churned,Yes,81,2699,45.15,111.44,2,Month-to-Month,Bank Withdrawal,Offer E,DSL,No,Male,56,No,California,Sacramento
2967-MXRAV,Joined,No,51,5160,18.80,62.37,3,One Year,Mailed Check,No Offer,No Internet Service,No,Male,29,No,California,Los Angeles
2968-SSGAA,Churned,Yes,77,4001,100.60,1512.30,1,Month-to-Month,Bank Withdrawal,No Offer,Fiber Optic,No,Female,41,No,California,San Francisco
2969-QWUBZ,Joined,No,58,2580,51.40,96.80,5,Month-to-Month,Bank Withdrawal,No Offer,Cable,No,Female,53,No,California,Los Altos
2969-VAPYH,Stayed,No,48,4363,60.50,6281.33,3,One Year,Credit Card,Offer A,DSL,Yes,Female,28,No,California,Fresno
2969-WGHQO,Stayed,No,54,3334,69.45,609.42,3,One Year,Bank Withdrawal,No Offer,DSL,No,Female,39,No,California,Bradley
2971-SGAFL,Stayed,No,79,5631,78.75,1544.55,4,Month-to-Month,Bank Withdrawal,Offer D,DSL,No,Female,34,No,California,Millbrae
2972-YDYUW,Stayed,No,70,4507,94.70,7688.53,4,One Year,Bank Withdrawal,No Offer,Fiber Optic,Yes,Female,47,No,California,Posey
2974-GGUXS,Stayed,No,48,3273,91.95,3690.81,5,Month-to-Month,Credit Card,Offer C,Fiber Optic,No,Female,74,Yes,California,Granite Bay
2977-CEBSX,Stayed,No,74,5813,90.05,6842.43,4,Two Year,Credit Card,No Offer,DSL,Yes,Female,61,No,California,Coachella
2978-XXSOG,Stayed,No,47,3995,59.05,1974.00,4,Month-to-Month,Credit Card,Offer D,DSL,Yes,Female,33,No,California,Doyle
2979-SXESE,Churned,Yes,66,4103,94.40,2045.63,1,Month-to-Month,Bank Withdrawal,Offer D,Cable,No,Female,57,No,California,Berkeley
2982-IHMFT,Churned,Yes,67,4291,74.45,114.06,3,Month-to-Month,Credit Card,No Offer,Fiber Optic,No,Female,75,Yes,California,San Diego
2982-VPSGI,Churned,Yes,67,2120,94.00,1361.27,1,Month-to-Month,Bank Withdrawal,Offer D,Fiber Optic,No,Female,64,No,California,South Pasadena
2983-ZANRP,Churned,Yes,90,5799,73.55,162.40,1,Month-to-Month,Bank Withdrawal,No Offer,Fiber Optic,No,Female,27,No,California,La Puente
2984-AFWNC,Joined,No,70,2813,95.40,344.18,3,Month-to-Month,Bank Withdrawal,No Offer,Fiber Optic,No,Female,52,No,California,Rough And Ready
2984-MIIZL,Churned,Yes,71,5882,74.80,350.94,1,Month-to-Month,Bank Withdrawal,No Offer,Fiber Optic,No,Male,51,No,California,Guadalupe
2984-RGEYA,Stayed,No,72,5325,19.75,1739.03,4,Two Year,Bank Withdrawal,Offer A,No Internet Service,No,Female,38,No,California,Winnetka
2984-TBYKU,Stayed,No,25,6378,104.90,10052.49,4,Two Year,Credit Card,Offer A,Fiber Optic,Yes,Male,38,No,California,Barstow
2985-FMWYF,Stayed,No,73,4861,93.50,2758.31,3,Month-to-Month,Bank Withdrawal,Offer D,Fiber Optic,No,Female,46,No,California,Myers Flat
2985-JUUBZ,Stayed,No,64,3718,74.55,3570.15,5,Month-to-Month,Bank Withdrawal,Offer B,DSL,No,Male,32,No,California,Dulzura
2987-BJXIK,Stayed,No,45,4180,84.70,7176.15,4,Two Year,Credit Card,No Offer,DSL,No,Female,44,No,California,Tulare
2988-GBIVW,Stayed,No,64,5129,90.85,9165.10,4,Two Year,Bank Withdrawal,No Offer,Fiber Optic,No,Female,68,Yes,California,Knights Landing
2988-PLAHS,Joined,No,67,2754,69.95,338.98,5,One Year,Bank Withdrawal,Offer E,Cable,No,Female,58,No,California,Sierraville
2988-QRAJY,Stayed,No,30,5798,110.05,7801.58,3,Two Year,Credit Card,Offer A,Fiber Optic,No,Male,27,No,California,Santa Rosa
2990-HWIML,Churned,Yes,82,2898,89.50,860.82,1,Month-to-Month,Bank Withdrawal,Offer E,Fiber Optic,No,Female,58,No,California,Ontario
2990-IAJSV,Stayed,No,68,4200,92.00,9902.27,3,Two Year,Bank Withdrawal,No Offer,Cable,Yes,Male,55,No,California,San Francisco
2990-OGYTD,Stayed,No,31,5037,86.15,6098.25,5,Two Year,Bank Withdrawal,Offer A,DSL,Yes,Female,41,No,California,Fullerton
2995-UPRYS,Churned,Yes,69,5098,99.20,4852.60,3,One Year,Credit Card,No Offer,Fiber Optic,Yes,Female,74,Yes,California,Long Beach
2995-YWTCD,Stayed,No,79,5396,24.90,1067.72,3,Two Year,Bank Withdrawal,No Offer,No Internet Service,No,Female,20,No,California,Browns Valley
2996-XAUVF,Stayed,No,57,5055,40.05,2799.75,5,Two Year,Mailed Check,Offer A,DSL,Yes,Male,25,No,California,Needles
2999-AANRQ,Stayed,No,56,5138,71.05,2012.29,4,Two Year,Credit Card,No Offer,DSL,Yes,Female,23,No,California,Sacramento
3001-CBHLQ,Churned,Yes,79,3966,104.90,4710.14,1,Month-to-Month,Bank Withdrawal,Offer C,Fiber Optic,Yes,Male,76,Yes,California,Angels Camp
3001-UNBTL,Stayed,No,58,3733,103.95,4396.24,4,Month-to-Month,Bank Withdrawal,Offer C,Fiber Optic,No,Male,69,Yes,California,Burbank
3002-WQZWT,Stayed,No,55,3982,74.20,2468.27,5,Month-to-Month,Bank Withdrawal,Offer C,Fiber Optic,No,Female,25,No,California,Murrieta
3003-CMDUU,Stayed,No,52,3273,95.15,3220.95,3,Month-to-Month,Bank Withdrawal,No Offer,Fiber Optic,Yes,Female,22,No,California,Santa Paula
3005-NFMTA,Churned,Yes,69,5543,98.80,6108.90,2,Month-to-Month,Bank Withdrawal,Offer B,Fiber Optic,No,Male,73,Yes,California,Valencia
3005-TYFRD,Stayed,No,46,4768,103.65,7527.95,5,Month-to-Month,Credit Card,Offer B,Fiber Optic,No,Female,54,No,California,Tollhouse
3006-XIMLN,Churned,Yes,79,5299,94.20,279.58,2,Month-to-Month,Bank Withdrawal,No Offer,Fiber Optic,No,Female,34,No,California,Garden Valley
3007-FDPEA,Joined,No,46,2107,20.70,67.63,4,Month-to-Month,Bank Withdrawal,No Offer,No Internet Service,No,Female,28,No,California,Fallbrook
3009-JWMPU,Churned,Yes,92,5016,96.75,7529.08,2,One Year,Bank Withdrawal,Offer B,Fiber Optic,No,Male,58,No,California,Five Points
3011-WQKSZ,Stayed,No,31,5188,20.00,835.45,3,Month-to-Month,Bank Withdrawal,Offer D,No Internet Service,No,Male,41,No,California,Foresthill
3012-VFFMN,Stayed,No,74,4058,20.65,194.02,3,Month-to-Month,Credit Card,No Offer,No Internet Service,No,Female,61,No,California,Richvale
3014-WJKSM,Stayed,No,40,4910,75.30,2360.55,4,Month-to-Month,Credit Card,No Offer,Fiber Optic,No,Male,26,No,California,San Luis Obispo
3016-KSVCP,Stayed,No,62,3664,33.75,1009.25,3,Month-to-Month,Credit Card,Offer C,DSL,No,Male,47,No,California,Rancho Palos Verdes
3018-TFTSU,Churned,Yes,76,2850,81.70,1079.16,1,Month-to-Month,Bank Withdrawal,Offer D,Fiber Optic,No,Male,44,No,California,Hathaway Pines
3021-VLNRJ,Stayed,No,34,4798,70.80,5354.15,4,One Year,Credit Card,Offer B,DSL,Yes,Female,25,No,California,Encino
3022-BEXHZ,Stayed,No,71,6060,111.20,10275.12,4,Two Year,Bank Withdrawal,No Offer,Fiber Optic,Yes,Male,19,No,California,Sonoma
3023-GFLBR,Churned,Yes,66,3336,86.15,3218.92,2,Month-to-Month,Credit Card,No Offer,Fiber Optic,No,Female,63,No,California,San Bernardino
3026-ATZYV,Stayed,No,64,4131,75.10,2700.24,3,One Year,Bank Withdrawal,Offer C,Cable,No,Female,32,No,California,Riverside
3027-YNWZU,Stayed,No,61,5538,25.00,2020.64,5,Two Year,Credit Card,Offer B,No Internet Service,No,Female,44,No,California,San Ramon
3027-ZTDHO,Churned,Yes,80,5951,89.90,122.75,1,Month-to-Month,Bank Withdrawal,Offer E,Fiber Optic,No,Male,21,No,California,Fresno
3030-YDNRM,Stayed,No,40,5514,74.85,665.09,4,Month-to-Month,Bank Withdrawal,Offer E,Fiber Optic,No,Male,64,No,California,Pasadena
3030-YZADT,Churned,Yes,66,5023,44.95,466.92,1,Month-to-Month,Mailed Check,Offer E,DSL,No,Male,57,No,California,Grass Valley
3030-ZKIWL,Joined,No,21,2798,20.05,38.20,5,Month-to-Month,Credit Card,No Offer,No Internet Service,No,Male,23,No,California,Lake Isabella
3034-ZBEQN,Churned,Yes,90,5995,34.70,1604.50,2,One Year,Mailed Check,No Offer,DSL,No,Female,31,No,California,La Puente
3038-PQIUY,Stayed,No,78,4933,66.15,3287.72,4,Month-to-Month,Bank Withdrawal,No Offer,DSL,No,Female,39,No,California,Dulzura
3039-MJSLN,Joined,No,46,3594,20.20,105.89,3,Month-to-Month,Bank Withdrawal,No Offer,No Internet Service,No,Male,36,No,California,Cressey
3043-SUDUA,Stayed,No,29,4374,19.90,1098.51,3,Month-to-Month,Bank Withdrawal,Offer C,No Internet Service,No,Female,35,No,California,West Sacramento
3043-TYBNO,Joined,No,22,2111,60.65,264.37,5,Month-to-Month,Credit Card,No Offer,DSL,Yes,Male,43,No,California,Kneeland
3045-XETSH,Churned,Yes,90,3074,94.85,1386.05,3,Month-to-Month,Bank Withdrawal,No Offer,Fiber Optic,No,Female,34,No,California,Lake Hughes
3049-NDXFL,Churned,Yes,89,2850,85.80,120.27,3,Month-to-Month,Credit Card,Offer E,Fiber Optic,No,Female,30,No,California,San Diego
3049-SOLAY,Churned,Yes,86,4176,95.20,382.63,1,Month-to-Month,Bank Withdrawal,No Offer,Fiber Optic,No,Female,21,No,California,San Diego
3050-GBUSH,Joined,No,67,2496,34.80,113.95,4,Month-to-Month,Credit Card,No Offer,DSL,No,Female,25,No,California,Burlingame
3050-RLLXC,Stayed,No,62,5907,81.25,6070.80,4,Two Year,Credit Card,Offer B,Cable,Yes,Female,51,No,California,Kyburz
3055-MJDSB,Stayed,No,49,2323,24.60,190.10,5,Month-to-Month,Mailed Check,Offer E,DSL,No,Male,24,No,California,Planada
3055-OYMSE,Stayed,No,45,6469,73.80,4891.07,3,Month-to-Month,Credit Card,No Offer,Fiber Optic,No,Female,75,Yes,California,Saratoga
3055-VTCGS,Stayed,No,63,6312,58.55,5228.44,3,One Year,Credit Card,Offer B,DSL,No,Female,35,No,California,Whittier
3057-VJJQE,Stayed,No,24,5498,55.25,2637.75,3,Two Year,Credit Card,No Offer,DSL,No,Male,64,No,California,Yorba Linda
3058-HJCUY,Churned,Yes,84,2098,102.60,6056.65,1,One Year,Bank Withdrawal,Offer B,Fiber Optic,Yes,Male,36,No,California,Rancho Cordova
3058-WQDRE,Stayed,No,53,4943,25.15,283.26,5,Month-to-Month,Bank Withdrawal,Offer D,Cable,No,Male,37,No,California,Branscomb
3059-NGMXB,Stayed,No,24,2871,69.20,986.09,3,Month-to-Month,Credit Card,Offer D,DSL,No,Male,52,No,California,San Jose
3061-BCKYI,Stayed,No,34,3854,19.90,892.75,3,Month-to-Month,Credit Card,Offer D,No Internet Service,No,Male,27,No,California,Thousand Palms
3062-ICYZQ,Stayed,No,20,5457,93.80,5928.08,3,Month-to-Month,Bank Withdrawal,No Offer,Fiber Optic,No,Female,41,No,California,Oak Park
3063-QFSZL,Churned,Yes,70,2294,55.40,68.41,1,Month-to-Month,Bank Withdrawal,Offer E,Cable,No,Female,37,No,California,San Jose
3066-RRJIO,Churned,Yes,65,5341,69.95,82.99,3,Month-to-Month,Credit Card,Offer E,Fiber Optic,No,Female,29,No,California,San Francisco
3067-SVMTC,Stayed,No,77,5160,55.90,6914.52,3,One Year,Bank Withdrawal,No Offer,Cable,Yes,Female,49,No,California,Imperial
3068-OMWZA,Churned,Yes,91,3106,88.80,148.40,1,Month-to-Month,Bank Withdrawal,No Offer,Fiber Optic,No,Male,77,Yes,California,Round Mountain
3069-SSVSN,Joined,No,55,4467,25.85,25.85,3,One Year,Credit Card,No Offer,DSL,No,Female,50,No,California,Hilmar
3070-BDOQC,Stayed,No,41,4616,99.65,6949.65,4,Two Year,Bank Withdrawal,No Offer,Fiber Optic,No,Female,38,No,California,Sacramento
3070-DVEYC,Churned,Yes,84,5638,73.75,771.95,2,Month-to-Month,Credit Card,No Offer,Fiber Optic,No,Male,78,Yes,California,Williams
3070-FNFZQ,Stayed,No,33,4698,20.40,1389.32,4,Two Year,Bank Withdrawal,Offer D,No Internet Service,No,Female,48,No,California,Happy Camp
3071-MVJCD,Stayed,No,60,4162,82.30,9302.83,3,Two Year,Bank Withdrawal,Offer A,Cable,Yes,Male,40,No,California,Grizzly Flats
3071-VBYPO,Joined,No,22,4648,89.85,348.30,3,Month-to-Month,Bank Withdrawal,Offer E,Fiber Optic,No,Male,38,No,California,Whittier
3074-GQWYX,Churned,Yes,87,3520,75.90,592.15,2,Month-to-Month,Bank Withdrawal,No Offer,Fiber Optic,No,Male,30,No,California,San Diego
3077-RSNTJ,Stayed,No,43,4293,19.70,146.62,3,Month-to-Month,Credit Card,No Offer,No Internet Service,No,Female,29,No,California,Long Beach
3078-ZKNTS,Stayed,No,22,4314,19.75,319.24,3,Two Year,Bank Withdrawal,No Offer,No Internet Service,No,Female,45,No,California,Rancho Santa Fe
3079-BCHLN,Stayed,No,70,5394,19.90,2973.35,5,One Year,Bank Withdrawal,Offer B,No Internet Service,No,Male,26,No,California,Wishon
3082-VQXNH,Joined,No,32,5614,29.80,94.40,3,Month-to-Month,Credit Card,Offer E,DSL,No,Male,62,No,California,Hat Creek
3082-WQRVY,Stayed,No,66,2962,19.65,869.29,5,One Year,Credit Card,No Offer,No Internet Service,No,Male,73,Yes,California,Stockton
3082-YVEKW,Stayed,No,33,2572,77.15,2518.86,3,Two Year,Bank Withdrawal,No Offer,DSL,Yes,Female,62,No,California,Yucca Valley
3084-DOWLE,Stayed,No,42,6434,92.00,9701.28,3,Two Year,Bank Withdrawal,Offer A,DSL,Yes,Female,47,No,California,Citrus Heights
3085-QUOZK,Churned,Yes,76,3238,43.95,78.43,3,Month-to-Month,Credit Card,Offer E,Cable,No,Female,55,No,California,Alpine
3086-RUCRN,Stayed,No,46,6183,103.10,9442.24,3,Month-to-Month,Bank Withdrawal,Offer A,Fiber Optic,Yes,Female,33,No,California,Paicines
3088-FVYWK,Stayed,No,46,5794,25.55,3064.16,3,Two Year,Credit Card,Offer B,No Internet Service,No,Male,37,No,California,Mc Kittrick
3088-LHEFH,Stayed,No,33,3885,79.00,1039.96,3,Month-to-Month,Bank Withdrawal,Offer D,Fiber Optic,No,Female,28,No,California,Pollock Pines
3090-HAWSU,Churned,Yes,87,4495,111.60,7353.07,1,Two Year,Credit Card,No Offer,Fiber Optic,Yes,Male,44,No,California,Pasadena
3090-LETTY,Joined,No,78,3172,60.95,164.36,4,Month-to-Month,Bank Withdrawal,No Offer,DSL,No,Male,54,No,California,San Diego
3090-QFUVD,Joined,No,31,2507,20.30,24.39,5,Month-to-Month,Credit Card,No Offer,No Internet Service,No,Female,48,No,California,Reedley
3091-FYHKI,Churned,Yes,80,2301,35.45,35.45,3,Month-to-Month,Bank Withdrawal,Offer E,DSL,No,Male,64,No,California,Harbor City
3092-IGHWF,Churned,Yes,65,4421,87.40,7821.60,2,One Year,Bank Withdrawal,Offer A,Cable,No,Male,34,No,California,San Diego
3094-JOJAI,Stayed,No,49,2643,74.15,1465.84,5,Month-to-Month,Credit Card,No Offer,Fiber Optic,No,Male,63,No,California,Maxwell
3096-GKWEB,Stayed,No,40,4477,94.75,2306.96,4,Month-to-Month,Bank Withdrawal,No Offer,Fiber Optic,No,Male,42,No,California,Bakersfield
3096-IZETN,Churned,Yes,89,4741,78.10,1457.90,3,Month-to-Month,Bank Withdrawal,Offer D,Fiber Optic,No,Female,32,No,California,Lomita
3096-JRDSO,Churned,Yes,75,3444,104.30,3142.88,1,Month-to-Month,Bank Withdrawal,Offer C,Fiber Optic,Yes,Female,73,Yes,California,Fallbrook
3096-WPXBT,Stayed,No,57,4804,100.70,7222.51,3,One Year,Credit Card,Offer B,Fiber Optic,No,Female,60,No,California,Venice
3096-YXENJ,Stayed,No,25,4193,107.65,8882.70,5,Two Year,Bank Withdrawal,No Offer,Fiber Optic,Yes,Female,25,No,California,Danville
3097-FQTVJ,Stayed,No,21,5913,20.00,1223.99,4,Two Year,Mailed Check,Offer B,No Internet Service,No,Female,23,No,California,Denair
3097-IDVPU,Stayed,No,76,5749,50.10,1210.38,5,Month-to-Month,Credit Card,Offer D,DSL,No,Male,51,No,California,Los Angeles
3097-NNSPB,Churned,Yes,91,2960,49.05,160.50,1,Month-to-Month,Credit Card,Offer E,DSL,No,Female,42,No,California,Valley Ford
3097-NQYSN,Churned,Yes,78,5204,86.85,204.73,1,Month-to-Month,Credit Card,No Offer,Fiber Optic,No,Male,73,Yes,California,San Jose
3097-PYWXL,Stayed,No,26,2951,19.95,197.10,4,Month-to-Month,Bank Withdrawal,No Offer,No Internet Service,No,Female,30,No,California,New Cuyama
3099-OONVS,Stayed,No,63,3971,54.30,2246.05,4,Month-to-Month,Bank Withdrawal,Offer C,DSL,Yes,Male,34,No,California,Crockett
3104-OWCGK,Churned,Yes,76,4111,90.95,7448.40,3,One Year,Bank Withdrawal,Offer B,Fiber Optic,No,Male,21,No,California,South Dos Palos
3106-ULWFW,Churned,Yes,95,2887,85.20,838.68,1,Month-to-Month,Credit Card,Offer E,Fiber Optic,No,Female,32,No,California,Fontana
3108-PCCGG,Stayed,No,25,5856,84.45,7103.69,3,Two Year,Credit Card,Offer A,Cable,No,Male,75,Yes,California,Redwood Valley
3113-IWHLC,Stayed,No,69,2612,55.80,480.80,3,Month-to-Month,Credit Card,No Offer,DSL,No,Male,24,No,California,Strathmore
3115-CZMZD,Stayed,No,68,5504,20.25,334.10,4,Two Year,Credit Card,No Offer,No Internet Service,No,Male,24,No,California,Independence
3115-JPJDD,Stayed,No,58,4709,81.25,6385.85,3,One Year,Credit Card,No Offer,Fiber Optic,No,Female,43,No,California,Ventura
3118-UHVVQ,Stayed,No,21,4747,25.80,3075.66,4,Two Year,Credit Card,Offer A,No Internet Service,No,Female,41,No,California,Calpine
3120-FAZKD,Stayed,No,41,4039,24.05,3476.22,4,Two Year,Bank Withdrawal,Offer B,No Internet Service,No,Male,19,No,California,El Portal
3125-RAHBV,Stayed,No,55,2768,20.30,973.81,4,One Year,Credit Card,Offer D,No Internet Service,No,Male,24,No,California,Rocklin
3126-WQMGH,Stayed,No,40,5224,52.15,4026.33,4,Month-to-Month,Credit Card,No Offer,DSL,No,Female,19,No,California,Yorba Linda
3128-YOVTD,Stayed,No,64,6321,79.15,4147.58,3,Month-to-Month,Bank Withdrawal,No Offer,Fiber Optic,No,Female,29,No,California,Forbestown
3129-AAQOU,Stayed,No,44,5038,25.60,1216.07,3,Two Year,Credit Card,Offer D,No Internet Service,No,Female,50,No,California,Trabuco Canyon
3130-ICDUP,Joined,No,40,5346,80.55,198.70,4,Month-to-Month,Credit Card,No Offer,Fiber Optic,No,Female,56,No,California,Hercules
3131-NWVFJ,Stayed,No,47,5620,19.55,560.92,3,One Year,Mailed Check,No Offer,No Internet Service,No,Female,56,No,California,Pioneer
3132-TVFDZ,Churned,Yes,82,5172,44.85,2560.88,2,Month-to-Month,Bank Withdrawal,No Offer,Cable,No,Male,70,Yes,California,Glendale
3133-PZNSR,Stayed,No,46,4054,97.75,8488.48,3,Two Year,Credit Card,No Offer,Fiber Optic,Yes,Male,25,No,California,Belmont
3134-DSHVC,Stayed,No,75,5989,98.00,7706.51,4,Two Year,Credit Card,No Offer,Fiber Optic,No,Female,49,No,California,Stockton
3137-LUPIX,Stayed,No,61,3334,64.40,257.40,4,Month-to-Month,Credit Card,No Offer,Cable,Yes,Female,58,No,California,Yucca Valley
3137-NYQQI,Stayed,No,70,3546,64.80,1946.55,4,One Year,Credit Card,Offer D,DSL,No,Male,32,No,California,Palmdale
3138-BKYAV,Churned,Yes,75,4694,85.35,561.27,3,Month-to-Month,Bank Withdrawal,No Offer,Fiber Optic,No,Male,61,No,California,Kerman
3143-ILDAL,Churned,Yes,96,4830,94.45,6547.56,3,Month-to-Month,Bank Withdrawal,No Offer,Fiber Optic,Yes,Male,21,No,California,El Monte
3143-JQEGI,Churned,Yes,81,3740,88.35,1454.59,2,Month-to-Month,Bank Withdrawal,No Offer,Fiber Optic,No,Female,52,No,California,San Diego
3144-AUDBS,Churned,Yes,86,5271,49.15,312.44,1,Month-to-Month,Bank Withdrawal,Offer E,DSL,Yes,Female,59,No,California,Calexico
3144-KMTWZ,Stayed,No,63,6035,93.25,8645.21,4,Month-to-Month,Bank Withdrawal,Offer A,Fiber Optic,No,Male,40,No,California,Whittier
3146-JTQHR,Stayed,No,57,3778,19.60,582.95,5,One Year,Bank Withdrawal,Offer D,No Internet Service,No,Male,23,No,California,San Bruno
3146-MSEGF,Stayed,No,8,6102,88.05,7900.21,3,Two Year,Credit Card,Offer A,DSL,Yes,Female,71,Yes,California,Paramount
3148-AOIQT,Stayed,No,45,4106,24.95,4831.63,3,Two Year,Credit Card,No Offer,No Internet Service,No,Female,23,No,California,Sacramento
3148-BLQJT,Churned,Yes,80,5747,20.10,36.91,1,Month-to-Month,Credit Card,Offer E,No Internet Service,No,Male,33,No,California,Fallbrook
3154-CFSZG,Stayed,No,78,3291,90.05,5934.95,4,Month-to-Month,Bank Withdrawal,No Offer,Fiber Optic,No,Male,57,No,California,Modesto
3154-HMWUU,Stayed,No,63,5848,20.50,3076.20,5,Two Year,Bank Withdrawal,Offer B,No Internet Service,No,Male,28,No,California,Winters
3156-QLHBO,Joined,No,45,4725,19.25,90.71,3,Month-to-Month,Credit Card,No Offer,No Internet Service,No,Male,58,No,California,San Jose
3158-MOERK,Churned,Yes,83,3391,96.00,271.48,2,Month-to-Month,Bank Withdrawal,No Offer,Fiber Optic,No,Female,57,No,California,Hayward
3160-TYXLT,Stayed,No,63,6245,46.30,2546.85,3,Month-to-Month,Bank Withdrawal,Offer B,DSL,No,Male,37,No,California,Palmdale
3161-GETRM,Stayed,No,59,4648,90.05,3778.70,4,Month-to-Month,Credit Card,Offer C,Fiber Optic,No,Male,61,No,California,Soledad
3161-ONRWK,Stayed,No,48,4053,65.85,6542.50,3,One Year,Bank Withdrawal,Offer B,DSL,Yes,Male,35,No,California,Hydesville
3162-KKZXO,Stayed,No,64,5182,100.15,7037.75,4,One Year,Bank Withdrawal,No Offer,Fiber Optic,No,Female,75,Yes,California,Citrus Heights
3162-ZJZFU,Stayed,No,27,4700,92.55,6068.94,3,Month-to-Month,Bank Withdrawal,No Offer,Fiber Optic,Yes,Male,25,No,California,Mill Creek
3164-AALRN,Churned,Yes,77,2673,70.00,583.65,2,One Year,Credit Card,No Offer,DSL,No,Male,39,No,California,Greenwood
3164-YAXFY,Stayed,No,58,5594,53.75,3196.00,4,Month-to-Month,Bank Withdrawal,Offer B,DSL,No,Male,56,No,California,Coulterville
3165-HDOEW,Churned,Yes,73,3706,45.85,60.75,2,Month-to-Month,Credit Card,No Offer,DSL,No,Male,47,No,California,Salida
3166-PNEOF,Stayed,No,74,4471,86.45,5450.41,4,Two Year,Credit Card,Offer B,Cable,Yes,Female,57,No,California,Walnut Creek
3167-SNQPL,Stayed,No,78,4036,101.15,4817.25,5,One Year,Bank Withdrawal,No Offer,Fiber Optic,No,Male,71,Yes,California,Pine Valley
3170-GWYKC,Stayed,No,62,5926,104.95,7609.55,4,Month-to-Month,Bank Withdrawal,No Offer,Fiber Optic,Yes,Female,30,No,California,Vernalis
3170-NMYVV,Stayed,No,20,5849,20.15,2278.40,4,Two Year,Bank Withdrawal,Offer B,No Internet Service,No,Female,37,No,California,Compton
3173-NVMPX,Stayed,No,80,4291,55.30,711.44,5,Month-to-Month,Credit Card,No Offer,DSL,No,Female,51,No,California,Newport Beach
3173-WSSUE,Stayed,No,52,5921,19.70,3003.41,3,Two Year,Credit Card,No Offer,No Internet Service,No,Female,22,No,California,Canoga Park
3174-AKMAS,Stayed,No,41,4699,64.20,4712.42,4,Two Year,Credit Card,No Offer,DSL,Yes,Female,61,No,California,Hume
3174-RKMOW,Stayed,No,71,5721,109.95,5441.00,3,Month-to-Month,Bank Withdrawal,No Offer,Fiber Optic,Yes,Male,24,No,California,Glendale
3177-LASXD,Churned,Yes,77,2619,71.35,111.75,3,Month-to-Month,Bank Withdrawal,No Offer,Cable,No,Female,43,No,California,Westmorland
3178-CIFOT,Stayed,No,58,5916,19.65,717.53,3,One Year,Credit Card,Offer D,No Internet Service,No,Female,34,No,California,Amador City
3178-FESZO,Churned,Yes,91,5797,100.25,120.48,1,Month-to-Month,Credit Card,Offer E,Fiber Optic,No,Female,45,No,California,Clements
3179-GBRWV,Stayed,No,23,4604,64.95,2241.75,4,One Year,Bank Withdrawal,No Offer,DSL,No,Male,79,Yes,California,San Gabriel
3181-MIZBN,Stayed,No,68,3677,19.75,825.24,4,Month-to-Month,Bank Withdrawal,No Offer,No Internet Service,No,Male,40,No,California,Jenner
3181-VTHOE,Stayed,No,69,4042,51.05,3755.15,4,One Year,Bank Withdrawal,No Offer,DSL,Yes,Male,19,No,California,Browns Valley
3186-AJIEK,Stayed,No,38,5097,105.65,8887.86,4,Two Year,Bank Withdrawal,No Offer,Fiber Optic,Yes,Male,44,No,California,Apple Valley
3186-BAXNB,Churned,Yes,71,4319,91.70,108.93,3,Month-to-Month,Bank Withdrawal,Offer E,Fiber Optic,Yes,Female,20,No,California,Cottonwood
3190-FZATL,Stayed,No,71,5770,19.95,837.64,5,Month-to-Month,Credit Card,No Offer,No Internet Service,No,Male,49,No,California,Lakeside
3190-ITQXP,Stayed,No,58,3879,20.25,2162.25,3,Two Year,Bank Withdrawal,No Offer,No Internet Service,No,Female,42,No,California,Ceres
3190-XFANI,Churned,Yes,82,5585,100.60,5999.18,2,One Year,Bank Withdrawal,No Offer,Fiber Optic,Yes,Male,42,No,California,Happy Camp
3191-CSNMG,Joined,No,46,2081,80.70,310.61,4,Month-to-Month,Bank Withdrawal,Offer E,Fiber Optic,No,Female,57,No,California,Upland
3192-LNKRK,Stayed,No,67,3476,84.05,3102.05,3,Month-to-Month,Credit Card,No Offer,Fiber Optic,No,Male,63,No,California,San Joaquin
3192-NQECA,Churned,Yes,86,5034,110.00,8617.57,2,Two Year,Bank Withdrawal,Offer A,Fiber Optic,Yes,Male,26,No,California,Santa Monica
3194-ORPIK,Churned,Yes,80,5135,84.40,5882.65,1,Month-to-Month,Bank Withdrawal,No Offer,Fiber Optic,No,Female,59,No,California,San Diego
3195-TQDZX,Joined,No,42,4050,20.25,66.16,5,Month-to-Month,Bank Withdrawal,No Offer,No Internet Service,No,Male,19,No,California,Elk Creek
3196-NVXLZ,Stayed,No,23,4874,84.60,2327.30,3,Month-to-Month,Credit Card,Offer C,Fiber Optic,No,Female,23,No,California,Orange Cove
3197-ARFOY,Stayed,No,59,3524,105.00,2178.30,3,One Year,Mailed Check,No Offer,Fiber Optic,Yes,Female,67,Yes,California,Ontario
3197-NNYNB,Stayed,No,28,5649,105.10,8435.60,3,Two Year,Credit Card,Offer B,Fiber Optic,No,Male,47,No,California,Jolon
3198-VELRD,Churned,Yes,91,2014,84.75,379.12,1,Month-to-Month,Bank Withdrawal,No Offer,Fiber Optic,No,Female,47,No,California,Marina Del Rey
3199-NPKCN,Stayed,No,37,5649,111.25,9858.66,3,One Year,Bank Withdrawal,No Offer,Fiber Optic,Yes,Female,39,No,California,Menlo Park
3199-XGZCY,Stayed,No,74,2332,75.25,727.26,4,Month-to-Month,Bank Withdrawal,No Offer,Fiber Optic,No,Female,51,No,California,Granada Hills
3200-MNQTF,Stayed,No,80,4361,70.90,6557.12,3,Two Year,Credit Card,No Offer,DSL,Yes,Male,38,No,California,Raisin City
3205-MXZRA,Stayed,No,41,2074,59.45,1591.76,4,One Year,Credit Card,Offer C,DSL,Yes,Male,47,No,California,Standish
3207-OYBWH,Churned,Yes,86,6259,95.25,8259.33,2,Month-to-Month,Bank Withdrawal,No Offer,Fiber Optic,No,Male,74,Yes,California,Newport Beach
3208-YPIOE,Churned,Yes,96,4696,75.25,4428.28,3,Month-to-Month,Bank Withdrawal,Offer C,Fiber Optic,No,Male,64,No,California,La Mesa
3209-ZPKFI,Stayed,No,71,2320,54.25,4382.95,5,Month-to-Month,Bank Withdrawal,Offer B,DSL,No,Male,28,No,California,Borrego Springs
3211-AAPKX,Stayed,No,42,3300,98.55,2496.35,3,Month-to-Month,Mailed Check,No Offer,Fiber Optic,Yes,Male,26,No,California,Woodland
3211-ILJTT,Churned,Yes,67,4469,70.40,1446.61,1,Month-to-Month,Bank Withdrawal,No Offer,Fiber Optic,No,Male,35,No,California,Taft
3212-KXOCR,Stayed,No,66,4158,21.00,2578.80,4,Two Year,Bank Withdrawal,No Offer,No Internet Service,No,Male,62,No,California,Inglewood
3213-VVOLG,Stayed,No,49,2299,25.35,617.20,4,Two Year,Credit Card,No Offer,No Internet Service,No,Male,22,No,California,Sun City
3214-IYUUQ,Stayed,No,48,4300,93.70,6483.51,3,One Year,Bank Withdrawal,No Offer,Fiber Optic,Yes,Female,19,No,California,Pine Grove
3217-FZDMN,Churned,Yes,83,3676,94.45,784.63,1,Month-to-Month,Credit Card,Offer E,Fiber Optic,No,Female,66,Yes,California,Los Angeles
3219-JQRSL,Stayed,No,39,4627,89.10,8112.08,3,Two Year,Credit Card,No Offer,DSL,Yes,Female,70,Yes,California,Monterey Park
3221-CJMSG,Stayed,No,23,2515,51.10,1325.52,5,Month-to-Month,Credit Card,No Offer,DSL,Yes,Male,45,No,California,Mira Loma
3223-DWFIO,Stayed,No,26,4140,69.35,382.09,3,Two Year,Bank Withdrawal,No Offer,Fiber Optic,No,Male,77,Yes,California,Forks Of Salmon
3223-WZWJM,Churned,Yes,85,5869,83.95,2626.00,1,Month-to-Month,Bank Withdrawal,No Offer,Fiber Optic,No,Male,36,No,California,Petrolia
3224-DFQNQ,Stayed,No,53,4488,89.00,8365.68,3,One Year,Bank Withdrawal,No Offer,Fiber Optic,Yes,Female,59,No,California,Carmel Valley
3227-WLKLI,Stayed,No,26,4921,91.55,6621.10,3,Two Year,Bank Withdrawal,No Offer,Cable,Yes,Female,52,No,California,San Francisco
3229-USWAR,Stayed,No,26,3570,79.95,2908.18,4,One Year,Bank Withdrawal,Offer C,DSL,Yes,Female,40,No,California,San Francisco
3230-IUALN,Stayed,No,56,2934,81.00,4704.05,3,Two Year,Credit Card,No Offer,Cable,Yes,Female,41,No,California,Eureka
3230-JCNZS,Stayed,No,74,4305,99.00,8178.48,3,Two Year,Credit Card,Offer A,Fiber Optic,No,Female,43,No,California,San Francisco
3230-WYKIR,Churned,Yes,79,3306,82.00,1650.45,1,One Year,Credit Card,No Offer,DSL,Yes,Male,36,No,California,San Francisco
3234-VKACU,Joined,No,27,4799,70.30,179.44,3,Month-to-Month,Bank Withdrawal,No Offer,DSL,Yes,Male,21,No,California,Sunol
3235-ETOOB,Churned,Yes,88,3683,74.50,993.18,2,Month-to-Month,Bank Withdrawal,No Offer,Fiber Optic,No,Male,51,No,California,San Diego
3237-AJGEH,Churned,Yes,67,5122,31.00,115.05,3,Month-to-Month,Credit Card,No Offer,DSL,Yes,Female,43,No,California,Bridgeville
3239-TPHPZ,Stayed,No,74,5453,20.05,748.63,4,Two Year,Bank Withdrawal,Offer D,No Internet Service,No,Female,60,No,California,Chula Vista
3243-ZHOHY,Stayed,No,72,5052,20.10,626.55,3,One Year,Credit Card,Offer D,No Internet Service,No,Female,35,No,California,Escondido
3244-CQPHU,Stayed,No,57,5232,110.10,8718.53,4,Two Year,Bank Withdrawal,Offer A,Fiber Optic,Yes,Female,77,Yes,California,Berkeley
3244-DCJWY,Churned,Yes,89,4133,70.25,93.25,1,Month-to-Month,Bank Withdrawal,Offer E,Fiber Optic,No,Female,27,No,California,Bakersfield
3247-MHJKM,Joined,No,72,3586,20.20,62.35,3,Month-to-Month,Mailed Check,No Offer,No Internet Service,No,Male,27,No,California,Upland
3247-ZVOUO,Churned,Yes,81,3336,85.55,911.85,1,Month-to-Month,Bank Withdrawal,Offer D,Fiber Optic,No,Male,77,Yes,California,Downey
3249-VHRIP,Stayed,No,53,4507,43.60,2748.70,4,Two Year,Credit Card,Offer B,Cable,No,Female,38,No,California,Fiddletown
3249-ZPQRG,Churned,Yes,67,5048,78.45,498.29,1,Month-to-Month,Bank Withdrawal,Offer E,Fiber Optic,No,Male,28,No,California,Diamond Springs
3251-YMVWZ,Stayed,No,20,4865,24.05,3388.51,3,One Year,Bank Withdrawal,Offer B,No Internet Service,No,Male,34,No,California,San Andreas
3253-HKOKL,Stayed,No,29,4811,100.30,5659.93,3,One Year,Bank Withdrawal,No Offer,Fiber Optic,No,Female,31,No,California,Elk Grove
3254-YRILK,Churned,Yes,69,5683,88.20,2535.23,1,Month-to-Month,Bank Withdrawal,Offer D,Fiber Optic,No,Male,74,Yes,California,Dobbins
3255-GRXMG,Stayed,No,75,4403,45.65,1400.46,5,Month-to-Month,Credit Card,Offer D,DSL,No,Male,58,No,California,Playa Del Rey
3256-EZDBI,Stayed,No,80,6285,29.45,1459.35,4,Month-to-Month,Credit Card,Offer B,DSL,No,Male,71,Yes,California,Greenville
3258-SANFR,Stayed,No,30,4270,44.70,394.94,3,Month-to-Month,Credit Card,Offer E,DSL,No,Male,69,Yes,California,Big Oak Flat
3258-SYSWS,Stayed,No,56,4598,113.80,9622.04,3,Two Year,Bank Withdrawal,No Offer,Fiber Optic,Yes,Male,75,Yes,California,Lakeside
3258-ZKPAI,Stayed,No,59,5227,116.60,9843.63,3,Two Year,Bank Withdrawal,No Offer,Fiber Optic,Yes,Male,26,No,California,Sacramento
3259-FDWOY,Churned,Yes,81,4072,106.00,11084.84,3,Two Year,Bank Withdrawal,Offer A,Fiber Optic,No,Male,60,No,California,Elk Grove
3259-KNMRR,Stayed,No,79,5371,79.75,4956.90,4,Two Year,Bank Withdrawal,Offer B,DSL,No,Male,72,Yes,California,Montrose
3259-QMXUN,Stayed,No,33,5666,86.10,6284.62,3,Two Year,Bank Withdrawal,Offer B,DSL,No,Male,38,No,California,Campo Seco
3261-CQXOL,Stayed,No,37,4993,25.45,2108.00,3,Two Year,Bank Withdrawal,Offer A,No Internet Service,No,Female,33,No,California,Concord
3262-EIDHV,Stayed,No,49,6375,84.70,7686.70,4,Two Year,Credit Card,Offer A,DSL,Yes,Female,46,No,California,Inglewood
3266-FTKHB,Stayed,No,60,2717,19.15,785.04,3,Two Year,Credit Card,No Offer,No Internet Service,No,Male,35,No,California,Beale Afb
3269-ATYWD,Churned,Yes,65,4892,95.65,5544.32,1,Month-to-Month,Bank Withdrawal,Offer C,Fiber Optic,No,Male,79,Yes,California,San Francisco
3272-VUHPV,Stayed,No,21,3135,56.30,686.38,5,Month-to-Month,Bank Withdrawal,No Offer,Cable,Yes,Female,24,No,California,Whittier
3274-NSDWE,Stayed,No,68,6161,19.60,3684.97,4,Two Year,Credit Card,No Offer,No Internet Service,No,Female,37,No,California,Ivanhoe
3275-RHRNE,Stayed,No,80,2797,60.00,1682.05,5,One Year,Credit Card,No Offer,DSL,Yes,Male,58,No,California,Keeler
3276-HDUEG,Churned,Yes,78,4838,75.05,107.91,2,Month-to-Month,Mailed Check,Offer E,Fiber Optic,No,Female,23,No,California,Temecula
3278-FSIXX,Joined,No,27,5441,45.25,153.20,3,Month-to-Month,Credit Card,Offer E,Cable,No,Female,34,No,California,Blue Lake
3279-DYZQM,Stayed,No,63,5497,19.45,2180.75,4,Two Year,Mailed Check,No Offer,No Internet Service,No,Male,21,No,California,Santa Clarita
3280-MRDOF,Stayed,No,75,3415,69.10,2670.42,3,Two Year,Credit Card,No Offer,DSL,Yes,Male,69,Yes,California,Los Angeles
3280-NMUVX,Stayed,No,33,4669,19.60,1563.82,5,One Year,Credit Card,No Offer,No Internet Service,No,Male,53,No,California,Rio Vista
3282-ZISZV,Stayed,No,71,3945,83.70,3832.66,5,One Year,Credit Card,No Offer,DSL,Yes,Male,56,No,California,South El Monte
3283-WCWXT,Stayed,No,52,2882,25.40,343.68,3,Two Year,Mailed Check,Offer E,No Internet Service,No,Male,58,No,California,Los Angeles
3284-SVCRO,Stayed,No,47,3146,25.50,3025.45,3,Two Year,Credit Card,Offer B,No Internet Service,No,Female,35,No,California,Sunol
3285-UCQVC,Churned,Yes,82,4429,28.60,973.55,2,Month-to-Month,Credit Card,No Offer,DSL,Yes,Female,31,No,California,Seaside
3292-PBZEJ,Stayed,No,28,3175,111.40,1251.98,3,Two Year,Bank Withdrawal,No Offer,Fiber Optic,Yes,Male,75,Yes,California,Greenview
3295-YVUSR,Joined,No,47,5098,72.60,184.68,3,Month-to-Month,Mailed Check,No Offer,Fiber Optic,No,Male,73,Yes,California,Glendale
3296-SILRA,Churned,Yes,89,2426,76.40,117.56,2,Month-to-Month,Mailed Check,No Offer,Fiber Optic,No,Female,76,Yes,California,Lakeport
3298-QEICA,Stayed,No,73,4445,34.60,813.45,4,Two Year,Credit Card,No Offer,DSL,Yes,Female,27,No,California,Fountain Valley
3301-LSLWQ,Stayed,No,72,5590,66.10,2430.38,3,Month-to-Month,Bank Withdrawal,No Offer,Cable,No,Female,32,No,California,Vallejo
3301-VKTGC,Stayed,No,48,4380,85.50,7714.16,3,One Year,Bank Withdrawal,No Offer,Fiber Optic,No,Male,27,No,California,Huron
3307-TLCUD,Stayed,No,45,4207,34.40,592.75,3,Month-to-Month,Mailed Check,No Offer,Cable,No,Male,36,No,California,Los Angeles
3308-DGHKL,Stayed,No,63,5028,19.30,2671.96,5,Two Year,Bank Withdrawal,No Offer,No Internet Service,No,Male,54,No,California,Linden
3308-JSGML,Stayed,No,49,6306,64.05,3886.85,3,Two Year,Credit Card,No Offer,Cable,Yes,Male,77,Yes,California,Shandon
3308-MHOOC,Joined,No,76,3383,19.20,37.09,3,Month-to-Month,Credit Card,No Offer,No Internet Service,No,Male,37,No,California,Scotia
3312-UUMZW,Stayed,No,61,3981,98.85,4678.38,4,Month-to-Month,Credit Card,No Offer,Fiber Optic,No,Male,33,No,California,San Jose
3312-ZWLGF,Stayed,No,21,3172,79.30,2720.50,5,Month-to-Month,Bank Withdrawal,No Offer,Fiber Optic,Yes,Male,69,Yes,California,Acton
3313-QKNKB,Churned,Yes,80,6304,85.55,5492.34,3,One Year,Bank Withdrawal,Offer B,Fiber Optic,No,Male,24,No,California,Pebble Beach
3315-IKYZQ,Stayed,No,45,3240,50.80,1386.80,4,One Year,Credit Card,Offer C,DSL,Yes,Male,42,No,California,Los Angeles
3315-TOTBP,Churned,Yes,74,4938,76.00,1803.75,1,Month-to-Month,Mailed Check,Offer D,Fiber Optic,No,Male,29,No,California,Mill Creek
3316-UWXUY,Stayed,No,70,6367,93.50,6789.00,4,Month-to-Month,Credit Card,Offer B,Fiber Optic,Yes,Male,64,No,California,Burbank
3317-HRTNN,Churned,Yes,73,3561,45.70,198.00,3,Month-to-Month,Bank Withdrawal,No Offer,DSL,No,Female,79,Yes,California,San Diego
3317-VLGQT,Stayed,No,68,3157,78.10,1184.70,4,Month-to-Month,Bank Withdrawal,No Offer,Fiber Optic,No,Female,50,No,California,Wallace
3318-ISQFQ,Stayed,No,28,5409,19.50,632.40,3,Month-to-Month,Bank Withdrawal,Offer D,No Internet Service,No,Female,23,No,California,Newark
3318-NMQXL,Joined,No,42,4345,92.00,313.60,3,Month-to-Month,Bank Withdrawal,Offer E,Fiber Optic,No,Male,58,No,California,El Monte
3318-OSATS,Churned,Yes,91,2080,95.45,4782.55,2,Month-to-Month,Bank Withdrawal,Offer C,Fiber Optic,No,Male,70,Yes,California,Sierra City
3319-DWOEP,Churned,Yes,90,5750,95.75,861.15,3,Month-to-Month,Bank Withdrawal,Offer E,Fiber Optic,No,Male,69,Yes,California,San Diego
3320-VEOYC,Stayed,No,78,3502,95.60,1799.98,3,Month-to-Month,Bank Withdrawal,No Offer,Fiber Optic,No,Male,65,Yes,California,Beverly Hills
3323-CPBWR,Stayed,No,22,3875,96.90,2280.95,4,Month-to-Month,Credit Card,Offer D,Fiber Optic,Yes,Male,61,No,California,Knights Landing
3324-OIRTO,Stayed,No,74,6101,104.65,8292.34,4,One Year,Bank Withdrawal,Offer A,Fiber Optic,No,Male,23,No,California,Glennville
3325-FUYCG,Churned,Yes,85,3770,106.10,3116.76,1,One Year,Bank Withdrawal,Offer C,Fiber Optic,No,Male,58,No,California,Five Points
3327-YBAKM,Stayed,No,55,5369,96.90,7531.06,3,One Year,Credit Card,No Offer,Fiber Optic,Yes,Female,31,No,California,San Diego
3329-WDIOK,Churned,Yes,83,4800,50.60,155.35,1,Month-to-Month,Bank Withdrawal,No Offer,Cable,No,Female,56,No,California,Edwards
3331-HQDTW,Churned,Yes,89,3410,109.80,3858.91,1,Month-to-Month,Credit Card,No Offer,Fiber Optic,No,Female,23,No,California,San Diego
3334-CTHOL,Churned,Yes,71,2041,49.95,93.44,2,Month-to-Month,Bank Withdrawal,No Offer,Cable,No,Female,51,No,California,Jackson
3336-JORSO,Churned,Yes,80,3401,110.45,4294.37,1,Month-to-Month,Bank Withdrawal,Offer C,Fiber Optic,Yes,Female,70,Yes,California,Hayward
3338-CVVEH,Stayed,No,25,5674,94.55,1340.11,5,Month-to-Month,Bank Withdrawal,Offer D,Fiber Optic,No,Male,38,No,California,Chula Vista
3339-EAQNV,Stayed,No,69,6156,97.25,7941.66,5,One Year,Credit Card,No Offer,Fiber Optic,No,Male,75,Yes,California,Palermo
3340-QBBFM,Stayed,No,48,4017,54.10,3689.52,3,One Year,Credit Card,Offer C,DSL,Yes,Male,65,Yes,California,Petaluma
3345-JHUEO,Stayed,No,45,4267,20.20,241.82,3,Month-to-Month,Bank Withdrawal,No Offer,No Internet Service,No,Male,29,No,California,Windsor
3345-PBBFH,Stayed,No,25,5922,49.55,412.49,5,Month-to-Month,Bank Withdrawal,Offer E,DSL,No,Male,24,No,California,Fowler
3346-BRMIS,Churned,Yes,92,2167,48.35,810.70,2,Month-to-Month,Bank Withdrawal,No Offer,DSL,No,Female,70,Yes,California,Bonsall
3347-YJZZE,Stayed,No,70,4558,80.10,2406.97,4,Month-to-Month,Credit Card,No Offer,DSL,No,Male,60,No,California,Los Osos
3348-CFRNX,Churned,Yes,71,2990,92.35,3657.38,1,Month-to-Month,Credit Card,No Offer,Fiber Optic,No,Female,47,No,California,Healdsburg
3349-ANQNH,Stayed,No,50,5513,99.50,7321.93,5,One Year,Bank Withdrawal,No Offer,Fiber Optic,No,Female,70,Yes,California,Del Rey
3351-NGXYI,Stayed,No,38,2276,54.10,1044.52,3,One Year,Bank Withdrawal,Offer D,DSL,No,Female,70,Yes,California,San Diego
3351-NQLDI,Churned,Yes,91,4348,94.35,8414.43,1,One Year,Credit Card,Offer A,Fiber Optic,Yes,Female,41,No,California,Travis Afb
3352-ALMCK,Stayed,No,52,3655,102.65,5419.35,4,Month-to-Month,Credit Card,No Offer,Fiber Optic,No,Male,42,No,California,Navarro
3352-RICWQ,Stayed,No,24,2427,19.75,355.82,4,Two Year,Credit Card,Offer E,No Internet Service,No,Female,45,No,California,Davis
3354-OADJP,Stayed,No,69,2237,54.25,789.99,3,One Year,Bank Withdrawal,No Offer,DSL,Yes,Female,37,No,California,Bolinas
3359-DSRKA,Stayed,No,46,6440,19.85,1843.83,4,Two Year,Credit Card,Offer B,No Internet Service,No,Female,48,No,California,Scott Bar
3363-DTIVD,Stayed,No,63,5010,105.55,9181.92,3,Two Year,Bank Withdrawal,Offer A,Fiber Optic,No,Male,55,No,California,Reseda
3363-EWLGO,Stayed,No,67,5252,19.95,283.60,3,Month-to-Month,Credit Card,No Offer,No Internet Service,No,Female,33,No,California,Freedom
3365-SAIGS,Stayed,No,59,5564,83.55,1713.52,5,Month-to-Month,Bank Withdrawal,No Offer,Fiber Optic,No,Female,60,No,California,Rancho Santa Fe
3370-GQEAL,Stayed,No,21,3409,85.45,3258.42,3,Month-to-Month,Bank Withdrawal,No Offer,Fiber Optic,No,Male,63,No,California,Indio
3370-HXOPH,Joined,No,25,2650,76.10,300.65,4,Month-to-Month,Bank Withdrawal,No Offer,Fiber Optic,No,Female,50,No,California,Mountain View
3372-CDXFJ,Stayed,No,59,5077,24.50,976.70,5,One Year,Bank Withdrawal,No Offer,No Internet Service,No,Male,31,No,California,San Quentin
3372-KWFBM,Churned,Yes,81,2508,86.60,1587.88,3,Month-to-Month,Bank Withdrawal,No Offer,Fiber Optic,No,Male,76,Yes,California,Bayside
3373-DIUUN,Stayed,No,70,3047,21.25,1911.90,3,Two Year,Credit Card,No Offer,No Internet Service,No,Male,58,No,California,Hinkley
3373-YZZYM,Joined,No,46,3007,19.20,51.98,5,Month-to-Month,Credit Card,No Offer,No Internet Service,No,Male,57,No,California,Los Gatos
3374-LXDEV,Churned,Yes,75,2226,89.40,1244.02,1,Month-to-Month,Bank Withdrawal,Offer D,Fiber Optic,Yes,Female,42,No,California,Pearblossom
3374-PZLXD,Stayed,No,73,4136,19.70,1917.28,3,Month-to-Month,Credit Card,Offer C,No Internet Service,No,Male,31,No,California,Blairsden Graeagle
3374-TTZTK,Stayed,No,36,4969,106.30,8077.64,3,Two Year,Bank Withdrawal,No Offer,Fiber Optic,Yes,Male,26,No,California,Sun City
3376-BMGFE,Churned,Yes,75,4287,70.90,398.26,1,Month-to-Month,Bank Withdrawal,Offer E,Fiber Optic,No,Female,42,No,California,Monrovia
3378-AJRAO,Stayed,No,58,5331,24.85,2431.28,3,One Year,Bank Withdrawal,No Offer,No Internet Service,No,Male,44,No,California,Garden Grove
3384-CTMSF,Stayed,No,71,3142,104.10,7423.58,5,Month-to-Month,Bank Withdrawal,Offer B,Fiber Optic,No,Male,61,No,California,Lincoln
3387-PLKUI,Stayed,No,71,2333,18.80,468.87,5,Month-to-Month,Credit Card,Offer D,No Internet Service,No,Female,27,No,California,San Jose
3387-VATUS,Churned,Yes,69,5701,94.85,663.55,3,Month-to-Month,Bank Withdrawal,Offer E,Fiber Optic,No,Male,44,No,California,Aromas
3389-KTRXV,Stayed,No,78,5945,23.85,789.18,5,Two Year,Credit Card,No Offer,No Internet Service,No,Female,61,No,California,Ravendale
3389-YGYAI,Churned,Yes,72,5546,105.50,1190.83,3,Month-to-Month,Bank Withdrawal,No Offer,Fiber Optic,No,Female,79,Yes,California,Princeton
3391-JSQEW,Stayed,No,71,2454,50.15,2993.47,4,Month-to-Month,Credit Card,No Offer,DSL,No,Male,32,No,California,San Jose
3392-EHMNK,Stayed,No,58,4803,94.10,7066.60,4,Two Year,Credit Card,Offer A,Fiber Optic,Yes,Female,53,No,California,Thermal
3393-FMZPV,Churned,Yes,74,2195,100.25,3293.75,1,Month-to-Month,Bank Withdrawal,No Offer,Fiber Optic,No,Female,59,No,California,Elverta
3396-DKDEL,Stayed,No,80,4388,115.15,9045.20,4,Two Year,Credit Card,Offer A,Fiber Optic,Yes,Female,45,No,California,King City
3397-AVTKU,Stayed,No,73,4614,60.00,3479.07,5,Two Year,Bank Withdrawal,No Offer,DSL,No,Male,64,No,California,Mount Hamilton
3398-FSHON,Churned,Yes,94,4703,91.30,1502.62,2,Month-to-Month,Bank Withdrawal,No Offer,Fiber Optic,No,Female,79,Yes,California,San Diego
3398-GCPMU,Stayed,No,25,4993,89.55,6864.29,3,Two Year,Credit Card,Offer A,DSL,Yes,Female,74,Yes,California,Fullerton
3398-ZOUAA,Churned,Yes,67,3853,69.10,1889.29,2,Month-to-Month,Bank Withdrawal,Offer D,Fiber Optic,No,Male,76,Yes,California,Redwood City
3399-BMLVW,Stayed,No,75,4994,60.50,3607.48,3,Two Year,Credit Card,Offer B,DSL,Yes,Male,40,No,California,Whitmore
3400-ESFUW,Churned,Yes,69,5463,57.55,3590.40,1,Two Year,Bank Withdrawal,Offer B,DSL,Yes,Male,28,No,California,Cupertino
3401-URHDA,Stayed,No,42,5233,59.90,3545.95,3,One Year,Credit Card,No Offer,Cable,Yes,Male,59,No,California,Emigrant Gap
3402-XRIUO,Stayed,No,36,2136,63.55,1760.64,3,Two Year,Credit Card,Offer D,DSL,Yes,Female,73,Yes,California,Glendale
3404-JNXAX,Stayed,No,36,6032,80.75,5624.46,4,Month-to-Month,Bank Withdrawal,Offer B,Fiber Optic,Yes,Female,40,No,California,Ukiah
3407-JMJQQ,Stayed,No,35,4204,109.00,7942.44,3,Two Year,Bank Withdrawal,No Offer,Fiber Optic,No,Female,22,No,California,Oakhurst
3407-QGWLG,Joined,No,70,2948,20.05,189.00,4,Month-to-Month,Credit Card,No Offer,No Internet Service,No,Male,23,No,California,Roseville
3410-MHHUM,Stayed,No,73,5019,94.40,5422.59,5,One Year,Bank Withdrawal,Offer B,Fiber Optic,No,Female,40,No,California,San Francisco
3410-YOQBQ,Stayed,No,78,4984,79.20,3359.87,5,Two Year,Credit Card,No Offer,DSL,Yes,Female,61,No,California,Compton
3411-WLRSQ,Joined,No,57,3711,74.60,387.58,5,Month-to-Month,Bank Withdrawal,Offer E,Fiber Optic,No,Female,80,Yes,California,Los Angeles
3413-BMNZE,Joined,No,40,3144,45.25,57.14,3,One Year,Bank Withdrawal,Offer E,DSL,No,Male,71,Yes,California,Los Angeles
3413-CSSTH,Stayed,No,26,5590,55.70,2508.15,4,Month-to-Month,Bank Withdrawal,No Offer,Cable,No,Male,40,No,California,Stevinson
3413-DHLPB,Stayed,No,53,6237,103.75,6139.75,4,Month-to-Month,Bank Withdrawal,Offer B,Fiber Optic,Yes,Male,57,No,California,Oceano
3415-TAILE,Churned,Yes,96,4265,65.70,188.89,1,Month-to-Month,Credit Card,No Offer,DSL,No,Female,21,No,California,Johannesburg
3417-TSCIC,Stayed,No,49,4161,24.85,788.05,5,One Year,Credit Card,No Offer,DSL,No,Male,19,No,California,Cloverdale
3419-SNJJD,Churned,Yes,91,4196,105.25,7981.75,1,Month-to-Month,Bank Withdrawal,Offer B,Fiber Optic,No,Female,78,Yes,California,Yorba Linda
3420-YJLQT,Joined,No,24,5965,79.55,202.87,4,Month-to-Month,Bank Withdrawal,Offer E,Fiber Optic,No,Female,45,No,California,Alturas
3420-ZDBMA,Stayed,No,36,5171,71.45,457.25,4,Two Year,Credit Card,Offer E,Fiber Optic,No,Male,78,Yes,California,Brea
3422-GALYP,Joined,No,65,2657,79.45,202.37,4,Month-to-Month,Bank Withdrawal,Offer E,Fiber Optic,No,Male,20,No,California,Phillipsville
3422-LYEPQ,Churned,Yes,89,4207,71.00,89.84,2,Month-to-Month,Bank Withdrawal,Offer E,Fiber Optic,No,Male,57,No,California,Carmel By The Sea
3422-WJOYD,Stayed,No,70,5105,54.35,2398.09,5,One Year,Credit Card,No Offer,DSL,Yes,Male,27,No,California,Oakland
3423-HHXAO,Stayed,No,72,2993,19.50,846.70,3,One Year,Credit Card,No Offer,No Internet Service,No,Female,58,No,California,Littlerock
3424-NMNBO,Churned,Yes,91,4739,108.85,9151.29,1,One Year,Bank Withdrawal,No Offer,Fiber Optic,No,Male,78,Yes,California,San Diego
3426-NIYYL,Churned,Yes,66,2087,51.55,832.75,2,Month-to-Month,Bank Withdrawal,Offer D,DSL,No,Male,47,No,California,Sausalito
3427-GGZZI,Stayed,No,66,3624,89.10,2482.83,5,Month-to-Month,Bank Withdrawal,No Offer,Fiber Optic,No,Female,30,No,California,Midpines
3428-MMGUB,Stayed,No,74,5874,89.55,5657.20,5,Two Year,Bank Withdrawal,No Offer,Fiber Optic,No,Male,34,No,California,Rio Nido
3428-XZMAZ,Churned,Yes,91,5796,69.35,115.21,2,Month-to-Month,Bank Withdrawal,No Offer,Fiber Optic,No,Male,64,No,California,Turlock
3429-IFLEM,Stayed,No,61,4846,77.35,6842.30,3,Two Year,Credit Card,Offer A,DSL,Yes,Female,48,No,California,Hayward
3439-GVUSX,Joined,No,80,4570,24.40,24.40,3,Month-to-Month,Credit Card,No Offer,DSL,No,Male,45,No,California,Lookout
3440-JPSCL,Churned,Yes,87,3722,99.95,578.61,2,Month-to-Month,Mailed Check,No Offer,Fiber Optic,Yes,Female,26,No,California,Sonoma
3441-CGZJH,Stayed,No,61,2725,60.40,2740.55,3,One Year,Credit Card,No Offer,DSL,Yes,Female,46,No,California,Lost Hills
3442-ZHHCC,Stayed,No,53,5355,76.90,5109.36,4,One Year,Credit Card,Offer A,Cable,No,Male,60,No,California,Coarsegold
3445-HXXGF,Churned,Yes,91,5444,45.30,2610.25,1,Month-to-Month,Bank Withdrawal,Offer B,DSL,No,Male,66,Yes,California,Sierra Madre
3446-QDSZF,Stayed,No,66,2328,55.50,383.19,4,Month-to-Month,Credit Card,Offer E,DSL,No,Female,57,No,California,Homewood
3450-WXOAT,Stayed,No,75,3150,45.20,3175.13,5,Month-to-Month,Credit Card,Offer B,Cable,No,Male,36,No,California,Bakersfield
3451-VAWLI,Stayed,No,43,5636,19.70,1269.75,4,Two Year,Credit Card,No Offer,No Internet Service,No,Female,62,No,California,North Highlands
3452-ABWRL,Stayed,No,69,5527,86.05,5937.36,3,One Year,Credit Card,No Offer,Fiber Optic,No,Male,70,Yes,California,San Jose
3452-FLHYD,Stayed,No,77,5682,20.95,1122.15,4,One Year,Bank Withdrawal,No Offer,No Internet Service,No,Male,47,No,California,Lucerne
3452-GWUIN,Stayed,No,40,5316,94.95,2132.08,5,Two Year,Bank Withdrawal,No Offer,Fiber Optic,No,Female,78,Yes,California,Raisin City
3452-SRFEG,Stayed,No,79,4516,74.60,4887.53,5,Month-to-Month,Bank Withdrawal,Offer B,Fiber Optic,No,Male,39,No,California,La Verne
3453-RTHJQ,Stayed,No,55,5741,69.10,546.90,4,Month-to-Month,Bank Withdrawal,Offer E,Fiber Optic,No,Male,59,No,California,San Bernardino
3454-JFUBC,Stayed,No,55,6136,20.00,2108.64,5,Two Year,Credit Card,Offer A,No Internet Service,No,Male,66,Yes,California,Pala
3457-PQBYH,Stayed,No,66,4424,20.30,2133.36,3,Two Year,Credit Card,No Offer,No Internet Service,No,Female,35,No,California,Washington
3458-IDMFK,Stayed,No,74,5161,20.75,1233.90,3,Two Year,Credit Card,Offer C,No Internet Service,No,Male,29,No,California,Idyllwild
3460-TJBWI,Stayed,No,46,5865,24.20,785.93,5,Two Year,Credit Card,No Offer,No Internet Service,No,Male,58,No,California,Marshall
3462-BJQQA,Stayed,No,63,2370,89.75,819.17,5,Month-to-Month,Bank Withdrawal,No Offer,Fiber Optic,No,Female,23,No,California,Belvedere Tiburon
3466-BYAVD,Stayed,No,35,3128,69.50,1198.00,4,Month-to-Month,Credit Card,No Offer,Cable,Yes,Male,50,No,California,Long Beach
3466-RITXD,Stayed,No,75,5461,92.40,3327.14,3,Month-to-Month,Credit Card,No Offer,Fiber Optic,No,Male,34,No,California,Twin Bridges
3466-WAESX,Stayed,No,71,5172,69.10,1307.54,4,Month-to-Month,Bank Withdrawal,Offer D,DSL,No,Male,46,No,California,Rancho Cucamonga
3468-DRVQJ,Stayed,No,36,5496,70.30,939.85,4,One Year,Bank Withdrawal,No Offer,Cable,No,Female,42,No,California,Los Angeles
3470-BTGQO,Stayed,No,39,5731,45.65,1396.02,4,Month-to-Month,Credit Card,Offer D,DSL,No,Male,60,No,California,Belmont
3470-OBUET,Stayed,No,35,4188,74.00,7750.07,3,Two Year,Credit Card,No Offer,Cable,Yes,Female,49,No,California,San Jose
3472-OAOOR,Stayed,No,79,3422,34.95,610.20,3,Month-to-Month,Credit Card,No Offer,Cable,No,Male,23,No,California,Mission Hills
3472-QPRCH,Stayed,No,53,3217,25.25,2080.39,5,Two Year,Credit Card,No Offer,No Internet Service,No,Male,43,No,California,Sacramento
3473-XIIIT,Churned,Yes,68,3794,100.00,2140.03,1,Month-to-Month,Bank Withdrawal,No Offer,Cable,No,Female,61,No,California,Sacramento
3474-BAFSJ,Stayed,No,75,4133,57.50,3415.95,4,Two Year,Bank Withdrawal,No Offer,DSL,Yes,Male,27,No,California,West Hollywood
3481-JHUZH,Stayed,No,49,5757,80.25,5051.81,5,Month-to-Month,Bank Withdrawal,Offer B,Fiber Optic,No,Male,36,No,California,Forks Of Salmon
3482-ABPKK,Stayed,No,30,5271,54.30,2492.06,3,One Year,Credit Card,Offer C,DSL,Yes,Female,19,No,California,Nuevo
3486-HOOGQ,Stayed,No,41,4848,79.70,6328.50,3,Two Year,Bank Withdrawal,Offer A,DSL,Yes,Female,44,No,California,San Jose
3486-KHMLI,Stayed,No,54,5403,24.70,1123.61,4,Month-to-Month,Credit Card,Offer D,No Internet Service,No,Male,53,No,California,Adelanto
3486-NPGST,Stayed,No,47,2691,19.55,2108.63,5,One Year,Credit Card,No Offer,No Internet Service,No,Female,47,No,California,Mill Valley
3487-EARAT,Stayed,No,43,6325,74.10,6559.30,3,One Year,Credit Card,No Offer,DSL,Yes,Female,46,No,California,Wishon
3488-PGMQJ,Churned,Yes,80,4345,74.50,620.79,2,Month-to-Month,Bank Withdrawal,No Offer,Fiber Optic,No,Male,66,Yes,California,Alpine
3489-HHPFY,Joined,No,78,2115,84.05,178.51,5,Month-to-Month,Bank Withdrawal,No Offer,Fiber Optic,No,Female,40,No,California,Amboy
3489-VSFRD,Stayed,No,40,4835,60.25,5010.91,4,One Year,Credit Card,Offer B,DSL,Yes,Female,32,No,California,Willits
3494-JCHRQ,Churned,Yes,69,2699,70.05,97.94,2,Month-to-Month,Bank Withdrawal,No Offer,Fiber Optic,No,Male,38,No,California,Van Nuys
3496-LFSZU,Stayed,No,68,2896,70.50,418.08,5,Month-to-Month,Bank Withdrawal,No Offer,Fiber Optic,No,Male,40,No,California,Anaheim
3498-LZGQZ,Stayed,No,38,6373,19.15,3073.35,5,Two Year,Mailed Check,No Offer,No Internet Service,No,Male,59,No,California,Walnut Grove
3500-NSDOA,Stayed,No,61,5540,70.80,5616.11,4,Two Year,Credit Card,No Offer,Cable,Yes,Male,35,No,California,Los Angeles
3500-RMZLT,Churned,Yes,72,2933,96.30,1863.40,1,Month-to-Month,Credit Card,No Offer,Fiber Optic,Yes,Female,76,Yes,California,Fresno
3503-TYDAY,Stayed,No,35,5357,80.45,5197.59,4,Month-to-Month,Bank Withdrawal,Offer B,Fiber Optic,No,Female,41,No,California,Keene
3506-LCJDC,Churned,Yes,76,4860,19.95,27.98,1,Month-to-Month,Bank Withdrawal,No Offer,No Internet Service,No,Male,52,No,California,Modesto
3506-OVLKD,Stayed,No,80,4419,26.20,2674.45,3,One Year,Bank Withdrawal,No Offer,No Internet Service,No,Male,40,No,California,Wilmington
3507-GASNP,Stayed,No,74,5316,19.95,2185.30,3,Two Year,Credit Card,Offer B,No Internet Service,No,Male,49,No,California,North Hollywood
3508-CFVZL,Stayed,No,46,5957,111.30,11501.82,3,Two Year,Credit Card,Offer A,Fiber Optic,Yes,Female,55,No,California,El Monte
3508-VLHCZ,Stayed,No,66,6009,90.55,9200.46,4,Two Year,Credit Card,Offer A,Cable,Yes,Female,43,No,California,Lakewood
3509-GWQGF,Stayed,No,77,5242,70.00,2634.12,3,One Year,Credit Card,Offer C,Fiber Optic,No,Male,74,Yes,California,Ducor
3511-APPBJ,Stayed,No,62,3515,99.95,3257.37,3,One Year,Credit Card,No Offer,Fiber Optic,No,Male,21,No,California,Spring Valley
3511-BFTJW,Stayed,No,58,4710,38.50,2763.00,4,Two Year,Credit Card,Offer A,DSL,No,Male,25,No,California,Glendora
3512-IZIKN,Churned,Yes,85,5591,65.30,7746.65,1,Two Year,Credit Card,Offer A,DSL,Yes,Female,57,No,California,San Bernardino
3518-FSTWG,Stayed,No,59,4086,109.55,9195.82,3,Two Year,Bank Withdrawal,No Offer,Fiber Optic,No,Male,67,Yes,California,Paradise
3518-PZXZQ,Joined,No,37,2849,55.30,91.99,3,Month-to-Month,Credit Card,No Offer,DSL,No,Female,27,No,California,Castroville
3519-ZKXGG,Churned,Yes,79,4062,75.85,389.62,2,Month-to-Month,Bank Withdrawal,Offer E,Fiber Optic,No,Female,61,No,California,San Francisco
3520-FJGCV,Stayed,No,70,6486,112.60,9372.25,3,Two Year,Credit Card,No Offer,Fiber Optic,Yes,Male,47,No,California,San Diego
3521-HTQTV,Stayed,No,46,2026,26.10,1676.33,3,Two Year,Bank Withdrawal,No Offer,No Internet Service,No,Male,54,No,California,Hesperia
3521-MNKLV,Stayed,No,48,5832,49.70,2096.12,5,Month-to-Month,Credit Card,No Offer,DSL,No,Male,25,No,California,Nubieber
3521-SYVOR,Churned,Yes,80,5554,64.75,2466.19,1,Month-to-Month,Bank Withdrawal,Offer C,Cable,No,Female,26,No,California,San Diego
3522-CDKHF,Stayed,No,76,3131,75.50,2942.30,3,Month-to-Month,Bank Withdrawal,Offer C,Fiber Optic,No,Female,21,No,California,Stockton
3523-BRGUW,Stayed,No,64,2269,19.30,1271.59,5,One Year,Credit Card,Offer C,No Internet Service,No,Male,65,Yes,California,Los Altos
3523-QRQLL,Churned,Yes,94,5922,69.50,2219.51,2,One Year,Bank Withdrawal,No Offer,DSL,No,Female,22,No,California,Bieber
3524-WQDSG,Stayed,No,73,3280,99.30,4435.70,3,Month-to-Month,Bank Withdrawal,No Offer,Fiber Optic,No,Female,29,No,California,Corte Madera
3525-DVKFN,Stayed,No,44,3561,19.40,869.24,3,Two Year,Credit Card,Offer D,No Internet Service,No,Female,58,No,California,Felton
3528-HFRIQ,Stayed,No,51,5491,52.30,3805.05,5,Month-to-Month,Bank Withdrawal,No Offer,Cable,No,Male,73,Yes,California,Los Angeles
3530-CRZSB,Stayed,No,38,2100,20.65,264.68,5,Month-to-Month,Credit Card,No Offer,No Internet Service,No,Female,55,No,California,Malibu
3530-VWVGU,Stayed,No,43,5657,19.90,1489.52,4,Month-to-Month,Credit Card,Offer D,No Internet Service,No,Female,27,No,California,Manteca
3533-UVMOM,Stayed,No,43,5036,70.95,5553.37,3,Two Year,Bank Withdrawal,No Offer,DSL,No,Male,56,No,California,Markleeville
3536-IQCTX,Churned,Yes,75,2712,85.30,4248.30,1,Month-to-Month,Bank Withdrawal,No Offer,Fiber Optic,No,Male,76,Yes,California,South Pasadena
3537-HPKQT,Stayed,No,46,4621,77.75,5556.15,3,Month-to-Month,Credit Card,No Offer,Fiber Optic,No,Female,20,No,California,Mentone
3537-RYBHH,Stayed,No,67,4074,67.45,5450.19,3,Two Year,Credit Card,No Offer,DSL,No,Female,78,Yes,California,Northridge
3538-WZPHD,Churned,Yes,76,2734,29.60,79.45,1,Month-to-Month,Bank Withdrawal,Offer E,Cable,No,Male,46,No,California,San Francisco
3540-RZJYU,Churned,Yes,90,5829,86.20,1670.65,1,Month-to-Month,Bank Withdrawal,No Offer,Fiber Optic,No,Female,21,No,California,Zenia
3541-ZNUHK,Stayed,No,76,4026,85.10,5692.15,3,Month-to-Month,Bank Withdrawal,No Offer,Fiber Optic,No,Female,51,No,California,La Crescenta
3544-FBCAS,Stayed,No,67,4116,83.60,6883.78,3,Two Year,Credit Card,No Offer,DSL,No,Female,36,No,California,Philo
3545-CNWRG,Stayed,No,39,4325,98.35,6230.82,5,Month-to-Month,Bank Withdrawal,Offer B,Fiber Optic,No,Female,52,No,California,Santa Monica
3546-GHEAE,Stayed,No,42,2600,19.45,231.36,5,Two Year,Credit Card,No Offer,No Internet Service,No,Male,29,No,California,Blythe
3547-LQRIK,Stayed,No,47,2382,26.90,1799.81,4,One Year,Bank Withdrawal,No Offer,No Internet Service,No,Female,20,No,California,San Gregorio
3549-ZTMNH,Stayed,No,69,3705,24.00,583.69,3,Two Year,Bank Withdrawal,No Offer,No Internet Service,No,Male,56,No,California,San Mateo
3550-SAHFP,Churned,Yes,66,5456,83.35,3467.42,2,Month-to-Month,Bank Withdrawal,No Offer,Fiber Optic,No,Female,51,No,California,Saint Helena
3551-GAEGL,Stayed,No,33,4697,30.40,938.65,4,One Year,Bank Withdrawal,No Offer,DSL,No,Male,23,No,California,Oakhurst
3551-HUAZH,Churned,Yes,89,3429,74.40,85.48,2,Month-to-Month,Bank Withdrawal,Offer E,Fiber Optic,No,Male,68,Yes,California,Brownsville
3552-CTCYF,Stayed,No,20,4046,104.80,9163.24,5,Two Year,Bank Withdrawal,Offer B,Fiber Optic,No,Male,42,No,California,San Bernardino
3556-BVQGL,Stayed,No,71,3585,20.00,799.45,5,One Year,Credit Card,Offer D,No Internet Service,No,Female,21,No,California,Sutter Creek
3557-HTYWR,Stayed,No,75,2831,74.05,5642.79,4,Two Year,Credit Card,No Offer,DSL,Yes,Female,56,No,California,Los Angeles
3563-SVYLG,Stayed,No,59,5215,62.65,6858.48,3,Two Year,Credit Card,Offer A,DSL,Yes,Male,38,No,California,Nipton
3565-UNOCC,Churned,Yes,82,3179,99.05,3600.42,1,Month-to-Month,Bank Withdrawal,No Offer,Fiber Optic,No,Female,65,Yes,California,Stockton
3566-CAAYU,Stayed,No,56,5644,49.85,3210.35,5,Two Year,Bank Withdrawal,Offer B,DSL,Yes,Female,28,No,California,Cayucos
3566-HJGPK,Joined,No,31,3173,45.55,61.89,4,Month-to-Month,Mailed Check,Offer E,DSL,No,Male,50,No,California,Woodland Hills
3566-VVORZ,Stayed,No,60,5790,45.90,875.43,3,Month-to-Month,Bank Withdrawal,No Offer,DSL,No,Female,39,No,California,Westlake Village
3567-PQTSO,Stayed,No,56,6365,105.25,5776.64,3,One Year,Bank Withdrawal,Offer B,Fiber Optic,No,Male,40,No,California,Junction City
3569-EDBPQ,Stayed,No,31,2198,84.35,2557.49,3,Month-to-Month,Bank Withdrawal,No Offer,Fiber Optic,Yes,Female,44,No,California,Pine Grove
3569-JFODW,Stayed,No,66,5096,90.95,9939.97,3,Two Year,Credit Card,No Offer,DSL,Yes,Female,20,No,California,Del Mar
3569-VLDHH,Stayed,No,23,6123,75.10,6960.00,4,One Year,Bank Withdrawal,Offer A,DSL,Yes,Male,59,No,California,Sacramento
3570-YUEKJ,Stayed,No,43,3637,49.55,2443.77,5,Month-to-Month,Bank Withdrawal,No Offer,DSL,No,Female,40,No,California,Fresno
3571-DPYUH,Stayed,No,49,5653,94.70,7967.85,4,One Year,Credit Card,Offer B,Fiber Optic,Yes,Male,30,No,California,Temecula
3571-RFHAR,Churned,Yes,91,6001,109.15,7689.60,2,Month-to-Month,Bank Withdrawal,Offer B,Fiber Optic,Yes,Male,60,No,California,Santa Paula
3572-UOLYZ,Stayed,No,39,5756,84.80,4146.53,3,Month-to-Month,Bank Withdrawal,No Offer,Fiber Optic,Yes,Female,28,No,California,San Jose
3572-UUHRS,Stayed,No,78,2653,18.85,2693.85,4,One Year,Bank Withdrawal,No Offer,No Internet Service,No,Male,47,No,California,Castro Valley
3577-AMVUX,Joined,No,32,2962,55.05,69.70,4,Month-to-Month,Credit Card,No Offer,Cable,Yes,Male,59,No,California,Big Bear City
3580-GICBM,Stayed,No,51,6201,24.20,3570.44,3,Two Year,Credit Card,No Offer,No Internet Service,No,Female,56,No,California,Clovis
3580-HYCSP,Stayed,No,73,5780,110.30,10343.62,3,Two Year,Bank Withdrawal,No Offer,Fiber Optic,No,Male,44,No,California,Midway City
3580-REOAC,Churned,Yes,83,4061,44.85,931.20,2,Month-to-Month,Credit Card,No Offer,DSL,No,Male,34,No,California,San Diego
3583-EKAPL,Churned,Yes,71,4877,55.00,102.22,1,Month-to-Month,Bank Withdrawal,No Offer,Cable,No,Male,25,No,California,Redlands
3583-KRKMD,Stayed,No,62,4668,75.90,1840.60,4,Month-to-Month,Bank Withdrawal,No Offer,Fiber Optic,Yes,Male,51,No,California,San Diego
3584-WKTTW,Stayed,No,35,4053,111.55,7725.67,4,One Year,Bank Withdrawal,Offer B,Fiber Optic,Yes,Male,23,No,California,Weed
3585-ISXZP,Churned,Yes,95,5335,95.65,1015.38,3,Month-to-Month,Bank Withdrawal,No Offer,Fiber Optic,No,Female,53,No,California,Indio
3585-YNADK,Stayed,No,76,4546,74.60,4746.86,4,One Year,Bank Withdrawal,No Offer,Cable,Yes,Female,25,No,California,Berkeley
3587-PMCOY,Stayed,No,50,4614,98.90,1528.25,3,One Year,Bank Withdrawal,Offer D,Fiber Optic,No,Male,37,No,California,Placerville
3588-WSTTJ,Stayed,No,63,3484,99.05,4662.00,4,Month-to-Month,Bank Withdrawal,Offer C,Fiber Optic,No,Female,78,Yes,California,Los Angeles
3589-PPVKW,Stayed,No,31,5457,44.40,696.00,4,Month-to-Month,Credit Card,Offer E,DSL,No,Male,19,No,California,Pomona
3590-TCXTB,Joined,No,56,2648,20.35,52.32,5,Month-to-Month,Credit Card,No Offer,No Internet Service,No,Male,50,No,California,Cerritos
3594-BDSOA,Stayed,No,79,3071,20.40,1343.44,5,One Year,Credit Card,No Offer,No Internet Service,No,Female,44,No,California,Novato
3594-IVHJZ,Joined,No,56,2606,20.45,136.83,5,Month-to-Month,Mailed Check,No Offer,No Internet Service,No,Female,31,No,California,French Gulch
3594-KADLU,Joined,No,35,3610,35.10,101.10,3,Month-to-Month,Credit Card,Offer E,Cable,Yes,Male,33,No,California,Witter Springs
3594-UVONA,Churned,Yes,91,3833,85.95,3418.10,1,One Year,Credit Card,Offer C,Cable,Yes,Female,27,No,California,Costa Mesa
3597-MVHJT,Stayed,No,21,2026,95.60,3544.84,4,Month-to-Month,Bank Withdrawal,No Offer,Fiber Optic,No,Female,49,No,California,Brawley
3597-YASZG,Stayed,No,27,5004,104.45,10103.15,4,Two Year,Bank Withdrawal,Offer A,Fiber Optic,Yes,Female,73,Yes,California,Tustin
3604-WLABM,Stayed,No,43,2253,54.25,712.60,4,Month-to-Month,Bank Withdrawal,Offer D,DSL,Yes,Female,41,No,California,San Diego
3605-JISKB,Stayed,No,71,4212,60.00,3815.50,4,One Year,Credit Card,No Offer,Cable,No,Male,67,Yes,California,Twentynine Palms
3606-SBKRY,Stayed,No,35,4529,50.05,1523.40,3,One Year,Bank Withdrawal,No Offer,DSL,No,Male,35,No,California,Linden
3606-TWKGI,Churned,Yes,84,2494,106.90,1799.14,1,Month-to-Month,Bank Withdrawal,Offer D,Cable,No,Male,68,Yes,California,Rowland Heights
3612-YUNGG,Stayed,No,34,5543,109.20,7602.57,4,Two Year,Credit Card,No Offer,Fiber Optic,Yes,Male,53,No,California,Burbank
3612-YVGSJ,Stayed,No,77,4742,24.45,4024.60,5,Two Year,Credit Card,No Offer,No Internet Service,No,Female,59,No,California,La Honda
3617-XLSGQ,Stayed,No,28,5865,109.25,8489.76,3,Two Year,Bank Withdrawal,No Offer,Fiber Optic,No,Female,61,No,California,Modesto
3620-EHIMZ,Stayed,No,66,5699,19.35,1544.94,5,Two Year,Credit Card,No Offer,No Internet Service,No,Female,44,No,California,Menifee
3620-MWJNE,Joined,No,77,5753,54.45,127.04,3,Month-to-Month,Credit Card,No Offer,DSL,Yes,Male,32,No,California,Homeland
3621-CEOVK,Churned,Yes,90,3369,100.20,2027.94,1,Month-to-Month,Bank Withdrawal,No Offer,Fiber Optic,No,Female,71,Yes,California,Trinity Center
3621-CHYVB,Stayed,No,68,5866,49.90,2782.40,3,Month-to-Month,Bank Withdrawal,No Offer,DSL,Yes,Female,44,No,California,Soquel
3623-FQBOX,Stayed,No,36,3632,19.95,1340.61,5,Month-to-Month,Credit Card,Offer D,No Internet Service,No,Male,34,No,California,Los Angeles
3627-FCRDW,Churned,Yes,81,2236,71.00,884.88,3,Month-to-Month,Bank Withdrawal,No Offer,Fiber Optic,No,Female,49,No,California,Hughson
3627-FHKBK,Churned,Yes,87,3244,75.30,79.43,1,Month-to-Month,Mailed Check,No Offer,Fiber Optic,No,Female,28,No,California,Anaheim
3629-WEAAM,Stayed,No,25,2804,64.10,874.37,5,Month-to-Month,Mailed Check,No Offer,DSL,Yes,Female,19,No,California,Forbestown
3629-ZNKXA,Stayed,No,53,3296,101.80,2108.72,4,Two Year,Bank Withdrawal,No Offer,Fiber Optic,No,Male,77,Yes,California,Seiad Valley
3633-CDBUW,Stayed,No,24,3913,80.85,2276.59,5,One Year,Bank Withdrawal,No Offer,DSL,Yes,Male,25,No,California,Midpines
3635-JBPSG,Stayed,No,55,2118,38.80,603.00,4,Two Year,Credit Card,No Offer,DSL,No,Female,49,No,California,Van Nuys
3635-QQRQD,Stayed,No,74,4568,20.05,3289.81,4,Two Year,Credit Card,No Offer,No Internet Service,No,Male,19,No,California,Westmorland
3638-DIMPH,Stayed,No,40,4369,43.80,976.02,3,One Year,Bank Withdrawal,No Offer,DSL,No,Female,34,No,California,Wilseyville
3638-VBZTA,Stayed,No,45,4280,86.50,6664.75,4,Two Year,Bank Withdrawal,No Offer,DSL,Yes,Male,62,No,California,Baldwin Park
3638-WEABW,Stayed,No,53,6407,59.90,6345.94,3,Two Year,Credit Card,Offer B,Cable,Yes,Female,25,No,California,Los Angeles
3639-XJHKQ,Stayed,No,33,2463,60.60,1990.92,3,Month-to-Month,Bank Withdrawal,Offer D,DSL,No,Female,52,No,California,San Jose
3640-JQGJG,Stayed,No,44,4680,44.80,692.05,3,Month-to-Month,Bank Withdrawal,No Offer,Cable,No,Male,25,No,California,Pasadena
3640-PHQXK,Churned,Yes,85,2031,89.90,2961.95,2,Month-to-Month,Bank Withdrawal,No Offer,Fiber Optic,No,Female,54,No,California,Union City
3642-BYHDO,Stayed,No,31,5789,19.90,2256.97,4,Two Year,Bank Withdrawal,Offer A,No Internet Service,No,Female,34,No,California,Downey
3642-GKTCT,Stayed,No,53,4785,115.10,7332.20,4,One Year,Credit Card,Offer B,Fiber Optic,Yes,Female,58,No,California,Oceanside
3643-AHCFP,Churned,Yes,83,3265,95.60,797.72,3,Month-to-Month,Bank Withdrawal,No Offer,Cable,No,Male,74,Yes,California,Selma
3644-QXEHN,Stayed,No,35,5282,97.00,1907.10,3,Month-to-Month,Bank Withdrawal,Offer D,Fiber Optic,No,Male,60,No,California,Smartville
3645-DEYGF,Joined,No,25,3358,20.75,28.32,5,Month-to-Month,Credit Card,No Offer,No Internet Service,No,Male,29,No,California,Northridge
3646-ITDGM,Stayed,No,56,4831,19.70,2893.18,4,Two Year,Bank Withdrawal,Offer B,No Internet Service,No,Female,42,No,California,Sacramento
3647-GMGDH,Churned,Yes,72,5615,94.70,2746.50,2,Month-to-Month,Credit Card,No Offer,Fiber Optic,No,Male,52,No,California,Jackson
3648-GZPHF,Stayed,No,45,2609,36.25,1151.05,5,One Year,Mailed Check,Offer C,DSL,Yes,Male,48,No,California,San Marcos
3649-JPUGY,Stayed,No,52,5842,88.60,9403.07,3,Two Year,Bank Withdrawal,Offer A,DSL,Yes,Male,26,No,California,San Bernardino
3653-NCRDJ,Stayed,No,74,5594,19.20,1410.48,4,One Year,Credit Card,No Offer,No Internet Service,No,Male,39,No,California,Sacramento
3654-ARMGP,Stayed,No,79,4730,88.65,6515.63,4,Two Year,Credit Card,No Offer,DSL,Yes,Female,60,No,California,Los Angeles
3655-SNQYZ,Stayed,No,43,5141,113.25,10188.02,4,Two Year,Credit Card,Offer A,Fiber Optic,Yes,Female,48,No,California,Los Angeles
3656-TKRVZ,Churned,Yes,65,5787,55.35,168.92,2,Month-to-Month,Bank Withdrawal,No Offer,DSL,No,Female,19,No,California,Chula Vista
3657-COGMW,Stayed,No,69,4251,108.10,6411.82,4,Two Year,Credit Card,No Offer,Fiber Optic,No,Female,76,Yes,California,San Luis Obispo
3658-KIBGF,Churned,Yes,89,2833,54.90,99.26,1,Month-to-Month,Bank Withdrawal,No Offer,DSL,No,Female,19,No,California,Los Angeles
3658-QQJYD,Stayed,No,77,5974,74.30,7074.51,4,One Year,Credit Card,Offer B,Cable,No,Male,56,No,California,Santa Monica
3662-FXJFO,Stayed,No,30,5946,20.50,1620.52,5,Two Year,Credit Card,Offer B,No Internet Service,No,Female,44,No,California,Redondo Beach
3663-MITLP,Churned,Yes,85,3968,101.25,1709.55,3,Month-to-Month,Bank Withdrawal,No Offer,Fiber Optic,No,Female,43,No,California,Marina
3665-JATSN,Stayed,No,65,4034,39.70,820.05,5,Month-to-Month,Bank Withdrawal,No Offer,DSL,No,Female,19,No,California,Mount Shasta
3668-QPYBK,Churned,Yes,86,3239,53.85,129.09,1,Month-to-Month,Credit Card,No Offer,DSL,No,Male,37,No,California,Los Angeles
3669-LVWZB,Churned,Yes,86,4630,51.00,305.95,2,Month-to-Month,Mailed Check,No Offer,DSL,No,Male,20,No,California,Tahoma
3669-OYSJI,Churned,Yes,76,4167,46.20,94.78,2,Month-to-Month,Credit Card,Offer E,DSL,No,Male,47,No,California,Porter Ranch
3669-WHAFY,Stayed,No,24,4144,115.15,8748.34,3,Two Year,Credit Card,Offer A,Fiber Optic,Yes,Female,57,No,California,Whittier
3671-SHRSP,Churned,Yes,86,3080,80.60,376.35,3,Month-to-Month,Mailed Check,Offer E,Fiber Optic,Yes,Male,46,No,California,Marina
3672-YITQD,Churned,Yes,79,2987,84.10,4161.00,1,Month-to-Month,Bank Withdrawal,Offer C,Fiber Optic,No,Male,71,Yes,California,Castaic
3675-EQOZA,Stayed,No,60,5597,20.65,306.15,4,Month-to-Month,Bank Withdrawal,Offer E,No Internet Service,No,Male,40,No,California,Newport Beach
3675-YDUPJ,Stayed,No,58,3768,19.85,212.85,4,Month-to-Month,Credit Card,Offer D,No Internet Service,No,Male,29,No,California,Rancho Cucamonga
3677-IYRBF,Churned,Yes,90,4002,30.40,78.65,1,Month-to-Month,Bank Withdrawal,No Offer,DSL,No,Female,73,Yes,California,Newcastle
3677-TNKIO,Churned,Yes,95,3228,71.00,1421.50,1,Month-to-Month,Credit Card,No Offer,Fiber Optic,No,Female,27,No,California,Templeton
3678-MNGZX,Stayed,No,53,4165,19.95,3789.24,3,Two Year,Bank Withdrawal,Offer A,No Internet Service,No,Male,45,No,California,Porter Ranch
3679-XASPY,Joined,No,26,5612,19.45,35.89,3,Month-to-Month,Bank Withdrawal,Offer E,No Internet Service,No,Female,38,No,California,Inglewood
3680-CTHUH,Stayed,No,74,5680,116.60,9703.90,3,One Year,Credit Card,No Offer,Fiber Optic,Yes,Male,22,No,California,Kneeland
3682-YEUWS,Stayed,No,54,4458,24.40,295.50,5,Month-to-Month,Credit Card,No Offer,No Internet Service,No,Male,27,No,California,Tulelake
3683-QKIUE,Churned,Yes,88,4713,50.80,419.51,2,Month-to-Month,Bank Withdrawal,Offer E,DSL,Yes,Female,51,No,California,San Francisco
3685-YLCMQ,Churned,Yes,66,5411,104.65,8645.72,2,One Year,Bank Withdrawal,Offer B,Fiber Optic,Yes,Male,34,No,California,Dobbins
3688-FTHLT,Stayed,No,73,3214,63.05,1760.73,3,Month-to-Month,Bank Withdrawal,No Offer,DSL,No,Female,56,No,California,Flournoy
3689-MOZGR,Stayed,No,39,4761,31.20,926.20,5,Month-to-Month,Bank Withdrawal,No Offer,Cable,Yes,Female,30,No,California,Irvine
3692-JHONH,Stayed,No,57,4499,106.50,7154.33,5,One Year,Bank Withdrawal,No Offer,Fiber Optic,No,Female,70,Yes,California,Kettleman City
3694-DELSO,Stayed,No,40,3824,38.55,156.10,4,Month-to-Month,Credit Card,No Offer,DSL,No,Male,56,No,California,Olancha
3694-GLTJM,Stayed,No,42,2878,19.65,301.70,3,Month-to-Month,Credit Card,No Offer,No Internet Service,No,Female,62,No,California,Corning
3696-DFHHB,Stayed,No,37,5182,25.50,2472.71,5,Two Year,Bank Withdrawal,No Offer,No Internet Service,No,Female,50,No,California,Big Bend
3696-XRIEN,Stayed,No,71,5258,82.50,5220.25,4,One Year,Credit Card,Offer B,DSL,Yes,Female,59,No,California,San Jose
3701-SFMUH,Stayed,No,50,4326,69.70,552.34,3,Month-to-Month,Credit Card,Offer E,Cable,No,Male,63,No,California,Trabuco Canyon
3703-KBKZP,Stayed,No,47,5111,74.45,1613.67,5,Two Year,Bank Withdrawal,Offer D,Fiber Optic,No,Male,70,Yes,California,Standish
3703-TTEPD,Stayed,No,45,2887,65.35,1763.76,3,Month-to-Month,Bank Withdrawal,No Offer,DSL,No,Male,28,No,California,Irvine
3703-VAVCL,Churned,Yes,91,3902,90.00,283.89,2,Month-to-Month,Credit Card,No Offer,Fiber Optic,Yes,Male,51,No,California,Strawberry Valley
3704-IEAXF,Stayed,No,47,5498,53.65,3784.00,3,Two Year,Credit Card,No Offer,DSL,Yes,Female,49,No,California,Los Angeles
3705-PSNGL,Churned,Yes,87,5398,20.40,2073.45,3,One Year,Bank Withdrawal,Offer B,No Internet Service,No,Male,49,No,California,Cerritos
3705-RHRFR,Stayed,No,45,5031,99.15,10004.50,3,Two Year,Bank Withdrawal,No Offer,Fiber Optic,No,Female,52,No,California,Ukiah
3707-GNWHM,Churned,Yes,93,4750,74.25,96.05,1,Month-to-Month,Mailed Check,No Offer,Fiber Optic,No,Male,28,No,California,Carmel Valley
3707-LRWZD,Churned,Yes,68,3553,84.05,4070.17,2,One Year,Bank Withdrawal,No Offer,Fiber Optic,No,Female,44,No,California,Oakland
3709-OIJEA,Stayed,No,52,5156,85.20,2957.32,5,One Year,Bank Withdrawal,No Offer,Fiber Optic,Yes,Male,51,No,California,Geyserville
3712-PKXZA,Stayed,No,42,5110,20.55,2427.47,4,One Year,Credit Card,No Offer,No Internet Service,No,Male,22,No,California,Glendale
3714-JTVOV,Churned,Yes,94,2322,74.15,3351.20,1,Month-to-Month,Credit Card,Offer B,Fiber Optic,No,Female,76,Yes,California,Crows Landing
3714-NTNFO,Stayed,No,71,6434,84.50,5239.50,5,Month-to-Month,Bank Withdrawal,Offer B,Fiber Optic,No,Female,49,No,California,Los Angeles
3714-XPXBW,Stayed,No,64,3801,78.90,4576.12,4,Month-to-Month,Credit Card,No Offer,DSL,Yes,Female,43,No,California,Santa Cruz
3716-BDVDB,Churned,Yes,82,5795,69.10,107.76,1,Month-to-Month,Bank Withdrawal,Offer E,Fiber Optic,No,Male,62,No,California,San Diego
3716-LRGXK,Stayed,No,35,5301,101.15,6670.40,3,Two Year,Credit Card,No Offer,Fiber Optic,No,Male,27,No,California,San Jose
3716-UVSPD,Joined,No,45,4209,49.30,74.27,3,Month-to-Month,Bank Withdrawal,No Offer,DSL,Yes,Male,54,No,California,San Juan Capistrano
3717-FDJFU,Stayed,No,75,3353,20.45,252.65,3,Two Year,Credit Card,Offer E,No Internet Service,No,Male,19,No,California,Montgomery Creek
3717-LNXKW,Stayed,No,36,3676,91.70,3962.03,3,Month-to-Month,Bank Withdrawal,No Offer,Fiber Optic,No,Male,36,No,California,Glenn
3717-OEAUQ,Joined,No,38,2388,70.70,144.64,4,Month-to-Month,Credit Card,Offer E,Fiber Optic,No,Male,37,No,California,Ione
3717-OFRTN,Joined,No,43,3595,19.75,25.07,5,Month-to-Month,Bank Withdrawal,Offer E,No Internet Service,No,Male,48,No,California,Dublin
3719-TDVQB,Stayed,No,28,5548,18.95,2323.86,4,Two Year,Mailed Check,No Offer,No Internet Service,No,Female,68,Yes,California,Ripon
3720-DBRWL,Stayed,No,53,5703,83.85,4658.49,3,Two Year,Credit Card,Offer B,Cable,Yes,Male,20,No,California,Tehama
3721-CNEYS,Churned,Yes,94,5390,70.95,168.61,1,Month-to-Month,Bank Withdrawal,No Offer,Fiber Optic,No,Female,45,No,California,Douglas City
3721-CNZHX,Stayed,No,28,5753,19.80,387.70,4,One Year,Credit Card,No Offer,No Internet Service,No,Male,49,No,California,Berkeley
3721-WKIIL,Stayed,No,21,2896,19.60,964.15,5,Two Year,Mailed Check,No Offer,No Internet Service,No,Female,62,No,California,Smartville
3722-WPXTK,Churned,Yes,72,4254,88.35,102.61,1,Month-to-Month,Bank Withdrawal,No Offer,Fiber Optic,No,Male,23,No,California,Benton
3723-BFBGR,Stayed,No,25,4330,54.80,1609.14,5,Two Year,Credit Card,No Offer,Cable,No,Male,74,Yes,California,Borrego Springs
3724-BSCVH,Stayed,No,54,4613,20.45,618.30,4,One Year,Credit Card,Offer D,No Internet Service,No,Male,37,No,California,Mecca
3724-UCSHY,Stayed,No,25,3072,19.55,342.14,3,Month-to-Month,Credit Card,Offer E,No Internet Service,No,Male,48,No,California,Reedley
3726-TBHQT,Stayed,No,23,5600,114.00,9982.85,4,Two Year,Bank Withdrawal,No Offer,Fiber Optic,Yes,Male,25,No,California,Catheys Valley
3727-JEZTU,Joined,No,21,2152,20.40,66.31,5,Month-to-Month,Credit Card,No Offer,No Internet Service,No,Female,29,No,California,Bakersfield
3727-OVPRY,Stayed,No,43,5517,25.70,4541.99,4,One Year,Credit Card,Offer A,No Internet Service,No,Male,32,No,California,Calabasas
3727-OWVYD,Stayed,No,70,2075,61.20,3364.50,3,One Year,Mailed Check,No Offer,DSL,No,Male,24,No,California,Campo
3727-RJMEO,Churned,Yes,78,4458,82.85,462.84,1,Month-to-Month,Bank Withdrawal,No Offer,Fiber Optic,No,Male,34,No,California,Rohnert Park
3729-OWRVL,Stayed,No,79,4295,110.35,10121.10,3,Two Year,Bank Withdrawal,No Offer,Fiber Optic,Yes,Male,80,Yes,California,Pixley
3733-LSYCE,Stayed,No,67,4891,75.35,1565.90,5,Month-to-Month,Bank Withdrawal,No Offer,Fiber Optic,No,Female,22,No,California,Samoa
3733-UOCWF,Stayed,No,62,4845,85.55,8097.40,4,One Year,Bank Withdrawal,Offer B,Fiber Optic,Yes,Male,78,Yes,California,Helendale
3733-ZEECP,Stayed,No,34,5329,51.10,1846.92,5,Month-to-Month,Bank Withdrawal,No Offer,Cable,Yes,Male,29,No,California,Inglewood
3736-BLEPA,Stayed,No,41,2886,91.25,2866.97,5,One Year,Bank Withdrawal,Offer C,Fiber Optic,Yes,Male,50,No,California,Folsom
3737-GCSPV,Churned,Yes,92,3101,96.20,1517.73,1,Month-to-Month,Credit Card,No Offer,Fiber Optic,Yes,Female,60,No,California,Millbrae
3737-XBQDD,Stayed,No,23,2941,84.85,2443.92,4,Month-to-Month,Bank Withdrawal,Offer C,Fiber Optic,No,Male,57,No,California,Mount Laguna
3739-YBWAB,Stayed,No,60,3314,35.35,1317.95,4,One Year,Mailed Check,Offer C,Cable,No,Male,37,No,California,Paramount
3740-RLMVT,Stayed,No,41,5792,60.95,6920.90,3,One Year,Bank Withdrawal,Offer A,Cable,Yes,Male,79,Yes,California,Saint Helena
3744-ZBHON,Joined,No,24,4369,20.20,161.38,5,Month-to-Month,Bank Withdrawal,No Offer,No Internet Service,No,Female,64,No,California,Highland
3744-ZRRDZ,Churned,Yes,90,2902,82.35,2120.81,1,Month-to-Month,Bank Withdrawal,Offer D,Fiber Optic,No,Male,25,No,California,Torrance
3745-HRPHI,Stayed,No,42,4051,54.65,3585.25,5,Two Year,Bank Withdrawal,No Offer,DSL,Yes,Male,49,No,California,Yuba City
3746-EUBYR,Churned,Yes,75,5861,74.60,119.33,1,Month-to-Month,Bank Withdrawal,Offer E,Fiber Optic,No,Male,63,No,California,Fallbrook
3748-FVMZZ,Stayed,No,57,2664,40.05,162.45,4,Month-to-Month,Bank Withdrawal,No Offer,DSL,Yes,Male,33,No,California,Oakland
3750-CKVKH,Churned,Yes,71,2299,67.75,140.15,2,Month-to-Month,Bank Withdrawal,No Offer,Fiber Optic,No,Male,58,No,California,Clearlake Oaks
3750-RNQKR,Stayed,No,33,4788,19.45,463.69,4,Month-to-Month,Credit Card,No Offer,No Internet Service,No,Female,38,No,California,Alameda
3750-YHRYO,Stayed,No,27,2874,20.65,297.63,5,One Year,Mailed Check,No Offer,No Internet Service,No,Male,64,No,California,Glendora
3751-KTZEL,Churned,Yes,89,3706,35.05,35.05,1,Month-to-Month,Mailed Check,Offer E,DSL,No,Female,62,No,California,Yorkville
3752-CQSJI,Stayed,No,25,5417,20.45,467.70,3,Month-to-Month,Credit Card,Offer D,No Internet Service,No,Female,59,No,California,San Anselmo
3753-TSEMP,Churned,Yes,79,2524,88.15,1574.65,1,Month-to-Month,Bank Withdrawal,No Offer,Fiber Optic,No,Female,21,No,California,San Diego
3754-DXMRT,Churned,Yes,86,5655,44.15,179.97,2,Month-to-Month,Bank Withdrawal,No Offer,DSL,No,Male,78,Yes,California,San Pablo
3755-JBMNH,Churned,Yes,86,3327,71.80,1902.20,1,Month-to-Month,Bank Withdrawal,No Offer,Fiber Optic,No,Male,78,Yes,California,Huntington Beach
3756-VNWDH,Stayed,No,66,4368,100.75,8759.85,3,One Year,Bank Withdrawal,No Offer,Fiber Optic,No,Male,66,Yes,California,Pasadena
3757-NJYBX,Churned,Yes,65,4113,106.35,3774.19,2,Month-to-Month,Bank Withdrawal,No Offer,Fiber Optic,No,Male,77,Yes,California,Nipomo
3758-CKOQL,Stayed,No,51,4620,107.00,8580.15,4,One Year,Credit Card,Offer B,Fiber Optic,Yes,Female,20,No,California,Valyermo
3761-FLYZI,Stayed,No,64,5225,108.80,10215.38,5,Two Year,Bank Withdrawal,No Offer,Fiber Optic,No,Female,69,Yes,California,Los Angeles
3763-GCZHZ,Churned,Yes,95,5504,104.05,8214.62,2,One Year,Bank Withdrawal,Offer A,Fiber Optic,Yes,Male,23,No,California,Hathaway Pines
3764-MNMOI,Stayed,No,54,2776,19.20,2333.69,4,Two Year,Credit Card,Offer B,No Internet Service,No,Male,49,No,California,Boulevard
3765-JXVKY,Churned,Yes,75,4692,74.70,118.81,1,Month-to-Month,Bank Withdrawal,Offer E,Fiber Optic,No,Female,23,No,California,Paynes Creek
3766-EJLFL,Stayed,No,80,6391,109.05,8761.11,4,Two Year,Bank Withdrawal,No Offer,Fiber Optic,Yes,Female,55,No,California,Mill Creek
3768-NLUBH,Churned,Yes,74,5247,100.60,8145.85,1,Month-to-Month,Bank Withdrawal,Offer B,Fiber Optic,No,Male,73,Yes,California,Torrance
3768-VHXQO,Stayed,No,51,4833,24.85,1803.26,4,Two Year,Credit Card,Offer A,No Internet Service,No,Male,19,No,California,Redondo Beach
3769-MHZNV,Stayed,No,25,3700,20.10,1471.26,3,Two Year,Credit Card,No Offer,No Internet Service,No,Female,61,No,California,Salyer
3771-PZOBW,Stayed,No,77,2927,90.70,2289.55,4,Month-to-Month,Credit Card,Offer D,Fiber Optic,No,Male,38,No,California,Solvang
3774-VBNXY,Stayed,No,51,4557,20.20,3597.11,5,Two Year,Credit Card,No Offer,No Internet Service,No,Female,23,No,California,Hawaiian Gardens
3776-EKTKM,Churned,Yes,96,5303,36.45,36.45,3,Month-to-Month,Bank Withdrawal,No Offer,Cable,No,Female,79,Yes,California,Burbank
3777-XROBG,Stayed,No,78,4125,19.55,3603.81,4,Two Year,Credit Card,No Offer,No Internet Service,No,Female,52,No,California,Echo Lake
3778-FOAQW,Stayed,No,39,3573,20.15,1245.49,3,One Year,Credit Card,Offer C,No Internet Service,No,Female,33,No,California,San Diego
3779-OSWCF,Stayed,No,69,4493,93.20,7366.67,3,Two Year,Credit Card,No Offer,Cable,Yes,Female,38,No,California,Dillon Beach
3780-DDGSE,Stayed,No,38,5479,76.05,3243.85,5,One Year,Bank Withdrawal,Offer C,DSL,Yes,Male,77,Yes,California,Shoshone
3780-YVMFA,Stayed,No,58,3123,68.55,803.87,3,Month-to-Month,Bank Withdrawal,No Offer,Cable,Yes,Female,33,No,California,Long Beach
3785-KTYSH,Stayed,No,44,4610,24.60,3051.80,5,Two Year,Credit Card,No Offer,No Internet Service,No,Male,24,No,California,Mission Hills
3785-NRHYR,Joined,No,31,3192,19.65,36.56,3,Month-to-Month,Credit Card,No Offer,No Internet Service,No,Male,40,No,California,Bridgeport
3786-WOVKF,Stayed,No,58,4768,106.85,8342.60,4,One Year,Bank Withdrawal,Offer A,Fiber Optic,No,Female,69,Yes,California,Anaheim
3787-TRIAL,Stayed,No,44,4302,26.05,565.75,5,Month-to-Month,Bank Withdrawal,Offer D,DSL,No,Male,23,No,California,San Ardo
3791-LGQCY,Churned,Yes,85,4803,100.65,7711.41,1,Month-to-Month,Bank Withdrawal,No Offer,Cable,No,Female,68,Yes,California,Loomis
3793-MMFUH,Churned,Yes,90,2230,95.05,1537.39,1,Month-to-Month,Bank Withdrawal,No Offer,Fiber Optic,No,Female,73,Yes,California,Davis
3794-NFNCH,Stayed,No,29,4715,50.00,2169.70,4,Month-to-Month,Credit Card,Offer C,DSL,No,Male,53,No,California,Bella Vista
3795-CAWEX,Stayed,No,40,6116,116.55,11006.20,3,Two Year,Credit Card,Offer A,Fiber Optic,Yes,Male,21,No,California,Whitmore
3795-GWTRD,Stayed,No,64,4626,75.55,5106.64,4,Two Year,Credit Card,No Offer,Cable,Yes,Female,58,No,California,Los Angeles
3796-ENZGF,Stayed,No,36,6438,67.25,7416.97,4,Two Year,Credit Card,No Offer,Cable,Yes,Male,52,No,California,The Sea Ranch
3797-FKOGQ,Stayed,No,41,3157,86.20,987.44,5,Month-to-Month,Bank Withdrawal,No Offer,Fiber Optic,No,Male,31,No,California,Canoga Park
3797-VTIDR,Churned,Yes,90,4517,23.45,23.45,2,Month-to-Month,Bank Withdrawal,Offer E,DSL,No,Male,55,No,California,San Jose
3798-EPWRR,Joined,No,55,4057,43.95,123.28,5,Month-to-Month,Bank Withdrawal,Offer E,DSL,No,Female,74,Yes,California,Beverly Hills
3799-ISUZQ,Churned,Yes,90,3296,69.95,777.44,2,Month-to-Month,Bank Withdrawal,No Offer,Fiber Optic,No,Male,49,No,California,California Hot Springs
3800-LYTRK,Stayed,No,57,4978,55.70,1282.67,4,One Year,Credit Card,No Offer,DSL,Yes,Female,52,No,California,Point Reyes Station
3801-HMYNL,Churned,Yes,68,3123,89.15,121.50,1,Month-to-Month,Mailed Check,No Offer,Fiber Optic,No,Male,44,No,California,Brooks
3803-KMQFW,Churned,Yes,78,3797,20.55,58.47,3,Month-to-Month,Credit Card,No Offer,No Internet Service,No,Female,25,No,California,Brea
3804-RVTGV,Churned,Yes,91,5812,103.85,7128.40,2,Month-to-Month,Bank Withdrawal,Offer B,Fiber Optic,No,Male,55,No,California,Mountain View
3806-DXQOM,Churned,Yes,95,2563,33.65,137.85,2,Month-to-Month,Bank Withdrawal,Offer E,DSL,No,Female,47,No,California,Baker
3806-YAZOV,Joined,No,67,3010,18.80,75.83,4,Month-to-Month,Credit Card,Offer E,No Internet Service,No,Female,44,No,California,Lagunitas
3807-BPOMJ,Stayed,No,63,6021,94.75,6647.25,4,One Year,Bank Withdrawal,Offer B,Fiber Optic,No,Female,59,No,California,Dobbins
3807-XHCJH,Joined,No,33,2358,20.00,26.86,4,Month-to-Month,Bank Withdrawal,No Offer,No Internet Service,No,Female,21,No,California,Fish Camp
3808-HFKDE,Stayed,No,59,3460,44.35,1010.15,4,Month-to-Month,Bank Withdrawal,Offer D,Cable,No,Female,35,No,California,Alhambra
3810-DVDQQ,Stayed,No,54,6173,117.60,11688.90,3,Two Year,Bank Withdrawal,No Offer,Fiber Optic,Yes,Female,28,No,California,Shasta Lake
3810-PJUHR,Stayed,No,69,6059,25.35,2447.35,3,Two Year,Credit Card,Offer A,No Internet Service,No,Male,63,No,California,Morongo Valley
3811-VBYBZ,Churned,Yes,91,2031,99.80,1012.46,1,Month-to-Month,Bank Withdrawal,No Offer,Fiber Optic,No,Male,61,No,California,Lytle Creek
3812-LRZIR,Stayed,No,67,2645,24.50,1720.99,3,Two Year,Bank Withdrawal,No Offer,No Internet Service,No,Female,51,No,California,Desert Hot Springs
3813-DHBBB,Stayed,No,77,6395,50.95,3521.70,3,Two Year,Bank Withdrawal,No Offer,DSL,Yes,Male,39,No,California,Cedarville
3814-MLAXC,Churned,Yes,67,2554,79.85,2919.68,1,Month-to-Month,Credit Card,No Offer,Fiber Optic,Yes,Female,58,No,California,Hayward
3815-SLMEF,Churned,Yes,88,2802,34.25,139.35,1,Month-to-Month,Mailed Check,Offer E,Cable,Yes,Female,26,No,California,Avenal
3823-KYNQY,Stayed,No,71,4443,24.95,587.24,5,One Year,Credit Card,Offer D,No Internet Service,No,Male,61,No,California,Van Nuys
3824-RHKVR,Stayed,No,28,4222,19.70,718.77,4,Month-to-Month,Credit Card,Offer D,No Internet Service,No,Female,27,No,California,Fullerton
3831-YCPUO,Stayed,No,55,6419,109.50,10175.46,3,Two Year,Credit Card,No Offer,Fiber Optic,Yes,Female,38,No,California,Glencoe
3834-XUIFC,Churned,Yes,86,3905,85.20,734.36,1,Month-to-Month,Credit Card,Offer E,Fiber Optic,No,Male,23,No,California,Long Beach
3836-FZSDJ,Stayed,No,53,4367,24.85,3476.49,5,Two Year,Bank Withdrawal,Offer A,No Internet Service,No,Male,69,Yes,California,Fresno
3838-OZURD,Churned,Yes,96,5723,105.00,7613.73,1,Month-to-Month,Credit Card,Offer A,Fiber Optic,No,Male,28,No,California,Somes Bar
3841-CONLJ,Joined,No,54,4099,35.00,35.00,3,Month-to-Month,Bank Withdrawal,No Offer,DSL,No,Female,33,No,California,Morro Bay
3841-NFECX,Stayed,No,38,5309,96.35,10105.37,4,Two Year,Credit Card,No Offer,Fiber Optic,Yes,Female,69,Yes,California,Los Angeles
3842-IYKUE,Churned,Yes,88,2455,85.30,4603.51,2,Month-to-Month,Credit Card,Offer C,Fiber Optic,Yes,Female,28,No,California,San Leandro
3842-QTGDL,Stayed,No,55,2942,80.75,2057.30,3,Month-to-Month,Bank Withdrawal,No Offer,Fiber Optic,No,Male,59,No,California,Walnut Creek
3845-FXCYS,Joined,No,26,4841,19.65,46.80,5,Month-to-Month,Bank Withdrawal,No Offer,No Internet Service,No,Male,55,No,California,Long Barn
3845-JHAMY,Stayed,No,25,2069,35.50,632.70,5,Month-to-Month,Credit Card,Offer D,Cable,No,Female,48,No,California,Inverness
3847-BAERP,Stayed,No,29,4905,20.90,370.90,5,Month-to-Month,Credit Card,No Offer,No Internet Service,No,Female,27,No,California,Bass Lake
3850-OKINF,Stayed,No,62,4756,66.20,7321.68,3,One Year,Bank Withdrawal,Offer A,DSL,No,Male,42,No,California,Pasadena
3853-LYGAM,Stayed,No,49,3139,95.65,1999.38,4,Month-to-Month,Bank Withdrawal,No Offer,Fiber Optic,Yes,Male,58,No,California,Meadow Vista
3855-ONCAR,Stayed,No,50,5775,78.90,430.46,4,Month-to-Month,Credit Card,No Offer,Fiber Optic,No,Female,35,No,California,Arcadia
3858-VOBET,Churned,Yes,89,5897,74.95,2372.85,3,Month-to-Month,Bank Withdrawal,No Offer,Cable,No,Male,48,No,California,San Diego
3858-XHYJO,Stayed,No,41,4078,105.75,5116.55,4,One Year,Bank Withdrawal,Offer B,Fiber Optic,No,Female,24,No,California,San Gabriel
3859-CVCET,Churned,Yes,78,2864,45.65,372.65,1,Month-to-Month,Mailed Check,No Offer,DSL,No,Female,47,No,California,Lindsay
3863-IUBJR,Churned,Yes,78,2595,53.65,1030.19,1,One Year,Credit Card,No Offer,DSL,No,Male,27,No,California,Oakland
3863-QSTYI,Stayed,No,38,5687,64.65,4726.65,3,Month-to-Month,Bank Withdrawal,No Offer,Cable,Yes,Male,60,No,California,Mission Viejo
3865-QBWSJ,Stayed,No,41,2926,80.45,4877.59,3,Two Year,Credit Card,No Offer,Fiber Optic,No,Male,76,Yes,California,Courtland
3865-YIOTT,Stayed,No,72,6283,106.10,8688.74,3,One Year,Bank Withdrawal,No Offer,Fiber Optic,No,Male,40,No,California,San Francisco
3865-ZFZIB,Stayed,No,21,5596,19.65,1017.07,5,Two Year,Credit Card,Offer D,No Internet Service,No,Male,25,No,California,Los Angeles
3865-ZYKAD,Stayed,No,59,4503,84.90,6804.09,3,Month-to-Month,Credit Card,No Offer,Fiber Optic,No,Male,77,Yes,California,Sacramento
3866-MDTUB,Churned,Yes,72,3257,70.75,200.76,1,Month-to-Month,Bank Withdrawal,No Offer,DSL,No,Female,64,No,California,Los Angeles
3870-MQAMG,Churned,Yes,90,6189,110.35,6010.87,1,One Year,Bank Withdrawal,Offer B,Fiber Optic,Yes,Female,21,No,California,Camp Nelson
3870-SPZSI,Stayed,No,54,4203,113.05,10196.55,5,Two Year,Credit Card,Offer A,Fiber Optic,Yes,Female,56,No,California,Wilton
3871-IKPYH,Churned,Yes,83,2767,69.10,85.29,3,Month-to-Month,Bank Withdrawal,No Offer,Fiber Optic,No,Male,70,Yes,California,Camarillo
3873-NFTGI,Stayed,No,68,3520,55.50,1026.27,4,Month-to-Month,Credit Card,Offer D,DSL,No,Male,54,No,California,Fresno
3873-WOSBC,Stayed,No,38,4879,25.60,2571.48,3,Two Year,Credit Card,Offer A,No Internet Service,No,Male,58,No,California,Catheys Valley
3874-EQOEP,Churned,Yes,94,2786,95.00,772.54,1,Month-to-Month,Credit Card,Offer E,Cable,No,Male,32,No,California,Long Beach
3877-JRJIP,Churned,Yes,71,4017,59.85,81.90,2,Month-to-Month,Bank Withdrawal,No Offer,Cable,No,Male,50,No,California,Hawthorne
3878-AVSOQ,Joined,No,49,5033,71.25,98.85,4,Two Year,Bank Withdrawal,No Offer,Fiber Optic,No,Female,68,Yes,California,La Jolla
3882-IYOIJ,Stayed,No,36,5328,115.25,9346.40,5,Two Year,Credit Card,Offer B,Fiber Optic,Yes,Female,41,No,California,Yorba Linda
3884-HCSWG,Churned,Yes,70,4390,70.00,1354.72,1,Month-to-Month,Bank Withdrawal,No Offer,Fiber Optic,No,Female,51,No,California,Camptonville
3884-UEBXB,Stayed,No,39,6314,36.15,2434.45,3,Two Year,Bank Withdrawal,No Offer,DSL,No,Female,58,No,California,Diamond Springs
3886-CERTZ,Churned,Yes,90,4261,109.25,10351.16,1,One Year,Bank Withdrawal,No Offer,Fiber Optic,Yes,Female,57,No,California,Fullerton
3887-PBQAO,Stayed,No,78,5741,25.90,2228.65,4,One Year,Credit Card,Offer B,No Internet Service,No,Female,48,No,California,Hermosa Beach
3889-VWBID,Stayed,No,42,5184,82.85,7652.57,4,Two Year,Bank Withdrawal,No Offer,DSL,Yes,Male,52,No,California,Antelope
3890-RTCMS,Stayed,No,49,3446,49.45,1574.20,4,Month-to-Month,Credit Card,No Offer,DSL,Yes,Male,29,No,California,Millville
3891-NLXJB,Stayed,No,24,4050,40.55,1440.85,3,Two Year,Credit Card,No Offer,DSL,Yes,Male,26,No,California,San Jose
3891-PUQOD,Churned,Yes,65,5020,59.20,72.78,1,Month-to-Month,Bank Withdrawal,No Offer,DSL,No,Female,40,No,California,Los Angeles
3892-NXAZG,Stayed,No,72,6254,114.05,8707.52,4,Two Year,Credit Card,Offer A,Fiber Optic,Yes,Male,56,No,California,Downieville
3893-JRNFS,Stayed,No,69,6270,39.90,2796.35,4,Month-to-Month,Bank Withdrawal,No Offer,DSL,No,Male,19,No,California,Palmdale
3896-RCYYE,Stayed,No,37,5990,53.40,3579.15,5,Month-to-Month,Credit Card,No Offer,DSL,Yes,Female,61,No,California,Atwater
3896-ZVNET,Stayed,No,56,5302,24.70,1069.51,3,Two Year,Mailed Check,No Offer,No Internet Service,No,Female,42,No,California,Gerber
3898-BSJYF,Stayed,No,29,4434,73.55,835.70,3,One Year,Credit Card,Offer D,Cable,Yes,Female,23,No,California,Herlong
3898-GUYTS,Stayed,No,34,4735,97.05,4955.20,3,Two Year,Bank Withdrawal,No Offer,Fiber Optic,Yes,Female,71,Yes,California,Ravendale
3900-AQPHZ,Churned,Yes,91,4248,19.90,69.41,2,Month-to-Month,Mailed Check,No Offer,No Internet Service,No,Female,45,No,California,Pearblossom
3902-FOIGH,Churned,Yes,68,3967,101.35,1800.55,1,Month-to-Month,Bank Withdrawal,No Offer,Fiber Optic,No,Male,66,Yes,California,Doyle
3902-MIVLE,Stayed,No,62,5113,75.70,5442.15,3,Two Year,Credit Card,Offer B,DSL,Yes,Male,35,No,California,Whittier
3904-UKFRE,Stayed,No,67,2333,80.10,512.79,3,Month-to-Month,Bank Withdrawal,Offer E,Fiber Optic,No,Male,27,No,California,Stockton
3908-BLSYF,Churned,Yes,90,3962,83.90,653.13,1,Month-to-Month,Bank Withdrawal,No Offer,Fiber Optic,No,Female,40,No,California,Los Altos
3908-MKIMJ,Stayed,No,34,5607,41.95,2965.75,3,Two Year,Bank Withdrawal,No Offer,Cable,No,Male,79,Yes,California,Mount Shasta
3910-MRQOY,Stayed,No,79,5398,19.40,2423.09,3,Two Year,Bank Withdrawal,No Offer,No Internet Service,No,Female,28,No,California,Orick
3911-RSNHI,Stayed,No,37,5119,61.40,4310.35,4,Two Year,Credit Card,Offer A,DSL,Yes,Female,46,No,California,Rocklin
3913-FCUUW,Stayed,No,48,4463,70.45,5658.90,3,Two Year,Bank Withdrawal,Offer A,DSL,Yes,Female,52,No,California,Hanford
3913-RDSJZ,Stayed,No,22,4312,25.55,4875.91,4,Two Year,Credit Card,No Offer,No Internet Service,No,Female,40,No,California,Los Angeles
3914-FDRHP,Stayed,No,42,4754,86.25,1187.56,5,Month-to-Month,Bank Withdrawal,No Offer,Fiber Optic,Yes,Male,25,No,California,Warner Springs
3915-ODIYG,Stayed,No,71,4964,71.75,4996.55,3,One Year,Bank Withdrawal,No Offer,DSL,No,Male,72,Yes,California,Cotati
3916-NRPAP,Joined,No,33,5806,85.70,346.27,5,Month-to-Month,Credit Card,Offer E,Fiber Optic,No,Male,21,No,California,Escalon
3920-HIHMQ,Stayed,No,38,4196,49.50,1840.49,5,Month-to-Month,Credit Card,No Offer,DSL,No,Female,53,No,California,Scotts Valley
3923-CSIHK,Churned,Yes,94,5746,71.05,3674.85,3,Month-to-Month,Bank Withdrawal,No Offer,Cable,No,Female,69,Yes,California,Herald
3926-CUQZX,Churned,Yes,77,4884,45.10,56.16,3,Month-to-Month,Bank Withdrawal,Offer E,DSL,No,Male,27,No,California,Campo
3926-YZVVX,Stayed,No,64,2157,50.05,2538.27,5,One Year,Bank Withdrawal,No Offer,Cable,Yes,Female,62,No,California,Sacramento
3927-NLNRY,Churned,Yes,96,5414,94.25,5703.76,3,One Year,Bank Withdrawal,Offer B,Fiber Optic,No,Male,48,No,California,Long Barn
3930-ZGWVE,Joined,No,68,2484,19.75,35.52,3,Month-to-Month,Credit Card,No Offer,No Internet Service,No,Male,45,No,California,Stanton
3932-CMDTD,Churned,Yes,66,4663,105.65,617.70,2,One Year,Bank Withdrawal,No Offer,Fiber Optic,Yes,Female,29,No,California,Foothill Ranch
3932-IJWDZ,Stayed,No,21,2183,103.65,5861.60,5,Month-to-Month,Bank Withdrawal,Offer B,Fiber Optic,Yes,Male,51,No,California,Willits
3933-DQPWX,Stayed,No,49,5174,39.70,1932.75,3,Two Year,Credit Card,No Offer,DSL,Yes,Female,48,No,California,Barstow
3934-HXCFZ,Churned,Yes,76,5338,99.25,2628.00,1,Month-to-Month,Bank Withdrawal,Offer D,Fiber Optic,No,Male,33,No,California,Pinecrest
3935-TBRZZ,Stayed,No,80,3037,25.70,1785.02,3,One Year,Credit Card,Offer B,No Internet Service,No,Male,54,No,California,Twentynine Palms
3936-QQFLL,Joined,No,67,4064,19.75,43.24,4,Month-to-Month,Credit Card,No Offer,No Internet Service,No,Male,58,No,California,Calimesa
3938-YFPXD,Stayed,No,35,6012,84.30,8087.26,4,Two Year,Credit Card,Offer A,DSL,Yes,Male,55,No,California,Janesville
3941-XTSKM,Stayed,No,71,3844,45.10,2049.05,4,One Year,Credit Card,No Offer,DSL,No,Male,32,No,California,Burnt Ranch
3943-KDREE,Churned,Yes,76,2934,74.95,2290.73,2,Month-to-Month,Bank Withdrawal,No Offer,Fiber Optic,No,Female,48,No,California,Los Angeles
3945-GFWQL,Churned,Yes,89,4162,44.55,524.31,3,Month-to-Month,Bank Withdrawal,No Offer,DSL,No,Female,33,No,California,San Jose
3946-JEWRQ,Stayed,No,72,4977,95.20,5626.71,5,One Year,Credit Card,No Offer,Fiber Optic,No,Male,21,No,California,Sherman Oaks
3946-MHCZW,Churned,Yes,83,5111,50.90,57.85,1,Month-to-Month,Credit Card,Offer E,DSL,No,Male,50,No,California,Ontario
3948-FVVRP,Stayed,No,73,2848,54.80,852.94,4,Month-to-Month,Credit Card,No Offer,DSL,Yes,Male,43,No,California,Santa Maria
3948-KXDUF,Stayed,No,60,5454,68.75,5801.87,4,Two Year,Bank Withdrawal,No Offer,Cable,Yes,Male,64,No,California,Los Gatos
3948-XHGNA,Churned,Yes,80,5005,49.55,1555.76,1,Month-to-Month,Bank Withdrawal,No Offer,DSL,No,Male,35,No,California,San Diego
3950-VPYJB,Stayed,No,28,4778,59.60,4408.75,3,One Year,Credit Card,No Offer,DSL,Yes,Male,37,No,California,Chester
3951-NJCVI,Stayed,No,34,2677,95.05,5820.68,4,One Year,Bank Withdrawal,No Offer,Fiber Optic,No,Female,76,Yes,California,Cathedral City
3955-JBZZM,Stayed,No,80,2317,78.80,2549.10,3,Month-to-Month,Bank Withdrawal,Offer D,Fiber Optic,No,Male,45,No,California,Hermosa Beach
3956-CJUST,Stayed,No,49,2491,75.40,2128.81,4,One Year,Bank Withdrawal,No Offer,Fiber Optic,No,Female,67,Yes,California,San Francisco
3956-MGXOG,Stayed,No,70,2951,80.60,3192.47,5,Month-to-Month,Bank Withdrawal,No Offer,Fiber Optic,No,Female,62,No,California,Modesto
3957-HHLMR,Stayed,No,20,6316,65.20,6623.55,3,One Year,Bank Withdrawal,Offer A,DSL,No,Female,50,No,California,Aguanga
3957-LXOLK,Churned,Yes,83,5030,106.15,3423.26,1,Month-to-Month,Bank Withdrawal,Offer C,Fiber Optic,No,Female,75,Yes,California,Shingletown
3957-SQXML,Stayed,No,62,5408,24.95,1751.44,3,Two Year,Credit Card,No Offer,No Internet Service,No,Female,61,No,California,Los Angeles
3961-SXAXY,Joined,No,54,5925,44.05,74.78,5,Month-to-Month,Bank Withdrawal,Offer E,Cable,No,Male,49,No,California,Thousand Oaks
3963-RYFNS,Stayed,No,20,5567,116.45,11596.99,4,Two Year,Bank Withdrawal,Offer A,Fiber Optic,Yes,Female,25,No,California,Venice
3966-HRMZA,Joined,No,56,3545,75.05,331.73,4,One Year,Credit Card,Offer E,Fiber Optic,No,Female,74,Yes,California,Bishop
3967-KXAPS,Stayed,No,56,5136,92.30,7698.38,4,Two Year,Credit Card,Offer A,DSL,Yes,Male,42,No,California,Los Angeles
3967-VQOGC,Stayed,No,59,5847,24.90,2848.06,5,Two Year,Credit Card,No Offer,No Internet Service,No,Female,54,No,California,Leggett
3969-GYXEL,Stayed,No,41,4033,76.40,1240.42,4,Month-to-Month,Bank Withdrawal,No Offer,Fiber Optic,No,Female,46,No,California,Berkeley
3969-JQABI,Stayed,No,64,5912,65.25,6230.88,3,Month-to-Month,Credit Card,No Offer,DSL,No,Female,47,No,California,Palo Alto
3970-XGJDU,Stayed,No,64,4937,19.20,2613.51,4,Two Year,Credit Card,No Offer,No Internet Service,No,Female,45,No,California,West Hills
3973-SKMLN,Stayed,No,28,5308,19.90,2890.54,3,Two Year,Credit Card,No Offer,No Internet Service,No,Male,49,No,California,Carlsbad
3976-BWUCK,Churned,Yes,94,5255,94.10,3014.75,3,Month-to-Month,Credit Card,No Offer,Fiber Optic,Yes,Female,63,No,California,San Diego
3976-HXHCE,Stayed,No,42,4722,19.30,4708.80,4,Two Year,Bank Withdrawal,No Offer,No Internet Service,No,Male,57,No,California,Belvedere Tiburon
3976-NLDEZ,Joined,No,52,5370,20.60,22.08,3,Month-to-Month,Credit Card,Offer E,No Internet Service,No,Male,55,No,California,Mira Loma
3977-QCRSL,Stayed,No,66,5020,20.15,134.80,4,Month-to-Month,Credit Card,Offer E,No Internet Service,No,Female,30,No,California,Warner Springs
3978-YNKDD,Stayed,No,43,2654,20.85,1154.54,4,Two Year,Credit Card,No Offer,No Internet Service,No,Male,62,No,California,Culver City
3981-QSVQI,Stayed,No,22,5498,19.70,346.10,4,Month-to-Month,Bank Withdrawal,Offer E,No Internet Service,No,Male,28,No,California,Bakersfield
3982-DQLUS,Stayed,No,21,4978,85.75,6279.56,3,Two Year,Bank Withdrawal,No Offer,Fiber Optic,No,Male,78,Yes,California,Sunland
3982-JGSFD,Stayed,No,33,3526,20.35,1153.77,5,One Year,Credit Card,No Offer,No Internet Service,No,Male,37,No,California,Madera
3982-XWFZQ,Churned,Yes,90,4873,50.25,2628.34,2,Month-to-Month,Bank Withdrawal,Offer B,Cable,No,Female,30,No,California,Denair
3985-HOYPM,Stayed,No,71,4602,19.40,687.18,4,One Year,Credit Card,No Offer,No Internet Service,No,Male,29,No,California,Washington
3987-KQDDU,Stayed,No,30,4990,75.60,851.54,3,Month-to-Month,Bank Withdrawal,No Offer,Fiber Optic,No,Male,58,No,California,Sonoma
3988-RQIXO,Churned,Yes,71,2371,91.30,134.91,3,Month-to-Month,Bank Withdrawal,No Offer,Fiber Optic,No,Female,68,Yes,California,Corona Del Mar
3990-QYKBE,Churned,Yes,95,4127,92.50,5300.09,1,Month-to-Month,Bank Withdrawal,No Offer,Fiber Optic,No,Male,74,Yes,California,La Canada Flintridge
3992-YWPKO,Churned,Yes,69,5750,109.90,791.61,1,Month-to-Month,Credit Card,Offer E,Fiber Optic,Yes,Female,55,No,California,Atwater
3995-WFCSM,Joined,No,54,3796,60.85,141.90,5,Month-to-Month,Bank Withdrawal,No Offer,DSL,No,Female,28,No,California,San Jacinto
3996-ZNWYK,Stayed,No,69,5819,19.80,3668.97,4,Two Year,Credit Card,No Offer,No Internet Service,No,Male,77,Yes,California,Sacramento
3999-QGRJH,Churned,Yes,88,3068,69.70,679.97,1,Month-to-Month,Bank Withdrawal,No Offer,Fiber Optic,No,Male,80,Yes,California,Ballico
3999-WRNGR,Stayed,No,77,6307,49.75,3069.45,3,Month-to-Month,Bank Withdrawal,No Offer,Cable,No,Female,39,No,California,Soda Springs
4000-VGMQP,Stayed,No,60,2125,78.95,3382.01,5,One Year,Credit Card,No Offer,Cable,No,Male,56,No,California,Pollock Pines
4001-TSBTV,Stayed,No,49,6423,91.55,7874.57,3,Month-to-Month,Bank Withdrawal,Offer B,Fiber Optic,No,Female,49,No,California,Sacramento
4002-BQWPQ,Stayed,No,61,5917,81.75,2658.80,3,Month-to-Month,Bank Withdrawal,No Offer,Cable,Yes,Male,59,No,California,Crockett
4003-FUSHP,Stayed,No,60,5831,61.55,1976.51,3,Month-to-Month,Credit Card,Offer D,Cable,Yes,Male,62,No,California,Santa Cruz
4003-OCTMP,Stayed,No,24,5191,64.00,2803.55,4,One Year,Bank Withdrawal,No Offer,Cable,Yes,Female,55,No,California,Tracy
4006-HKYHO,Stayed,No,74,5841,86.70,7173.04,3,Two Year,Bank Withdrawal,No Offer,DSL,Yes,Male,24,No,California,Bakersfield
4007-NHVHI,Stayed,No,57,5679,96.85,7833.17,3,Two Year,Bank Withdrawal,No Offer,Fiber Optic,No,Female,69,Yes,California,Rio Linda
4009-ALQFH,Churned,Yes,90,5932,99.50,3560.05,3,Month-to-Month,Bank Withdrawal,No Offer,Fiber Optic,No,Female,35,No,California,Groveland
4010-YLMVT,Stayed,No,80,5056,106.60,7281.07,4,Month-to-Month,Credit Card,Offer B,Fiber Optic,No,Female,25,No,California,Yucaipa
4011-ARPHK,Stayed,No,77,5578,50.35,2061.12,3,Month-to-Month,Credit Card,No Offer,DSL,No,Male,59,No,California,Norwalk
4012-YCFAI,Stayed,No,79,6174,61.35,5099.40,3,Two Year,Credit Card,No Offer,DSL,Yes,Male,45,No,California,Riverside
4012-ZTHBR,Stayed,No,54,3752,44.95,1744.20,5,Month-to-Month,Bank Withdrawal,Offer D,Cable,No,Female,33,No,California,Kneeland
4013-GUXND,Joined,No,38,3678,20.80,68.94,4,Month-to-Month,Credit Card,Offer E,No Internet Service,No,Male,37,No,California,Lancaster
4013-TLDHQ,Churned,Yes,72,3666,78.25,1875.89,1,Month-to-Month,Bank Withdrawal,Offer D,Fiber Optic,No,Male,59,No,California,Berkeley
4013-UBXWQ,Churned,Yes,67,4612,74.65,834.49,3,Month-to-Month,Bank Withdrawal,Offer E,Cable,Yes,Female,33,No,California,Fallbrook
4016-BJKTZ,Stayed,No,80,4398,108.90,3617.30,4,Two Year,Bank Withdrawal,Offer C,Fiber Optic,Yes,Female,20,No,California,San Jose
4018-KJYUY,Stayed,No,78,2722,20.15,1182.04,5,Month-to-Month,Credit Card,Offer D,No Internet Service,No,Male,43,No,California,Courtland
4018-PPNDW,Stayed,No,21,5970,24.10,2365.95,4,Two Year,Credit Card,Offer B,No Internet Service,No,Female,23,No,California,California City
4020-KIUDI,Stayed,No,42,2186,19.85,281.23,5,Month-to-Month,Credit Card,Offer E,No Internet Service,No,Male,54,No,California,Los Angeles
4021-RQSNY,Churned,Yes,72,5137,98.50,3754.22,3,Month-to-Month,Bank Withdrawal,No Offer,Fiber Optic,No,Male,75,Yes,California,Moreno Valley
4023-RTIQM,Stayed,No,39,2166,50.40,1580.10,3,One Year,Credit Card,Offer C,DSL,No,Female,72,Yes,California,Redcrest
4024-CSNBY,Stayed,No,51,6295,94.25,7743.19,4,Two Year,Bank Withdrawal,No Offer,Fiber Optic,Yes,Female,39,No,California,Mount Hamilton
4026-SKKHW,Joined,No,76,2166,50.25,236.87,3,Month-to-Month,Credit Card,No Offer,Cable,Yes,Male,35,No,California,Dillon Beach
4029-HPFVY,Joined,No,67,4275,70.30,249.62,4,Month-to-Month,Credit Card,No Offer,Fiber Optic,No,Male,35,No,California,San Francisco
4030-VPZBD,Churned,Yes,91,2860,30.90,59.05,2,Month-to-Month,Bank Withdrawal,No Offer,DSL,Yes,Female,53,No,California,Comptche
4032-RMHCI,Stayed,No,43,4375,35.40,1412.40,4,One Year,Credit Card,Offer B,Cable,No,Female,37,No,California,Fall River Mills
4039-HEUNW,Churned,Yes,82,4652,96.50,4034.06,3,Month-to-Month,Bank Withdrawal,No Offer,Fiber Optic,No,Male,77,Yes,California,Irvine
4039-PIMHX,Stayed,No,37,4306,49.80,2480.23,3,Two Year,Credit Card,No Offer,DSL,No,Male,74,Yes,California,San Diego
4043-MKDTV,Stayed,No,31,6319,105.25,9967.74,5,Two Year,Bank Withdrawal,Offer A,Fiber Optic,Yes,Male,54,No,California,Rancho Mirage
4049-ZPALD,Stayed,No,68,5483,99.00,8674.68,4,Two Year,Bank Withdrawal,Offer B,Fiber Optic,No,Female,35,No,California,Forest Falls
4054-CUMIA,Stayed,No,40,2429,20.25,1039.87,4,Month-to-Month,Credit Card,Offer D,No Internet Service,No,Female,29,No,California,San Miguel
4056-QHXHZ,Stayed,No,28,5246,107.45,7771.82,4,Two Year,Credit Card,Offer A,Fiber Optic,Yes,Female,49,No,California,Goleta
4057-FKCZK,Stayed,No,25,4348,82.50,6563.99,3,Two Year,Bank Withdrawal,No Offer,Fiber Optic,No,Male,40,No,California,Prather
4059-IIEBK,Stayed,No,61,4025,78.55,761.08,3,Month-to-Month,Bank Withdrawal,No Offer,Fiber Optic,No,Female,51,No,California,Ojai
4060-LDNLU,Stayed,No,38,4329,96.20,961.21,5,Month-to-Month,Bank Withdrawal,No Offer,Fiber Optic,No,Male,22,No,California,Diamond Bar
4061-UKJWL,Joined,No,72,3666,45.45,202.81,5,Month-to-Month,Credit Card,No Offer,Cable,No,Male,35,No,California,San Francisco
4062-HBMOS,Stayed,No,80,5432,103.05,5599.97,4,Month-to-Month,Bank Withdrawal,Offer B,Fiber Optic,No,Male,33,No,California,Redding
4063-EIKNQ,Stayed,No,31,4075,20.95,422.21,3,Month-to-Month,Bank Withdrawal,No Offer,No Internet Service,No,Male,33,No,California,Canyon Country
4065-JJAVA,Joined,No,59,5262,49.50,96.49,4,Month-to-Month,Bank Withdrawal,No Offer,DSL,No,Female,56,No,California,Oakland
4067-HLYQI,Stayed,No,29,4860,70.40,4097.95,4,Month-to-Month,Bank Withdrawal,No Offer,Fiber Optic,No,Female,43,No,California,Colton
4070-OKWVH,Stayed,No,57,6212,94.60,6545.76,3,Month-to-Month,Bank Withdrawal,Offer B,Fiber Optic,No,Female,60,No,California,Mira Loma
4072-IPYLT,Stayed,No,56,2161,51.05,2525.28,3,Month-to-Month,Credit Card,No Offer,DSL,No,Female,32,No,California,Randsburg
4074-SJFFA,Churned,Yes,83,2614,54.75,67.76,3,Month-to-Month,Mailed Check,No Offer,DSL,No,Female,44,No,California,San Francisco
4075-JFPGR,Stayed,No,68,5561,93.50,5694.12,3,One Year,Bank Withdrawal,Offer B,Fiber Optic,No,Female,27,No,California,Rancho Cucamonga
4075-WKNIU,Stayed,No,44,2342,73.35,789.40,4,Two Year,Credit Card,Offer E,DSL,Yes,Female,25,No,California,Bell
4077-CROMM,Churned,Yes,68,5000,104.20,3342.07,1,Month-to-Month,Bank Withdrawal,No Offer,Fiber Optic,Yes,Female,51,No,California,Modesto
4077-HWUYD,Stayed,No,43,5341,87.55,9675.07,4,Two Year,Bank Withdrawal,No Offer,DSL,Yes,Male,59,No,California,Modesto
4078-SAYYN,Churned,Yes,65,2229,100.75,1664.79,2,Month-to-Month,Bank Withdrawal,No Offer,Fiber Optic,No,Female,45,No,California,Burbank
4079-ULGFR,Stayed,No,75,3705,20.00,341.78,3,Month-to-Month,Credit Card,Offer D,No Internet Service,No,Male,22,No,California,Paicines
4079-VTGLK,Stayed,No,27,5610,74.85,3396.75,5,Two Year,Bank Withdrawal,No Offer,DSL,No,Male,77,Yes,California,Riverside
4079-WWQQQ,Stayed,No,24,4266,65.55,4807.45,4,Two Year,Bank Withdrawal,No Offer,Cable,Yes,Male,45,No,California,San Francisco
4080-IIARD,Stayed,No,41,2569,76.20,1134.72,5,Month-to-Month,Bank Withdrawal,Offer D,DSL,Yes,Female,42,No,California,Los Angeles
4080-OGPJL,Churned,Yes,66,2662,71.15,948.77,1,Month-to-Month,Bank Withdrawal,Offer E,DSL,Yes,Female,53,No,California,San Pedro
4081-DYXAV,Churned,Yes,72,5182,44.85,893.55,3,One Year,Credit Card,No Offer,DSL,No,Female,27,No,California,San Jose
4083-BFNYK,Stayed,No,71,5148,95.00,5554.41,4,One Year,Credit Card,No Offer,Fiber Optic,No,Female,74,Yes,California,Acton
4083-EUGRJ,Churned,Yes,91,3361,20.25,258.69,1,Month-to-Month,Credit Card,No Offer,No Internet Service,No,Male,37,No,California,Oceanside
4086-ATNFV,Stayed,No,48,4522,60.80,3727.77,4,One Year,Mailed Check,Offer C,Cable,No,Female,34,No,California,Hawaiian Gardens
4086-WITJG,Stayed,No,30,4808,19.70,2356.16,5,Two Year,Credit Card,Offer A,No Internet Service,No,Male,53,No,California,Los Angeles
4086-YQSNZ,Churned,Yes,89,3834,80.40,233.92,2,Month-to-Month,Bank Withdrawal,Offer E,Fiber Optic,No,Female,74,Yes,California,Glencoe
4088-YLDSU,Churned,Yes,86,4369,104.15,6326.60,1,One Year,Bank Withdrawal,Offer B,Fiber Optic,Yes,Male,21,No,California,Redwood City
4090-KPJIP,Joined,No,70,3641,74.95,189.72,5,Month-to-Month,Bank Withdrawal,Offer E,Fiber Optic,No,Female,42,No,California,Anaheim
4091-TVOCN,Stayed,No,69,2257,78.75,3843.89,3,One Year,Credit Card,Offer B,Cable,No,Male,51,No,California,Potrero
4092-OFQZS,Stayed,No,40,4147,20.65,1346.90,3,One Year,Credit Card,Offer D,No Internet Service,No,Male,27,No,California,Manhattan Beach
4094-NSEDU,Churned,Yes,73,4819,94.25,2417.90,2,Month-to-Month,Bank Withdrawal,No Offer,Fiber Optic,No,Female,79,Yes,California,Temecula
4097-YODCF,Stayed,No,78,5382,103.80,3616.32,4,One Year,Bank Withdrawal,Offer C,Fiber Optic,No,Male,35,No,California,Fawnskin
4098-NAUKP,Stayed,No,72,6404,84.65,7064.68,3,Two Year,Bank Withdrawal,Offer A,Fiber Optic,No,Male,70,Yes,California,Oceano
4102-HLENU,Stayed,No,20,5441,65.65,5852.46,3,Two Year,Credit Card,No Offer,Cable,No,Female,51,No,California,Auburn
4102-OQUPX,Churned,Yes,91,5429,74.40,121.76,3,Month-to-Month,Bank Withdrawal,No Offer,Fiber Optic,No,Male,67,Yes,California,Sheep Ranch
4104-PVRPS,Stayed,No,47,2977,53.60,1459.83,3,Month-to-Month,Mailed Check,Offer C,Cable,Yes,Male,56,No,California,Rialto
4106-HADHQ,Churned,Yes,76,2704,80.00,4575.25,1,One Year,Credit Card,No Offer,DSL,Yes,Male,42,No,California,Emigrant Gap
4109-CYRBD,Stayed,No,39,5495,51.60,2533.85,5,One Year,Bank Withdrawal,Offer C,DSL,No,Male,77,Yes,California,Menifee
4110-PFEUZ,Churned,Yes,73,2792,69.55,99.33,1,Month-to-Month,Credit Card,Offer E,Fiber Optic,No,Female,54,No,California,Daggett
4111-BNXIF,Stayed,No,56,4478,59.55,4103.90,4,Two Year,Bank Withdrawal,No Offer,DSL,Yes,Female,19,No,California,Rancho Cucamonga
4112-LUEIZ,Churned,Yes,84,4206,89.50,990.90,3,Month-to-Month,Bank Withdrawal,Offer D,Fiber Optic,No,Male,55,No,California,La Palma
4114-QMKVN,Stayed,No,53,6494,68.75,4334.76,3,One Year,Bank Withdrawal,No Offer,DSL,No,Female,25,No,California,Surfside
4115-BNPJY,Stayed,No,44,5625,75.55,2995.74,5,Two Year,Credit Card,No Offer,DSL,Yes,Male,60,No,California,National City
4115-NZRKS,Stayed,No,25,2415,89.15,688.87,5,One Year,Bank Withdrawal,No Offer,Fiber Optic,No,Female,72,Yes,California,San Diego
4115-UMJFQ,Stayed,No,32,4043,35.75,2642.25,5,One Year,Bank Withdrawal,No Offer,DSL,No,Male,37,No,California,West Hills
4116-IQRFR,Stayed,No,21,4463,24.10,139.82,3,One Year,Credit Card,Offer E,No Internet Service,No,Male,55,No,California,Cressey
4116-TZAQJ,Churned,Yes,76,5393,74.25,764.39,1,Month-to-Month,Credit Card,No Offer,Fiber Optic,No,Female,23,No,California,Culver City
4118-CEVPF,Stayed,No,35,2125,110.80,5098.50,3,One Year,Bank Withdrawal,No Offer,Fiber Optic,Yes,Female,74,Yes,California,Redwood City
4119-ZYPZY,Stayed,No,28,6423,106.80,10094.00,3,Two Year,Bank Withdrawal,No Offer,Fiber Optic,Yes,Male,67,Yes,California,Glendale
4121-AGSIN,Stayed,No,47,4455,24.50,3602.78,4,One Year,Credit Card,No Offer,No Internet Service,No,Female,44,No,California,Ben Lomond
4123-DVHPH,Stayed,No,30,2715,88.05,1002.99,3,Month-to-Month,Bank Withdrawal,No Offer,Fiber Optic,No,Male,49,No,California,Orinda
4123-FCVCB,Stayed,No,70,5942,75.85,1445.45,4,One Year,Credit Card,Offer D,DSL,Yes,Female,23,No,California,Pinon Hills
4124-MMETB,Churned,Yes,85,3665,94.65,3162.71,2,Month-to-Month,Credit Card,No Offer,Fiber Optic,No,Male,52,No,California,Lockwood
4128-ETESU,Stayed,No,67,4787,99.70,5027.26,3,Month-to-Month,Bank Withdrawal,No Offer,Fiber Optic,No,Female,73,Yes,California,Pasadena
4129-LYCOI,Stayed,No,39,4741,104.00,7879.23,3,Two Year,Bank Withdrawal,No Offer,Fiber Optic,Yes,Female,28,No,California,Guinda
4130-MZLCC,Stayed,No,54,2739,50.55,459.85,3,Month-to-Month,Bank Withdrawal,No Offer,DSL,No,Female,24,No,California,Temple City
4132-KALRO,Stayed,No,21,5354,100.85,441.01,4,Month-to-Month,Credit Card,Offer E,Fiber Optic,Yes,Female,31,No,California,Davis Creek
4132-POCZS,Stayed,No,54,6371,39.90,2020.90,3,Month-to-Month,Bank Withdrawal,No Offer,DSL,No,Male,47,No,California,West Point
4134-BSXLX,Stayed,No,76,3851,60.90,2593.73,3,Month-to-Month,Mailed Check,Offer C,Cable,Yes,Male,32,No,California,Riverside
4135-FRWKJ,Stayed,No,42,4319,76.25,6055.90,3,One Year,Bank Withdrawal,No Offer,Cable,Yes,Female,66,Yes,California,Santa Monica
4137-BTIKL,Joined,No,60,4766,90.75,229.09,3,Month-to-Month,Credit Card,Offer E,Fiber Optic,No,Male,55,No,California,Daggett
4137-JOPHL,Stayed,No,45,5306,89.70,5794.50,4,Two Year,Bank Withdrawal,Offer B,Fiber Optic,Yes,Female,63,No,California,Inglewood
4138-NAXED,Stayed,No,34,4121,81.00,6285.18,3,Month-to-Month,Bank Withdrawal,No Offer,Fiber Optic,No,Male,54,No,California,Joshua Tree
4139-DETXS,Stayed,No,45,5265,64.45,4528.00,4,Two Year,Bank Withdrawal,Offer A,DSL,Yes,Female,53,No,California,Needles
4139-JPIAM,Stayed,No,62,6087,44.45,2181.55,4,Month-to-Month,Credit Card,No Offer,DSL,Yes,Male,31,No,California,Geyserville
4139-SUGLD,Churned,Yes,77,2067,35.40,1077.50,1,Month-to-Month,Bank Withdrawal,No Offer,DSL,Yes,Male,41,No,California,Santa Clara
4140-MUHUG,Churned,Yes,70,3561,86.85,276.09,2,Month-to-Month,Bank Withdrawal,No Offer,Fiber Optic,No,Female,73,Yes,California,Oak View
4140-WJAWW,Churned,Yes,91,3799,19.85,138.90,1,Month-to-Month,Credit Card,No Offer,No Internet Service,No,Female,57,No,California,Los Angeles
4143-HHPMK,Churned,Yes,91,6402,85.35,6931.36,3,Month-to-Month,Bank Withdrawal,No Offer,Fiber Optic,No,Male,46,No,California,Mission Hills
4143-OOBWZ,Churned,Yes,91,3819,81.30,541.85,2,Month-to-Month,Bank Withdrawal,Offer E,Fiber Optic,No,Male,33,No,California,Fresno
4145-UQXUQ,Churned,Yes,81,5662,92.10,1073.39,1,Month-to-Month,Bank Withdrawal,Offer E,Fiber Optic,No,Female,71,Yes,California,Berkeley
4146-SVFUD,Joined,No,77,4864,44.60,89.88,4,Month-to-Month,Mailed Check,No Offer,DSL,No,Male,45,No,California,Modesto
4154-AQUGT,Churned,Yes,82,3861,89.05,1188.46,1,Month-to-Month,Bank Withdrawal,Offer D,Fiber Optic,Yes,Male,76,Yes,California,San Diego
4159-NAAIX,Stayed,No,67,4769,97.45,8631.88,3,Two Year,Bank Withdrawal,No Offer,Fiber Optic,No,Female,24,No,California,Saratoga
4160-AMJTL,Churned,Yes,83,5432,19.65,387.90,2,Month-to-Month,Bank Withdrawal,No Offer,No Internet Service,No,Female,74,Yes,California,Fellows
4163-HFTUK,Stayed,No,78,4120,19.10,2503.63,4,One Year,Bank Withdrawal,Offer B,No Internet Service,No,Male,34,No,California,Oxnard
4163-KIUHY,Stayed,No,56,2980,25.60,2295.65,4,Month-to-Month,Bank Withdrawal,No Offer,No Internet Service,No,Male,21,No,California,Los Angeles
4163-NCJAK,Stayed,No,76,2438,24.45,2697.31,4,One Year,Bank Withdrawal,Offer B,No Internet Service,No,Female,55,No,California,Palm Desert
4174-LPGTI,Churned,Yes,65,2517,66.50,4041.42,3,One Year,Bank Withdrawal,No Offer,DSL,Yes,Female,49,No,California,Beaumont
4176-FXYBO,Stayed,No,42,6130,109.55,8813.55,4,Month-to-Month,Bank Withdrawal,Offer B,Fiber Optic,No,Male,35,No,California,Whittier
4176-RELJR,Stayed,No,26,6388,25.10,2656.38,3,Two Year,Credit Card,No Offer,No Internet Service,No,Male,73,Yes,California,Elmira
4177-JPDFU,Stayed,No,39,3215,34.00,442.45,3,Month-to-Month,Credit Card,Offer D,Cable,Yes,Male,35,No,California,Redcrest
4178-EGMON,Stayed,No,48,4867,88.00,6636.05,3,Two Year,Credit Card,No Offer,Fiber Optic,Yes,Male,30,No,California,Prather
4182-BGSIQ,Stayed,No,49,3196,19.80,387.25,3,Month-to-Month,Bank Withdrawal,Offer D,No Internet Service,No,Female,46,No,California,Durham
4183-MYFRB,Stayed,No,57,5982,90.05,2029.19,3,Month-to-Month,Bank Withdrawal,Offer D,Fiber Optic,No,Female,30,No,California,Los Angeles
4183-WCSEP,Churned,Yes,72,3091,78.45,3540.93,1,Month-to-Month,Bank Withdrawal,No Offer,Fiber Optic,Yes,Male,46,No,California,Weaverville
4184-TJFAN,Churned,Yes,68,4486,88.30,351.06,1,Month-to-Month,Mailed Check,Offer E,Fiber Optic,Yes,Female,68,Yes,California,Berkeley
4184-VODJZ,Stayed,No,47,4512,91.35,8808.98,4,One Year,Bank Withdrawal,Offer B,Fiber Optic,No,Male,62,No,California,Forks Of Salmon
4186-ZBUEW,Stayed,No,71,3566,70.70,3625.67,3,One Year,Credit Card,Offer C,DSL,Yes,Female,55,No,California,Compton
4187-CINZD,Churned,Yes,90,3180,95.25,4706.18,2,One Year,Credit Card,No Offer,Fiber Optic,No,Female,73,Yes,California,Lakewood
4188-FRABG,Stayed,No,22,5586,103.05,7737.78,4,Month-to-Month,Bank Withdrawal,No Offer,Fiber Optic,Yes,Male,36,No,California,Sunland
4188-PCPIG,Stayed,No,32,5779,70.35,6860.65,3,Two Year,Credit Card,Offer B,Cable,Yes,Female,32,No,California,Valencia
4189-NAKJS,Stayed,No,36,3130,51.55,1936.82,3,One Year,Credit Card,Offer C,Cable,No,Male,29,No,California,Murphys
4190-MFLUW,Churned,Yes,78,5925,55.20,622.45,1,Month-to-Month,Credit Card,No Offer,Cable,Yes,Female,21,No,California,San Diego
4191-XOVOM,Stayed,No,66,4551,105.40,8275.19,4,Month-to-Month,Bank Withdrawal,Offer B,Fiber Optic,Yes,Male,25,No,California,Oakland
4192-GORJT,Churned,Yes,77,4580,94.45,694.90,1,Month-to-Month,Bank Withdrawal,No Offer,Fiber Optic,No,Male,43,No,California,Fremont
4193-IBKSW,Stayed,No,67,6232,24.75,4313.36,3,Two Year,Bank Withdrawal,Offer A,No Internet Service,No,Male,27,No,California,San Pedro
4193-ORFCL,Churned,Yes,70,2740,45.10,60.34,1,Month-to-Month,Credit Card,Offer E,DSL,No,Female,80,Yes,California,North Hollywood
4194-FJARJ,Stayed,No,52,4798,60.00,3734.57,3,Two Year,Bank Withdrawal,No Offer,Cable,Yes,Female,22,No,California,Albany
4194-WHFCB,Stayed,No,52,5266,96.65,8416.93,3,Month-to-Month,Bank Withdrawal,No Offer,Fiber Optic,Yes,Female,35,No,California,Aromas
4195-NZGTA,Joined,No,73,5858,25.25,25.25,4,Month-to-Month,Bank Withdrawal,No Offer,Cable,No,Female,40,No,California,Valencia
4195-PNGZS,Stayed,No,39,5295,24.45,4001.41,5,Two Year,Bank Withdrawal,No Offer,No Internet Service,No,Male,23,No,California,Irvine
4195-SMMNX,Churned,Yes,65,5627,20.35,97.26,2,Month-to-Month,Mailed Check,No Offer,No Internet Service,No,Male,62,No,California,Hydesville
4198-VFOEA,Stayed,No,30,2990,33.60,435.45,3,One Year,Mailed Check,No Offer,DSL,Yes,Female,58,No,California,Stanford
4199-QHJNM,Stayed,No,52,5869,102.90,10251.26,3,Two Year,Bank Withdrawal,Offer A,Fiber Optic,Yes,Male,72,Yes,California,Bass Lake
4201-JMNGR,Churned,Yes,87,5527,55.80,82.02,1,Month-to-Month,Bank Withdrawal,Offer E,Cable,No,Female,66,Yes,California,Lucerne Valley
4203-QGNZA,Stayed,No,54,4476,20.25,1265.87,5,Month-to-Month,Credit Card,No Offer,No Internet Service,No,Female,27,No,California,Los Angeles
4208-UFFGW,Churned,Yes,84,5900,44.95,138.39,2,Month-to-Month,Credit Card,Offer E,DSL,No,Male,80,Yes,California,Byron
4210-QFJMF,Churned,Yes,68,5762,79.15,464.89,1,Month-to-Month,Bank Withdrawal,Offer E,Fiber Optic,No,Female,41,No,California,Fallbrook
4211-MMAZN,Churned,Yes,89,2959,20.25,43.41,1,Month-to-Month,Mailed Check,Offer E,No Internet Service,No,Male,41,No,California,Vacaville
4213-HKBJO,Stayed,No,39,3378,25.70,2030.60,4,Two Year,Credit Card,No Offer,No Internet Service,No,Female,60,No,California,Martinez
4220-TINQT,Stayed,No,35,5632,106.35,8436.78,5,Month-to-Month,Bank Withdrawal,No Offer,Fiber Optic,Yes,Female,41,No,California,Raisin City
4223-BKEOR,Stayed,No,51,3302,64.85,1985.28,3,One Year,Mailed Check,Offer D,DSL,No,Female,55,No,California,San Bernardino
4223-WOZCM,Joined,No,78,5251,49.95,183.04,5,Two Year,Mailed Check,Offer E,DSL,No,Male,71,Yes,California,Carmel
4226-KKDON,Stayed,No,60,3804,66.65,767.35,4,Month-to-Month,Bank Withdrawal,Offer E,DSL,Yes,Male,41,No,California,French Camp
4227-OJHAL,Stayed,No,67,4156,73.00,6533.20,4,One Year,Credit Card,No Offer,DSL,No,Female,47,No,California,El Centro
4228-ZGYUW,Churned,Yes,91,3212,90.05,447.06,3,Month-to-Month,Bank Withdrawal,Offer E,Fiber Optic,No,Male,42,No,California,San Francisco
4229-CZMLL,Churned,Yes,87,4160,74.90,507.72,1,Month-to-Month,Bank Withdrawal,No Offer,Fiber Optic,No,Male,49,No,California,Salinas
4231-LZUYM,Stayed,No,22,5613,25.65,2792.76,5,Two Year,Bank Withdrawal,No Offer,No Internet Service,No,Female,37,No,California,Larkspur
4232-JGKIY,Joined,No,27,2716,19.20,45.57,4,Month-to-Month,Bank Withdrawal,No Offer,No Internet Service,No,Male,22,No,California,Los Angeles
4234-XTNEA,Joined,No,44,5213,79.95,249.85,5,Month-to-Month,Bank Withdrawal,No Offer,Fiber Optic,No,Male,25,No,California,Irvine
4236-UJPWO,Joined,No,54,5786,24.50,46.40,4,Month-to-Month,Bank Withdrawal,Offer E,DSL,No,Female,34,No,California,Alviso
4236-XPXAV,Churned,Yes,74,2283,99.15,511.20,2,Month-to-Month,Mailed Check,No Offer,Fiber Optic,Yes,Female,45,No,California,Dunnigan
4237-CLSMM,Joined,No,77,4823,20.00,106.76,4,Month-to-Month,Mailed Check,No Offer,No Internet Service,No,Male,45,No,California,Highland
4237-RLAQD,Churned,Yes,94,5930,45.85,90.60,2,Month-to-Month,Credit Card,Offer E,Cable,No,Male,58,No,California,Callahan
4238-HFHSN,Stayed,No,33,4250,82.15,6524.40,3,One Year,Bank Withdrawal,Offer B,Fiber Optic,No,Male,66,Yes,California,Elverta
4238-JSSWH,Stayed,No,35,3199,102.05,5032.10,5,Two Year,Bank Withdrawal,No Offer,Fiber Optic,No,Female,70,Yes,California,Porterville
4248-HCETZ,Churned,Yes,73,2174,79.65,2552.05,3,Month-to-Month,Credit Card,Offer C,Fiber Optic,No,Male,77,Yes,California,Sacramento
4248-QPAVC,Churned,Yes,90,3209,85.35,2089.39,1,Month-to-Month,Bank Withdrawal,Offer D,Fiber Optic,No,Female,80,Yes,California,San Diego
4250-FDVOU,Churned,Yes,95,4110,56.25,492.18,1,Month-to-Month,Bank Withdrawal,Offer E,DSL,No,Female,44,No,California,Woodland
4250-WAROZ,Stayed,No,70,4353,93.25,6955.35,3,One Year,Bank Withdrawal,No Offer,Fiber Optic,No,Male,70,Yes,California,Fresno
4250-ZBWLV,Churned,Yes,65,4454,108.45,8645.19,3,One Year,Bank Withdrawal,Offer A,Fiber Optic,Yes,Male,24,No,California,Olema
4254-QPEDE,Stayed,No,23,4275,66.25,3330.10,4,Two Year,Credit Card,No Offer,DSL,Yes,Female,22,No,California,Banning
4255-DDUOU,Churned,Yes,76,2398,20.50,55.07,1,Month-to-Month,Mailed Check,No Offer,No Internet Service,No,Female,47,No,California,Casmalia
4256-ZWTZI,Stayed,No,52,2789,51.00,486.95,4,Month-to-Month,Credit Card,No Offer,DSL,Yes,Female,22,No,California,Morro Bay
4257-GAESD,Stayed,No,72,2270,45.00,298.70,5,Month-to-Month,Credit Card,Offer E,Cable,No,Female,25,No,California,Dinuba
4273-MBHYA,Joined,No,38,2432,89.35,94.71,3,Month-to-Month,Bank Withdrawal,No Offer,Fiber Optic,No,Female,38,No,California,Desert Hot Springs
4274-DRSQT,Stayed,No,27,5868,88.90,8107.48,5,One Year,Bank Withdrawal,No Offer,Fiber Optic,No,Female,33,No,California,Potrero
4274-OWWYO,Churned,Yes,66,5633,74.35,79.15,3,Month-to-Month,Bank Withdrawal,No Offer,Fiber Optic,No,Male,56,No,California,Walnut Grove
4277-BWBML,Stayed,No,56,5092,19.95,1937.01,3,Two Year,Bank Withdrawal,Offer A,No Internet Service,No,Male,48,No,California,Three Rivers
4277-PVRAN,Churned,Yes,67,5071,80.10,970.42,1,Month-to-Month,Bank Withdrawal,No Offer,Fiber Optic,No,Female,34,No,California,Daly City
4277-UDIEF,Stayed,No,50,3019,81.00,3020.17,3,Month-to-Month,Bank Withdrawal,Offer C,Cable,Yes,Male,51,No,California,Nuevo
4280-DLSHD,Stayed,No,47,4099,54.75,597.85,3,Month-to-Month,Credit Card,Offer E,Cable,No,Male,36,No,California,San Bernardino
4282-ACRXS,Stayed,No,33,3511,24.85,955.75,3,Month-to-Month,Bank Withdrawal,Offer C,Cable,No,Male,69,Yes,California,Covina
4282-MSACW,Stayed,No,55,4629,117.20,10257.51,3,One Year,Credit Card,No Offer,Fiber Optic,Yes,Male,39,No,California,Tahoe City
4282-YMKNA,Churned,Yes,82,5003,74.75,854.92,2,Month-to-Month,Bank Withdrawal,Offer E,Fiber Optic,No,Female,55,No,California,Biola
4283-FUTGF,Churned,Yes,65,3715,79.85,1790.57,3,Month-to-Month,Bank Withdrawal,No Offer,Fiber Optic,No,Male,67,Yes,California,El Sobrante
4283-IVYCI,Stayed,No,66,3013,64.95,795.57,3,Month-to-Month,Credit Card,Offer E,Cable,Yes,Male,40,No,California,Sacramento
4285-GYRQC,Churned,Yes,89,3344,86.25,899.72,2,Month-to-Month,Bank Withdrawal,Offer E,Fiber Optic,No,Female,63,No,California,Newport Beach
4289-DTDKW,Churned,Yes,70,2576,101.30,5015.50,1,Month-to-Month,Bank Withdrawal,Offer B,Cable,No,Male,54,No,California,Madera
4290-BSXUX,Churned,Yes,87,5036,79.65,381.56,1,Month-to-Month,Bank Withdrawal,No Offer,Fiber Optic,Yes,Male,33,No,California,Fields Landing
4291-HPAXL,Joined,No,75,4840,19.85,48.95,3,Month-to-Month,Credit Card,No Offer,No Internet Service,No,Male,63,No,California,Galt
4291-HYEBC,Stayed,No,59,2305,39.10,1096.60,3,One Year,Bank Withdrawal,No Offer,DSL,No,Female,76,Yes,California,Weldon
4291-SHSBH,Stayed,No,71,4704,69.55,584.00,3,Month-to-Month,Bank Withdrawal,Offer E,Fiber Optic,No,Male,25,No,California,Modesto
4291-TPNFG,Stayed,No,76,5219,82.30,8229.43,3,Two Year,Bank Withdrawal,Offer A,DSL,Yes,Male,56,No,California,Raisin City
4291-YZODP,Stayed,No,62,3810,20.05,444.42,5,One Year,Credit Card,Offer E,No Internet Service,No,Female,56,No,California,San Carlos
4293-ETKAP,Stayed,No,65,4023,79.40,5190.85,4,Two Year,Bank Withdrawal,Offer B,Cable,Yes,Female,42,No,California,Litchfield
4295-YURET,Stayed,No,79,6357,72.60,4556.43,4,Two Year,Credit Card,Offer B,DSL,Yes,Female,78,Yes,California,San Quentin
4298-OYIFC,Stayed,No,53,5640,103.45,1958.80,5,Month-to-Month,Bank Withdrawal,No Offer,Fiber Optic,Yes,Male,59,No,California,Loyalton
4299-OPXEJ,Stayed,No,56,5764,19.55,1858.39,5,Two Year,Bank Withdrawal,Offer B,No Internet Service,No,Female,57,No,California,Inglewood
4299-SIMNS,Stayed,No,68,4544,81.15,1143.51,4,Month-to-Month,Bank Withdrawal,Offer E,Fiber Optic,No,Male,43,No,California,Temple City
4301-VVZKA,Stayed,No,51,5432,75.40,1602.68,5,Month-to-Month,Bank Withdrawal,No Offer,Fiber Optic,No,Male,25,No,California,San Francisco
4302-ZYFEL,Stayed,No,32,5366,20.55,3227.46,4,One Year,Credit Card,Offer A,No Internet Service,No,Male,23,No,California,Belvedere Tiburon
4304-TSPVK,Stayed,No,77,5782,114.90,9417.07,3,Two Year,Bank Withdrawal,Offer A,Fiber Optic,Yes,Female,46,No,California,Tupman
4304-XUMGI,Stayed,No,34,6084,75.15,5467.45,4,Two Year,Bank Withdrawal,No Offer,DSL,No,Male,74,Yes,California,Moreno Valley
4307-KTUMW,Churned,Yes,68,5543,93.90,6684.92,1,Month-to-Month,Bank Withdrawal,Offer B,Fiber Optic,No,Male,27,No,California,Santa Barbara
4307-KWMXE,Stayed,No,59,2263,35.75,389.80,3,Month-to-Month,Bank Withdrawal,Offer D,DSL,Yes,Male,53,No,California,Llano
4310-KEDTB,Stayed,No,27,3746,29.80,776.22,3,Month-to-Month,Credit Card,No Offer,DSL,No,Female,24,No,California,Yuba City
4311-QTTAI,Stayed,No,22,2017,19.35,950.75,5,One Year,Credit Card,No Offer,No Internet Service,No,Female,63,No,California,Van Nuys
4312-GVYNH,Stayed,No,26,5460,49.85,3370.20,3,Two Year,Bank Withdrawal,No Offer,Cable,Yes,Female,46,No,California,Westminster
4312-KFRXN,Stayed,No,30,5512,25.40,4179.78,3,Two Year,Credit Card,Offer A,No Internet Service,No,Male,61,No,California,Bradley
4315-MURBD,Churned,Yes,71,5559,98.90,1539.99,1,Month-to-Month,Bank Withdrawal,No Offer,Cable,Yes,Female,64,No,California,San Bruno
4316-XCSLJ,Stayed,No,33,3202,50.30,1622.17,3,Month-to-Month,Credit Card,No Offer,DSL,No,Male,35,No,California,Palo Alto
4317-VTEOA,Churned,Yes,93,5355,50.75,93.78,2,Month-to-Month,Bank Withdrawal,Offer E,DSL,No,Male,61,No,California,Rowland Heights
4318-RAJVY,Stayed,No,34,5270,19.80,226.65,3,One Year,Credit Card,No Offer,No Internet Service,No,Female,57,No,California,Encino
4320-QMLLA,Stayed,No,20,3481,54.85,409.67,3,Month-to-Month,Mailed Check,No Offer,DSL,No,Male,57,No,California,Avery
4322-RCYMT,Churned,Yes,81,4903,75.80,7368.19,3,One Year,Bank Withdrawal,Offer A,DSL,Yes,Male,63,No,California,San Diego
4323-ELYYB,Stayed,No,27,5651,20.00,273.93,3,One Year,Credit Card,No Offer,No Internet Service,No,Male,54,No,California,Likely
4323-OHFOW,Stayed,No,51,4605,105.55,9557.15,4,One Year,Bank Withdrawal,No Offer,Fiber Optic,Yes,Female,72,Yes,California,Newhall
4323-SADQS,Churned,Yes,93,3520,34.50,279.25,1,Month-to-Month,Bank Withdrawal,No Offer,Cable,Yes,Male,61,No,California,Concord
4324-AHJKS,Stayed,No,23,5104,55.80,424.55,4,Month-to-Month,Credit Card,No Offer,DSL,No,Female,42,No,California,Buttonwillow
4324-BZCKL,Stayed,No,41,2530,55.55,608.70,5,Month-to-Month,Credit Card,No Offer,DSL,No,Female,30,No,California,Paynes Creek
4325-NFSKC,Churned,Yes,87,2373,90.60,2194.28,1,Month-to-Month,Bank Withdrawal,Offer D,Fiber Optic,No,Male,68,Yes,California,Pacific Palisades
4328-VUFWD,Stayed,No,42,5843,59.30,2473.18,4,One Year,Bank Withdrawal,No Offer,DSL,Yes,Female,62,No,California,Vallejo
4329-YPDDQ,Stayed,No,67,2102,108.20,2524.70,3,Month-to-Month,Bank Withdrawal,No Offer,Fiber Optic,Yes,Male,40,No,California,Cazadero
4332-MUOEZ,Stayed,No,32,2574,94.30,2469.10,3,One Year,Credit Card,No Offer,Fiber Optic,Yes,Male,78,Yes,California,Moreno Valley
4334-HOWRP,Stayed,No,78,4049,64.95,4576.00,3,Two Year,Credit Card,Offer A,DSL,Yes,Male,70,Yes,California,Cambria
4335-BSMJS,Stayed,No,34,6201,25.80,2074.21,3,Two Year,Credit Card,No Offer,No Internet Service,No,Female,55,No,California,Sanger
4335-UPJSI,Stayed,No,43,2639,19.75,1319.86,3,Two Year,Mailed Check,No Offer,No Internet Service,No,Female,57,No,California,Aguanga
4338-EYCER,Stayed,No,43,5763,54.60,1486.19,3,Month-to-Month,Bank Withdrawal,No Offer,DSL,No,Male,57,No,California,Carlotta
4342-HENTK,Churned,Yes,74,2189,70.65,167.39,1,Month-to-Month,Bank Withdrawal,No Offer,Fiber Optic,No,Female,67,Yes,California,Garberville
4342-HFXWS,Stayed,No,50,3442,69.70,5167.33,3,One Year,Bank Withdrawal,Offer B,DSL,Yes,Female,19,No,California,Santa Monica
4343-EJVQB,Stayed,No,51,2463,74.35,545.29,4,Month-to-Month,Credit Card,No Offer,Fiber Optic,No,Male,48,No,California,Mariposa
4349-GFQHK,Churned,Yes,87,4212,54.35,79.74,3,Month-to-Month,Bank Withdrawal,Offer E,DSL,No,Male,30,No,California,Mentone
4350-ZTLPI,Stayed,No,36,4163,108.95,6672.20,4,One Year,Bank Withdrawal,Offer B,Fiber Optic,Yes,Female,36,No,California,Van Nuys
4351-QLCSU,Churned,Yes,91,3809,55.00,87.74,1,Month-to-Month,Credit Card,No Offer,DSL,No,Female,47,No,California,Quincy
4353-HYOJD,Stayed,No,75,5580,49.85,1857.79,3,Month-to-Month,Credit Card,Offer C,DSL,No,Female,37,No,California,Monrovia
4355-CVPVS,Stayed,No,72,4170,88.90,5694.32,5,One Year,Bank Withdrawal,No Offer,Fiber Optic,No,Female,49,No,California,California Hot Springs
4355-HBJHH,Churned,Yes,77,6289,79.70,8158.99,1,Two Year,Bank Withdrawal,No Offer,DSL,No,Male,49,No,California,Waterford
4359-INNWN,Stayed,No,70,4828,20.05,359.50,4,One Year,Credit Card,Offer D,No Internet Service,No,Female,63,No,California,Dunsmuir
4360-PNRQB,Stayed,No,78,4030,75.60,1668.29,5,Month-to-Month,Bank Withdrawal,Offer D,Fiber Optic,No,Male,27,No,California,Yucca Valley
4360-QRAVE,Stayed,No,72,2494,36.65,1315.00,5,Two Year,Bank Withdrawal,Offer C,DSL,No,Male,75,Yes,California,Farmington
4361-BKAXE,Churned,Yes,80,3038,114.50,5411.41,1,Month-to-Month,Bank Withdrawal,Offer B,Fiber Optic,Yes,Female,23,No,California,Boulder Creek
4361-FEBGN,Stayed,No,43,4399,20.15,2599.59,5,Two Year,Credit Card,No Offer,No Internet Service,No,Male,41,No,California,San Francisco
4361-JEIVL,Churned,Yes,82,4067,44.40,51.54,3,Month-to-Month,Bank Withdrawal,Offer E,DSL,No,Male,29,No,California,Greenfield
4365-MSDYN,Stayed,No,31,4909,19.55,339.87,5,Month-to-Month,Bank Withdrawal,No Offer,No Internet Service,No,Male,38,No,California,San Clemente
4366-CTOUZ,Stayed,No,53,5419,100.20,5793.45,4,Two Year,Credit Card,No Offer,Fiber Optic,Yes,Female,36,No,California,Bodega Bay
4367-NHWMM,Joined,No,61,5318,24.90,24.90,4,Month-to-Month,Credit Card,No Offer,Cable,No,Female,37,No,California,Corte Madera
4367-NUYAO,Stayed,No,48,4950,25.75,485.80,5,Two Year,Credit Card,No Offer,No Internet Service,No,Male,39,No,California,Cupertino
4369-HTUIF,Churned,Yes,90,5831,85.15,680.06,2,Month-to-Month,Bank Withdrawal,Offer E,Fiber Optic,No,Male,73,Yes,California,Pismo Beach
4369-NYSCF,Stayed,No,56,6487,75.75,5406.17,3,One Year,Bank Withdrawal,Offer B,DSL,Yes,Male,61,No,California,Oakland
4373-MAVJG,Churned,Yes,70,5148,90.90,1449.96,2,Month-to-Month,Bank Withdrawal,Offer D,Fiber Optic,No,Female,64,No,California,San Diego
4373-VVHQL,Joined,No,59,5479,44.75,73.32,4,Month-to-Month,Bank Withdrawal,Offer E,DSL,No,Male,37,No,California,Arroyo Grande
4374-YMUSQ,Stayed,No,22,4022,116.25,4660.99,3,One Year,Credit Card,Offer C,Fiber Optic,Yes,Male,64,No,California,Lake Elsinore
4376-KFVRS,Stayed,No,39,4842,114.05,10682.20,3,Two Year,Credit Card,Offer A,Fiber Optic,Yes,Male,52,No,California,Barstow
4377-VDHYI,Stayed,No,80,2722,90.80,4196.65,3,One Year,Bank Withdrawal,No Offer,Fiber Optic,No,Male,29,No,California,Patterson
4378-BZYFP,Stayed,No,65,2259,20.50,1091.02,3,One Year,Mailed Check,No Offer,No Internet Service,No,Male,41,No,California,Fairfield
4378-MYPGO,Stayed,No,36,5795,105.25,9308.35,3,Two Year,Bank Withdrawal,No Offer,Fiber Optic,No,Male,41,No,California,Greenwood
4381-MHQDC,Stayed,No,40,3286,65.00,4560.15,3,Two Year,Credit Card,Offer B,DSL,Yes,Female,38,No,California,Solvang
4385-GZQXV,Churned,Yes,81,3810,94.45,1662.08,1,Month-to-Month,Bank Withdrawal,Offer D,Fiber Optic,Yes,Female,68,Yes,California,Ontario
4385-ZKVNW,Stayed,No,21,4412,54.90,4726.86,4,Month-to-Month,Bank Withdrawal,No Offer,DSL,Yes,Male,58,No,California,San Francisco
4389-UEFCZ,Stayed,No,62,5551,105.50,9125.12,3,Two Year,Bank Withdrawal,No Offer,Fiber Optic,No,Female,25,No,California,Monte Rio
4390-KYULV,Churned,Yes,90,4115,20.55,163.98,1,Month-to-Month,Credit Card,Offer E,No Internet Service,No,Male,41,No,California,Piru
4391-LNRXK,Stayed,No,28,4242,94.95,3200.34,5,Month-to-Month,Bank Withdrawal,Offer D,Fiber Optic,Yes,Male,37,No,California,Port Costa
4391-RESHN,Churned,Yes,93,5963,104.05,2844.54,1,Month-to-Month,Credit Card,Offer D,Fiber Optic,Yes,Male,49,No,California,Lemon Cove
4393-GEADV,Stayed,No,72,5035,114.75,10576.50,3,Two Year,Credit Card,No Offer,Fiber Optic,Yes,Male,54,No,California,Dulzura
4393-OBCRR,Joined,No,31,4331,20.25,75.61,3,One Year,Mailed Check,No Offer,No Internet Service,No,Female,60,No,California,Bella Vista
4393-RYCRE,Stayed,No,60,4588,106.05,6197.32,3,One Year,Bank Withdrawal,No Offer,Fiber Optic,No,Male,25,No,California,Macdoel
4395-PZMSN,Stayed,No,48,2850,85.55,500.40,4,Two Year,Bank Withdrawal,Offer E,Fiber Optic,No,Male,67,Yes,California,San Gregorio
4396-KLSEH,Stayed,No,71,5918,19.85,90.52,5,Month-to-Month,Bank Withdrawal,Offer E,No Internet Service,No,Male,26,No,California,Bakersfield
4397-FRLTA,Stayed,No,75,5535,20.15,214.66,4,Month-to-Month,Credit Card,Offer E,No Internet Service,No,Female,35,No,California,Corona
4398-HSCJH,Churned,Yes,70,3155,63.60,166.57,1,Month-to-Month,Bank Withdrawal,Offer E,DSL,Yes,Female,57,No,California,Los Angeles
4402-FTBXC,Stayed,No,67,4980,89.80,6134.18,3,Month-to-Month,Credit Card,No Offer,Fiber Optic,No,Male,55,No,California,Hopland
4403-BWPAY,Stayed,No,22,4527,24.80,790.70,4,One Year,Credit Card,No Offer,No Internet Service,No,Male,40,No,California,Los Angeles
4404-HIBDJ,Churned,Yes,85,5175,74.30,1898.05,1,One Year,Credit Card,No Offer,DSL,Yes,Female,48,No,California,San Jose
4412-YLTKF,Churned,Yes,95,4638,78.05,2235.41,1,Month-to-Month,Bank Withdrawal,Offer C,Fiber Optic,No,Female,72,Yes,California,Pico Rivera
4415-IJZTP,Churned,Yes,69,2016,74.50,88.11,1,Month-to-Month,Bank Withdrawal,No Offer,Fiber Optic,No,Female,33,No,California,Los Angeles
4415-WNGVR,Stayed,No,42,3355,79.20,1409.65,4,One Year,Bank Withdrawal,No Offer,DSL,Yes,Female,73,Yes,California,Daggett
4418-LZMSV,Stayed,No,47,4749,61.80,1116.05,3,Month-to-Month,Bank Withdrawal,No Offer,Cable,Yes,Male,56,No,California,San Diego
4419-UJMUS,Stayed,No,73,4637,99.35,7440.19,4,Two Year,Bank Withdrawal,Offer A,Fiber Optic,Yes,Male,55,No,California,Wildomar
4422-QVIJA,Stayed,No,74,5879,50.15,3144.05,3,Month-to-Month,Mailed Check,No Offer,DSL,No,Female,52,No,California,Los Angeles
4423-JWZJN,Stayed,No,53,4799,90.25,8531.55,4,One Year,Credit Card,Offer B,Fiber Optic,No,Male,57,No,California,Springville
4423-YLHDV,Churned,Yes,67,5570,104.40,3009.17,1,Month-to-Month,Bank Withdrawal,Offer D,Fiber Optic,No,Female,22,No,California,Los Angeles
4424-TKOPW,Churned,Yes,70,4998,93.85,247.13,1,Month-to-Month,Bank Withdrawal,No Offer,Fiber Optic,No,Male,70,Yes,California,Crestline
4425-OWHWB,Stayed,No,77,5811,19.35,651.75,5,One Year,Credit Card,No Offer,No Internet Service,No,Female,32,No,California,El Cajon
4429-WYGFR,Stayed,No,54,2752,49.15,2384.16,4,Month-to-Month,Bank Withdrawal,Offer C,DSL,Yes,Male,36,No,California,Sacramento
4430-UZIPO,Churned,Yes,91,5825,36.85,108.70,1,Month-to-Month,Mailed Check,Offer E,DSL,Yes,Male,44,No,California,San Diego
4430-YHXGG,Stayed,No,77,2616,25.45,240.08,5,Month-to-Month,Credit Card,Offer E,No Internet Service,No,Female,20,No,California,San Lorenzo
4431-EDMIQ,Stayed,No,37,2950,75.70,667.59,3,Month-to-Month,Bank Withdrawal,No Offer,DSL,Yes,Female,47,No,California,Sugarloaf
4432-ADRLB,Churned,Yes,91,4655,44.65,134.70,1,Month-to-Month,Mailed Check,No Offer,DSL,No,Male,46,No,California,Fallbrook
4433-JCGCG,Churned,Yes,88,2436,101.00,4926.61,1,Month-to-Month,Bank Withdrawal,Offer B,Fiber Optic,No,Male,80,Yes,California,San Diego
4439-JMPMT,Churned,Yes,71,3608,85.75,432.39,1,Month-to-Month,Bank Withdrawal,Offer E,Fiber Optic,Yes,Female,38,No,California,Comptche
4439-YRNVD,Stayed,No,24,4571,36.25,374.00,3,Month-to-Month,Bank Withdrawal,No Offer,DSL,Yes,Female,33,No,California,Selma
4441-NIHPT,Churned,Yes,90,2995,74.30,1465.16,1,Month-to-Month,Bank Withdrawal,No Offer,Fiber Optic,No,Female,73,Yes,California,Freedom
4443-EMBNA,Stayed,No,51,4642,24.75,4118.13,3,Two Year,Bank Withdrawal,No Offer,No Internet Service,No,Female,55,No,California,Castaic
4445-KWOKW,Stayed,No,55,5988,60.15,3658.08,3,One Year,Bank Withdrawal,Offer B,Cable,No,Female,23,No,California,Potrero
4445-ZJNMU,Stayed,No,69,3540,99.30,962.04,3,Month-to-Month,Credit Card,Offer E,Fiber Optic,No,Male,30,No,California,Manhattan Beach
4446-BZKHU,Churned,Yes,86,5011,105.55,9069.15,1,Month-to-Month,Bank Withdrawal,No Offer,Fiber Optic,No,Male,44,No,California,Pleasant Hill
4450-DLLMH,Joined,No,43,2274,71.30,171.23,3,Month-to-Month,Credit Card,Offer E,Fiber Optic,No,Male,53,No,California,Avalon
4450-MDZFX,Stayed,No,26,5100,74.35,6759.70,5,Month-to-Month,Bank Withdrawal,Offer B,Fiber Optic,No,Male,50,No,California,Monrovia
4450-YOOHP,Stayed,No,31,5433,50.65,1901.89,4,Month-to-Month,Credit Card,No Offer,DSL,No,Female,56,No,California,Sacramento
4451-RWASJ,Stayed,No,59,5471,19.50,980.15,4,One Year,Credit Card,Offer D,No Internet Service,No,Male,35,No,California,Lagunitas
4452-QIIEB,Stayed,No,75,3565,43.90,488.68,5,Month-to-Month,Credit Card,Offer E,DSL,No,Male,41,No,California,Glendora
4452-ROHMO,Stayed,No,38,2722,19.60,923.95,3,Two Year,Credit Card,Offer D,No Internet Service,No,Female,64,No,California,San Diego
4455-BFSPD,Stayed,No,79,5177,101.15,8587.83,3,One Year,Bank Withdrawal,No Offer,Fiber Optic,Yes,Female,35,No,California,Escondido
4456-RHSNB,Stayed,No,27,5735,49.60,1103.88,3,Month-to-Month,Bank Withdrawal,No Offer,DSL,No,Female,43,No,California,San Bernardino
4458-KVRBJ,Stayed,No,69,5537,25.00,3038.01,4,Two Year,Credit Card,No Offer,No Internet Service,No,Male,25,No,California,San Jose
4459-BBGHE,Stayed,No,58,5833,44.50,1307.80,4,Month-to-Month,Bank Withdrawal,Offer C,DSL,No,Male,61,No,California,Descanso
4462-CYWMH,Stayed,No,67,4981,89.80,7333.93,3,Month-to-Month,Bank Withdrawal,Offer B,Fiber Optic,No,Male,65,Yes,California,Lindsay
4464-JCOLN,Churned,Yes,68,2362,19.85,66.18,3,One Year,Mailed Check,Offer E,No Internet Service,No,Male,40,No,California,Huron
4465-VDKIQ,Stayed,No,42,4228,77.80,1687.58,5,Month-to-Month,Bank Withdrawal,No Offer,Fiber Optic,No,Female,61,No,California,Glendale
4468-KAZHE,Stayed,No,37,2399,60.00,1438.95,5,One Year,Bank Withdrawal,No Offer,DSL,No,Female,70,Yes,California,Hughson
4468-YDOVK,Stayed,No,68,3307,48.65,302.90,5,Month-to-Month,Bank Withdrawal,No Offer,DSL,Yes,Male,57,No,California,Richmond
4471-KXAUH,Churned,Yes,91,2514,84.30,4039.06,3,Month-to-Month,Bank Withdrawal,No Offer,Fiber Optic,Yes,Female,58,No,California,Woody
4472-LVYGI,Stayed,No,36,2578,52.55,525.50,3,Two Year,Bank Withdrawal,No Offer,Cable,Yes,Female,43,No,California,San Bernardino
4472-VESGY,Stayed,No,48,5123,98.15,6610.08,4,Month-to-Month,Bank Withdrawal,No Offer,Fiber Optic,No,Female,41,No,California,Durham
4475-NVTLU,Stayed,No,24,3451,19.20,1679.05,3,Two Year,Bank Withdrawal,Offer B,No Internet Service,No,Male,21,No,California,Paso Robles
4476-OSWTN,Stayed,No,25,4887,110.55,8182.80,3,One Year,Mailed Check,No Offer,Fiber Optic,Yes,Male,73,Yes,California,Witter Springs
4480-MBMLB,Stayed,No,68,5319,104.80,4909.21,3,One Year,Bank Withdrawal,Offer C,Fiber Optic,No,Female,52,No,California,Los Angeles
4480-QQRHC,Stayed,No,79,4899,74.05,617.59,3,Two Year,Bank Withdrawal,No Offer,Fiber Optic,No,Female,72,Yes,California,Hydesville
4482-EWFMI,Joined,No,43,3056,69.70,166.54,5,Month-to-Month,Bank Withdrawal,No Offer,Fiber Optic,No,Female,54,No,California,Arcadia
4482-FTFFX,Stayed,No,78,5232,56.15,425.75,4,Month-to-Month,Bank Withdrawal,No Offer,DSL,Yes,Male,23,No,California,Penngrove
4484-CGXFK,Churned,Yes,96,3190,55.30,274.03,1,Month-to-Month,Bank Withdrawal,No Offer,DSL,No,Female,45,No,California,El Dorado
4484-GLZOU,Churned,Yes,65,4839,105.05,6147.93,2,Month-to-Month,Bank Withdrawal,No Offer,Fiber Optic,No,Female,20,No,California,San Dimas
4486-EFAEB,Stayed,No,54,2486,20.40,861.61,5,Month-to-Month,Bank Withdrawal,No Offer,No Internet Service,No,Male,56,No,California,Los Angeles
4487-ZYJZK,Stayed,No,53,4623,19.60,2158.46,3,One Year,Credit Card,No Offer,No Internet Service,No,Female,60,No,California,Los Gatos
4488-KQFDT,Stayed,No,59,4148,103.95,7364.84,4,One Year,Bank Withdrawal,Offer B,Fiber Optic,No,Female,21,No,California,Lemon Grove
4488-PSYCG,Churned,Yes,83,4327,20.25,664.09,1,Month-to-Month,Bank Withdrawal,Offer D,No Internet Service,No,Male,24,No,California,Seiad Valley
4489-SNOJF,Churned,Yes,83,5898,72.25,3453.00,1,Month-to-Month,Bank Withdrawal,No Offer,DSL,Yes,Female,28,No,California,Deer Park
4495-LHSSK,Stayed,No,79,3425,57.65,1307.88,3,Month-to-Month,Credit Card,Offer D,DSL,No,Female,25,No,California,Camp Nelson
4500-HKANN,Stayed,No,49,3464,59.70,1731.37,5,Two Year,Credit Card,No Offer,Cable,Yes,Male,33,No,California,Anaheim
4501-EQDRN,Churned,Yes,91,4620,69.70,91.22,2,Month-to-Month,Bank Withdrawal,No Offer,Fiber Optic,No,Female,64,No,California,Montclair
4501-UYKBC,Stayed,No,30,3856,69.10,3993.19,3,One Year,Credit Card,No Offer,DSL,Yes,Female,65,Yes,California,Igo
4501-VCPFK,Stayed,No,65,2734,35.75,1022.50,5,Month-to-Month,Bank Withdrawal,Offer C,Cable,Yes,Male,25,No,California,Coachella
4503-BDXBD,Churned,Yes,76,4251,74.95,1093.14,1,Month-to-Month,Bank Withdrawal,No Offer,Fiber Optic,No,Male,41,No,California,Anaheim
4504-YOULA,Stayed,No,49,3682,59.45,3505.75,3,Month-to-Month,Credit Card,Offer C,DSL,No,Female,42,No,California,Wilton
4505-EXZHB,Churned,Yes,91,3964,74.40,507.56,1,Month-to-Month,Bank Withdrawal,Offer E,Fiber Optic,No,Female,75,Yes,California,Ducor
4508-OEBEY,Stayed,No,61,5611,75.50,3272.92,3,One Year,Credit Card,No Offer,DSL,Yes,Male,41,No,California,Goleta
4510-HIMLV,Churned,Yes,90,4154,69.80,102.66,2,Month-to-Month,Bank Withdrawal,No Offer,Fiber Optic,No,Male,50,No,California,La Habra
4510-PYUSH,Churned,Yes,75,3110,57.15,3242.45,1,Month-to-Month,Credit Card,No Offer,DSL,No,Female,67,Yes,California,Sylmar
4512-ZUIYL,Churned,Yes,81,2928,70.00,228.57,3,Month-to-Month,Bank Withdrawal,Offer E,Fiber Optic,No,Female,31,No,California,Sunnyvale
4513-CXYIX,Stayed,No,54,4583,80.70,8799.29,3,Two Year,Credit Card,Offer A,Fiber Optic,No,Female,73,Yes,California,Lake Elsinore
4514-GFCFI,Churned,Yes,91,5136,84.75,1630.31,2,Month-to-Month,Bank Withdrawal,No Offer,Fiber Optic,No,Female,76,Yes,California,San Diego
4518-FZBSX,Stayed,No,64,4439,20.25,1246.76,4,One Year,Credit Card,Offer B,No Internet Service,No,Male,57,No,California,Coulterville
4521-WFJAI,Stayed,No,40,4246,25.95,4121.97,3,Two Year,Bank Withdrawal,No Offer,No Internet Service,No,Male,52,No,California,Sacramento
4521-YEEHE,Stayed,No,59,3127,88.85,1907.07,5,Month-to-Month,Bank Withdrawal,Offer D,Fiber Optic,Yes,Female,23,No,California,Anaheim
4522-AKYLR,Stayed,No,7,5557,54.80,867.93,4,One Year,Bank Withdrawal,No Offer,DSL,No,Female,68,Yes,California,Chino Hills
4522-XRWWI,Stayed,No,62,4397,80.45,4102.92,3,One Year,Credit Card,Offer B,Cable,Yes,Male,30,No,California,Manton
4523-WXCEF,Churned,Yes,87,4160,101.10,6584.47,2,Month-to-Month,Bank Withdrawal,Offer B,Fiber Optic,No,Female,21,No,California,San Jose
4524-QCSSM,Stayed,No,33,4512,44.65,1156.55,4,Month-to-Month,Bank Withdrawal,No Offer,DSL,No,Male,39,No,California,Encino
4525-VZCZG,Stayed,No,35,5915,105.85,6966.87,4,One Year,Bank Withdrawal,No Offer,Fiber Optic,Yes,Male,58,No,California,Vernalis
4526-EXKKN,Stayed,No,65,2601,24.60,2072.75,5,Two Year,Credit Card,No Offer,No Internet Service,No,Male,27,No,California,Rio Nido
4526-RMTLL,Stayed,No,64,4457,76.15,944.04,4,Two Year,Credit Card,Offer E,DSL,Yes,Male,32,No,California,Maywood
4526-ZJJTM,Stayed,No,51,4849,88.40,2677.15,3,Two Year,Bank Withdrawal,No Offer,Fiber Optic,No,Female,72,Yes,California,San Mateo
4529-CKBCL,Churned,Yes,85,4381,80.20,255.63,2,Month-to-Month,Bank Withdrawal,Offer E,Fiber Optic,No,Female,51,No,California,Ventura
4530-NDRKU,Stayed,No,80,5091,19.05,2217.57,4,One Year,Bank Withdrawal,No Offer,No Internet Service,No,Female,31,No,California,Auburn
4531-AUZNK,Stayed,No,21,6492,95.15,5939.47,3,One Year,Mailed Check,Offer B,Fiber Optic,Yes,Female,21,No,California,Oakland
4534-WGCIR,Stayed,No,71,6444,25.15,3220.90,4,Two Year,Credit Card,No Offer,No Internet Service,No,Female,56,No,California,Covina
4536-PLEQY,Stayed,No,80,2540,85.05,1535.00,3,Month-to-Month,Credit Card,Offer D,Fiber Optic,No,Male,44,No,California,Los Angeles
4537-CIBHB,Stayed,No,48,4272,20.25,285.30,5,One Year,Credit Card,No Offer,No Internet Service,No,Female,59,No,California,Arvin
4537-DKTAL,Joined,No,70,4372,45.55,178.20,5,Month-to-Month,Bank Withdrawal,Offer E,DSL,No,Female,26,No,California,Darwin
4538-WNTMJ,Stayed,No,58,3979,24.95,1377.50,3,One Year,Credit Card,Offer B,No Internet Service,No,Female,39,No,California,Isleton
4541-RMRLG,Churned,Yes,82,4489,19.25,176.28,3,Month-to-Month,Bank Withdrawal,No Offer,No Internet Service,No,Male,53,No,California,Hayward
4544-RXFMG,Stayed,No,50,4184,43.45,399.74,3,One Year,Credit Card,Offer E,DSL,No,Male,48,No,California,North San Juan
4546-FOKWR,Stayed,No,27,3574,74.75,1298.00,5,Month-to-Month,Credit Card,No Offer,Fiber Optic,No,Female,35,No,California,Los Gatos
4547-FZJWE,Stayed,No,77,5712,59.45,5186.35,4,One Year,Credit Card,No Offer,DSL,No,Male,24,No,California,Forest Falls
4547-KQRTM,Churned,Yes,76,3740,80.05,1327.70,1,Month-to-Month,Bank Withdrawal,No Offer,Fiber Optic,No,Female,60,No,California,Eldridge
4547-LYTDD,Churned,Yes,73,2850,72.65,1946.14,1,Month-to-Month,Bank Withdrawal,Offer D,Fiber Optic,No,Female,35,No,California,North Hollywood
4548-SDBKE,Churned,Yes,87,4109,85.20,647.25,3,Month-to-Month,Bank Withdrawal,Offer E,Fiber Optic,No,Female,26,No,California,San Dimas
4549-ZDQYY,Stayed,No,28,6078,57.95,4801.93,3,One Year,Credit Card,No Offer,DSL,Yes,Female,35,No,California,Torrance
4550-EVXNY,Churned,Yes,77,2418,69.65,118.89,2,Month-to-Month,Bank Withdrawal,Offer E,Fiber Optic,No,Female,52,No,California,San Francisco
4550-VBOFE,Churned,Yes,91,5005,102.95,8307.76,1,Month-to-Month,Bank Withdrawal,No Offer,Fiber Optic,No,Male,69,Yes,California,Soulsbyville
4553-DVPZG,Stayed,No,77,5049,101.35,7098.42,5,Month-to-Month,Bank Withdrawal,Offer B,Fiber Optic,No,Female,30,No,California,Daly City
4554-YGZIH,Churned,Yes,96,5059,90.05,5670.33,2,Month-to-Month,Credit Card,Offer B,Fiber Optic,No,Male,75,Yes,California,Summerland
4558-CGYCZ,Stayed,No,25,4987,19.75,246.06,3,Month-to-Month,Credit Card,No Offer,No Internet Service,No,Male,20,No,California,San Fernando
4558-FANTW,Churned,Yes,89,5643,91.85,2287.60,1,Month-to-Month,Bank Withdrawal,Offer D,Fiber Optic,Yes,Female,30,No,California,Fair Oaks
4559-UWIHT,Stayed,No,79,4965,82.65,1822.98,5,Month-to-Month,Bank Withdrawal,Offer D,Fiber Optic,No,Male,37,No,California,Atascadero
4560-WQAQW,Stayed,No,29,4244,68.70,5891.83,3,One Year,Bank Withdrawal,Offer B,DSL,Yes,Female,62,No,California,Mount Laguna
4565-EVZMJ,Stayed,No,40,5774,58.90,4051.50,4,One Year,Credit Card,No Offer,Cable,Yes,Female,55,No,California,San Diego
4565-NLZBV,Stayed,No,42,4015,24.65,4789.42,4,Two Year,Bank Withdrawal,No Offer,No Internet Service,No,Female,33,No,California,Kneeland
4566-GOLUK,Churned,Yes,91,3620,107.35,6892.73,2,Month-to-Month,Bank Withdrawal,No Offer,Fiber Optic,Yes,Male,43,No,California,Rosemead
4566-NECEV,Stayed,No,56,3787,96.55,695.75,3,Month-to-Month,Bank Withdrawal,No Offer,Fiber Optic,No,Male,40,No,California,Palos Verdes Peninsula
4566-QVRRW,Churned,Yes,84,3200,44.05,756.83,1,Month-to-Month,Bank Withdrawal,Offer D,DSL,No,Female,41,No,California,Witter Springs
4567-AKPIA,Stayed,No,77,4854,109.10,5291.06,5,One Year,Bank Withdrawal,No Offer,Fiber Optic,Yes,Female,28,No,California,Canyon Dam
4568-KNYWR,Stayed,No,43,6471,63.25,5876.93,4,Two Year,Credit Card,No Offer,Cable,No,Male,56,No,California,Fullerton
4568-TTZRT,Stayed,No,21,5380,20.40,305.28,5,Month-to-Month,Credit Card,Offer E,No Internet Service,No,Male,36,No,California,Auburn
4570-QHXHL,Stayed,No,70,5644,43.75,766.37,3,Month-to-Month,Bank Withdrawal,No Offer,DSL,No,Female,48,No,California,Santa Ana
4572-DVCGN,Churned,Yes,85,3598,80.25,1117.00,3,Month-to-Month,Bank Withdrawal,No Offer,Fiber Optic,No,Female,40,No,California,San Diego
4573-JKNAE,Stayed,No,74,2558,19.35,419.06,5,Two Year,Bank Withdrawal,Offer D,No Internet Service,No,Male,44,No,California,Los Angeles
4576-CSAJH,Churned,Yes,90,5866,55.15,1930.71,3,One Year,Credit Card,No Offer,DSL,Yes,Male,22,No,California,San Diego
4578-PHJYZ,Stayed,No,51,4172,68.75,3752.51,3,One Year,Bank Withdrawal,No Offer,Cable,Yes,Male,45,No,California,Orland
4580-TMHJU,Churned,Yes,65,2152,56.15,4101.05,2,Month-to-Month,Bank Withdrawal,No Offer,DSL,No,Female,57,No,California,Avenal
4581-LNWUM,Stayed,No,78,3000,49.15,649.40,3,Month-to-Month,Bank Withdrawal,Offer D,DSL,No,Female,47,No,California,San Pablo
4581-SSPWD,Churned,Yes,93,5475,75.80,271.90,1,Month-to-Month,Bank Withdrawal,Offer E,Fiber Optic,No,Female,63,No,California,Mountain View
4583-PARNH,Stayed,No,46,4045,91.55,1787.09,5,Month-to-Month,Bank Withdrawal,No Offer,Fiber Optic,Yes,Male,66,Yes,California,Kerman
4584-LBNMK,Stayed,No,61,5644,24.70,3195.30,4,One Year,Credit Card,No Offer,No Internet Service,No,Male,79,Yes,California,Portola
4585-HETAI,Churned,Yes,83,5026,73.75,519.37,1,Month-to-Month,Bank Withdrawal,No Offer,Fiber Optic,No,Female,25,No,California,Huntington Park
4587-NUKOX,Churned,Yes,74,5339,79.10,343.79,1,Month-to-Month,Bank Withdrawal,Offer E,Fiber Optic,No,Female,60,No,California,Walnut
4587-VVTOX,Churned,Yes,90,4163,105.30,709.84,1,Month-to-Month,Bank Withdrawal,Offer E,Fiber Optic,No,Female,23,No,California,Frazier Park
4588-YBNIB,Churned,Yes,91,4205,19.60,24.96,2,Month-to-Month,Credit Card,Offer E,No Internet Service,No,Female,24,No,California,Fremont
4589-IUAJB,Stayed,No,75,4118,24.25,3721.95,4,Two Year,Bank Withdrawal,Offer A,No Internet Service,No,Male,36,No,California,Garden Grove
4592-IWTJI,Churned,Yes,84,2613,29.70,91.70,1,Month-to-Month,Credit Card,Offer E,Cable,No,Female,46,No,California,Homewood
4597-ELFTS,Churned,Yes,92,5327,24.90,1478.48,3,One Year,Bank Withdrawal,No Offer,No Internet Service,No,Male,57,No,California,Glendale
4597-NUCQV,Churned,Yes,87,4287,101.25,3135.67,3,Month-to-Month,Bank Withdrawal,No Offer,Fiber Optic,No,Male,65,Yes,California,Oakland
4598-XLKNJ,Churned,Yes,88,5337,98.50,2995.07,2,Month-to-Month,Bank Withdrawal,Offer C,Fiber Optic,No,Female,78,Yes,California,Inglewood
4598-ZADCK,Stayed,No,28,5183,53.60,2879.20,3,One Year,Bank Withdrawal,No Offer,DSL,Yes,Female,34,No,California,Hopland
4603-JANFB,Churned,Yes,90,4548,69.85,81.98,1,Month-to-Month,Bank Withdrawal,Offer E,Fiber Optic,No,Male,51,No,California,Glencoe
4607-CHPCA,Churned,Yes,91,5801,90.40,3200.35,3,One Year,Bank Withdrawal,No Offer,Fiber Optic,No,Male,63,No,California,San Martin
4608-LCIMN,Stayed,No,63,5724,44.65,615.31,3,Month-to-Month,Bank Withdrawal,No Offer,DSL,No,Male,45,No,California,Pismo Beach
4609-KNNWG,Stayed,No,49,4870,19.90,614.90,5,Two Year,Credit Card,No Offer,No Internet Service,No,Female,36,No,California,Dunnigan
4611-ANLQC,Stayed,No,65,5493,50.05,2911.50,3,One Year,Bank Withdrawal,Offer B,Cable,No,Female,31,No,California,Castro Valley
4612-SSVHJ,Stayed,No,27,2416,81.45,2135.20,5,One Year,Bank Withdrawal,Offer D,Fiber Optic,No,Female,74,Yes,California,Yermo
4612-THJBS,Churned,Yes,93,5605,104.75,7447.13,3,One Year,Bank Withdrawal,No Offer,Fiber Optic,No,Female,68,Yes,California,Terra Bella
4614-NUVZD,Churned,Yes,85,2075,81.10,103.96,3,Month-to-Month,Bank Withdrawal,No Offer,Fiber Optic,No,Female,53,No,California,Anaheim
4615-PIVVU,Stayed,No,62,4668,66.50,4222.67,5,Two Year,Credit Card,No Offer,Cable,Yes,Female,33,No,California,Ludlow
4616-EWBNJ,Stayed,No,22,4545,20.10,1074.60,3,One Year,Bank Withdrawal,Offer D,No Internet Service,No,Female,23,No,California,Los Angeles
4616-ULAOA,Stayed,No,23,6332,110.80,10184.55,3,Two Year,Credit Card,Offer B,Fiber Optic,Yes,Female,33,No,California,Escondido
4619-EVPHY,Stayed,No,57,3748,91.00,2636.50,5,One Year,Bank Withdrawal,No Offer,Fiber Optic,No,Female,65,Yes,California,Lamont
4622-YNKIJ,Stayed,No,32,5087,88.95,4599.77,3,Two Year,Bank Withdrawal,Offer C,Fiber Optic,Yes,Male,59,No,California,Norwalk
4623-ZKHLY,Stayed,No,28,3727,20.45,928.71,4,Month-to-Month,Bank Withdrawal,Offer D,No Internet Service,No,Male,43,No,California,Ontario
4625-EWPTF,Churned,Yes,94,4549,30.45,226.45,1,Month-to-Month,Bank Withdrawal,Offer E,Cable,No,Male,55,No,California,Pasadena
4625-LAMOB,Stayed,No,55,2404,20.40,967.15,5,Two Year,Credit Card,No Offer,No Internet Service,No,Male,36,No,California,Fresno
4625-XMOYM,Stayed,No,36,5098,26.25,2173.09,4,Two Year,Bank Withdrawal,No Offer,No Internet Service,No,Female,37,No,California,Annapolis
4626-GYCZP,Churned,Yes,79,3506,93.85,744.17,1,Month-to-Month,Bank Withdrawal,No Offer,Fiber Optic,No,Male,60,No,California,Eureka
4626-OZDTJ,Stayed,No,80,5408,78.65,5248.80,5,One Year,Credit Card,Offer B,DSL,Yes,Female,35,No,California,Wildomar
4627-MIHJH,Stayed,No,69,4948,110.25,9082.15,3,Two Year,Credit Card,No Offer,Fiber Optic,Yes,Female,72,Yes,California,Stockton
4628-CTTLA,Churned,Yes,66,4917,39.30,2191.45,1,Month-to-Month,Bank Withdrawal,Offer B,DSL,No,Male,23,No,California,Sanger
4628-WQCQQ,Churned,Yes,81,5928,85.15,3923.45,1,One Year,Bank Withdrawal,No Offer,Fiber Optic,No,Male,37,No,California,Whittier
4629-NRXKX,Churned,Yes,75,5687,70.40,239.61,1,Month-to-Month,Bank Withdrawal,No Offer,Fiber Optic,No,Female,47,No,California,El Monte
4631-OACRM,Churned,Yes,74,3621,79.40,1414.55,1,Month-to-Month,Bank Withdrawal,No Offer,Fiber Optic,No,Male,78,Yes,California,Lake Forest
4632-PAOYU,Stayed,No,61,2233,19.95,1256.30,3,One Year,Credit Card,Offer D,No Internet Service,No,Male,37,No,California,Anaheim
4632-XJMEX,Stayed,No,24,6281,62.85,5953.43,4,One Year,Credit Card,Offer B,Cable,Yes,Male,20,No,California,Fresno
4633-MKHYU,Stayed,No,32,2952,88.40,1107.65,5,Month-to-Month,Credit Card,Offer E,Fiber Optic,No,Female,23,No,California,San Diego
4634-JLRJT,Joined,No,40,2183,20.35,50.21,4,Month-to-Month,Credit Card,Offer E,No Internet Service,No,Female,30,No,California,Ontario
4635-EJYPD,Stayed,No,49,4735,18.95,1746.43,4,Two Year,Credit Card,No Offer,No Internet Service,No,Male,39,No,California,Tomales
4636-JGAAI,Stayed,No,70,4014,88.85,3475.23,3,Month-to-Month,Credit Card,No Offer,Fiber Optic,No,Male,28,No,California,San Jose
4636-OLWOE,Stayed,No,56,5594,61.00,3507.69,4,One Year,Bank Withdrawal,Offer B,Cable,Yes,Male,20,No,California,Fortuna
4636-QRJKY,Churned,Yes,91,5032,80.50,719.57,3,Month-to-Month,Bank Withdrawal,No Offer,Fiber Optic,Yes,Female,64,No,California,Idyllwild
4636-TVXVG,Stayed,No,32,4803,19.95,4218.32,4,One Year,Bank Withdrawal,No Offer,No Internet Service,No,Male,28,No,California,Woodacre
4640-UHDOS,Churned,Yes,91,4498,55.95,982.00,1,Month-to-Month,Bank Withdrawal,Offer D,DSL,No,Female,60,No,California,Phelan
4641-FROLU,Stayed,No,30,4453,19.30,950.90,4,Two Year,Credit Card,Offer C,No Internet Service,No,Female,49,No,California,La Honda
4644-OBGFZ,Stayed,No,64,5067,19.50,3019.00,4,One Year,Credit Card,No Offer,No Internet Service,No,Male,43,No,California,San Francisco
4644-PIZRT,Stayed,No,35,2704,70.35,1766.73,3,One Year,Bank Withdrawal,No Offer,DSL,No,Male,36,No,California,Long Barn
4646-QZXTF,Stayed,No,57,5928,81.25,617.86,3,Month-to-Month,Bank Withdrawal,No Offer,DSL,Yes,Female,38,No,California,San Juan Bautista
4647-MUZON,Stayed,No,20,5009,95.95,2271.58,3,Month-to-Month,Credit Card,Offer D,Fiber Optic,No,Female,56,No,California,Port Hueneme
4647-XXZAM,Stayed,No,51,5450,45.50,461.66,4,Month-to-Month,Credit Card,No Offer,DSL,No,Female,41,No,California,Los Angeles
4648-YPBTM,Stayed,No,55,5644,73.90,4304.87,4,Two Year,Bank Withdrawal,No Offer,DSL,Yes,Male,35,No,California,Arcadia
4652-NNHNY,Churned,Yes,77,3226,73.85,1571.56,1,Month-to-Month,Bank Withdrawal,No Offer,Fiber Optic,No,Male,32,No,California,Fellows
4652-ODEVH,Stayed,No,57,3586,24.45,3217.20,5,Two Year,Mailed Check,No Offer,No Internet Service,No,Male,43,No,California,Dutch Flat
4654-DLAMQ,Stayed,No,68,4053,97.00,6671.54,3,One Year,Bank Withdrawal,No Offer,Fiber Optic,No,Female,69,Yes,California,Warner Springs
4654-GGUII,Stayed,No,48,4624,40.20,801.95,4,One Year,Credit Card,No Offer,DSL,Yes,Female,28,No,California,Smartville
4654-ULTTN,Stayed,No,60,6447,74.80,5895.40,3,Two Year,Credit Card,Offer A,DSL,Yes,Male,34,No,California,Fillmore
4656-CAURT,Stayed,No,31,6059,23.95,3247.66,3,Two Year,Bank Withdrawal,No Offer,No Internet Service,No,Male,57,No,California,Phillipsville
4657-FWVFY,Stayed,No,52,2004,96.35,5092.20,5,Month-to-Month,Credit Card,No Offer,Fiber Optic,No,Female,51,No,California,Kings Beach
4658-HCOHW,Churned,Yes,91,3123,102.80,2460.22,1,Month-to-Month,Bank Withdrawal,No Offer,Fiber Optic,Yes,Female,52,No,California,Redwood Valley
4659-NZRUF,Churned,Yes,78,5830,95.15,2533.78,3,Month-to-Month,Bank Withdrawal,Offer D,Fiber Optic,No,Female,64,No,California,Oakland
4660-IRIBM,Stayed,No,33,5192,87.90,1935.38,4,Month-to-Month,Mailed Check,Offer D,Fiber Optic,No,Male,32,No,California,Crows Landing
4661-NJEUX,Joined,No,52,5368,20.05,23.28,3,Month-to-Month,Credit Card,No Offer,No Internet Service,No,Male,42,No,California,Portola Valley
4662-EKDPQ,Churned,Yes,90,5344,62.05,192.88,1,Month-to-Month,Bank Withdrawal,No Offer,Cable,No,Male,44,No,California,San Diego
4664-NJCMS,Stayed,No,68,5980,59.55,2016.30,3,Two Year,Bank Withdrawal,Offer C,DSL,Yes,Female,52,No,California,San Francisco
4667-OHGKG,Churned,Yes,91,4266,19.30,68.50,3,Month-to-Month,Credit Card,No Offer,No Internet Service,No,Male,61,No,California,Summerland
4667-QONEA,Stayed,No,59,5153,74.85,7390.35,3,One Year,Credit Card,Offer B,Cable,Yes,Female,72,Yes,California,Los Angeles
4670-TABXH,Stayed,No,71,5791,109.75,9411.30,3,Two Year,Credit Card,No Offer,Fiber Optic,Yes,Male,53,No,California,Hawthorne
4671-LXRDQ,Churned,Yes,93,5704,45.00,160.95,1,Month-to-Month,Credit Card,No Offer,Cable,No,Male,44,No,California,Salyer
4671-VJLCL,Stayed,No,70,4595,79.85,5669.11,3,Two Year,Credit Card,Offer B,DSL,Yes,Female,36,No,California,Los Angeles
4672-FOTSD,Stayed,No,56,4334,67.25,1381.90,3,Month-to-Month,Bank Withdrawal,Offer D,DSL,Yes,Male,54,No,California,Dorris
4673-KKSLS,Stayed,No,48,5094,87.60,4062.77,4,Month-to-Month,Bank Withdrawal,No Offer,Fiber Optic,Yes,Female,56,No,California,Oakland
4674-HGNUA,Stayed,No,57,4444,89.90,8681.58,3,Two Year,Credit Card,Offer A,Cable,Yes,Male,57,No,California,Petrolia
4676-MQUEA,Stayed,No,25,4184,101.90,5990.00,3,One Year,Bank Withdrawal,No Offer,Fiber Optic,No,Male,80,Yes,California,Laguna Beach
4676-WLUHT,Stayed,No,26,6143,46.20,2431.95,3,Two Year,Bank Withdrawal,Offer B,DSL,No,Male,51,No,California,Darwin
4678-DVQEO,Churned,Yes,71,4138,52.20,86.24,1,Month-to-Month,Bank Withdrawal,No Offer,DSL,Yes,Female,41,No,California,Bass Lake
4680-KUTAJ,Stayed,No,80,5014,55.60,596.51,4,Two Year,Bank Withdrawal,No Offer,DSL,No,Female,73,Yes,California,Beverly Hills
4682-BLBUC,Stayed,No,66,3678,70.95,4528.37,5,One Year,Bank Withdrawal,No Offer,DSL,Yes,Male,19,No,California,La Crescenta
4683-WYDOU,Stayed,No,40,4697,107.60,9059.14,4,Two Year,Bank Withdrawal,No Offer,Fiber Optic,Yes,Male,54,No,California,Rancho Palos Verdes
4685-ERGHK,Stayed,No,71,6109,86.90,6995.81,5,One Year,Bank Withdrawal,Offer B,Fiber Optic,No,Male,45,No,California,Gasquet
4685-TFLLS,Stayed,No,74,4808,19.80,1155.54,5,One Year,Bank Withdrawal,Offer D,No Internet Service,No,Male,39,No,California,Spreckels
4686-GEFRM,Stayed,No,57,5582,98.70,10025.70,3,Two Year,Bank Withdrawal,Offer A,Fiber Optic,Yes,Male,23,No,California,Pioneertown
4686-UXDML,Stayed,No,74,2113,99.85,2514.61,3,Month-to-Month,Credit Card,No Offer,Fiber Optic,No,Female,24,No,California,Cutler
4690-LLKUA,Churned,Yes,93,3797,45.05,1466.41,1,Month-to-Month,Bank Withdrawal,No Offer,DSL,No,Male,68,Yes,California,San Diego
4690-PKDQG,Stayed,No,26,4121,95.55,4891.98,3,Month-to-Month,Bank Withdrawal,No Offer,Fiber Optic,No,Female,66,Yes,California,San Diego
4692-NNQRU,Stayed,No,24,4900,79.20,2047.16,3,One Year,Bank Withdrawal,Offer D,Fiber Optic,Yes,Female,49,No,California,Cloverdale
4693-VWVBO,Joined,No,46,3889,19.55,183.99,4,Month-to-Month,Bank Withdrawal,No Offer,No Internet Service,No,Female,60,No,California,Valley Springs
4694-PHWFW,Stayed,No,40,5919,19.95,537.86,4,Month-to-Month,Mailed Check,No Offer,No Internet Service,No,Female,26,No,California,San Francisco
4695-VADHF,Churned,Yes,84,2989,57.45,1026.60,1,Month-to-Month,Bank Withdrawal,No Offer,DSL,No,Male,53,No,California,Oakland
4695-WJZUE,Churned,Yes,80,3685,88.55,222.39,1,Month-to-Month,Bank Withdrawal,No Offer,Fiber Optic,No,Female,68,Yes,California,Irvine
4697-LUPSU,Joined,No,44,3866,20.20,111.57,3,One Year,Credit Card,No Offer,No Internet Service,No,Male,22,No,California,Grover Beach
4698-KVLLG,Stayed,No,68,4224,19.60,3388.36,5,Two Year,Credit Card,No Offer,No Internet Service,No,Female,66,Yes,California,San Quentin
4700-UBQMV,Stayed,No,47,3503,75.90,2212.30,4,One Year,Bank Withdrawal,No Offer,DSL,No,Male,42,No,California,Stockton
4701-AHWMW,Churned,Yes,69,6041,54.55,3028.30,1,Month-to-Month,Bank Withdrawal,No Offer,DSL,Yes,Male,30,No,California,Susanville
4701-LKOZD,Stayed,No,78,5150,89.75,8544.30,4,Two Year,Credit Card,No Offer,Cable,Yes,Female,64,No,California,Foresthill
4701-MLJPN,Churned,Yes,78,2933,55.25,1773.08,3,Month-to-Month,Bank Withdrawal,Offer C,DSL,Yes,Male,60,No,California,Fresno
4702-HDRKD,Stayed,No,33,5905,49.35,3321.35,3,One Year,Bank Withdrawal,Offer A,Cable,Yes,Male,30,No,California,Knights Landing
4702-IOQDC,Churned,Yes,91,2007,70.10,116.27,3,Month-to-Month,Bank Withdrawal,Offer E,Fiber Optic,No,Female,58,No,California,Gustine
4703-MQYKT,Stayed,No,22,4562,19.60,743.41,4,Two Year,Mailed Check,No Offer,No Internet Service,No,Male,43,No,California,Escondido
4704-ERYFC,Churned,Yes,85,2159,69.25,2260.42,1,Month-to-Month,Bank Withdrawal,No Offer,Fiber Optic,No,Female,19,No,California,Knights Landing
4706-AXVKM,Churned,Yes,67,5118,84.80,951.95,2,Month-to-Month,Credit Card,No Offer,Fiber Optic,No,Female,78,Yes,California,Stevenson Ranch
4706-DGAHW,Joined,No,44,4576,45.20,94.54,3,Two Year,Bank Withdrawal,Offer E,DSL,No,Male,73,Yes,California,California Hot Springs
4707-MAXGU,Stayed,No,45,5514,25.85,4460.63,5,Two Year,Credit Card,No Offer,No Internet Service,No,Male,36,No,California,Canyon Country
4707-YNOQA,Stayed,No,43,5854,25.60,1790.61,4,One Year,Credit Card,No Offer,No Internet Service,No,Female,57,No,California,Burnt Ranch
4709-LKHYG,Stayed,No,34,3800,20.00,1343.93,5,One Year,Bank Withdrawal,Offer C,No Internet Service,No,Female,23,No,California,Tarzana
4710-FDUIZ,Churned,Yes,67,5170,100.30,7178.85,2,One Year,Credit Card,No Offer,Fiber Optic,No,Male,50,No,California,Santa Ana
4710-NKCAW,Stayed,No,31,3260,64.40,403.75,3,Month-to-Month,Credit Card,No Offer,DSL,Yes,Male,42,No,California,El Cajon
4712-AUQZO,Stayed,No,21,5388,33.60,550.35,4,Month-to-Month,Credit Card,No Offer,DSL,No,Male,53,No,California,Pinole
4712-UYOOI,Stayed,No,70,3402,20.00,1179.92,3,Month-to-Month,Bank Withdrawal,No Offer,No Internet Service,No,Female,21,No,California,Santa Cruz
4713-LZDRV,Churned,Yes,94,4322,79.60,258.87,3,Month-to-Month,Bank Withdrawal,Offer E,Cable,No,Female,80,Yes,California,Malibu
4713-ZBURT,Stayed,No,38,3333,99.70,5693.65,4,Two Year,Bank Withdrawal,No Offer,Fiber Optic,No,Male,33,No,California,Brisbane
4716-HHKQH,Stayed,No,65,5328,107.05,2723.25,3,One Year,Bank Withdrawal,No Offer,Fiber Optic,Yes,Male,68,Yes,California,Pomona
4716-MRVEN,Stayed,No,65,4128,20.00,1539.77,5,One Year,Credit Card,Offer C,No Internet Service,No,Female,30,No,California,Parlier
4717-GHADL,Stayed,No,39,5592,79.60,6446.70,4,Two Year,Mailed Check,Offer B,DSL,Yes,Female,39,No,California,Callahan
4718-DHSMV,Stayed,No,44,2534,35.80,363.15,5,Month-to-Month,Credit Card,Offer D,DSL,No,Female,22,No,California,Llano
4718-WXBGI,Stayed,No,30,4403,91.95,8566.10,4,Two Year,Credit Card,Offer A,Cable,Yes,Male,21,No,California,Twain Harte
4719-UMSIY,Stayed,No,34,2231,19.65,193.90,5,Month-to-Month,Mailed Check,No Offer,No Internet Service,No,Male,52,No,California,Lake Arrowhead
4720-VSTSI,Churned,Yes,66,3997,84.80,5630.03,2,Month-to-Month,Bank Withdrawal,No Offer,Fiber Optic,No,Female,54,No,California,Monterey Park
4723-BEGSG,Stayed,No,61,5483,86.65,6963.69,3,Two Year,Credit Card,No Offer,Cable,Yes,Male,35,No,California,Corona
4724-WXVWF,Stayed,No,33,4334,95.40,4644.50,3,Month-to-Month,Bank Withdrawal,No Offer,Fiber Optic,Yes,Male,28,No,California,Earp
4726-DLWQN,Stayed,No,30,5596,70.35,4816.10,3,Month-to-Month,Bank Withdrawal,Offer B,DSL,No,Male,69,Yes,California,Live Oak
4727-MCYZG,Joined,No,35,2207,55.55,118.87,5,Month-to-Month,Mailed Check,Offer E,DSL,No,Male,23,No,California,Union City
4729-XKASR,Churned,Yes,96,3001,24.75,24.75,1,Month-to-Month,Bank Withdrawal,No Offer,DSL,No,Male,56,No,California,San Jose
4730-AWNAU,Stayed,No,69,3671,60.70,2234.55,3,One Year,Credit Card,No Offer,DSL,Yes,Male,59,No,California,Lower Lake
4732-RRJZC,Stayed,No,45,4954,20.25,424.21,3,Month-to-Month,Credit Card,No Offer,No Internet Service,No,Male,31,No,California,Bridgeville
4735-ASGMA,Churned,Yes,91,4997,98.35,3559.72,1,Month-to-Month,Bank Withdrawal,No Offer,Fiber Optic,No,Male,55,No,California,Carnelian Bay
4735-BJKOU,Stayed,No,64,3915,20.15,1139.25,5,Two Year,Mailed Check,No Offer,No Internet Service,No,Female,33,No,California,Los Angeles
4737-AQCPU,Stayed,No,42,4658,72.10,8080.25,3,Two Year,Credit Card,No Offer,DSL,Yes,Male,39,No,California,Los Angeles
4737-HOBAX,Stayed,No,52,4073,79.80,5668.46,4,Two Year,Credit Card,No Offer,Cable,Yes,Male,51,No,California,Penngrove
4741-WWJQZ,Joined,No,26,5251,80.15,247.71,3,Month-to-Month,Bank Withdrawal,Offer E,Fiber Optic,Yes,Female,49,No,California,Forestville
4742-DRORA,Stayed,No,46,4149,95.40,6137.80,4,One Year,Bank Withdrawal,Offer B,Fiber Optic,No,Male,59,No,California,Mecca
4742-TXUEX,Stayed,No,43,5829,19.30,1010.82,4,Two Year,Bank Withdrawal,No Offer,No Internet Service,No,Female,24,No,California,Rialto
4745-LSPLO,Churned,Yes,84,3731,20.50,40.35,2,Month-to-Month,Credit Card,No Offer,No Internet Service,No,Male,22,No,California,San Diego
4747-LCAQL,Stayed,No,52,5263,79.00,2090.75,4,Month-to-Month,Credit Card,Offer C,DSL,Yes,Male,28,No,California,Los Angeles
4749-OJKQU,Stayed,No,31,5396,75.65,396.35,5,Month-to-Month,Bank Withdrawal,No Offer,Fiber Optic,No,Female,36,No,California,San Jose
4749-VFKVB,Churned,Yes,90,4778,50.10,96.59,2,Month-to-Month,Credit Card,No Offer,DSL,No,Female,47,No,California,Inverness
4750-UKWJK,Stayed,No,77,5730,19.60,1665.75,4,One Year,Mailed Check,No Offer,No Internet Service,No,Female,77,Yes,California,Gilroy
4750-ZRXIU,Churned,Yes,83,2467,84.60,386.82,1,Month-to-Month,Bank Withdrawal,No Offer,Cable,No,Female,68,Yes,California,Palo Alto
4751-ERMAN,Stayed,No,35,4171,75.40,8515.77,3,Two Year,Bank Withdrawal,No Offer,Cable,No,Male,43,No,California,Gazelle
4753-PADAS,Stayed,No,68,5027,105.70,8522.77,4,One Year,Bank Withdrawal,Offer A,Fiber Optic,No,Female,23,No,California,Bieber
4759-PXTAN,Stayed,No,26,4093,80.10,5889.13,5,One Year,Bank Withdrawal,No Offer,DSL,Yes,Female,34,No,California,Potter Valley
4759-TRPLW,Churned,Yes,70,4238,70.40,100.03,1,Month-to-Month,Bank Withdrawal,Offer E,Fiber Optic,No,Male,40,No,California,Long Beach
4760-THGOT,Stayed,No,71,4392,94.10,6234.94,3,Month-to-Month,Bank Withdrawal,No Offer,Fiber Optic,No,Female,33,No,California,San Jose
4760-XOHVN,Churned,Yes,84,2865,19.45,48.18,2,Month-to-Month,Mailed Check,No Offer,No Internet Service,No,Female,54,No,California,Myers Flat
4763-PGDPO,Churned,Yes,88,4494,70.40,515.48,1,Month-to-Month,Bank Withdrawal,No Offer,Fiber Optic,No,Female,19,No,California,Sacramento
4765-OXPPD,Churned,Yes,76,3983,65.00,720.20,1,Month-to-Month,Mailed Check,Offer E,Cable,Yes,Female,20,No,California,Ventura
4767-HZZHQ,Stayed,No,9,5036,82.05,2875.90,3,Month-to-Month,Bank Withdrawal,Offer C,Fiber Optic,No,Male,32,No,California,Redondo Beach
4770-QAZXN,Stayed,No,54,2783,19.45,834.00,5,Month-to-Month,Credit Card,Offer D,No Internet Service,No,Female,42,No,California,Tomales
4770-UEZOX,Joined,No,34,4545,74.75,231.92,3,Month-to-Month,Bank Withdrawal,Offer E,Fiber Optic,No,Male,19,No,California,Fallbrook
4774-HHGGS,Stayed,No,28,2347,19.05,978.95,4,Two Year,Credit Card,No Offer,No Internet Service,No,Male,64,No,California,Janesville
4776-XSKYQ,Stayed,No,64,5988,30.25,368.85,4,One Year,Credit Card,No Offer,DSL,Yes,Female,48,No,California,Laguna Hills
4778-IZARL,Stayed,No,26,6216,110.10,6906.04,3,Two Year,Credit Card,No Offer,Fiber Optic,Yes,Male,46,No,California,New Cuyama
4779-ZGICK,Stayed,No,66,5019,23.55,1742.63,3,Two Year,Credit Card,Offer B,No Internet Service,No,Male,39,No,California,Los Angeles
4781-ZXYGU,Joined,No,40,3960,20.15,38.78,3,Month-to-Month,Bank Withdrawal,Offer E,No Internet Service,No,Male,25,No,California,Sausalito
4782-OSFXZ,Stayed,No,20,5089,82.70,8495.83,3,Two Year,Bank Withdrawal,Offer A,DSL,Yes,Female,72,Yes,California,Lodi
4785-FCIFB,Stayed,No,23,4900,24.40,2643.39,5,Two Year,Mailed Check,Offer B,No Internet Service,No,Female,20,No,California,Forest Falls
4785-NKHCX,Stayed,No,31,2154,20.05,244.85,5,One Year,Bank Withdrawal,Offer E,No Internet Service,No,Male,65,Yes,California,O Neals
4785-QRJHC,Churned,Yes,80,4011,59.90,2966.65,3,One Year,Bank Withdrawal,No Offer,DSL,Yes,Male,80,Yes,California,San Francisco
4786-UKSNZ,Churned,Yes,91,5418,20.20,31.45,2,Month-to-Month,Credit Card,Offer E,No Internet Service,No,Male,45,No,California,Clayton
4789-KWMXN,Churned,Yes,90,3344,110.85,6164.81,1,One Year,Credit Card,Offer B,Fiber Optic,Yes,Male,42,No,California,Tuolumne
4791-QRGMF,Churned,Yes,76,6098,99.50,6595.94,3,One Year,Bank Withdrawal,Offer B,Fiber Optic,No,Male,33,No,California,Miranda
4795-KTRTH,Churned,Yes,91,4287,81.00,577.41,1,Month-to-Month,Bank Withdrawal,Offer E,Fiber Optic,No,Female,68,Yes,California,San Diego
4795-UXVCJ,Stayed,No,77,5823,19.80,1645.50,3,One Year,Credit Card,Offer C,No Internet Service,No,Male,63,No,California,Gonzales
4795-WRNVT,Stayed,No,54,3885,65.10,3048.40,3,Month-to-Month,Credit Card,No Offer,DSL,No,Female,32,No,California,Pomona
4797-AXPXK,Churned,Yes,93,4531,60.00,113.48,1,Month-to-Month,Bank Withdrawal,Offer E,DSL,Yes,Female,64,No,California,Lompoc
4797-MIWUM,Stayed,No,42,3149,20.25,523.51,5,Month-to-Month,Bank Withdrawal,Offer E,No Internet Service,No,Male,22,No,California,Goleta
4800-CZMPC,Churned,Yes,71,4736,103.25,5342.83,1,One Year,Credit Card,Offer B,Fiber Optic,No,Female,24,No,California,Delano
4800-VHZKI,Churned,Yes,92,3351,19.90,56.53,3,Month-to-Month,Credit Card,Offer E,No Internet Service,No,Female,59,No,California,San Diego
4801-JZAZL,Stayed,No,59,2793,29.60,319.21,4,Month-to-Month,Bank Withdrawal,No Offer,DSL,No,Female,32,No,California,Angelus Oaks
4801-KFYKL,Stayed,No,20,4119,19.45,174.80,5,Month-to-Month,Bank Withdrawal,No Offer,No Internet Service,No,Male,28,No,California,Granada Hills
4803-AXVYP,Churned,Yes,91,3474,99.55,5535.07,1,Month-to-Month,Bank Withdrawal,Offer C,Fiber Optic,Yes,Female,75,Yes,California,Butte City
4803-LBYPN,Stayed,No,64,4985,20.80,2104.19,3,Month-to-Month,Credit Card,Offer C,No Internet Service,No,Male,44,No,California,Orange
4804-NCPET,Stayed,No,60,4821,20.20,989.70,3,Two Year,Credit Card,No Offer,No Internet Service,No,Male,32,No,California,Clearlake
4806-DXQCE,Stayed,No,46,6146,113.65,10167.59,4,Two Year,Bank Withdrawal,No Offer,Fiber Optic,Yes,Female,77,Yes,California,Santa Monica
4806-HIPDW,Churned,Yes,75,5644,68.95,90.60,2,Month-to-Month,Bank Withdrawal,Offer E,Fiber Optic,No,Female,64,No,California,Calimesa
4806-KEXQR,Churned,Yes,77,4669,79.90,496.54,1,Month-to-Month,Bank Withdrawal,Offer E,Fiber Optic,No,Male,27,No,California,Lockeford
4807-IZYOZ,Stayed,No,70,4725,20.65,1982.16,3,Two Year,Bank Withdrawal,Offer B,No Internet Service,No,Female,25,No,California,North Palm Springs
4808-YNLEU,Stayed,No,39,5255,62.15,3074.00,4,One Year,Bank Withdrawal,Offer C,DSL,No,Female,51,No,California,Maywood
4811-JBUVU,Stayed,No,33,3233,89.90,3682.25,3,Month-to-Month,Credit Card,No Offer,Fiber Optic,Yes,Male,62,No,California,Sherman Oaks
4813-HQMGZ,Stayed,No,76,4969,90.25,822.79,3,Month-to-Month,Bank Withdrawal,Offer E,Fiber Optic,Yes,Female,54,No,California,Ducor
4815-GBTCD,Stayed,No,31,3891,25.15,99.95,4,Month-to-Month,Bank Withdrawal,No Offer,DSL,No,Female,55,No,California,Wishon
4815-TUMEQ,Stayed,No,38,4190,19.30,639.40,4,One Year,Credit Card,Offer D,No Internet Service,No,Female,25,No,California,Lynwood
4815-YOSUK,Stayed,No,35,4927,104.90,10502.46,3,One Year,Credit Card,No Offer,Fiber Optic,Yes,Male,22,No,California,Aliso Viejo
4816-JBHOV,Churned,Yes,91,4618,44.70,176.56,1,Month-to-Month,Bank Withdrawal,Offer E,Cable,No,Male,72,Yes,California,Los Angeles
4816-LXZYW,Churned,Yes,68,5216,79.15,2446.07,1,Month-to-Month,Bank Withdrawal,Offer D,Fiber Optic,No,Female,51,No,California,Long Beach
4816-OKWNX,Stayed,No,68,5437,103.40,7046.90,5,One Year,Bank Withdrawal,No Offer,Fiber Optic,Yes,Male,38,No,California,Los Angeles
4817-KEQSP,Stayed,No,54,6342,19.85,2521.99,4,Two Year,Bank Withdrawal,No Offer,No Internet Service,No,Female,43,No,California,Temecula
4817-QRJSX,Churned,Yes,95,2946,81.00,1313.05,2,Month-to-Month,Credit Card,Offer D,Fiber Optic,No,Female,46,No,California,Clovis
4817-VYYWS,Churned,Yes,90,3598,100.20,3335.70,1,Month-to-Month,Bank Withdrawal,Offer C,Fiber Optic,No,Female,21,No,California,Silverado
4818-DRBQT,Churned,Yes,83,5189,80.15,3020.12,3,Month-to-Month,Bank Withdrawal,Offer C,Fiber Optic,No,Male,29,No,California,Farmersville
4818-QIUFN,Churned,Yes,95,4997,79.15,1757.30,1,Month-to-Month,Bank Withdrawal,No Offer,Fiber Optic,No,Female,69,Yes,California,Desert Hot Springs
4819-HJPIW,Stayed,No,31,2675,25.15,476.80,3,Month-to-Month,Credit Card,No Offer,DSL,No,Male,32,No,California,Avery
4821-SJHJV,Stayed,No,54,4444,89.60,4453.48,4,Month-to-Month,Bank Withdrawal,No Offer,Fiber Optic,No,Female,25,No,California,Calipatria
4821-WQOYN,Stayed,No,41,4603,20.10,2913.85,4,Two Year,Credit Card,No Offer,No Internet Service,No,Female,25,No,California,Little River
4822-LPTYJ,Stayed,No,45,4655,103.75,8664.20,4,Two Year,Bank Withdrawal,No Offer,Fiber Optic,No,Male,38,No,California,Los Angeles
4822-NGOCH,Churned,Yes,74,5801,84.45,1343.04,2,Month-to-Month,Bank Withdrawal,No Offer,Fiber Optic,No,Female,60,No,California,Sacramento
4822-RVYBB,Churned,Yes,90,5906,100.60,1143.00,1,Month-to-Month,Bank Withdrawal,Offer E,Fiber Optic,No,Male,75,Yes,California,Berkeley
4822-YCXMX,Churned,Yes,70,4203,84.80,2251.20,1,Month-to-Month,Bank Withdrawal,Offer C,Fiber Optic,No,Male,64,No,California,Fresno
4824-GUCBY,Stayed,No,34,5602,81.70,2306.48,4,One Year,Bank Withdrawal,No Offer,Fiber Optic,No,Female,77,Yes,California,San Francisco
4825-FUREZ,Stayed,No,61,5940,20.25,2757.00,5,Two Year,Bank Withdrawal,No Offer,No Internet Service,No,Male,49,No,California,San Jose
4825-XJGDM,Stayed,No,50,4051,43.70,2696.55,4,One Year,Credit Card,Offer B,DSL,Yes,Female,59,No,California,Mccloud
4826-DXMUP,Stayed,No,45,5510,72.10,2849.00,4,One Year,Credit Card,No Offer,DSL,Yes,Male,23,No,California,Mountain View
4826-TZEVA,Stayed,No,52,3258,74.80,3714.50,3,Month-to-Month,Credit Card,Offer B,Fiber Optic,No,Female,50,No,California,O Neals
4826-XTSOH,Churned,Yes,96,4843,86.05,124.83,1,Month-to-Month,Bank Withdrawal,No Offer,Fiber Optic,No,Male,66,Yes,California,Moss Landing
4827-DPADN,Stayed,No,61,4505,83.30,7885.26,3,Two Year,Bank Withdrawal,No Offer,Cable,Yes,Female,28,No,California,Los Angeles
4827-LTQRJ,Stayed,No,67,5418,110.60,10139.93,4,One Year,Credit Card,No Offer,Fiber Optic,Yes,Female,70,Yes,California,Shasta
4827-USJHP,Stayed,No,24,2764,51.80,1102.65,4,Month-to-Month,Credit Card,Offer D,DSL,No,Male,45,No,California,Glendale
4828-FAZPK,Stayed,No,65,3855,79.95,2065.55,4,Month-to-Month,Credit Card,Offer D,Fiber Optic,No,Female,30,No,California,Inglewood
4829-AUOAX,Churned,Yes,77,2712,96.05,4763.78,2,Month-to-Month,Bank Withdrawal,No Offer,Cable,No,Female,57,No,California,Los Angeles
4829-ZLJTK,Stayed,No,37,6144,112.40,9143.41,3,Two Year,Bank Withdrawal,Offer A,Fiber Optic,No,Female,80,Yes,California,Penngrove
4830-FAXFM,Stayed,No,35,2378,24.10,714.32,4,Month-to-Month,Credit Card,Offer D,No Internet Service,No,Male,62,No,California,Korbel
4831-EOBFE,Churned,Yes,70,5150,94.65,3823.36,1,Month-to-Month,Credit Card,No Offer,Fiber Optic,No,Male,43,No,California,Mountain Ranch
4832-VRBMR,Stayed,No,51,6441,103.15,7874.70,3,One Year,Bank Withdrawal,No Offer,Fiber Optic,No,Male,65,Yes,California,Parker Dam
4833-QTJNO,Stayed,No,49,5261,83.85,8597.10,3,Month-to-Month,Bank Withdrawal,No Offer,Fiber Optic,No,Male,66,Yes,California,Coulterville
4835-YSJMR,Stayed,No,51,2202,49.80,2124.42,4,Two Year,Bank Withdrawal,Offer C,DSL,Yes,Male,59,No,California,Ceres
4836-WNFNO,Stayed,No,35,6126,25.00,4727.76,4,Two Year,Credit Card,No Offer,No Internet Service,No,Female,56,No,California,Los Angeles
4837-PZTIC,Stayed,No,45,2540,41.90,1875.25,3,Two Year,Credit Card,Offer B,Cable,Yes,Female,54,No,California,Torrance
4837-QUSFT,Stayed,No,72,4915,100.15,9023.80,4,One Year,Bank Withdrawal,Offer B,Fiber Optic,Yes,Female,35,No,California,Oakley
4840-ORQXB,Stayed,No,35,5128,104.75,7352.67,3,Two Year,Bank Withdrawal,No Offer,Fiber Optic,No,Female,67,Yes,California,Sierra Madre
4844-JJWUY,Churned,Yes,82,5359,86.00,114.82,1,Month-to-Month,Bank Withdrawal,Offer E,Fiber Optic,No,Female,65,Yes,California,San Francisco
4846-WHAFZ,Churned,Yes,67,2793,76.50,3102.36,2,Month-to-Month,Bank Withdrawal,Offer C,Fiber Optic,No,Female,80,Yes,California,Whittier
4847-QNOKA,Churned,Yes,76,2632,44.90,86.68,2,Month-to-Month,Bank Withdrawal,Offer E,DSL,No,Female,30,No,California,Modesto
4847-TAJYI,Stayed,No,75,2578,89.35,616.16,3,One Year,Bank Withdrawal,Offer E,Fiber Optic,No,Female,77,Yes,California,Chula Vista
4849-PYRLQ,Stayed,No,26,4011,73.25,6125.84,3,Two Year,Bank Withdrawal,No Offer,DSL,Yes,Female,80,Yes,California,Fremont
4851-BQDNX,Stayed,No,50,5904,85.05,3893.90,4,One Year,Bank Withdrawal,No Offer,Fiber Optic,No,Male,56,No,California,Oxnard
4853-OITSN,Stayed,No,27,2576,89.15,491.95,3,Month-to-Month,Bank Withdrawal,Offer E,Fiber Optic,No,Male,33,No,California,Oakland
4853-RULSV,Churned,Yes,80,4544,104.00,8103.45,1,Two Year,Credit Card,Offer A,Fiber Optic,Yes,Male,25,No,California,Miramonte
4854-CIDCF,Joined,No,74,2868,73.85,336.35,4,Two Year,Bank Withdrawal,No Offer,Fiber Optic,No,Female,74,Yes,California,Los Angeles
4854-SSLTN,Joined,No,61,5613,59.50,215.60,4,Two Year,Mailed Check,Offer E,DSL,Yes,Male,49,No,California,Torrance
4855-SNKMY,Churned,Yes,70,5955,44.10,48.51,3,Month-to-Month,Bank Withdrawal,Offer E,DSL,No,Female,31,No,California,Los Angeles
4859-ZSRDZ,Stayed,No,69,4080,55.50,3166.90,3,Two Year,Credit Card,Offer B,Cable,Yes,Female,58,No,California,Vacaville
4860-IJUDE,Stayed,No,78,2070,73.75,1347.43,3,Month-to-Month,Credit Card,No Offer,Fiber Optic,No,Male,34,No,California,Ripon
4860-YZGZM,Stayed,No,63,2706,20.00,579.30,3,Month-to-Month,Bank Withdrawal,No Offer,No Internet Service,No,Male,27,No,California,San Jose
4868-AADLV,Stayed,No,31,4578,116.25,8078.07,3,One Year,Bank Withdrawal,No Offer,Fiber Optic,Yes,Male,77,Yes,California,Durham
4869-EPIUS,Stayed,No,56,5344,80.90,7143.58,5,One Year,Bank Withdrawal,No Offer,Fiber Optic,No,Male,37,No,California,San Rafael
4871-JTKJF,Churned,Yes,82,4741,69.65,100.78,3,Month-to-Month,Bank Withdrawal,No Offer,Fiber Optic,No,Female,70,Yes,California,Selma
4872-JCVCA,Stayed,No,22,4795,47.60,3377.80,3,Two Year,Bank Withdrawal,Offer A,DSL,Yes,Female,44,No,California,Desert Hot Springs
4872-VXRIL,Stayed,No,70,4656,64.65,6371.47,3,One Year,Bank Withdrawal,Offer B,DSL,Yes,Male,22,No,California,Lancaster
4873-ILOLJ,Churned,Yes,67,5546,90.35,3018.26,1,Month-to-Month,Bank Withdrawal,No Offer,Fiber Optic,No,Male,64,No,California,Sunol
4877-EVATK,Churned,Yes,83,3657,20.00,66.77,2,Month-to-Month,Mailed Check,No Offer,No Internet Service,No,Male,30,No,California,Elk
4877-TSOFF,Stayed,No,51,4489,75.75,5153.05,3,One Year,Bank Withdrawal,Offer B,DSL,Yes,Female,41,No,California,Morongo Valley
4878-BUNFV,Stayed,No,76,5320,20.70,2173.69,5,Two Year,Mailed Check,Offer B,No Internet Service,No,Male,59,No,California,Oakland
4879-GZLFH,Stayed,No,33,5697,92.15,4620.90,5,Month-to-Month,Bank Withdrawal,No Offer,Fiber Optic,No,Female,33,No,California,Buena Park
4881-GQJTW,Stayed,No,40,2847,19.60,419.96,4,Month-to-Month,Credit Card,Offer D,No Internet Service,No,Male,64,No,California,Taylorsville
4881-JVQOD,Stayed,No,55,5248,34.55,362.60,4,One Year,Bank Withdrawal,No Offer,Cable,No,Male,73,Yes,California,Oxnard
4883-KCPZJ,Stayed,No,75,4386,25.25,1126.96,3,Two Year,Credit Card,Offer D,No Internet Service,No,Female,30,No,California,Deer Park
4883-QICIH,Churned,Yes,96,2356,69.75,2519.91,2,Month-to-Month,Bank Withdrawal,No Offer,Fiber Optic,No,Male,37,No,California,Bodega Bay
4884-LEVMQ,Stayed,No,80,2165,20.45,2209.21,5,Two Year,Bank Withdrawal,Offer C,No Internet Service,No,Male,39,No,California,Valley Springs
4884-TVUQF,Stayed,No,48,4421,101.30,7882.33,4,Two Year,Credit Card,Offer B,Fiber Optic,Yes,Female,80,Yes,California,Occidental
4884-ZTHVF,Stayed,No,65,3950,87.10,1025.68,5,Month-to-Month,Bank Withdrawal,No Offer,Fiber Optic,No,Female,80,Yes,California,Santa Cruz
4890-VMUAV,Stayed,No,36,5342,71.50,5783.45,3,One Year,Bank Withdrawal,Offer B,DSL,Yes,Male,46,No,California,Alpine
4891-NLUBA,Stayed,No,20,5063,61.45,3751.15,3,Two Year,Bank Withdrawal,Offer B,DSL,Yes,Female,46,No,California,Paynes Creek
4892-VLANZ,Churned,Yes,96,5600,19.80,29.46,3,Month-to-Month,Mailed Check,No Offer,No Internet Service,No,Male,40,No,California,Colusa
4893-GYUJU,Stayed,No,39,5247,19.35,1897.50,3,One Year,Mailed Check,No Offer,No Internet Service,No,Female,29,No,California,Oregon House
4895-TMWIR,Churned,Yes,80,5888,19.95,539.69,1,Month-to-Month,Mailed Check,No Offer,No Internet Service,No,Male,79,Yes,California,San Diego
4896-CPRPF,Stayed,No,36,4873,25.45,1287.70,4,Two Year,Bank Withdrawal,No Offer,No Internet Service,No,Male,38,No,California,Valley Ford
4897-QSUYC,Churned,Yes,86,4939,20.15,41.74,3,Month-to-Month,Mailed Check,Offer E,No Internet Service,No,Female,42,No,California,Amboy
4900-MSOMT,Stayed,No,24,6087,80.20,9250.84,4,Two Year,Bank Withdrawal,No Offer,DSL,Yes,Female,39,No,California,Carnelian Bay
4902-OHLSK,Churned,Yes,93,4235,98.65,3471.17,1,Month-to-Month,Bank Withdrawal,No Offer,Fiber Optic,Yes,Female,76,Yes,California,Half Moon Bay
4903-CNOZC,Stayed,No,29,2064,70.90,2800.67,4,One Year,Credit Card,Offer C,DSL,No,Male,25,No,California,La Canada Flintridge
4903-UYAVB,Churned,Yes,90,3864,19.35,284.85,1,Month-to-Month,Mailed Check,Offer E,No Internet Service,No,Male,53,No,California,Lathrop
4905-JEFDW,Churned,Yes,81,3119,41.60,470.60,2,One Year,Bank Withdrawal,No Offer,DSL,No,Male,39,No,California,Palo Alto
4906-ZHGPK,Stayed,No,77,5276,70.70,6386.30,3,One Year,Bank Withdrawal,No Offer,DSL,Yes,Male,49,No,California,Los Angeles
4908-XAXAY,Stayed,No,30,5982,89.85,6625.48,4,One Year,Bank Withdrawal,No Offer,Fiber Optic,No,Female,70,Yes,California,Buttonwillow
4909-JOUPP,Stayed,No,32,4319,109.70,9895.73,4,Two Year,Credit Card,No Offer,Fiber Optic,Yes,Male,76,Yes,California,Tahoma
4910-AQFFX,Churned,Yes,93,4533,79.35,956.28,3,Month-to-Month,Bank Withdrawal,No Offer,Cable,No,Male,30,No,California,Soulsbyville
4910-GMJOT,Churned,Yes,96,4033,94.60,95.77,1,Month-to-Month,Bank Withdrawal,No Offer,Fiber Optic,No,Female,56,No,California,San Francisco
4911-BANWH,Churned,Yes,74,4198,86.55,3732.18,3,Month-to-Month,Credit Card,No Offer,Fiber Optic,No,Female,44,No,California,Sunland
4912-PIGUY,Joined,No,46,2196,84.60,91.94,3,Month-to-Month,Bank Withdrawal,Offer E,Fiber Optic,No,Female,44,No,California,Perris
4913-EHYUI,Churned,Yes,91,6268,104.55,8527.45,1,One Year,Bank Withdrawal,Offer B,Fiber Optic,No,Male,80,Yes,California,Alpaugh
4915-BFSXL,Stayed,No,60,4858,68.95,6445.60,3,Two Year,Credit Card,Offer A,DSL,No,Male,49,No,California,Mount Hermon
4918-FYJNT,Stayed,No,42,5140,90.45,6283.02,4,Two Year,Bank Withdrawal,No Offer,Fiber Optic,Yes,Female,68,Yes,California,Los Angeles
4918-QLLIW,Churned,Yes,65,2755,53.40,331.74,2,Month-to-Month,Credit Card,No Offer,DSL,No,Male,23,No,California,Santa Monica
4919-IKATY,Churned,Yes,91,5141,84.50,638.15,1,Month-to-Month,Bank Withdrawal,Offer E,Fiber Optic,No,Male,64,No,California,San Diego
4919-MOAVT,Churned,Yes,84,2421,69.65,338.24,2,Month-to-Month,Bank Withdrawal,Offer E,Fiber Optic,No,Male,53,No,California,Pasadena
4922-CVPDX,Stayed,No,67,3596,73.50,2845.79,5,Two Year,Credit Card,Offer C,DSL,No,Female,23,No,California,Westminster
4923-ADWXJ,Stayed,No,66,3962,65.80,1680.86,5,Month-to-Month,Bank Withdrawal,No Offer,DSL,Yes,Female,33,No,California,Igo
4925-LMHOK,Churned,Yes,90,2003,58.60,1161.55,2,Month-to-Month,Credit Card,Offer D,DSL,Yes,Male,29,No,California,Stockton
4926-UMJZD,Stayed,No,52,2157,49.20,1635.75,5,Month-to-Month,Credit Card,No Offer,DSL,Yes,Female,51,No,California,Mt Baldy
4927-WWOOZ,Joined,No,32,4889,91.45,280.27,5,Month-to-Month,Bank Withdrawal,No Offer,Fiber Optic,No,Male,39,No,California,Pacific Grove
4929-BSTRX,Churned,Yes,79,2326,53.55,55.14,1,Month-to-Month,Credit Card,No Offer,Cable,No,Female,61,No,California,Oxnard
4929-ROART,Stayed,No,47,2277,56.25,1608.25,4,Month-to-Month,Credit Card,No Offer,Cable,No,Male,47,No,California,Ukiah
4929-XIHVW,Joined,No,69,4449,95.50,257.85,5,One Year,Credit Card,Offer E,Fiber Optic,No,Male,79,Yes,California,Los Angeles
4931-TRZWN,Stayed,No,67,3605,71.95,1051.96,3,Month-to-Month,Bank Withdrawal,Offer D,DSL,No,Female,54,No,California,Hornbrook
4933-BSAIP,Stayed,No,59,2056,19.10,1989.30,3,Two Year,Credit Card,No Offer,No Internet Service,No,Female,39,No,California,Northridge
4933-IKULF,Stayed,No,40,4086,20.65,741.15,4,One Year,Mailed Check,Offer D,No Internet Service,No,Female,71,Yes,California,Pinon Hills
4936-YPJNK,Stayed,No,65,5811,19.90,437.85,4,Month-to-Month,Credit Card,No Offer,No Internet Service,No,Female,56,No,California,Rosamond
4937-QPZPO,Stayed,No,31,5641,99.90,8348.29,5,One Year,Bank Withdrawal,No Offer,Fiber Optic,No,Male,62,No,California,Snelling
4939-KYYPY,Stayed,No,23,4818,59.45,2528.03,4,Month-to-Month,Bank Withdrawal,No Offer,Cable,Yes,Male,55,No,California,Coleville
4940-KHCWD,Stayed,No,54,5148,37.70,2288.70,4,Two Year,Bank Withdrawal,Offer B,Cable,Yes,Female,61,No,California,Downey
4942-VZZOM,Stayed,No,25,4703,66.15,6789.94,3,One Year,Credit Card,Offer B,DSL,No,Male,40,No,California,Tupman
4945-RVMTE,Stayed,No,37,3354,59.55,2737.61,3,Month-to-Month,Bank Withdrawal,No Offer,Cable,No,Female,57,No,California,Blocksburg
4946-EDSEW,Churned,Yes,69,5638,19.25,499.41,1,Month-to-Month,Credit Card,Offer D,No Internet Service,No,Female,35,No,California,Compton
4947-DSMXK,Stayed,No,39,5789,97.70,4863.16,3,Month-to-Month,Bank Withdrawal,No Offer,Fiber Optic,No,Male,28,No,California,Farmersville
4948-WBBKL,Stayed,No,23,5041,74.90,4155.97,3,Two Year,Bank Withdrawal,Offer C,Fiber Optic,No,Female,80,Yes,California,Dunnigan
4950-BDEUX,Stayed,No,40,2782,49.20,1701.65,4,Month-to-Month,Bank Withdrawal,Offer C,DSL,No,Male,47,No,California,Apple Valley
4950-HKQTE,Stayed,No,64,5676,26.25,722.06,4,Two Year,Credit Card,Offer D,No Internet Service,No,Female,47,No,California,Morro Bay
4951-UKAAQ,Churned,Yes,72,5948,88.95,588.48,1,Month-to-Month,Bank Withdrawal,No Offer,Fiber Optic,No,Female,30,No,California,Inglewood
4952-YSOGZ,Churned,Yes,95,5640,85.95,397.86,3,Month-to-Month,Bank Withdrawal,No Offer,Fiber Optic,No,Female,48,No,California,San Diego
4955-VCWBI,Stayed,No,76,4882,20.00,2331.55,5,One Year,Credit Card,No Offer,No Internet Service,No,Female,51,No,California,Markleeville
4957-SREEC,Stayed,No,69,5748,20.35,3647.26,5,Two Year,Credit Card,Offer A,No Internet Service,No,Male,38,No,California,Fallbrook
4957-TIALW,Stayed,No,28,2976,65.60,1311.65,3,One Year,Credit Card,Offer D,Cable,Yes,Female,26,No,California,Corona
4957-TREIR,Joined,No,20,5645,64.40,309.80,4,Month-to-Month,Credit Card,No Offer,DSL,Yes,Male,37,No,California,Stratford
4958-GZWIY,Churned,Yes,91,2984,48.70,376.16,2,Month-to-Month,Bank Withdrawal,No Offer,DSL,No,Male,61,No,California,North Palm Springs
4958-XCBDQ,Churned,Yes,92,3689,101.40,4885.45,3,Month-to-Month,Bank Withdrawal,Offer C,Fiber Optic,No,Male,68,Yes,California,Victorville
4959-JOSRX,Churned,Yes,91,4884,44.60,140.93,2,Month-to-Month,Credit Card,Offer E,Cable,No,Female,41,No,California,La Puente
4962-CHQPW,Stayed,No,26,2941,19.85,593.05,4,One Year,Mailed Check,Offer C,No Internet Service,No,Male,54,No,California,Greenville
4967-WPNCF,Stayed,No,46,4921,63.70,4464.80,3,Two Year,Bank Withdrawal,Offer A,Cable,Yes,Male,36,No,California,Huron
4971-PUYQO,Churned,Yes,89,4464,94.55,3024.03,2,Month-to-Month,Mailed Check,No Offer,Fiber Optic,No,Female,48,No,California,San Diego
4973-MGTON,Stayed,No,21,5619,84.40,6188.69,5,Two Year,Credit Card,No Offer,DSL,Yes,Female,33,No,California,Topaz
4973-RLZVI,Stayed,No,59,5616,74.65,2485.20,3,One Year,Credit Card,No Offer,DSL,Yes,Female,52,No,California,Hornbrook
4976-LNFVV,Stayed,No,20,4615,34.30,577.15,5,Month-to-Month,Credit Card,No Offer,DSL,No,Male,65,Yes,California,Daly City
4979-HPRFL,Stayed,No,21,5137,24.15,3482.36,4,Two Year,Bank Withdrawal,Offer B,No Internet Service,No,Male,54,No,California,Garden Grove
4980-URKXC,Stayed,No,78,5744,20.85,1174.01,4,One Year,Bank Withdrawal,No Offer,No Internet Service,No,Male,26,No,California,Fort Irwin
4981-FLTMF,Stayed,No,76,4491,65.20,3775.63,3,Month-to-Month,Bank Withdrawal,No Offer,DSL,Yes,Female,35,No,California,Springville
4983-CCWMC,Joined,No,39,5487,69.60,314.31,4,Month-to-Month,Credit Card,No Offer,Fiber Optic,No,Male,43,No,California,Creston
4983-CLMLV,Stayed,No,63,4044,102.70,7443.78,3,Month-to-Month,Credit Card,No Offer,Fiber Optic,Yes,Female,30,No,California,Escondido
4986-MXSFP,Joined,No,39,2237,20.00,127.44,4,Month-to-Month,Mailed Check,Offer E,No Internet Service,No,Female,40,No,California,San Leandro
4987-GQWPO,Stayed,No,33,4580,25.10,382.80,4,Month-to-Month,Credit Card,No Offer,DSL,No,Male,48,No,California,Huntington Beach
4988-IQIGL,Churned,Yes,92,4403,75.35,103.84,3,Month-to-Month,Bank Withdrawal,No Offer,Fiber Optic,No,Male,80,Yes,California,Canoga Park
4989-LIXVT,Stayed,No,68,5080,95.90,7840.76,3,Month-to-Month,Bank Withdrawal,No Offer,Fiber Optic,No,Male,66,Yes,California,Santa Monica
4990-ALDGW,Stayed,No,60,6271,20.75,3326.41,3,Two Year,Credit Card,No Offer,No Internet Service,No,Male,37,No,California,Los Angeles
4992-LTJNE,Stayed,No,64,6259,55.30,5728.88,4,Two Year,Bank Withdrawal,Offer A,DSL,No,Male,40,No,California,Cantua Creek
4993-JCRGJ,Stayed,No,66,5471,84.30,3261.54,5,Month-to-Month,Credit Card,No Offer,Fiber Optic,Yes,Male,62,No,California,Holtville
4994-OBRSZ,Stayed,No,33,2045,76.10,1569.02,3,Two Year,Bank Withdrawal,No Offer,Cable,Yes,Male,24,No,California,Weed
4998-IKFSE,Stayed,No,32,3936,100.45,4211.60,5,Month-to-Month,Bank Withdrawal,Offer C,Fiber Optic,No,Female,27,No,California,Phelan
4999-IEZLT,Stayed,No,55,5112,29.45,1983.15,3,One Year,Credit Card,No Offer,Cable,Yes,Male,45,No,California,Susanville
5002-GCQFH,Stayed,No,62,5698,93.85,7074.43,3,Month-to-Month,Bank Withdrawal,Offer B,Fiber Optic,No,Male,30,No,California,Hercules
5003-OKNNK,Stayed,No,68,3205,20.35,1035.55,3,One Year,Credit Card,Offer D,No Internet Service,No,Female,44,No,California,Hoopa
5003-XZWWO,Stayed,No,33,4753,84.20,7030.37,4,Two Year,Credit Card,No Offer,DSL,Yes,Male,32,No,California,Capistrano Beach
5006-MXVRN,Stayed,No,45,3733,20.70,1924.26,4,Two Year,Credit Card,No Offer,No Internet Service,No,Female,23,No,California,Keyes
5010-IPEAQ,Stayed,No,58,5261,54.20,3623.95,3,Two Year,Credit Card,No Offer,Cable,Yes,Female,29,No,California,Escalon
5012-YSPJJ,Stayed,No,41,3615,54.35,2423.24,3,Month-to-Month,Credit Card,No Offer,DSL,Yes,Male,20,No,California,Nubieber
5013-SBUIH,Churned,Yes,84,5855,109.65,6936.15,1,Two Year,Bank Withdrawal,No Offer,Fiber Optic,Yes,Female,63,No,California,Stockton
5014-GSOUQ,Stayed,No,63,2884,19.95,487.14,4,Two Year,Credit Card,Offer D,No Internet Service,No,Male,59,No,California,Grass Valley
5014-WUQMG,Stayed,No,68,5793,96.10,5124.18,3,One Year,Bank Withdrawal,Offer B,Fiber Optic,No,Male,23,No,California,Hornbrook
5016-ETTFF,Churned,Yes,69,3797,29.50,295.25,3,Month-to-Month,Credit Card,Offer D,DSL,No,Male,46,No,California,Los Angeles
5016-IBERQ,Stayed,No,33,2781,84.25,2374.95,4,Month-to-Month,Bank Withdrawal,No Offer,Fiber Optic,No,Male,28,No,California,Simi Valley
5016-LIPDW,Stayed,No,53,4194,19.40,3430.52,5,One Year,Credit Card,No Offer,No Internet Service,No,Male,45,No,California,Stanford
5018-GWURO,Stayed,No,20,6483,85.60,7300.16,4,Month-to-Month,Bank Withdrawal,No Offer,Fiber Optic,No,Female,25,No,California,Novato
5018-HEKFO,Stayed,No,78,5594,24.50,440.25,3,Month-to-Month,Credit Card,Offer D,No Internet Service,No,Female,51,No,California,Rowland Heights
5018-LXQQG,Stayed,No,80,4631,66.30,2417.90,3,Month-to-Month,Bank Withdrawal,Offer C,DSL,Yes,Female,47,No,California,Torrance
5019-GQVCR,Stayed,No,56,4556,84.85,4024.43,4,Two Year,Bank Withdrawal,No Offer,Fiber Optic,No,Male,74,Yes,California,Westlake Village
5020-ZSTTY,Churned,Yes,83,4149,82.45,5002.42,1,One Year,Bank Withdrawal,Offer B,DSL,Yes,Female,70,Yes,California,San Diego
5022-JNQEQ,Stayed,No,51,4843,75.85,720.40,5,Month-to-Month,Bank Withdrawal,No Offer,Fiber Optic,Yes,Female,39,No,California,Esparto
5022-KVDQT,Stayed,No,72,5158,81.30,3061.64,5,Month-to-Month,Bank Withdrawal,No Offer,Fiber Optic,No,Male,20,No,California,Woodland Hills
5025-GOOKI,Stayed,No,51,4277,18.90,1024.85,5,Month-to-Month,Credit Card,Offer D,No Internet Service,No,Female,46,No,California,San Geronimo
5027-QPKTE,Churned,Yes,82,4292,69.35,564.35,1,Month-to-Month,Bank Withdrawal,Offer E,Fiber Optic,No,Male,39,No,California,Modesto
5027-XWQHA,Churned,Yes,78,2087,44.75,527.91,2,Month-to-Month,Bank Withdrawal,No Offer,Cable,No,Male,35,No,California,Ukiah
5027-YOCXN,Stayed,No,56,5604,110.05,7029.35,3,One Year,Credit Card,No Offer,Fiber Optic,Yes,Male,23,No,California,Cardiff By The Sea
5028-GZLDO,Churned,Yes,96,5317,70.70,212.82,1,Month-to-Month,Credit Card,No Offer,Fiber Optic,No,Male,21,No,California,Moraga
5028-HTLJB,Churned,Yes,91,3491,20.05,39.92,1,Month-to-Month,Credit Card,Offer E,No Internet Service,No,Male,69,Yes,California,New Cuyama
5032-MIYKT,Joined,No,28,4056,70.70,109.51,3,Month-to-Month,Credit Card,No Offer,Fiber Optic,No,Female,19,No,California,Weott
5032-USPKF,Stayed,No,78,2604,84.10,4141.83,3,One Year,Bank Withdrawal,No Offer,DSL,No,Female,57,No,California,Indio
5035-BVCXS,Stayed,No,70,4278,75.90,1015.45,4,Month-to-Month,Credit Card,No Offer,Fiber Optic,No,Male,20,No,California,Loyalton
5035-PGZXH,Stayed,No,49,6161,106.80,7760.48,3,One Year,Bank Withdrawal,No Offer,Fiber Optic,No,Female,49,No,California,Chico
5038-ETMLM,Stayed,No,38,5411,113.65,10270.75,3,Two Year,Bank Withdrawal,Offer A,Fiber Optic,Yes,Female,35,No,California,Sacramento
5039-LZRQT,Stayed,No,34,2953,20.20,618.66,5,One Year,Mailed Check,No Offer,No Internet Service,No,Female,52,No,California,Mountain Center
5043-TRZWM,Joined,No,34,3503,75.55,82.66,5,Month-to-Month,Bank Withdrawal,No Offer,Fiber Optic,No,Female,32,No,California,Los Angeles
5044-LRQAQ,Stayed,No,73,2551,69.20,766.09,3,Month-to-Month,Bank Withdrawal,No Offer,Fiber Optic,No,Female,19,No,California,Ladera Ranch
5044-XDPYX,Stayed,No,43,5447,25.50,2325.22,5,Two Year,Mailed Check,No Offer,No Internet Service,No,Female,59,No,California,Chico
5046-NUHWD,Stayed,No,50,3094,45.00,1228.65,3,One Year,Bank Withdrawal,No Offer,Cable,No,Female,69,Yes,California,Hacienda Heights
5047-LHVLY,Churned,Yes,91,3438,50.15,89.93,2,Month-to-Month,Mailed Check,Offer E,Cable,No,Male,68,Yes,California,San Diego
5049-GLYVG,Churned,Yes,90,3618,20.60,67.86,1,Month-to-Month,Credit Card,Offer E,No Internet Service,No,Male,56,No,California,Badger
5049-MUBWG,Stayed,No,79,4705,75.00,3198.21,3,One Year,Bank Withdrawal,No Offer,DSL,Yes,Male,24,No,California,Carmel By The Sea
5052-PNLOS,Churned,Yes,65,3662,105.35,364.74,3,Month-to-Month,Bank Withdrawal,Offer E,Fiber Optic,No,Male,50,No,California,Echo Lake
5054-IEXZT,Churned,Yes,90,5284,75.35,118.17,3,Month-to-Month,Bank Withdrawal,No Offer,Fiber Optic,No,Male,41,No,California,San Diego
5055-BRMNE,Stayed,No,43,4780,106.70,9712.95,3,Two Year,Credit Card,Offer A,Fiber Optic,Yes,Female,35,No,California,Friant
5055-MGMGF,Stayed,No,53,5313,105.05,9621.10,3,Month-to-Month,Bank Withdrawal,Offer B,Fiber Optic,No,Female,35,No,California,Half Moon Bay
5056-FIMPT,Stayed,No,76,3528,106.00,5100.47,4,One Year,Credit Card,No Offer,Fiber Optic,Yes,Female,47,No,California,Sacramento
5057-LCOUI,Churned,Yes,94,4119,50.75,2011.40,3,Month-to-Month,Bank Withdrawal,Offer C,DSL,No,Female,35,No,California,Nipomo
5057-RKGLH,Stayed,No,70,5352,20.35,468.57,3,Two Year,Credit Card,No Offer,No Internet Service,No,Female,22,No,California,Daggett
5060-TQUQN,Stayed,No,31,3558,83.55,2877.40,3,Month-to-Month,Bank Withdrawal,No Offer,Fiber Optic,Yes,Male,19,No,California,Rancho Cucamonga
5061-PBXFW,Stayed,No,51,2649,61.40,3357.77,3,Month-to-Month,Bank Withdrawal,No Offer,DSL,Yes,Female,49,No,California,San Jose
5062-CJJKH,Stayed,No,25,5854,53.65,2259.70,5,One Year,Credit Card,No Offer,DSL,No,Male,63,No,California,Burbank
5063-IUOKK,Stayed,No,41,2016,19.75,397.18,5,Two Year,Credit Card,Offer D,No Internet Service,No,Male,56,No,California,Santa Barbara
5066-GFJMM,Joined,No,48,3716,19.90,169.83,5,Month-to-Month,Credit Card,Offer E,No Internet Service,No,Female,55,No,California,Eureka
5067-DGXLL,Joined,No,59,5736,20.25,68.46,4,Month-to-Month,Credit Card,No Offer,No Internet Service,No,Male,35,No,California,Alleghany
5067-WJEUN,Stayed,No,57,6005,54.20,4578.50,4,Two Year,Bank Withdrawal,Offer A,Cable,No,Male,42,No,California,Bakersfield
5067-XJQFU,Stayed,No,74,4582,108.45,8514.49,5,One Year,Bank Withdrawal,No Offer,Fiber Optic,Yes,Male,77,Yes,California,Los Angeles
5071-FBJFS,Stayed,No,73,3147,50.30,395.66,3,Month-to-Month,Bank Withdrawal,No Offer,Cable,No,Female,61,No,California,Redding
5073-RZGBK,Stayed,No,26,5823,80.05,6501.20,3,One Year,Bank Withdrawal,Offer B,DSL,Yes,Female,50,No,California,West Sacramento
5073-WXOYN,Churned,Yes,67,4941,50.80,3027.40,2,Month-to-Month,Bank Withdrawal,Offer B,Cable,No,Female,58,No,California,Belmont
5074-FBGHB,Stayed,No,80,6443,104.65,8550.60,4,One Year,Credit Card,No Offer,Fiber Optic,Yes,Male,47,No,California,Freedom
5075-JSDKI,Stayed,No,26,6196,24.45,3925.67,4,Two Year,Bank Withdrawal,Offer B,No Internet Service,No,Female,64,No,California,Woodbridge
5076-YVXCM,Stayed,No,65,4191,83.40,6491.61,5,Month-to-Month,Bank Withdrawal,Offer B,Fiber Optic,No,Male,55,No,California,Tupman
5077-DXTCG,Churned,Yes,86,2293,45.30,71.71,1,Month-to-Month,Bank Withdrawal,No Offer,Cable,No,Female,37,No,California,Challenge
5081-NWSUP,Stayed,No,62,4883,64.90,1060.05,3,One Year,Credit Card,Offer D,DSL,Yes,Female,54,No,California,San Jose
5084-OOVCJ,Stayed,No,57,5465,55.35,1264.41,4,Month-to-Month,Credit Card,No Offer,DSL,Yes,Female,25,No,California,Canyon Dam
5087-SUURX,Churned,Yes,66,2601,39.05,669.85,3,Month-to-Month,Bank Withdrawal,No Offer,Cable,No,Female,46,No,California,Yorba Linda
5088-QZLRL,Joined,No,56,2729,20.65,22.12,5,Month-to-Month,Bank Withdrawal,Offer E,No Internet Service,No,Male,50,No,California,Corona
5089-IFSDP,Churned,Yes,89,6424,109.45,7767.97,1,Two Year,Bank Withdrawal,Offer B,Fiber Optic,No,Female,39,No,California,Huntington Beach
5090-EMGTC,Stayed,No,70,4521,100.05,8734.10,3,Two Year,Credit Card,Offer B,Fiber Optic,Yes,Female,32,No,California,Beverly Hills
5091-HFAZW,Joined,No,52,2686,91.15,272.06,3,Month-to-Month,Bank Withdrawal,No Offer,Fiber Optic,No,Female,36,No,California,Santa Fe Springs
5092-STPKP,Stayed,No,42,5128,56.35,2105.52,4,Month-to-Month,Credit Card,No Offer,DSL,Yes,Female,45,No,California,Platina
5093-FEGLU,Stayed,No,28,4159,19.65,3078.85,5,Two Year,Bank Withdrawal,Offer B,No Internet Service,No,Female,21,No,California,San Francisco
5095-AESKG,Churned,Yes,76,5646,91.50,347.78,3,Month-to-Month,Credit Card,No Offer,Fiber Optic,No,Female,33,No,California,Sausalito
5095-ETBRJ,Stayed,No,33,4702,56.80,3241.85,4,Two Year,Credit Card,No Offer,DSL,Yes,Female,28,No,California,Lakeport
5099-BAILX,Churned,Yes,65,2728,110.75,5312.26,2,Month-to-Month,Bank Withdrawal,Offer B,Fiber Optic,Yes,Male,77,Yes,California,Santa Barbara
5103-MHMHY,Churned,Yes,82,4563,45.95,92.12,1,Month-to-Month,Mailed Check,Offer E,Cable,No,Female,49,No,California,Los Osos
5108-ADXWO,Churned,Yes,75,4509,73.50,1219.43,1,Month-to-Month,Bank Withdrawal,No Offer,Fiber Optic,No,Male,30,No,California,San Francisco
5110-CHOPY,Stayed,No,39,4173,53.60,3237.05,3,Two Year,Bank Withdrawal,No Offer,Cable,No,Female,61,No,California,Carlsbad
5115-GZDEL,Stayed,No,25,5592,67.20,4671.70,3,Two Year,Credit Card,No Offer,Cable,Yes,Male,20,No,California,Chula Vista
5115-SQAAU,Stayed,No,60,6053,25.60,3092.93,4,Two Year,Bank Withdrawal,No Offer,No Internet Service,No,Female,55,No,California,Long Beach
5117-IFGPS,Stayed,No,67,2217,84.30,3423.50,3,Two Year,Bank Withdrawal,Offer C,Fiber Optic,No,Male,73,Yes,California,Tahoe City
5117-ZSMHQ,Stayed,No,54,5835,89.90,9160.17,5,Two Year,Bank Withdrawal,Offer A,DSL,Yes,Female,22,No,California,Pioneer
5118-MUEYH,Stayed,No,42,3109,105.10,6967.55,3,Month-to-Month,Credit Card,Offer B,Fiber Optic,Yes,Female,22,No,California,Grand Terrace
5119-KEPFY,Stayed,No,64,3057,95.00,3655.89,5,Month-to-Month,Bank Withdrawal,No Offer,Fiber Optic,No,Male,50,No,California,San Jose
5119-NZPTV,Joined,No,74,5592,70.10,211.63,4,Month-to-Month,Bank Withdrawal,Offer E,Fiber Optic,No,Male,70,Yes,California,Sacramento
5120-ZBLAI,Stayed,No,75,6144,75.70,4349.70,5,One Year,Bank Withdrawal,Offer B,DSL,No,Female,40,No,California,King City
5122-CYFXA,Joined,No,35,5387,75.30,361.07,3,Month-to-Month,Bank Withdrawal,Offer E,DSL,Yes,Female,53,No,California,Beverly Hills
5124-EOGYE,Stayed,No,35,2598,20.45,1710.22,3,Two Year,Credit Card,No Offer,No Internet Service,No,Male,59,No,California,Crestline
5125-CNDSP,Stayed,No,80,6406,40.60,2588.95,3,One Year,Bank Withdrawal,Offer B,DSL,Yes,Male,48,No,California,Big Creek
5126-RCXYW,Stayed,No,71,4451,46.00,2514.05,4,Two Year,Credit Card,Offer B,DSL,Yes,Male,41,No,California,Alhambra
5127-BZENZ,Stayed,No,26,4775,65.20,5736.47,3,One Year,Bank Withdrawal,Offer B,DSL,No,Female,62,No,California,Mcarthur
5129-HHMZC,Stayed,No,53,3110,86.45,4480.94,4,Two Year,Credit Card,No Offer,Cable,Yes,Female,64,No,California,Van Nuys
5129-JLPIS,Stayed,No,75,5822,105.50,2946.05,3,Month-to-Month,Bank Withdrawal,No Offer,Fiber Optic,Yes,Male,27,No,California,Los Angeles
5130-IEKQT,Churned,Yes,91,4283,105.95,3813.75,2,Month-to-Month,Credit Card,Offer C,Fiber Optic,No,Male,73,Yes,California,San Francisco
5130-YPIRV,Stayed,No,48,6489,72.00,4681.62,4,Two Year,Credit Card,Offer B,Cable,No,Female,22,No,California,San Diego
5131-PONJI,Stayed,No,72,5804,90.40,5069.91,3,Month-to-Month,Credit Card,Offer B,Fiber Optic,No,Male,62,No,California,Upper Lake
5133-POWUA,Joined,No,30,2614,45.80,59.42,5,Month-to-Month,Credit Card,No Offer,Cable,No,Male,34,No,California,Somerset
5133-VRSAB,Stayed,No,59,5369,29.35,226.45,4,Month-to-Month,Credit Card,Offer E,Cable,No,Male,47,No,California,Olema
5134-IKDAY,Churned,Yes,96,2123,69.80,80.88,3,Month-to-Month,Bank Withdrawal,No Offer,Fiber Optic,No,Female,34,No,California,Twain
5135-GRQJV,Stayed,No,47,6051,114.50,8735.15,3,Two Year,Mailed Check,Offer A,Fiber Optic,Yes,Male,75,Yes,California,Cantua Creek
5135-RDDQL,Stayed,No,36,4847,50.65,4779.37,3,Two Year,Bank Withdrawal,Offer B,DSL,No,Female,37,No,California,Corning
5136-GFPMB,Stayed,No,56,5871,89.40,6776.78,5,Month-to-Month,Credit Card,Offer B,Fiber Optic,No,Male,44,No,California,Spring Valley
5136-KCKGI,Churned,Yes,76,4461,103.70,4840.13,2,One Year,Mailed Check,Offer C,Fiber Optic,No,Female,22,No,California,Templeton
5136-RGMZO,Stayed,No,37,4443,71.05,2366.55,4,Month-to-Month,Bank Withdrawal,No Offer,Cable,Yes,Male,39,No,California,Gardena
5138-WVKYJ,Churned,Yes,93,3658,98.55,1284.25,1,Month-to-Month,Bank Withdrawal,Offer D,Fiber Optic,No,Male,51,No,California,San Diego
5140-FOMCQ,Stayed,No,67,5186,109.15,8945.48,4,One Year,Credit Card,Offer B,Fiber Optic,No,Female,52,No,California,Oakland
5141-ZUVBH,Stayed,No,40,2267,93.00,1249.15,3,Month-to-Month,Bank Withdrawal,No Offer,Fiber Optic,Yes,Female,46,No,California,Boron
5143-EGQFK,Churned,Yes,89,5702,29.65,401.40,2,Month-to-Month,Bank Withdrawal,No Offer,Cable,Yes,Female,76,Yes,California,San Diego
5143-WMWOG,Churned,Yes,83,2051,19.95,37.56,2,Month-to-Month,Bank Withdrawal,No Offer,No Internet Service,No,Male,62,No,California,Stratford
5144-PQCDZ,Stayed,No,64,3172,19.95,198.69,5,Month-to-Month,Credit Card,No Offer,No Internet Service,No,Male,55,No,California,Fairfield
5144-TVGLP,Stayed,No,71,3654,94.75,5391.66,3,Two Year,Bank Withdrawal,No Offer,Fiber Optic,No,Male,68,Yes,California,Los Angeles
5146-CBVOE,Stayed,No,59,5176,75.10,1821.17,5,Month-to-Month,Bank Withdrawal,No Offer,Fiber Optic,No,Female,44,No,California,San Francisco
5146-YYFRZ,Stayed,No,80,6212,19.95,2338.19,5,Two Year,Bank Withdrawal,Offer A,No Internet Service,No,Male,32,No,California,Hacienda Heights
5148-HKFIR,Stayed,No,76,4404,19.70,724.35,5,Two Year,Credit Card,No Offer,No Internet Service,No,Female,49,No,California,Piru
5148-ORICT,Stayed,No,80,4781,74.35,5913.47,3,Two Year,Mailed Check,No Offer,Cable,Yes,Female,23,No,California,Olivehurst
5149-CUZUJ,Stayed,No,51,2037,92.90,3533.87,3,One Year,Bank Withdrawal,No Offer,Fiber Optic,Yes,Male,35,No,California,Helendale
5149-QYTTU,Stayed,No,41,5647,95.15,9222.48,3,One Year,Credit Card,Offer A,Fiber Optic,Yes,Female,35,No,California,Long Beach
5149-TGWDZ,Stayed,No,20,3471,104.55,3001.91,4,One Year,Credit Card,No Offer,Fiber Optic,Yes,Female,48,No,California,San Francisco
5150-ITWWB,Joined,No,40,4496,94.85,449.09,4,Two Year,Bank Withdrawal,Offer E,Fiber Optic,No,Male,65,Yes,California,Hamilton City
5150-LJNSR,Stayed,No,80,4524,98.05,4213.29,4,One Year,Bank Withdrawal,Offer C,Fiber Optic,No,Male,27,No,California,Tustin
5151-HQRDG,Stayed,No,26,3839,55.05,3044.92,5,Month-to-Month,Mailed Check,No Offer,DSL,No,Male,57,No,California,Placerville
5153-LXKDT,Stayed,No,37,4108,110.20,8723.46,3,Two Year,Bank Withdrawal,No Offer,Fiber Optic,No,Male,51,No,California,Danville
5153-RTHKF,Stayed,No,78,3818,85.35,3696.96,5,Month-to-Month,Bank Withdrawal,No Offer,Fiber Optic,No,Female,26,No,California,Palm Springs
5154-VEKBL,Churned,Yes,95,3032,58.50,539.85,1,Month-to-Month,Mailed Check,Offer E,Cable,Yes,Female,30,No,California,Bodfish
5155-AZQPB,Stayed,No,74,5250,49.90,2569.73,5,Month-to-Month,Credit Card,Offer C,DSL,No,Female,33,No,California,San Diego
5156-UMKOW,Joined,No,69,5880,29.65,90.05,3,Month-to-Month,Mailed Check,No Offer,DSL,No,Female,44,No,California,San Simeon
5158-RIVOP,Stayed,No,63,5359,20.90,230.02,5,Two Year,Credit Card,Offer D,No Internet Service,No,Female,32,No,California,Fields Landing
5159-YFPKQ,Churned,Yes,91,5270,75.80,209.37,1,Month-to-Month,Bank Withdrawal,Offer E,Fiber Optic,No,Female,37,No,California,Moreno Valley
5160-UXJED,Stayed,No,67,2130,44.60,902.74,4,One Year,Credit Card,No Offer,Cable,No,Male,27,No,California,San Diego
5161-UBZXI,Stayed,No,58,6315,106.35,10221.85,4,Two Year,Credit Card,No Offer,Fiber Optic,Yes,Male,38,No,California,Alamo
5161-XEUVX,Stayed,No,49,2615,94.30,3946.76,3,Two Year,Credit Card,Offer C,Fiber Optic,Yes,Male,23,No,California,Lynwood
5167-GBFRE,Churned,Yes,72,4694,25.20,102.50,3,Month-to-Month,Bank Withdrawal,Offer E,DSL,No,Male,73,Yes,California,Oakland
5167-ZFFMM,Churned,Yes,81,3424,90.85,99.41,3,Month-to-Month,Credit Card,Offer E,Fiber Optic,No,Male,64,No,California,San Diego
5168-MQQCA,Stayed,No,56,6288,108.50,10771.48,4,One Year,Bank Withdrawal,Offer A,Fiber Optic,Yes,Female,50,No,California,Yucaipa
5168-MSWXT,Stayed,No,44,5505,94.75,936.67,5,Month-to-Month,Bank Withdrawal,No Offer,Fiber Optic,No,Male,26,No,California,Essex
5170-PTRKA,Stayed,No,69,4865,35.80,1782.00,4,One Year,Credit Card,No Offer,Cable,Yes,Female,19,No,California,Atherton
5171-EPLKN,Stayed,No,58,2176,19.85,1756.55,4,Two Year,Credit Card,No Offer,No Internet Service,No,Male,27,No,California,Rancho Cucamonga
5172-MIGPM,Stayed,No,46,5707,65.55,290.44,4,Month-to-Month,Credit Card,No Offer,Cable,Yes,Male,22,No,California,Orange
5172-RKOCB,Stayed,No,21,5758,108.95,9405.72,4,Two Year,Credit Card,No Offer,Fiber Optic,Yes,Male,28,No,California,Piercy
5173-WXOQV,Joined,No,56,4369,64.20,182.47,4,Month-to-Month,Credit Card,Offer E,DSL,Yes,Male,38,No,California,Dos Palos
5173-ZXXXL,Joined,No,61,3488,19.95,110.60,4,One Year,Credit Card,No Offer,No Internet Service,No,Male,47,No,California,Orange
5174-ITUMV,Stayed,No,45,5666,105.40,9601.11,5,One Year,Bank Withdrawal,Offer A,Fiber Optic,No,Male,37,No,California,San Jacinto
5174-RNGBH,Churned,Yes,67,5515,66.25,853.84,3,Month-to-Month,Mailed Check,No Offer,Cable,Yes,Female,27,No,California,Live Oak
5175-AOBHI,Churned,Yes,90,5246,46.00,253.88,1,Month-to-Month,Mailed Check,No Offer,Cable,No,Female,48,No,California,Hamilton City
5175-WLYXL,Stayed,No,75,2444,78.85,2317.95,5,Month-to-Month,Credit Card,Offer D,Fiber Optic,No,Male,56,No,California,Fallbrook
5176-LDKUH,Stayed,No,75,3345,75.15,5753.13,4,One Year,Bank Withdrawal,No Offer,Fiber Optic,No,Female,64,No,California,San Francisco
5176-LMJXE,Stayed,No,53,5404,20.55,3046.13,4,Two Year,Credit Card,No Offer,No Internet Service,No,Female,34,No,California,San Diego
5176-OLSKT,Stayed,No,61,5546,66.90,7370.65,4,Two Year,Bank Withdrawal,Offer A,DSL,No,Female,49,No,California,Sloughhouse
5177-RVZNU,Stayed,No,43,4186,20.30,1133.91,3,One Year,Bank Withdrawal,No Offer,No Internet Service,No,Female,28,No,California,Redding
5178-LMXOP,Churned,Yes,70,5795,95.10,99.99,1,Month-to-Month,Bank Withdrawal,No Offer,Fiber Optic,No,Male,71,Yes,California,Gardena
5180-UCIIQ,Churned,Yes,75,2061,40.05,880.20,1,Month-to-Month,Mailed Check,No Offer,Cable,No,Male,80,Yes,California,Lucerne
5181-OABFK,Stayed,No,72,4173,61.30,4410.24,3,Two Year,Credit Card,No Offer,Cable,No,Female,59,No,California,Rescue
5183-KLYEM,Stayed,No,60,4927,112.75,10729.88,4,Two Year,Credit Card,Offer A,Fiber Optic,Yes,Female,30,No,California,El Cerrito
5183-SNMJQ,Stayed,No,33,5787,95.10,1278.75,3,Month-to-Month,Credit Card,Offer D,Fiber Optic,Yes,Male,32,No,California,Frazier Park
5186-EJEGL,Stayed,No,72,3628,69.50,963.12,3,Month-to-Month,Credit Card,No Offer,DSL,Yes,Male,24,No,California,Escondido
5186-PEIZU,Stayed,No,67,4988,19.25,1941.00,5,Month-to-Month,Bank Withdrawal,No Offer,No Internet Service,No,Female,31,No,California,San Francisco
5186-SAMNZ,Churned,Yes,77,3273,69.50,190.70,2,Month-to-Month,Bank Withdrawal,No Offer,Fiber Optic,No,Male,75,Yes,California,Marina
5188-HGMLP,Stayed,No,30,4991,74.00,5817.79,5,Month-to-Month,Bank Withdrawal,No Offer,Fiber Optic,No,Male,73,Yes,California,Middletown
5192-EBGOV,Churned,Yes,66,4880,85.70,131.51,1,Month-to-Month,Bank Withdrawal,No Offer,Fiber Optic,No,Female,68,Yes,California,Brea
5193-QLVZB,Stayed,No,30,5882,104.75,9607.75,5,Two Year,Bank Withdrawal,Offer B,Fiber Optic,No,Male,52,No,California,Bieber
5195-KPUNQ,Stayed,No,58,4766,96.75,7039.29,4,One Year,Credit Card,Offer B,Fiber Optic,Yes,Female,72,Yes,California,Lakehead
5196-SGOAK,Churned,Yes,93,4884,75.70,84.75,3,Month-to-Month,Bank Withdrawal,Offer E,Fiber Optic,No,Female,39,No,California,Caliente
5196-WPYOW,Stayed,No,21,6148,60.05,4431.56,4,One Year,Credit Card,No Offer,Cable,Yes,Male,43,No,California,Paso Robles
5197-LQXXH,Stayed,No,24,4264,83.30,6809.17,4,Two Year,Credit Card,No Offer,DSL,Yes,Female,56,No,California,Taylorsville
5197-PYEPU,Stayed,No,63,5643,94.45,4331.34,3,One Year,Credit Card,Offer B,Fiber Optic,No,Female,21,No,California,Edwards
5197-YPYBZ,Stayed,No,49,2646,25.25,749.78,3,Two Year,Credit Card,No Offer,No Internet Service,No,Female,39,No,California,Laguna Niguel
5198-EFNBM,Stayed,No,23,5636,90.65,7857.14,4,One Year,Bank Withdrawal,No Offer,Fiber Optic,No,Male,66,Yes,California,Kingsburg
5198-HQAEN,Stayed,No,44,2775,89.70,3219.15,4,One Year,Bank Withdrawal,Offer C,Fiber Optic,Yes,Male,50,No,California,Fremont
5199-FPUSP,Stayed,No,73,3044,34.05,1113.95,3,One Year,Credit Card,No Offer,Cable,Yes,Male,64,No,California,Esparto
5201-CBWYG,Stayed,No,53,5105,24.80,2498.01,5,One Year,Bank Withdrawal,No Offer,No Internet Service,No,Male,60,No,California,Salton City
5201-FRKKS,Stayed,No,64,4815,74.30,2344.21,4,Month-to-Month,Bank Withdrawal,Offer C,Fiber Optic,No,Male,53,No,California,Winnetka
5201-USSQZ,Stayed,No,67,4038,85.90,3295.21,4,Month-to-Month,Credit Card,No Offer,Fiber Optic,Yes,Female,56,No,California,Monte Rio
5202-IVJNU,Churned,Yes,72,3106,30.10,1281.30,3,Month-to-Month,Credit Card,No Offer,DSL,No,Female,56,No,California,Crockett
5203-XEHAX,Stayed,No,48,3445,64.35,3555.70,3,One Year,Bank Withdrawal,No Offer,DSL,No,Female,55,No,California,Macdoel
5204-HMGYF,Stayed,No,68,4567,87.20,5965.43,3,One Year,Credit Card,No Offer,DSL,Yes,Female,32,No,California,La Crescenta
5204-QZXPU,Churned,Yes,78,2933,39.65,733.35,1,Month-to-Month,Bank Withdrawal,No Offer,DSL,No,Male,50,No,California,Glendale
5206-HPJKM,Stayed,No,38,3190,55.50,1506.71,4,Month-to-Month,Credit Card,No Offer,DSL,No,Male,64,No,California,Valencia
5206-XZZQI,Stayed,No,73,6113,80.60,7006.78,4,Month-to-Month,Credit Card,Offer B,Fiber Optic,Yes,Male,56,No,California,Orange
5207-PLSTK,Joined,No,58,5068,48.75,75.01,4,Month-to-Month,Credit Card,No Offer,DSL,No,Male,32,No,California,La Habra
5208-FVQKB,Stayed,No,27,5514,67.95,6409.25,3,Two Year,Credit Card,Offer A,DSL,Yes,Male,41,No,California,Lakeshore
5208-HFSBT,Churned,Yes,81,5855,55.05,187.85,1,Month-to-Month,Credit Card,Offer E,DSL,Yes,Female,47,No,California,Challenge
5213-TWWJU,Stayed,No,66,2448,91.00,3892.87,3,Month-to-Month,Bank Withdrawal,No Offer,Fiber Optic,Yes,Male,26,No,California,Richmond
5214-CHIWJ,Stayed,No,71,3159,20.30,1179.87,5,One Year,Credit Card,No Offer,No Internet Service,No,Male,44,No,California,Fresno
5214-NLTIT,Stayed,No,30,6188,90.80,8278.20,3,Two Year,Credit Card,Offer A,Fiber Optic,No,Male,22,No,California,Five Points
5215-LNLDJ,Stayed,No,52,3872,24.70,149.05,3,Month-to-Month,Bank Withdrawal,No Offer,DSL,No,Female,20,No,California,San Juan Bautista
5216-WASFJ,Stayed,No,30,5603,84.85,2797.70,3,Two Year,Bank Withdrawal,Offer C,Fiber Optic,No,Female,68,Yes,California,Challenge
5219-YIPTK,Churned,Yes,71,3185,104.40,3783.16,1,Month-to-Month,Bank Withdrawal,No Offer,Fiber Optic,No,Female,46,No,California,Trinidad
5220-AGAAX,Stayed,No,57,5440,24.00,1848.58,4,Two Year,Bank Withdrawal,Offer A,No Internet Service,No,Male,60,No,California,Mendocino
5222-IMUKT,Stayed,No,80,2716,91.05,4385.10,4,Month-to-Month,Bank Withdrawal,No Offer,Fiber Optic,No,Male,40,No,California,Hornitos
5222-JCXZT,Stayed,No,55,3022,19.00,159.54,4,Month-to-Month,Mailed Check,No Offer,No Internet Service,No,Male,31,No,California,Sacramento
5223-UZAVK,Stayed,No,77,4986,100.30,7240.60,5,One Year,Credit Card,Offer B,Fiber Optic,No,Male,51,No,California,Thornton
5226-NOZFC,Stayed,No,64,3178,85.75,3195.60,3,Month-to-Month,Bank Withdrawal,No Offer,Fiber Optic,No,Male,48,No,California,Modesto
5227-JSCFE,Stayed,No,28,5421,46.35,3334.76,4,Two Year,Credit Card,Offer A,DSL,Yes,Male,74,Yes,California,Scotts Valley
5228-EXCET,Churned,Yes,85,5964,80.85,1171.72,1,Month-to-Month,Bank Withdrawal,No Offer,Fiber Optic,No,Male,40,No,California,San Diego
5229-DTFYB,Stayed,No,69,5584,98.80,4352.72,4,Two Year,Bank Withdrawal,No Offer,Fiber Optic,Yes,Female,64,No,California,San Diego
5229-PRWKT,Churned,Yes,80,4193,86.55,847.73,3,Month-to-Month,Bank Withdrawal,Offer E,Fiber Optic,No,Male,47,No,California,Lompoc
5231-FIQPA,Stayed,No,40,3523,19.85,905.57,5,Two Year,Credit Card,No Offer,No Internet Service,No,Female,53,No,California,Beverly Hills
5232-NXPAY,Stayed,No,55,3459,74.45,3673.39,3,Two Year,Credit Card,Offer B,DSL,Yes,Female,33,No,California,Hilmar
5233-AOZUF,Stayed,No,80,3483,74.95,2305.36,5,Month-to-Month,Bank Withdrawal,No Offer,Fiber Optic,No,Female,62,No,California,Palm Springs
5233-GEEAX,Churned,Yes,85,5971,29.40,221.90,1,Month-to-Month,Bank Withdrawal,Offer E,DSL,No,Male,65,Yes,California,Lewiston
5236-PERKL,Churned,Yes,89,4738,112.95,9250.02,1,Two Year,Bank Withdrawal,No Offer,Fiber Optic,No,Female,38,No,California,Pearblossom
5236-XMZJY,Stayed,No,80,3048,59.65,3463.91,3,Month-to-Month,Bank Withdrawal,Offer B,Cable,No,Female,27,No,California,Los Angeles
5240-CAOYT,Stayed,No,43,4882,87.55,6494.41,3,Month-to-Month,Bank Withdrawal,No Offer,Fiber Optic,Yes,Female,30,No,California,Oak View
5240-IJOQT,Churned,Yes,88,3348,74.70,86.04,1,Month-to-Month,Bank Withdrawal,No Offer,Fiber Optic,No,Male,69,Yes,California,Grass Valley
5242-UOWHD,Stayed,No,62,4210,20.35,2685.55,3,Two Year,Credit Card,Offer B,No Internet Service,No,Male,24,No,California,Anaheim
5243-SAOTC,Stayed,No,46,5166,79.85,4720.81,4,Month-to-Month,Bank Withdrawal,Offer B,Fiber Optic,No,Male,36,No,California,Bonsall
5244-IRFIH,Churned,Yes,91,4333,94.50,4022.29,3,Month-to-Month,Bank Withdrawal,No Offer,Fiber Optic,No,Male,72,Yes,California,San Diego
5245-VDBUR,Stayed,No,47,5509,35.45,1958.95,4,One Year,Credit Card,No Offer,DSL,No,Female,58,No,California,Los Alamitos
5248-KWLAR,Stayed,No,28,6483,90.35,7633.07,4,Two Year,Bank Withdrawal,Offer A,DSL,Yes,Male,31,No,California,Niland
5248-RPYWW,Stayed,No,49,4606,90.15,7427.81,3,Two Year,Bank Withdrawal,No Offer,Cable,Yes,Female,78,Yes,California,Turlock
5248-YGIJN,Stayed,No,21,5974,90.25,7155.69,3,Two Year,Credit Card,No Offer,DSL,Yes,Male,36,No,California,Los Angeles
5249-QYHEX,Stayed,No,72,3021,24.80,2362.30,5,Two Year,Credit Card,Offer B,No Internet Service,No,Female,27,No,California,Rancho Mirage
5256-SKJGO,Stayed,No,35,4850,54.60,3423.50,4,Two Year,Bank Withdrawal,No Offer,DSL,Yes,Female,48,No,California,Whittier
5260-UMPWX,Stayed,No,43,5158,20.25,1129.39,5,Month-to-Month,Credit Card,No Offer,No Internet Service,No,Female,41,No,California,Yorkville
5261-QSHQM,Churned,Yes,70,4909,24.45,86.60,1,Month-to-Month,Bank Withdrawal,Offer E,DSL,No,Female,31,No,California,Temecula
5266-PFRQK,Stayed,No,56,4886,20.85,3124.56,4,One Year,Credit Card,Offer B,No Internet Service,No,Male,47,No,California,Orleans
5268-DSMNQ,Stayed,No,50,5428,97.95,6643.97,5,One Year,Credit Card,No Offer,Fiber Optic,No,Female,65,Yes,California,Farmington
5269-NRGDP,Stayed,No,58,2531,73.15,3709.85,3,One Year,Bank Withdrawal,No Offer,DSL,Yes,Male,54,No,California,Concord
5271-DBYSJ,Stayed,No,20,3355,79.15,1262.94,5,Month-to-Month,Credit Card,Offer D,Fiber Optic,No,Male,80,Yes,California,Berkeley
5271-YNWVR,Churned,Yes,90,4610,113.15,9465.56,1,Two Year,Bank Withdrawal,Offer A,Fiber Optic,Yes,Male,48,No,California,Santa Paula
5274-XHAKY,Stayed,No,43,2196,94.30,3959.20,4,Month-to-Month,Bank Withdrawal,Offer B,Fiber Optic,No,Female,19,No,California,Compton
5275-PMFUT,Stayed,No,72,4036,64.80,4719.75,3,Two Year,Credit Card,No Offer,DSL,Yes,Male,52,No,California,Chualar
5275-SQEIZ,Churned,Yes,77,3096,80.85,95.76,1,Month-to-Month,Credit Card,No Offer,Fiber Optic,No,Male,64,No,California,Ojai
5276-KQWHG,Churned,Yes,74,4596,69.60,162.29,3,Month-to-Month,Bank Withdrawal,Offer E,Fiber Optic,No,Female,74,Yes,California,Woody
5277-ZLOOR,Churned,Yes,86,5512,85.55,198.43,3,Month-to-Month,Bank Withdrawal,Offer E,Fiber Optic,No,Female,78,Yes,California,Applegate
5278-PNYOX,Stayed,No,52,5499,100.65,5462.14,3,Two Year,Credit Card,No Offer,Fiber Optic,Yes,Female,49,No,California,San Jose
5281-BUZGT,Churned,Yes,92,5692,90.85,4026.58,1,Month-to-Month,Bank Withdrawal,Offer C,Fiber Optic,No,Male,69,Yes,California,Weaverville
5285-MVEHD,Stayed,No,24,4196,105.60,7978.25,4,One Year,Credit Card,Offer B,Fiber Optic,No,Female,35,No,California,Sunnyvale
5286-YHCVC,Stayed,No,21,4165,104.80,10385.38,4,Two Year,Bank Withdrawal,No Offer,Fiber Optic,No,Male,58,No,California,Laton
5287-QWLKY,Churned,Yes,66,5725,105.10,10718.96,1,Month-to-Month,Credit Card,No Offer,Fiber Optic,No,Male,79,Yes,California,Big Pine
5288-AHOUP,Stayed,No,51,4333,78.50,1331.58,3,Two Year,Bank Withdrawal,No Offer,Fiber Optic,No,Male,71,Yes,California,Palm Desert
5293-WXJAK,Churned,Yes,82,4553,104.05,1323.40,3,Month-to-Month,Bank Withdrawal,No Offer,Fiber Optic,Yes,Female,73,Yes,California,San Jose
5294-CDGWY,Churned,Yes,95,5633,59.30,3014.65,1,One Year,Bank Withdrawal,No Offer,DSL,No,Male,51,No,California,Long Beach
5294-DMSFH,Stayed,No,25,4780,87.80,3596.73,4,Month-to-Month,Credit Card,No Offer,Fiber Optic,No,Female,32,No,California,Torrance
5294-IMHHT,Stayed,No,41,4488,97.75,6789.02,3,One Year,Bank Withdrawal,No Offer,Fiber Optic,Yes,Male,44,No,California,Occidental
5295-PCJOO,Churned,Yes,84,4455,49.40,233.48,1,Month-to-Month,Bank Withdrawal,No Offer,Cable,No,Male,44,No,California,Long Beach
5296-BFCYD,Stayed,No,24,3392,20.10,1622.71,5,Two Year,Mailed Check,No Offer,No Internet Service,No,Male,35,No,California,San Fernando
5296-PSYVW,Stayed,No,52,4169,24.55,2397.26,4,Two Year,Bank Withdrawal,No Offer,No Internet Service,No,Female,41,No,California,Oceanside
5297-MDOIR,Stayed,No,60,5294,81.15,7398.63,4,One Year,Credit Card,Offer B,Fiber Optic,No,Female,20,No,California,Monterey Park
5298-GSTLM,Stayed,No,66,4483,101.40,9111.80,4,One Year,Bank Withdrawal,Offer B,Fiber Optic,No,Female,74,Yes,California,Sacramento
5299-RULOA,Churned,Yes,87,5998,100.25,1309.45,2,Month-to-Month,Bank Withdrawal,No Offer,Fiber Optic,No,Female,62,No,California,Whittier
5299-SJCZT,Churned,Yes,73,4480,101.55,363.93,3,Month-to-Month,Bank Withdrawal,Offer E,Fiber Optic,No,Male,57,No,California,Ladera Ranch
5301-GAUUY,Churned,Yes,92,5974,80.35,2643.83,1,Month-to-Month,Bank Withdrawal,Offer C,Fiber Optic,No,Male,31,No,California,Newport Beach
5302-BDJNT,Stayed,No,27,3715,95.50,5014.90,3,Month-to-Month,Bank Withdrawal,No Offer,Fiber Optic,Yes,Male,27,No,California,Sutter Creek
5304-EFJLP,Stayed,No,36,4406,111.65,9351.09,4,Two Year,Bank Withdrawal,No Offer,Fiber Optic,Yes,Male,72,Yes,California,Los Molinos
5306-BVTKJ,Stayed,No,27,3446,55.80,4489.60,4,One Year,Credit Card,Offer B,DSL,No,Male,20,No,California,El Cajon
5307-DZCVC,Churned,Yes,74,2431,85.95,4195.00,3,Month-to-Month,Credit Card,Offer C,Fiber Optic,No,Female,78,Yes,California,Sacramento
5307-UVGNB,Stayed,No,54,4116,48.70,2495.20,4,Month-to-Month,Bank Withdrawal,No Offer,Cable,No,Female,40,No,California,Compton
5309-TAIKL,Stayed,No,46,4080,62.80,476.33,4,Month-to-Month,Bank Withdrawal,No Offer,DSL,Yes,Female,42,No,California,Rio Linda
5310-NOOVA,Stayed,No,55,4006,19.95,1524.37,5,Two Year,Bank Withdrawal,No Offer,No Internet Service,No,Male,51,No,California,Redwood Valley
5311-IHLEI,Stayed,No,73,2716,50.95,605.75,3,Month-to-Month,Bank Withdrawal,Offer D,DSL,Yes,Male,45,No,California,Sebastopol
5312-IRCFR,Stayed,No,58,5206,92.85,8378.83,4,One Year,Bank Withdrawal,No Offer,Fiber Optic,No,Female,21,No,California,Nice
5312-TSZVC,Stayed,No,34,4818,19.65,624.00,5,One Year,Credit Card,No Offer,No Internet Service,No,Female,36,No,California,Hyampom
5312-UXESG,Stayed,No,58,5614,98.05,5187.39,4,Month-to-Month,Bank Withdrawal,Offer B,Fiber Optic,No,Female,43,No,California,Indio
5313-FPXWG,Stayed,No,75,4886,24.60,2970.85,5,One Year,Bank Withdrawal,Offer B,No Internet Service,No,Male,58,No,California,Three Rivers
5315-CKEQK,Stayed,No,44,5195,51.00,1593.68,3,One Year,Bank Withdrawal,No Offer,DSL,No,Male,73,Yes,California,Castro Valley
5317-FLPJF,Stayed,No,67,4824,61.35,4323.40,3,Two Year,Bank Withdrawal,Offer A,DSL,Yes,Female,25,No,California,Altadena
5318-IXUZF,Churned,Yes,72,4149,87.15,196.15,2,Month-to-Month,Bank Withdrawal,No Offer,Fiber Optic,No,Female,50,No,California,Redondo Beach
5318-YKDPV,Stayed,No,63,3716,79.15,5333.04,3,Two Year,Credit Card,No Offer,DSL,Yes,Male,62,No,California,Raymond
5320-BRKGK,Stayed,No,62,4292,75.80,4582.21,3,Two Year,Credit Card,Offer B,DSL,Yes,Female,28,No,California,Escondido
5321-NTRKC,Stayed,No,56,6236,79.85,7545.61,5,Two Year,Bank Withdrawal,Offer A,DSL,No,Male,25,No,California,Pebble Beach
5322-TEUJK,Stayed,No,71,4071,114.60,8448.86,4,Two Year,Bank Withdrawal,No Offer,Fiber Optic,Yes,Female,45,No,California,Duncans Mills
5322-ZSMZY,Stayed,No,32,5472,25.75,973.53,4,Two Year,Credit Card,No Offer,No Internet Service,No,Male,26,No,California,Lower Lake
5324-KTGCG,Stayed,No,67,4837,20.85,4721.97,4,One Year,Bank Withdrawal,No Offer,No Internet Service,No,Male,55,No,California,Emeryville
5325-UWTWJ,Stayed,No,48,5722,90.55,3624.77,4,Month-to-Month,Credit Card,Offer C,Fiber Optic,Yes,Male,47,No,California,Berkeley
5327-CNLUQ,Stayed,No,38,2613,96.90,4766.25,4,Two Year,Bank Withdrawal,Offer B,Fiber Optic,No,Male,33,No,California,Paynes Creek
5327-XOKKY,Stayed,No,29,5540,73.45,6139.72,3,Two Year,Credit Card,Offer A,Cable,No,Male,79,Yes,California,Santa Maria
5329-KRDTM,Stayed,No,29,6202,77.35,7821.21,4,Two Year,Credit Card,Offer A,DSL,Yes,Male,73,Yes,California,Long Barn
5331-RGMTT,Stayed,No,34,4011,99.05,7413.62,5,Month-to-Month,Credit Card,No Offer,Fiber Optic,No,Male,67,Yes,California,Point Arena
5334-AFQJB,Stayed,No,74,5751,25.10,1960.54,5,Two Year,Credit Card,Offer A,No Internet Service,No,Male,66,Yes,California,Simi Valley
5334-JLAXU,Stayed,No,62,5267,94.10,6408.30,3,Month-to-Month,Credit Card,Offer B,Fiber Optic,No,Female,44,No,California,French Camp
5336-UFNZP,Stayed,No,32,6211,107.45,8320.20,4,One Year,Bank Withdrawal,Offer B,Fiber Optic,No,Female,65,Yes,California,Monterey Park
5337-IIWKZ,Stayed,No,49,5569,44.85,1442.60,4,Month-to-Month,Bank Withdrawal,Offer C,DSL,Yes,Male,35,No,California,Sultana
5338-YHWYT,Stayed,No,77,5447,61.45,4213.19,3,Two Year,Credit Card,No Offer,Cable,Yes,Male,45,No,California,San Diego
5339-PXDVH,Stayed,No,70,3559,90.65,494.23,3,Month-to-Month,Bank Withdrawal,Offer E,Fiber Optic,No,Male,43,No,California,Clipper Mills
5339-TJFEK,Stayed,No,56,4271,105.50,7551.70,4,Month-to-Month,Bank Withdrawal,Offer B,Fiber Optic,No,Male,22,No,California,Santa Rosa
5343-SGUBI,Stayed,No,51,5597,80.20,6528.40,4,One Year,Credit Card,Offer B,Fiber Optic,No,Female,43,No,California,Concord
5345-BMKWB,Stayed,No,24,4964,20.25,198.19,4,Month-to-Month,Credit Card,No Offer,No Internet Service,No,Male,29,No,California,San Francisco
5346-BZCHP,Stayed,No,57,6408,19.40,3083.62,5,Two Year,Credit Card,Offer A,No Internet Service,No,Female,19,No,California,Earp
5348-CAGXB,Stayed,No,79,2325,89.55,1422.07,4,Month-to-Month,Bank Withdrawal,Offer D,Fiber Optic,No,Male,60,No,California,Irvine
5349-AZPEW,Stayed,No,24,2071,25.05,125.50,5,Month-to-Month,Credit Card,Offer E,DSL,No,Female,40,No,California,San Diego
5349-IECLD,Churned,Yes,87,4493,94.95,230.20,1,Month-to-Month,Bank Withdrawal,No Offer,Fiber Optic,No,Male,61,No,California,San Jose
5351-QESIO,Joined,No,80,4276,24.20,24.20,5,Month-to-Month,Mailed Check,Offer E,Cable,No,Male,64,No,California,San Diego
5353-WILCI,Stayed,No,47,4468,56.05,2867.73,3,Month-to-Month,Bank Withdrawal,Offer C,Cable,No,Female,51,No,California,Stockton
5356-CSVSQ,Joined,No,24,5277,64.60,297.17,5,Month-to-Month,Bank Withdrawal,No Offer,Cable,Yes,Female,20,No,California,La Verne
5356-KZCKT,Stayed,No,38,6490,24.45,1651.64,4,Two Year,Credit Card,Offer B,No Internet Service,No,Male,42,No,California,Torrance
5356-RHIPP,Churned,Yes,81,5355,20.20,65.69,1,Month-to-Month,Credit Card,Offer E,No Internet Service,No,Male,38,No,California,Dinuba
5357-TZHPP,Churned,Yes,83,5745,84.40,1009.70,2,Month-to-Month,Credit Card,No Offer,Fiber Optic,No,Male,67,Yes,California,Wheatland
5360-LJCNJ,Stayed,No,32,5707,105.15,8357.66,5,Two Year,Bank Withdrawal,No Offer,Fiber Optic,No,Female,37,No,California,Tracy
5360-XGYAZ,Stayed,No,47,4934,65.65,4724.50,3,Two Year,Bank Withdrawal,No Offer,DSL,Yes,Male,32,No,California,Los Angeles
5364-EVNIB,Churned,Yes,75,5067,79.80,1374.89,2,Month-to-Month,Bank Withdrawal,No Offer,Fiber Optic,No,Male,61,No,California,Orange
5364-XYIRR,Churned,Yes,91,4747,94.65,5887.83,1,Month-to-Month,Bank Withdrawal,No Offer,Fiber Optic,No,Male,44,No,California,Los Angeles
5365-LLFYV,Joined,No,65,2245,45.85,116.54,3,Month-to-Month,Credit Card,Offer E,DSL,No,Female,43,No,California,Penryn
5366-IJEQJ,Churned,Yes,86,4115,88.70,1872.25,1,Month-to-Month,Bank Withdrawal,Offer D,Fiber Optic,No,Male,20,No,California,San Diego
5366-OBVMR,Stayed,No,67,3740,50.30,1556.03,3,Month-to-Month,Credit Card,Offer D,DSL,Yes,Female,42,No,California,Los Angeles
5370-IIVVL,Stayed,No,21,4812,104.50,5210.64,3,One Year,Credit Card,Offer C,Fiber Optic,Yes,Male,26,No,California,Le Grand
5371-VYLSX,Stayed,No,68,4977,83.40,6513.20,3,Month-to-Month,Bank Withdrawal,No Offer,Fiber Optic,No,Female,65,Yes,California,Long Beach
5372-FBKBN,Stayed,No,39,2143,20.75,634.48,3,Month-to-Month,Credit Card,Offer D,No Internet Service,No,Female,38,No,California,San Jose
5373-SFODM,Churned,Yes,82,3041,85.25,4016.19,2,Month-to-Month,Credit Card,No Offer,Fiber Optic,No,Male,65,Yes,California,San Lucas
5375-XLDOF,Stayed,No,51,6082,114.35,10295.73,4,Two Year,Bank Withdrawal,Offer A,Fiber Optic,Yes,Male,24,No,California,Calipatria
5376-DEQCP,Churned,Yes,85,4063,70.60,97.72,3,Month-to-Month,Bank Withdrawal,No Offer,Fiber Optic,No,Female,48,No,California,San Diego
5376-PCKNB,Stayed,No,29,4750,104.45,8848.28,5,One Year,Credit Card,Offer A,Fiber Optic,No,Male,35,No,California,Montclair
5377-NDTOU,Stayed,No,39,4644,91.05,6968.25,3,Two Year,Credit Card,Offer A,Cable,Yes,Female,26,No,California,San Pedro
5378-IKEEG,Churned,Yes,70,3351,35.75,35.75,3,Month-to-Month,Bank Withdrawal,Offer E,Cable,No,Female,47,No,California,Eagleville
5380-AFSSK,Churned,Yes,92,5435,93.90,719.10,1,Month-to-Month,Mailed Check,No Offer,Fiber Optic,No,Female,44,No,California,Bella Vista
5380-WJKOV,Churned,Yes,65,2941,106.35,4286.71,2,Month-to-Month,Bank Withdrawal,Offer C,Fiber Optic,No,Male,51,No,California,Los Angeles
5380-XPJNZ,Stayed,No,27,4539,20.05,2222.52,3,One Year,Credit Card,No Offer,No Internet Service,No,Female,22,No,California,San Francisco
5382-SOYZL,Stayed,No,61,3729,95.10,2407.90,4,Month-to-Month,Bank Withdrawal,No Offer,Fiber Optic,No,Male,39,No,California,Concord
5382-TEMLV,Stayed,No,71,5274,50.90,3171.10,3,Month-to-Month,Bank Withdrawal,No Offer,DSL,No,Male,45,No,California,Lindsay
5383-MMTWC,Churned,Yes,91,4819,84.00,981.80,3,Month-to-Month,Bank Withdrawal,No Offer,Fiber Optic,No,Female,75,Yes,California,Oakley
5384-ZTTWP,Stayed,No,34,4167,19.80,515.85,4,Month-to-Month,Mailed Check,Offer D,No Internet Service,No,Female,49,No,California,Yuba City
5385-SUIRI,Churned,Yes,68,5648,104.20,7523.55,1,Month-to-Month,Bank Withdrawal,No Offer,Fiber Optic,No,Male,69,Yes,California,Delhi
5386-THSLQ,Stayed,No,28,6238,45.55,3027.25,5,One Year,Bank Withdrawal,Offer A,Cable,No,Female,65,Yes,California,Santa Monica
5387-ASZNZ,Stayed,No,80,4657,63.85,6582.03,3,One Year,Credit Card,Offer A,DSL,Yes,Female,72,Yes,California,Cressey
5389-FFVKB,Churned,Yes,94,5365,80.30,2549.61,1,Month-to-Month,Credit Card,No Offer,Fiber Optic,No,Male,71,Yes,California,Thousand Oaks
5392-AKEMH,Stayed,No,37,5624,45.05,897.74,4,Month-to-Month,Bank Withdrawal,No Offer,DSL,No,Female,50,No,California,Vista
5393-HJZSM,Stayed,No,70,5324,76.30,3441.91,3,Month-to-Month,Bank Withdrawal,Offer C,Cable,Yes,Female,54,No,California,San Francisco
5393-RXQSZ,Churned,Yes,91,2199,79.60,98.92,3,Month-to-Month,Bank Withdrawal,No Offer,Fiber Optic,No,Male,40,No,California,Taft
5394-MEITZ,Stayed,No,52,5667,80.60,5786.70,5,Two Year,Bank Withdrawal,No Offer,Cable,Yes,Female,26,No,California,Corona Del Mar
5394-SVGJV,Churned,Yes,82,3066,98.80,4612.19,1,Month-to-Month,Bank Withdrawal,No Offer,Fiber Optic,Yes,Male,27,No,California,Sacramento
5396-IZEPB,Stayed,No,66,4194,19.70,404.71,4,Month-to-Month,Credit Card,Offer E,No Internet Service,No,Male,37,No,California,Summerland
5397-NSKQG,Stayed,No,62,5281,50.90,3281.65,4,Two Year,Credit Card,Offer A,DSL,No,Male,39,No,California,Los Altos
5397-TUPSH,Stayed,No,30,4871,70.95,6411.97,3,One Year,Bank Withdrawal,No Offer,Fiber Optic,No,Male,76,Yes,California,Carson
5399-ZIMKF,Stayed,No,34,3319,74.65,547.70,3,Month-to-Month,Bank Withdrawal,No Offer,Fiber Optic,No,Male,58,No,California,San Simeon
5402-HTOTQ,Stayed,No,25,3771,55.30,967.99,5,Month-to-Month,Bank Withdrawal,No Offer,DSL,No,Male,43,No,California,Macdoel
5404-GGUKR,Stayed,No,28,2893,51.35,348.10,5,Month-to-Month,Bank Withdrawal,Offer E,DSL,No,Male,39,No,California,Santa Ynez
5405-ZMYXQ,Stayed,No,57,2142,74.60,559.14,5,Month-to-Month,Credit Card,Offer E,Fiber Optic,No,Female,21,No,California,Los Angeles
5406-KGRMX,Stayed,No,74,4555,24.55,1908.01,5,Two Year,Bank Withdrawal,No Offer,No Internet Service,No,Female,30,No,California,Helm
5414-OFQCB,Stayed,No,24,5076,90.45,7053.69,5,Two Year,Credit Card,No Offer,Fiber Optic,Yes,Male,34,No,California,Hanford
5419-CONWX,Churned,Yes,89,2268,99.80,493.57,1,Month-to-Month,Credit Card,No Offer,Fiber Optic,No,Female,65,Yes,California,Pleasant Grove
5419-JKZNQ,Stayed,No,49,2009,77.90,2437.25,3,Month-to-Month,Mailed Check,No Offer,Fiber Optic,No,Male,65,Yes,California,La Mesa
5419-JPRRN,Churned,Yes,77,4390,101.45,111.83,1,Month-to-Month,Bank Withdrawal,No Offer,Fiber Optic,No,Male,32,No,California,Rough And Ready
5419-KLXBN,Churned,Yes,90,5853,89.15,2873.75,2,Month-to-Month,Bank Withdrawal,No Offer,Fiber Optic,No,Female,36,No,California,San Diego
5423-BHIXO,Stayed,No,43,4454,54.20,2764.24,5,Month-to-Month,Bank Withdrawal,No Offer,DSL,No,Female,42,No,California,Pasadena
5424-RLQLC,Stayed,No,20,2385,59.65,743.75,3,Month-to-Month,Credit Card,Offer D,DSL,No,Male,36,No,California,Bonsall
5429-LWCMV,Stayed,No,80,4041,89.15,1544.31,5,Month-to-Month,Bank Withdrawal,Offer D,Fiber Optic,No,Female,52,No,California,Gardena
5433-KYGHE,Stayed,No,33,5494,86.00,1832.13,3,Month-to-Month,Mailed Check,Offer D,Fiber Optic,Yes,Female,53,No,California,Avila Beach
5438-QMDDL,Stayed,No,32,3652,59.80,1288.55,3,Month-to-Month,Credit Card,No Offer,DSL,No,Female,20,No,California,Campo Seco
5439-WIKXB,Stayed,No,45,4914,94.55,5796.31,3,Month-to-Month,Bank Withdrawal,Offer B,Fiber Optic,No,Male,65,Yes,California,Newhall
5440-FLBQG,Churned,Yes,73,4708,108.40,10690.92,3,Two Year,Bank Withdrawal,Offer A,Fiber Optic,Yes,Male,69,Yes,California,Santa Barbara
5440-VHLUL,Stayed,No,47,6247,105.20,10461.38,3,One Year,Bank Withdrawal,Offer A,Fiber Optic,Yes,Male,48,No,California,Berkeley
5442-BHQNG,Joined,No,73,3430,70.35,228.79,5,Month-to-Month,Bank Withdrawal,No Offer,Fiber Optic,No,Female,32,No,California,Brooks
5442-BXVND,Stayed,No,73,5531,24.25,1167.51,5,Month-to-Month,Bank Withdrawal,No Offer,No Internet Service,No,Female,49,No,California,San Diego
5442-PPTJY,Stayed,No,24,5104,19.70,314.87,4,Two Year,Credit Card,Offer D,No Internet Service,No,Male,44,No,California,Arcadia
5442-UTCVD,Churned,Yes,91,2704,91.85,388.21,1,Month-to-Month,Bank Withdrawal,No Offer,Fiber Optic,No,Male,53,No,California,Pittsburg
5442-XSDCW,Churned,Yes,91,3469,79.50,1065.13,1,Month-to-Month,Bank Withdrawal,Offer D,Fiber Optic,No,Male,61,No,California,San Diego
5443-SCMKX,Stayed,No,77,6166,94.30,6994.64,3,One Year,Bank Withdrawal,No Offer,Fiber Optic,No,Female,49,No,California,Newbury Park
5445-GLVOT,Stayed,No,29,4667,49.80,1742.71,3,Month-to-Month,Bank Withdrawal,Offer D,Cable,No,Female,64,No,California,Greenbrae
5445-PZWGX,Churned,Yes,87,5090,102.00,7140.21,1,One Year,Bank Withdrawal,Offer B,Fiber Optic,Yes,Male,63,No,California,Travis Afb
5445-UTODQ,Churned,Yes,87,3238,81.10,657.71,2,Month-to-Month,Bank Withdrawal,No Offer,Fiber Optic,No,Female,35,No,California,San Diego
5446-DKWYW,Stayed,No,30,6238,65.20,6362.96,4,One Year,Bank Withdrawal,Offer B,DSL,No,Female,74,Yes,California,San Francisco
5447-VYTKW,Stayed,No,75,2191,53.45,1868.88,3,Month-to-Month,Credit Card,No Offer,Cable,Yes,Male,53,No,California,Los Angeles
5447-WZAFP,Stayed,No,71,5377,100.30,5642.29,4,One Year,Mailed Check,Offer B,Fiber Optic,No,Female,22,No,California,Carlsbad
5448-VWNAM,Stayed,No,69,4198,75.90,1527.98,4,Month-to-Month,Credit Card,Offer D,DSL,Yes,Female,49,No,California,Oroville
5449-FIBXJ,Churned,Yes,67,2349,103.30,2545.46,3,Month-to-Month,Bank Withdrawal,Offer D,Fiber Optic,Yes,Male,34,No,California,San Jose
5451-MHQOF,Stayed,No,78,5623,24.45,3275.73,3,One Year,Mailed Check,No Offer,No Internet Service,No,Male,64,No,California,Los Angeles
5451-YHYPW,Stayed,No,50,6205,115.75,11795.78,3,Two Year,Credit Card,Offer A,Fiber Optic,Yes,Female,75,Yes,California,San Francisco
5453-AXEPF,Stayed,No,76,3591,80.50,2130.97,5,Month-to-Month,Bank Withdrawal,Offer D,Fiber Optic,No,Male,31,No,California,San Jose
5453-YBTWV,Stayed,No,62,4226,101.10,10471.70,3,Two Year,Credit Card,No Offer,Fiber Optic,Yes,Male,52,No,California,Moreno Valley
5456-ITGIC,Stayed,No,68,5295,64.45,4641.10,5,Two Year,Credit Card,No Offer,DSL,Yes,Male,76,Yes,California,Loomis
5457-COLHT,Stayed,No,41,4618,80.65,8327.39,3,Two Year,Bank Withdrawal,No Offer,Cable,Yes,Male,48,No,California,San Francisco
5458-CQJTA,Churned,Yes,89,5207,74.80,7450.70,1,Two Year,Bank Withdrawal,Offer B,DSL,Yes,Male,56,No,California,Smith River
5461-QKNTN,Stayed,No,63,2040,94.30,4150.52,3,One Year,Bank Withdrawal,No Offer,Fiber Optic,Yes,Male,71,Yes,California,Catheys Valley
5465-BUBFA,Stayed,No,40,4180,19.30,1644.88,3,Two Year,Bank Withdrawal,Offer B,No Internet Service,No,Female,34,No,California,El Nido
5468-BPMMO,Stayed,No,59,5092,19.60,1590.42,5,Month-to-Month,Bank Withdrawal,No Offer,No Internet Service,No,Male,59,No,California,Santa Cruz
5469-CTCWN,Churned,Yes,92,4334,106.00,9411.65,1,One Year,Bank Withdrawal,No Offer,Cable,No,Male,52,No,California,Arbuckle
5469-NUJUR,Stayed,No,50,2831,19.95,736.40,4,Two Year,Credit Card,No Offer,No Internet Service,No,Male,58,No,California,Zenia
5472-CVMDX,Stayed,No,45,5278,38.90,2719.20,3,Two Year,Credit Card,No Offer,DSL,Yes,Female,21,No,California,Bolinas
5473-KHBPS,Stayed,No,31,4415,95.70,5400.47,3,One Year,Credit Card,Offer B,Fiber Optic,No,Female,53,No,California,Surfside
5474-LAMUQ,Stayed,No,69,5689,20.10,1393.10,3,One Year,Credit Card,Offer C,No Internet Service,No,Male,56,No,California,Los Angeles
5478-JJVZK,Stayed,No,36,3009,60.90,2551.62,4,Month-to-Month,Credit Card,No Offer,DSL,No,Female,38,No,California,Fair Oaks
5480-HPRRX,Churned,Yes,74,3542,25.30,77.75,3,Month-to-Month,Bank Withdrawal,No Offer,DSL,No,Female,80,Yes,California,Glendora
5480-TBGPH,Churned,Yes,69,4811,99.30,3510.39,3,Month-to-Month,Credit Card,No Offer,Fiber Optic,No,Female,63,No,California,Sacramento
5480-XTFFL,Stayed,No,24,5225,21.00,1001.50,3,Two Year,Credit Card,Offer C,No Internet Service,No,Female,60,No,California,Mount Hermon
5481-NTDOH,Stayed,No,21,4126,107.05,9719.99,3,One Year,Credit Card,No Offer,Fiber Optic,No,Female,67,Yes,California,Whittier
5482-NUPNA,Churned,Yes,90,5730,60.40,344.27,1,Month-to-Month,Credit Card,No Offer,Cable,Yes,Female,28,No,California,Imperial
5482-PLVPE,Churned,Yes,72,3278,24.35,41.85,1,Month-to-Month,Bank Withdrawal,No Offer,DSL,No,Female,79,Yes,California,Daly City
5482-VXSXJ,Stayed,No,26,4093,93.20,3180.30,4,Month-to-Month,Credit Card,No Offer,Fiber Optic,No,Male,50,No,California,Tehama
5485-ITNPC,Stayed,No,24,5137,85.90,6097.56,3,Two Year,Bank Withdrawal,No Offer,DSL,Yes,Male,42,No,California,Le Grand
5485-WUYWF,Churned,Yes,87,4522,66.40,105.69,1,Month-to-Month,Bank Withdrawal,No Offer,Cable,No,Male,73,Yes,California,Crockett
5493-SDRDQ,Churned,Yes,70,4235,55.10,124.01,1,Month-to-Month,Mailed Check,Offer E,Cable,No,Male,19,No,California,Angels Camp
5494-HECPR,Churned,Yes,69,2502,80.25,113.17,2,Month-to-Month,Bank Withdrawal,Offer E,Fiber Optic,No,Female,34,No,California,Mi Wuk Village
5494-WOZRZ,Stayed,No,72,5770,82.00,8713.47,3,Two Year,Credit Card,No Offer,DSL,Yes,Female,40,No,California,Mission Viejo
5495-GPSRW,Stayed,No,56,2120,19.70,961.60,5,Two Year,Credit Card,No Offer,No Internet Service,No,Male,62,No,California,Joshua Tree
5498-IBWPI,Stayed,No,59,5232,49.40,6427.11,3,One Year,Credit Card,Offer A,Cable,Yes,Female,34,No,California,Guadalupe
5498-TXHLF,Churned,Yes,91,3358,87.45,4260.67,3,Month-to-Month,Bank Withdrawal,No Offer,Fiber Optic,No,Female,39,No,California,Whitmore
5499-ECUTN,Stayed,No,73,3404,66.05,3369.77,4,One Year,Credit Card,No Offer,DSL,No,Female,49,No,California,Shafter
5501-TVMGM,Joined,No,49,3255,55.25,154.44,5,Month-to-Month,Bank Withdrawal,No Offer,DSL,No,Male,21,No,California,Canby
5502-RLUYV,Churned,Yes,86,4283,103.95,10013.70,2,Month-to-Month,Bank Withdrawal,No Offer,Fiber Optic,No,Female,42,No,California,Milpitas
5504-WSIUR,Stayed,No,33,5327,90.25,7423.95,3,One Year,Bank Withdrawal,No Offer,Fiber Optic,Yes,Female,38,No,California,Chula Vista
5505-OVWQW,Stayed,No,48,4650,20.15,428.11,5,One Year,Mailed Check,No Offer,No Internet Service,No,Female,35,No,California,Sacramento
5510-BOIUJ,Churned,Yes,80,5437,19.25,32.06,3,Month-to-Month,Credit Card,No Offer,No Internet Service,No,Male,35,No,California,Visalia
5512-IDZEI,Stayed,No,41,2026,24.90,2023.50,5,One Year,Bank Withdrawal,No Offer,No Internet Service,No,Male,56,No,California,Garden Grove
5514-YQENT,Stayed,No,32,5038,111.15,5760.93,5,Two Year,Bank Withdrawal,No Offer,Fiber Optic,Yes,Male,29,No,California,Rocklin
5515-AKOAJ,Churned,Yes,75,5763,100.10,7699.72,1,Month-to-Month,Bank Withdrawal,No Offer,Fiber Optic,Yes,Female,38,No,California,Hawaiian Gardens
5515-IDEJJ,Churned,Yes,67,5441,19.90,65.67,1,Month-to-Month,Mailed Check,Offer E,No Internet Service,No,Male,46,No,California,San Diego
5515-RUGKN,Stayed,No,53,5317,54.75,682.29,5,Month-to-Month,Credit Card,No Offer,DSL,No,Male,63,No,California,Beverly Hills
5519-NPHVG,Churned,Yes,73,3975,94.20,1311.71,3,Month-to-Month,Bank Withdrawal,No Offer,Fiber Optic,No,Female,53,No,California,Klamath River
5519-TEEUH,Stayed,No,57,5759,20.15,1380.43,3,One Year,Credit Card,Offer C,No Internet Service,No,Male,51,No,California,Irvine
5519-YLDGW,Churned,Yes,91,3769,103.90,2279.61,1,Month-to-Month,Bank Withdrawal,Offer D,Fiber Optic,No,Female,57,No,California,Los Angeles
5520-FVEWJ,Churned,Yes,84,4154,84.50,1404.46,1,Month-to-Month,Bank Withdrawal,No Offer,Fiber Optic,No,Female,28,No,California,Santa Rosa
5522-JBWMO,Joined,No,29,4020,44.00,59.66,5,Month-to-Month,Bank Withdrawal,No Offer,DSL,No,Male,62,No,California,Blythe
5522-NYKPB,Stayed,No,79,3153,85.90,2493.80,3,Month-to-Month,Bank Withdrawal,Offer C,Fiber Optic,Yes,Male,26,No,California,Burney
5524-KHNJP,Stayed,No,26,5344,74.75,4065.35,3,One Year,Credit Card,Offer C,Cable,No,Male,35,No,California,Glendale
5527-ACHSO,Stayed,No,75,5541,70.50,1353.01,3,Month-to-Month,Credit Card,No Offer,DSL,Yes,Female,38,No,California,Orange
5529-GIBVH,Stayed,No,74,2618,20.15,1210.23,3,Two Year,Credit Card,No Offer,No Internet Service,No,Female,57,No,California,Duncans Mills
5533-NHFRF,Stayed,No,77,3410,44.40,265.80,4,Two Year,Bank Withdrawal,No Offer,DSL,Yes,Male,75,Yes,California,San Jose
5533-RJFTJ,Stayed,No,42,5214,30.20,1453.10,4,Month-to-Month,Bank Withdrawal,Offer B,Cable,No,Male,22,No,California,Lemoore
5536-RTPWK,Churned,Yes,91,5157,99.05,5843.03,2,Month-to-Month,Bank Withdrawal,Offer B,Fiber Optic,No,Male,54,No,California,Sausalito
5536-SLHPM,Churned,Yes,79,4398,77.75,5525.70,2,Month-to-Month,Bank Withdrawal,No Offer,Fiber Optic,No,Female,38,No,California,Temecula
5537-UXXVS,Stayed,No,68,4137,19.25,1335.85,3,Month-to-Month,Bank Withdrawal,Offer D,No Internet Service,No,Female,49,No,California,Citrus Heights
5539-HIVAK,Stayed,No,80,3136,25.70,1450.56,4,Month-to-Month,Mailed Check,No Offer,No Internet Service,No,Female,79,Yes,California,Friant
5539-TMZLF,Churned,Yes,69,5057,69.75,103.59,1,Month-to-Month,Bank Withdrawal,No Offer,Fiber Optic,No,Male,69,Yes,California,Concord
5542-DHSXL,Stayed,No,37,3475,54.70,262.13,4,Month-to-Month,Credit Card,No Offer,Cable,No,Female,36,No,California,Butte City
5542-NKVRU,Stayed,No,57,2574,20.75,1613.47,3,Two Year,Bank Withdrawal,Offer B,No Internet Service,No,Female,24,No,California,La Grange
5542-TBBWB,Joined,No,26,3358,69.90,89.26,4,Month-to-Month,Bank Withdrawal,No Offer,Fiber Optic,No,Male,46,No,California,Lakeport
5543-QDCRY,Stayed,No,49,5344,56.40,317.89,4,Month-to-Month,Bank Withdrawal,No Offer,DSL,No,Male,38,No,California,San Francisco
5546-BYZSM,Stayed,No,80,2839,20.45,1410.28,5,Month-to-Month,Bank Withdrawal,Offer B,No Internet Service,No,Female,52,No,California,Oak View
5546-QUERU,Stayed,No,70,5221,19.95,469.55,3,One Year,Credit Card,No Offer,No Internet Service,No,Male,42,No,California,Burbank
5549-ZGHFB,Stayed,No,57,6019,24.95,2376.45,5,Two Year,Credit Card,No Offer,No Internet Service,No,Male,33,No,California,Glendale
5550-VFRLC,Churned,Yes,68,5056,69.85,153.30,1,Month-to-Month,Bank Withdrawal,No Offer,Fiber Optic,No,Female,70,Yes,California,Moorpark
5552-ZNFSJ,Churned,Yes,66,4568,45.30,79.67,3,Month-to-Month,Bank Withdrawal,No Offer,DSL,No,Male,49,No,California,Santa Rosa
5553-AOINX,Stayed,No,48,4892,104.90,9490.53,4,One Year,Bank Withdrawal,No Offer,Fiber Optic,No,Female,67,Yes,California,Copperopolis
5555-RNPGT,Stayed,No,36,5212,24.80,568.60,3,Month-to-Month,Credit Card,Offer D,No Internet Service,No,Male,61,No,California,Bloomington
5561-NWEVX,Churned,Yes,67,4225,79.20,208.31,3,Month-to-Month,Bank Withdrawal,Offer E,Fiber Optic,No,Female,78,Yes,California,Hermosa Beach
5562-BETPV,Joined,No,53,2539,19.65,43.06,3,One Year,Mailed Check,Offer E,No Internet Service,No,Male,21,No,California,San Andreas
5562-YJQGT,Joined,No,40,3746,20.35,40.02,5,Month-to-Month,Credit Card,No Offer,No Internet Service,No,Female,57,No,California,Encino
5564-NEMQO,Churned,Yes,67,4902,75.30,130.39,2,Month-to-Month,Bank Withdrawal,Offer E,Fiber Optic,No,Female,80,Yes,California,Thermal
5565-FILXA,Churned,Yes,96,5913,96.15,2149.20,2,Month-to-Month,Bank Withdrawal,No Offer,Fiber Optic,No,Female,76,Yes,California,Escondido
5566-SOEZD,Stayed,No,31,5856,80.65,2633.92,3,One Year,Credit Card,No Offer,Fiber Optic,No,Male,47,No,California,Madeline
5567-GZKQY,Stayed,No,20,4335,20.30,2828.00,4,Two Year,Credit Card,Offer B,No Internet Service,No,Male,58,No,California,Porterville
5567-WSELE,Churned,Yes,87,3019,94.60,376.48,1,Month-to-Month,Bank Withdrawal,Offer E,Fiber Optic,No,Male,70,Yes,California,Richmond
5568-DMXZS,Stayed,No,80,5227,65.45,853.41,5,Month-to-Month,Bank Withdrawal,Offer E,Cable,Yes,Female,36,No,California,San Diego
5569-IDSEY,Stayed,No,20,4420,105.70,9538.96,4,One Year,Bank Withdrawal,Offer A,Fiber Optic,No,Male,52,No,California,Winters
5569-KGJHX,Churned,Yes,95,2445,85.35,932.54,3,Month-to-Month,Bank Withdrawal,Offer E,Fiber Optic,No,Female,63,No,California,Canoga Park
5569-OUICF,Churned,Yes,68,4994,101.30,3272.24,3,Month-to-Month,Credit Card,Offer C,Fiber Optic,Yes,Female,67,Yes,California,San Diego
5570-PTWEH,Churned,Yes,78,2270,75.15,261.81,2,Month-to-Month,Credit Card,No Offer,Fiber Optic,No,Female,33,No,California,Encinitas
5572-ZDXHY,Churned,Yes,85,5313,84.30,2495.19,1,Month-to-Month,Mailed Check,No Offer,Fiber Optic,No,Female,25,No,California,Santa Rosa
5574-NXZIU,Stayed,No,33,4273,109.20,7877.57,4,Two Year,Credit Card,No Offer,Fiber Optic,Yes,Male,36,No,California,Los Alamos
5575-GNVDE,Stayed,No,61,3441,56.95,2470.56,3,One Year,Mailed Check,No Offer,DSL,No,Male,46,No,California,Los Angeles
5575-TPIZQ,Stayed,No,43,5593,89.15,5982.05,3,Month-to-Month,Credit Card,Offer B,Fiber Optic,No,Male,21,No,California,Buellton
5577-OTWWW,Churned,Yes,69,2428,19.75,894.90,2,Month-to-Month,Bank Withdrawal,Offer D,No Internet Service,No,Female,54,No,California,San Jose
5578-NKCXI,Stayed,No,22,4098,99.25,8111.55,3,One Year,Credit Card,No Offer,Fiber Optic,No,Female,20,No,California,South Gate
5583-EJXRD,Stayed,No,68,4896,54.05,2327.75,4,Two Year,Credit Card,No Offer,Cable,Yes,Male,19,No,California,San Diego
5583-SXDAG,Churned,Yes,90,4094,70.00,99.15,3,Month-to-Month,Bank Withdrawal,Offer E,Fiber Optic,No,Male,41,No,California,Alhambra
5590-BYNII,Churned,Yes,91,4152,100.75,2885.46,2,Month-to-Month,Bank Withdrawal,No Offer,Fiber Optic,No,Male,51,No,California,Bayside
5590-YRFJT,Churned,Yes,94,3298,24.45,482.80,3,Month-to-Month,Bank Withdrawal,No Offer,DSL,No,Female,44,No,California,Lompoc
5590-ZSKRV,Stayed,No,43,5614,54.65,792.49,3,Month-to-Month,Credit Card,Offer E,DSL,No,Female,62,No,California,Gardena
5593-SUAOO,Stayed,No,53,2404,83.15,3027.85,5,One Year,Bank Withdrawal,No Offer,Fiber Optic,No,Female,60,No,California,Boonville
5597-GLBUC,Churned,Yes,95,4931,85.45,108.42,2,Month-to-Month,Bank Withdrawal,Offer E,Fiber Optic,No,Female,48,No,California,Squaw Valley
5598-IKHQQ,Stayed,No,42,4118,25.45,2352.45,4,Two Year,Credit Card,Offer A,No Internet Service,No,Female,39,No,California,Myers Flat
5599-HVLTW,Stayed,No,39,3276,80.35,1128.15,4,Two Year,Bank Withdrawal,No Offer,Fiber Optic,No,Female,73,Yes,California,Oakland
5600-KTXFM,Joined,No,46,5010,69.95,202.10,3,Month-to-Month,Credit Card,Offer E,Fiber Optic,No,Male,48,No,California,Ventura
5600-PDUJF,Stayed,No,75,5552,49.50,473.26,5,Month-to-Month,Credit Card,No Offer,DSL,Yes,Male,60,No,California,Los Angeles
5602-BVFMK,Stayed,No,77,2868,19.30,730.11,5,One Year,Credit Card,No Offer,No Internet Service,No,Female,58,No,California,Independence
5605-IYGFG,Stayed,No,51,5501,69.85,707.67,3,Month-to-Month,Bank Withdrawal,No Offer,Fiber Optic,No,Female,61,No,California,Thousand Palms
5605-XNWEN,Stayed,No,69,4055,25.00,3860.90,5,Two Year,Bank Withdrawal,No Offer,No Internet Service,No,Male,77,Yes,California,Montebello
5606-AMZBO,Stayed,No,26,3403,78.15,1145.45,3,Month-to-Month,Credit Card,No Offer,Fiber Optic,No,Female,23,No,California,Rosamond
5609-CEBID,Churned,Yes,87,2666,94.10,2837.00,1,Month-to-Month,Bank Withdrawal,No Offer,Fiber Optic,No,Female,77,Yes,California,Hemet
5609-IMCGG,Stayed,No,35,3314,84.35,1395.95,3,Month-to-Month,Credit Card,Offer D,Fiber Optic,No,Female,44,No,California,Suisun City
5614-DNZCE,Stayed,No,57,5040,64.90,5504.71,4,Two Year,Credit Card,No Offer,DSL,Yes,Female,56,No,California,Wilseyville
5616-PRTNT,Churned,Yes,86,3785,19.40,830.10,2,Month-to-Month,Bank Withdrawal,No Offer,No Internet Service,No,Male,30,No,California,Desert Center
5619-PTMIK,Stayed,No,72,3358,53.10,4517.84,3,Month-to-Month,Bank Withdrawal,Offer B,DSL,No,Female,25,No,California,Lemon Grove
5619-XZZKR,Stayed,No,35,2195,19.95,95.64,4,One Year,Credit Card,No Offer,No Internet Service,No,Male,47,No,California,Santa Maria
5622-UEJFI,Stayed,No,38,5070,25.40,2096.05,3,Two Year,Credit Card,No Offer,No Internet Service,No,Female,53,No,California,Duncans Mills
5624-BQSSA,Churned,Yes,70,4285,20.95,61.43,1,Month-to-Month,Credit Card,No Offer,No Internet Service,No,Female,19,No,California,Santa Cruz
5624-RYAMH,Stayed,No,64,4283,19.50,601.31,4,Month-to-Month,Bank Withdrawal,No Offer,No Internet Service,No,Female,43,No,California,Citrus Heights
5626-MGTUK,Stayed,No,70,3027,89.10,2388.42,3,Month-to-Month,Bank Withdrawal,No Offer,Fiber Optic,No,Female,50,No,California,Chatsworth
5627-TVBPP,Stayed,No,72,3726,20.10,1537.70,4,One Year,Credit Card,No Offer,No Internet Service,No,Female,44,No,California,Big Bear Lake
5628-FCGYG,Stayed,No,69,4649,84.10,2767.50,4,Month-to-Month,Bank Withdrawal,No Offer,Fiber Optic,No,Male,46,No,California,Riverside
5628-RKIFK,Stayed,No,22,5348,101.55,6287.56,3,One Year,Credit Card,No Offer,Fiber Optic,No,Female,76,Yes,California,Bloomington
5630-AHZIL,Joined,No,54,5613,64.50,356.05,3,Month-to-Month,Bank Withdrawal,Offer E,DSL,Yes,Female,51,No,California,El Segundo
5630-IXDXV,Stayed,No,74,3723,106.35,5532.48,4,Month-to-Month,Bank Withdrawal,Offer B,Fiber Optic,No,Female,51,No,California,Reedley
5639-NTUPK,Stayed,No,34,4929,52.10,919.86,3,Month-to-Month,Credit Card,Offer D,Cable,No,Male,28,No,California,Walnut Creek
5640-CAXOA,Stayed,No,25,5455,40.35,1187.05,4,One Year,Credit Card,No Offer,Cable,Yes,Female,23,No,California,Auberry
5641-DMBFJ,Stayed,No,69,5724,84.30,6730.06,4,Two Year,Bank Withdrawal,No Offer,DSL,Yes,Female,29,No,California,Oregon House
5642-MHDQT,Stayed,No,42,4836,19.85,1626.33,3,One Year,Bank Withdrawal,Offer B,No Internet Service,No,Female,60,No,California,Mc Farland
5644-PDMZC,Churned,Yes,80,2065,89.50,256.44,2,Month-to-Month,Bank Withdrawal,No Offer,Fiber Optic,No,Female,69,Yes,California,Delano
5647-FXOTP,Stayed,No,40,5084,105.90,8713.85,5,Month-to-Month,Bank Withdrawal,Offer B,Fiber Optic,No,Female,71,Yes,California,Santa Ysabel
5647-URDKA,Stayed,No,29,5962,19.70,222.81,4,Two Year,Credit Card,No Offer,No Internet Service,No,Male,27,No,California,Alturas
5649-ANRML,Churned,Yes,90,4486,95.10,206.17,3,Month-to-Month,Credit Card,Offer E,Fiber Optic,Yes,Male,76,Yes,California,Clipper Mills
5649-RXQTV,Stayed,No,78,5787,99.00,7196.98,5,Month-to-Month,Bank Withdrawal,Offer B,Fiber Optic,No,Male,34,No,California,Alderpoint
5649-TJHOV,Churned,Yes,93,4564,36.50,1062.00,1,Month-to-Month,Bank Withdrawal,Offer C,DSL,No,Male,68,Yes,California,Davenport
5649-VUKMC,Churned,Yes,88,3538,95.50,1532.87,2,One Year,Mailed Check,No Offer,Fiber Optic,No,Female,61,No,California,San Diego
5650-VDUDS,Churned,Yes,93,2038,24.25,96.05,2,Month-to-Month,Mailed Check,Offer E,Cable,No,Female,48,No,California,Kernville
5650-YLIBA,Stayed,No,25,3031,81.15,3944.10,3,Month-to-Month,Bank Withdrawal,No Offer,Fiber Optic,No,Male,60,No,California,Lakeport
5651-CPDND,Stayed,No,38,3903,46.00,627.20,4,Month-to-Month,Credit Card,Offer D,DSL,No,Male,45,No,California,San Leandro
5651-CRHKQ,Stayed,No,62,5325,86.20,3881.48,3,One Year,Bank Withdrawal,No Offer,Fiber Optic,Yes,Female,53,No,California,San Diego
5651-WYIPH,Stayed,No,71,3283,49.85,1606.09,3,One Year,Credit Card,No Offer,Cable,No,Female,69,Yes,California,Vacaville
5651-YLPRD,Stayed,No,48,4970,86.10,3706.87,5,Month-to-Month,Bank Withdrawal,No Offer,Fiber Optic,No,Female,45,No,California,Danville
5652-MSDEY,Stayed,No,52,4525,75.75,1175.80,5,Month-to-Month,Mailed Check,No Offer,Fiber Optic,No,Female,37,No,California,Sutter Creek
5655-JSMZM,Churned,Yes,74,5904,96.20,6303.89,2,Month-to-Month,Bank Withdrawal,Offer B,Fiber Optic,No,Male,66,Yes,California,Coalinga
5656-JAMLX,Stayed,No,45,4278,19.85,2132.19,5,Two Year,Bank Withdrawal,No Offer,No Internet Service,No,Male,29,No,California,Greenbrae
5656-MJEFC,Stayed,No,25,2673,48.15,2032.30,4,Two Year,Credit Card,Offer B,Cable,Yes,Male,48,No,California,Victorville
5663-QBGIS,Stayed,No,73,6120,98.35,10141.32,3,Two Year,Bank Withdrawal,No Offer,Fiber Optic,No,Male,65,Yes,California,La Canada Flintridge
5666-CYCYZ,Stayed,No,76,5352,89.55,2693.03,4,Month-to-Month,Bank Withdrawal,No Offer,Fiber Optic,Yes,Female,21,No,California,Montebello
5666-MBJPT,Stayed,No,46,5449,25.10,3052.95,4,Two Year,Bank Withdrawal,Offer B,No Internet Service,No,Male,22,No,California,Bakersfield
5668-MEISB,Stayed,No,34,5146,106.10,8118.92,4,Two Year,Credit Card,No Offer,Fiber Optic,Yes,Female,57,No,California,Hacienda Heights
5669-SRAIP,Churned,Yes,93,2863,39.50,171.48,2,Month-to-Month,Bank Withdrawal,Offer E,DSL,No,Female,55,No,California,Larkspur
5671-RQRLP,Stayed,No,30,4181,75.65,6566.63,4,Two Year,Credit Card,Offer A,Fiber Optic,No,Female,72,Yes,California,Fowler
5671-UUNXD,Stayed,No,40,5791,100.65,7018.75,3,One Year,Bank Withdrawal,No Offer,Fiber Optic,Yes,Female,79,Yes,California,Nicasio
5673-FSSMF,Churned,Yes,91,4611,60.15,113.63,3,Month-to-Month,Bank Withdrawal,Offer E,Cable,No,Female,19,No,California,Delhi
5673-TIYIB,Churned,Yes,86,3620,40.40,77.15,3,Month-to-Month,Credit Card,Offer E,DSL,Yes,Male,34,No,California,Torrance
5676-CFLYY,Stayed,No,68,5124,73.35,6307.54,5,Two Year,Credit Card,Offer A,Cable,Yes,Male,30,No,California,Ahwahnee
5678-VFNEQ,Stayed,No,45,4695,104.10,7723.94,4,One Year,Credit Card,Offer A,Fiber Optic,No,Female,19,No,California,Rocklin
5680-LQOGP,Stayed,No,70,5308,82.45,6747.08,3,Two Year,Credit Card,Offer A,Cable,Yes,Female,21,No,California,Twin Bridges
5681-LLOEI,Stayed,No,30,5884,91.25,5803.77,3,One Year,Credit Card,No Offer,Fiber Optic,Yes,Male,59,No,California,Encino
5684-FJVYR,Stayed,No,49,5794,90.35,7254.60,3,Two Year,Bank Withdrawal,Offer A,Fiber Optic,Yes,Female,41,No,California,Lake Hughes
5685-IIXLY,Churned,Yes,93,4565,83.60,414.76,3,Month-to-Month,Bank Withdrawal,No Offer,Fiber Optic,No,Female,54,No,California,Novato
5686-CMAWK,Stayed,No,29,5863,86.75,2255.32,5,One Year,Bank Withdrawal,No Offer,Fiber Optic,Yes,Male,41,No,California,San Diego
5687-DKDTV,Churned,Yes,76,5984,20.35,228.14,3,Month-to-Month,Credit Card,No Offer,No Internet Service,No,Female,35,No,California,Bellflower
5688-KZTSN,Churned,Yes,73,4672,20.00,755.15,1,Month-to-Month,Bank Withdrawal,No Offer,No Internet Service,No,Male,59,No,California,San Diego
5692-FPTAH,Churned,Yes,67,2168,45.40,83.71,2,Month-to-Month,Credit Card,No Offer,Cable,No,Female,32,No,California,Nicolaus
5692-ICXLW,Stayed,No,60,3493,90.70,4393.16,5,Two Year,Bank Withdrawal,No Offer,Fiber Optic,No,Male,75,Yes,California,Escondido
5693-PIPCS,Stayed,No,66,2640,99.65,5107.59,5,Two Year,Credit Card,Offer B,Fiber Optic,Yes,Male,29,No,California,National City
5696-CEIQJ,Stayed,No,40,4376,103.15,7783.92,3,Two Year,Bank Withdrawal,Offer A,Fiber Optic,Yes,Male,31,No,California,Riverside
5696-EXCYS,Stayed,No,29,5347,19.45,1037.83,4,Two Year,Credit Card,Offer D,No Internet Service,No,Male,50,No,California,Hood
5696-JVVQY,Stayed,No,27,5476,70.10,3482.00,4,Two Year,Credit Card,Offer B,DSL,No,Female,56,No,California,Davis
5696-QURRL,Churned,Yes,73,2644,45.05,128.89,3,Month-to-Month,Credit Card,No Offer,DSL,No,Male,31,No,California,Waterford
5697-GOMBF,Stayed,No,34,5444,35.90,1013.65,5,One Year,Bank Withdrawal,No Offer,DSL,No,Female,75,Yes,California,Julian
5698-BQJOH,Churned,Yes,96,5571,94.40,1102.14,3,Month-to-Month,Bank Withdrawal,No Offer,Fiber Optic,No,Female,41,No,California,Beverly Hills
5699-BNCAS,Stayed,No,73,4788,24.65,2104.00,3,Two Year,Credit Card,Offer A,No Internet Service,No,Male,79,Yes,California,Valley Center
5701-GUXDC,Stayed,No,29,2519,35.40,978.60,3,One Year,Credit Card,No Offer,DSL,No,Female,24,No,California,El Centro
5701-SVCWR,Joined,No,60,2559,24.00,56.95,4,Month-to-Month,Credit Card,Offer E,No Internet Service,No,Female,45,No,California,Laguna Niguel
5701-YVSVF,Stayed,No,21,4413,82.90,1200.70,4,One Year,Bank Withdrawal,Offer D,Fiber Optic,Yes,Female,68,Yes,California,Fallbrook
5701-ZIKJE,Stayed,No,29,5530,50.55,1052.10,5,Month-to-Month,Credit Card,Offer D,DSL,Yes,Male,28,No,California,Redcrest
5702-KVQRD,Stayed,No,68,4668,82.55,7835.56,3,Two Year,Bank Withdrawal,Offer A,DSL,Yes,Male,34,No,California,Topaz
5702-SKUOB,Stayed,No,66,4580,19.60,210.01,4,Month-to-Month,Credit Card,No Offer,No Internet Service,No,Female,34,No,California,Fresno
5707-ORNDZ,Churned,Yes,79,4656,54.55,516.10,1,Month-to-Month,Bank Withdrawal,Offer E,DSL,No,Male,79,Yes,California,Yuba City
5707-ZMDJP,Stayed,No,27,4590,69.70,5409.17,4,Two Year,Credit Card,No Offer,DSL,Yes,Male,61,No,California,Norwalk
5708-EVONK,Churned,Yes,73,5989,93.40,5647.30,1,Month-to-Month,Bank Withdrawal,No Offer,Fiber Optic,No,Female,37,No,California,Cassel
5709-LVOEQ,Stayed,No,45,2048,80.85,1119.40,3,Two Year,Mailed Check,No Offer,DSL,No,Female,40,No,California,San Mateo
5712-AHQNN,Stayed,No,65,3826,91.65,5095.75,5,Month-to-Month,Bank Withdrawal,No Offer,Fiber Optic,No,Female,36,No,California,Whittier
5712-PTIWW,Churned,Yes,91,3280,79.85,184.73,2,Month-to-Month,Bank Withdrawal,Offer E,Fiber Optic,Yes,Male,46,No,California,Mcarthur
5712-VBOXD,Stayed,No,74,5221,20.15,73.65,3,Month-to-Month,Credit Card,Offer E,No Internet Service,No,Female,53,No,California,Santa Barbara
5716-EZXZN,Stayed,No,59,5878,99.05,7274.70,3,Two Year,Credit Card,No Offer,Fiber Optic,Yes,Female,56,No,California,Surfside
5716-LIBJC,Stayed,No,33,2810,104.15,1452.21,3,One Year,Credit Card,Offer D,Fiber Optic,No,Female,29,No,California,Winton
5724-BIDBU,Stayed,No,26,5601,55.35,4701.26,3,One Year,Bank Withdrawal,No Offer,Cable,No,Male,29,No,California,Penn Valley
5726-CVNYA,Stayed,No,65,3260,19.85,283.32,5,Two Year,Credit Card,Offer E,No Internet Service,No,Female,44,No,California,Cutler
5727-MYATE,Stayed,No,46,5028,90.80,7882.96,4,Two Year,Credit Card,Offer A,DSL,Yes,Male,64,No,California,Van Nuys
5729-KLZAR,Churned,Yes,73,2961,80.85,519.87,1,Month-to-Month,Bank Withdrawal,Offer E,Fiber Optic,No,Female,22,No,California,Sacramento
5730-DBDSI,Stayed,No,36,4601,19.70,4259.44,3,Two Year,Bank Withdrawal,Offer A,No Internet Service,No,Male,50,No,California,June Lake
5730-RIITO,Stayed,No,79,4757,33.45,1540.25,3,Two Year,Credit Card,No Offer,DSL,No,Female,73,Yes,California,Willows
5732-IKGQH,Stayed,No,78,5490,104.45,7509.25,3,One Year,Bank Withdrawal,No Offer,Fiber Optic,Yes,Male,79,Yes,California,Camarillo
5734-EJKXG,Stayed,No,76,5536,118.60,9731.28,3,One Year,Bank Withdrawal,Offer B,Fiber Optic,Yes,Female,25,No,California,Goodyears Bar
5736-YEJAX,Stayed,No,28,5189,79.45,7407.60,4,Two Year,Credit Card,Offer A,DSL,Yes,Male,23,No,California,Hemet
5740-YHGTW,Stayed,No,49,4551,97.55,8935.65,4,Month-to-Month,Credit Card,No Offer,Fiber Optic,No,Male,62,No,California,Los Angeles
5743-KHMNA,Stayed,No,27,6305,25.55,4672.78,5,Two Year,Bank Withdrawal,No Offer,No Internet Service,No,Male,43,No,California,Berkeley
5747-PMBSQ,Churned,Yes,77,2415,92.50,1145.30,1,Month-to-Month,Credit Card,No Offer,Fiber Optic,Yes,Male,72,Yes,California,San Diego
5748-RNCJT,Churned,Yes,81,4859,106.50,9203.52,3,Two Year,Bank Withdrawal,Offer A,Fiber Optic,Yes,Male,58,No,California,Sacramento
5751-USDBL,Stayed,No,57,4280,81.00,5960.05,4,Two Year,Mailed Check,No Offer,Cable,Yes,Male,37,No,California,Soda Springs
5753-QQWPW,Stayed,No,69,4131,59.90,1971.66,3,One Year,Bank Withdrawal,Offer C,DSL,Yes,Female,57,No,California,Aliso Viejo
5756-JYOJT,Stayed,No,49,3206,64.90,752.25,3,One Year,Credit Card,No Offer,Cable,Yes,Female,55,No,California,Santa Ana
5756-OZRIO,Stayed,No,29,4001,64.05,5991.24,4,One Year,Bank Withdrawal,No Offer,DSL,No,Male,73,Yes,California,Riverside
5759-RCVCB,Churned,Yes,91,5450,35.20,108.95,1,Month-to-Month,Credit Card,Offer E,DSL,No,Female,20,No,California,Orange
5760-FXFVO,Stayed,No,35,4093,78.95,672.07,3,Month-to-Month,Bank Withdrawal,Offer E,Fiber Optic,No,Male,55,No,California,Pleasant Grove
5760-IFJOZ,Joined,No,77,3449,107.95,456.10,4,Month-to-Month,Mailed Check,No Offer,Fiber Optic,No,Male,57,No,California,Richgrove
5760-WRAHC,Stayed,No,32,3509,69.75,2644.96,3,One Year,Mailed Check,Offer D,DSL,Yes,Female,78,Yes,California,Fontana
5762-TJXGK,Stayed,No,21,5122,58.75,3038.55,4,Two Year,Bank Withdrawal,Offer B,DSL,No,Female,40,No,California,Wheatland
5766-FTRTS,Stayed,No,50,6297,84.45,8557.42,3,Two Year,Credit Card,Offer A,DSL,Yes,Male,35,No,California,El Segundo
5766-XQXMQ,Churned,Yes,79,5449,68.85,2000.08,1,Month-to-Month,Bank Withdrawal,No Offer,DSL,No,Female,45,No,California,Princeton
5766-ZJYBB,Churned,Yes,66,4152,19.40,22.54,2,Month-to-Month,Mailed Check,No Offer,No Internet Service,No,Male,52,No,California,Brisbane
5774-QPLTF,Stayed,No,71,6391,20.35,2287.95,5,One Year,Credit Card,No Offer,No Internet Service,No,Male,40,No,California,El Nido
5774-XZTQC,Stayed,No,75,4484,20.45,191.63,4,Month-to-Month,Credit Card,Offer E,No Internet Service,No,Female,30,No,California,Lakewood
5777-KJIRB,Stayed,No,25,2449,50.25,2954.75,5,One Year,Credit Card,No Offer,Cable,No,Female,61,No,California,Weimar
5777-ZPQNC,Stayed,No,38,4628,20.15,580.74,5,One Year,Bank Withdrawal,Offer D,No Internet Service,No,Female,35,No,California,Covina
5778-BVOFB,Stayed,No,53,4011,59.50,882.76,5,Month-to-Month,Bank Withdrawal,Offer E,Cable,Yes,Female,33,No,California,Escondido
5780-INQIK,Stayed,No,48,2907,49.40,575.45,4,Month-to-Month,Bank Withdrawal,No Offer,DSL,Yes,Female,52,No,California,San Mateo
5781-BKHOP,Stayed,No,20,6380,100.65,10335.01,3,Two Year,Bank Withdrawal,Offer A,Fiber Optic,No,Female,48,No,California,Richmond
5781-RFZRP,Stayed,No,31,5431,73.50,7799.44,3,Two Year,Credit Card,No Offer,DSL,Yes,Male,34,No,California,Ladera Ranch
5787-KXGIY,Stayed,No,42,4035,19.30,1492.72,3,Two Year,Credit Card,No Offer,No Internet Service,No,Male,54,No,California,Palo Alto
5788-YPOEG,Stayed,No,51,2020,84.75,3148.51,3,Two Year,Credit Card,Offer C,DSL,Yes,Female,41,No,California,Pebble Beach
5789-LDFXO,Stayed,No,79,5448,24.60,1728.57,3,One Year,Bank Withdrawal,Offer C,No Internet Service,No,Male,60,No,California,Baker
5791-KAJFD,Stayed,No,64,6198,68.75,6208.16,3,One Year,Bank Withdrawal,No Offer,DSL,No,Female,58,No,California,Newport Beach
5792-JALQC,Stayed,No,71,5085,59.85,4852.09,3,Two Year,Bank Withdrawal,Offer B,DSL,No,Female,78,Yes,California,San Rafael
5793-YOLJN,Stayed,No,24,5046,21.00,3328.35,3,Two Year,Credit Card,Offer B,No Internet Service,No,Female,53,No,California,Oro Grande
5795-BKOYE,Stayed,No,71,5846,59.10,5133.82,4,One Year,Bank Withdrawal,Offer A,DSL,Yes,Female,47,No,California,Sacramento
5795-KTGUD,Stayed,No,67,4545,110.80,10729.20,3,Two Year,Bank Withdrawal,Offer A,Fiber Optic,No,Female,61,No,California,Ione
5797-APWZC,Churned,Yes,92,2540,90.60,122.28,1,Month-to-Month,Bank Withdrawal,Offer E,Fiber Optic,No,Female,41,No,California,San Francisco
5799-JRCZO,Stayed,No,44,4370,19.50,2747.26,5,Two Year,Credit Card,No Offer,No Internet Service,No,Female,48,No,California,North San Juan
5802-ADBRC,Stayed,No,26,6100,104.40,6272.40,3,One Year,Mailed Check,Offer B,Fiber Optic,No,Female,57,No,California,San Juan Capistrano
5803-NQJZO,Stayed,No,74,5242,67.80,5922.09,3,Two Year,Bank Withdrawal,No Offer,Cable,Yes,Male,46,No,California,Bakersfield
5804-HYIEZ,Stayed,No,30,4583,106.05,10373.65,4,Month-to-Month,Bank Withdrawal,Offer A,Fiber Optic,No,Male,40,No,California,Winterhaven
5804-JMYIO,Stayed,No,61,3944,19.75,1378.44,3,Two Year,Credit Card,Offer C,No Internet Service,No,Female,40,No,California,Glencoe
5804-LEPIM,Churned,Yes,73,2671,70.35,165.39,3,Month-to-Month,Bank Withdrawal,Offer E,Fiber Optic,No,Female,74,Yes,California,San Diego
5808-TOTXO,Joined,No,69,2774,20.55,91.21,3,One Year,Credit Card,No Offer,No Internet Service,No,Female,37,No,California,Oakland
5811-IWXYM,Stayed,No,25,5954,101.25,7630.18,5,One Year,Bank Withdrawal,Offer B,Fiber Optic,No,Female,20,No,California,Napa
5813-UECBU,Churned,Yes,79,2583,83.85,3987.79,2,Month-to-Month,Credit Card,No Offer,Fiber Optic,No,Male,78,Yes,California,Bridgeville
5815-HGGHV,Stayed,No,61,5969,64.15,2050.05,4,One Year,Credit Card,Offer D,DSL,Yes,Male,45,No,California,Witter Springs
5816-JMLGY,Stayed,No,28,6367,80.40,8502.45,5,Two Year,Bank Withdrawal,No Offer,DSL,Yes,Female,28,No,California,Red Bluff
5816-QVHRX,Stayed,No,44,4040,100.30,5208.62,5,Month-to-Month,Credit Card,No Offer,Fiber Optic,Yes,Female,26,No,California,San Leandro
5816-SCGFC,Stayed,No,46,3660,51.30,496.42,4,Two Year,Credit Card,No Offer,Cable,No,Female,73,Yes,California,Fullerton
5820-PTRYM,Stayed,No,79,4368,68.45,5515.92,4,One Year,Credit Card,No Offer,Cable,Yes,Female,75,Yes,California,Chula Vista
5821-MMEIL,Stayed,No,48,4408,19.90,3672.62,5,Two Year,Bank Withdrawal,No Offer,No Internet Service,No,Female,43,No,California,Nipton
5825-XJOCM,Stayed,No,45,2545,64.40,4294.87,4,One Year,Bank Withdrawal,No Offer,Cable,No,Male,39,No,California,Gazelle
5827-MWCZK,Stayed,No,66,6484,96.95,6749.32,5,Month-to-Month,Credit Card,Offer B,Fiber Optic,Yes,Male,39,No,California,Boonville
5828-AVIPD,Churned,Yes,73,4072,100.95,1988.22,3,One Year,Bank Withdrawal,No Offer,Fiber Optic,Yes,Male,29,No,California,Sierraville
5828-DWPIL,Stayed,No,25,4415,89.10,5913.42,4,Month-to-Month,Bank Withdrawal,No Offer,Fiber Optic,No,Male,68,Yes,California,Livermore
5829-NVSQN,Stayed,No,34,3519,68.75,2411.42,3,One Year,Bank Withdrawal,No Offer,DSL,Yes,Female,38,No,California,Gonzales
5832-EXGTT,Stayed,No,76,5517,60.20,1875.04,3,Month-to-Month,Credit Card,No Offer,DSL,No,Male,28,No,California,Burbank
5832-TRLPB,Stayed,No,77,4422,75.35,2348.67,3,One Year,Bank Withdrawal,No Offer,Cable,Yes,Male,30,No,California,Milpitas
5832-XKAES,Churned,Yes,74,2320,69.80,210.14,1,Month-to-Month,Credit Card,Offer E,Fiber Optic,No,Male,56,No,California,Sierraville
5834-ASPWA,Churned,Yes,74,5518,75.45,87.03,3,Month-to-Month,Bank Withdrawal,No Offer,Fiber Optic,No,Male,55,No,California,San Diego
5835-BEQEU,Churned,Yes,92,4428,76.95,353.54,2,Month-to-Month,Bank Withdrawal,No Offer,Fiber Optic,No,Male,44,No,California,Escondido
5837-LXSDN,Stayed,No,25,2845,58.85,1965.57,4,One Year,Credit Card,No Offer,Cable,No,Female,63,No,California,Angwin
5839-SUYVZ,Stayed,No,70,2893,74.55,1783.62,3,Month-to-Month,Credit Card,No Offer,Fiber Optic,Yes,Male,21,No,California,Orange
5840-NVDCG,Stayed,No,43,3559,68.25,1436.77,3,Two Year,Bank Withdrawal,No Offer,Cable,Yes,Female,32,No,California,Pacoima
5842-POCOP,Churned,Yes,79,4356,88.90,662.00,1,Month-to-Month,Mailed Check,No Offer,Cable,No,Female,37,No,California,Randsburg
5843-TTHGI,Stayed,No,49,4952,50.00,1254.64,5,Month-to-Month,Credit Card,No Offer,DSL,No,Female,30,No,California,Sunnyvale
5844-QVTAT,Stayed,No,21,4276,58.45,2245.47,4,One Year,Credit Card,Offer C,Cable,No,Female,24,No,California,Irvine
5845-BZZIB,Stayed,No,65,4517,20.10,1027.94,3,Two Year,Credit Card,No Offer,No Internet Service,No,Male,37,No,California,Frazier Park
5846-ABOBJ,Stayed,No,72,4766,24.45,4116.96,3,Two Year,Bank Withdrawal,No Offer,No Internet Service,No,Male,24,No,California,Los Angeles
5846-NEQVZ,Stayed,No,25,5328,70.85,5145.93,4,Two Year,Credit Card,No Offer,Cable,Yes,Male,19,No,California,Mission Viejo
5846-QFDFI,Stayed,No,78,3648,88.60,3252.03,3,Month-to-Month,Credit Card,Offer C,Fiber Optic,Yes,Female,21,No,California,Pine Valley
5847-MXBEO,Stayed,No,50,4510,20.30,703.02,5,One Year,Credit Card,Offer D,No Internet Service,No,Male,42,No,California,Helm
5848-FHRFC,Stayed,No,63,5740,20.05,1579.34,4,Two Year,Bank Withdrawal,Offer A,No Internet Service,No,Female,49,No,California,Santa Monica
5849-ASHZJ,Stayed,No,65,2400,20.05,1020.00,3,One Year,Credit Card,No Offer,No Internet Service,No,Male,26,No,California,Palo Alto
5850-BDWCY,Stayed,No,26,5029,20.20,382.73,5,Month-to-Month,Credit Card,Offer E,No Internet Service,No,Female,64,No,California,Los Angeles
5854-KSRBJ,Stayed,No,33,4954,25.40,2435.15,4,Two Year,Credit Card,Offer A,No Internet Service,No,Male,31,No,California,San Clemente
5855-EIBDE,Stayed,No,57,5948,106.65,7167.18,4,Two Year,Credit Card,No Offer,Fiber Optic,Yes,Female,35,No,California,Orangevale
5857-TYBCJ,Stayed,No,36,2925,89.20,4684.80,4,Two Year,Bank Withdrawal,Offer B,Fiber Optic,No,Male,72,Yes,California,Dixon
5857-XRECV,Joined,No,47,4486,20.50,100.27,3,One Year,Bank Withdrawal,No Offer,No Internet Service,No,Female,44,No,California,Manteca
5858-EAFCZ,Joined,No,74,3498,44.45,67.79,3,Month-to-Month,Credit Card,No Offer,DSL,No,Male,45,No,California,Rialto
5859-HZYLF,Stayed,No,58,4347,19.15,1655.59,5,Two Year,Credit Card,No Offer,No Internet Service,No,Male,45,No,California,San Jose
5862-BRIXZ,Stayed,No,36,2694,60.75,2893.40,4,Two Year,Bank Withdrawal,Offer B,DSL,Yes,Male,33,No,California,Santa Maria
5863-OOKCL,Stayed,No,62,5949,18.85,573.60,3,Month-to-Month,Credit Card,Offer D,No Internet Service,No,Female,60,No,California,Cayucos
5868-CZJDR,Churned,Yes,85,3605,31.35,111.35,2,Month-to-Month,Mailed Check,Offer E,DSL,No,Male,41,No,California,Linden
5868-YTYKS,Joined,No,48,2448,20.25,67.50,3,Month-to-Month,Credit Card,Offer E,No Internet Service,No,Male,21,No,California,Davenport
5868-YWPDW,Churned,Yes,72,5834,84.20,761.79,2,Month-to-Month,Bank Withdrawal,No Offer,Fiber Optic,No,Male,76,Yes,California,Sherman Oaks
5871-DGTXZ,Stayed,No,38,4636,19.80,1936.34,4,One Year,Credit Card,Offer C,No Internet Service,No,Male,55,No,California,River Pines
5872-OEQNH,Stayed,No,48,4928,44.45,2773.90,4,One Year,Bank Withdrawal,Offer B,DSL,No,Female,29,No,California,Carmichael
5875-YPQFJ,Churned,Yes,84,5367,69.90,115.56,3,Month-to-Month,Bank Withdrawal,Offer E,Fiber Optic,No,Male,51,No,California,Fremont
5876-HZVZM,Churned,Yes,87,4914,55.90,482.41,1,Month-to-Month,Credit Card,Offer E,Cable,No,Female,55,No,California,West Covina
5876-QMYLD,Stayed,No,9,3742,20.05,824.96,4,One Year,Credit Card,No Offer,No Internet Service,No,Female,44,No,California,Earp
5879-HMFFH,Stayed,No,42,6247,88.05,9247.85,4,Two Year,Bank Withdrawal,No Offer,DSL,Yes,Female,49,No,California,Cassel
5879-SESNB,Stayed,No,75,5902,75.25,1260.34,3,Month-to-Month,Bank Withdrawal,Offer D,Fiber Optic,No,Female,34,No,California,Moraga
5882-CMAZQ,Stayed,No,21,5100,34.25,163.55,5,Month-to-Month,Bank Withdrawal,No Offer,DSL,Yes,Female,52,No,California,National City
5883-GTGVD,Churned,Yes,76,3670,99.95,1973.36,1,Month-to-Month,Bank Withdrawal,Offer D,Fiber Optic,No,Male,54,No,California,Biola
5884-FBCTL,Stayed,No,67,5611,25.10,4422.49,4,Two Year,Bank Withdrawal,No Offer,No Internet Service,No,Female,43,No,California,Shafter
5884-GCYMI,Churned,Yes,91,2847,69.40,107.93,1,Month-to-Month,Mailed Check,Offer E,Fiber Optic,No,Male,62,No,California,San Diego
5886-VLQVU,Stayed,No,78,4945,89.85,4050.25,3,Month-to-Month,Bank Withdrawal,No Offer,Fiber Optic,Yes,Male,30,No,California,Grand Terrace
5887-IKKYO,Stayed,No,49,4777,94.35,5854.23,4,Two Year,Bank Withdrawal,Offer B,Fiber Optic,Yes,Male,54,No,California,Pomona
5889-JTMUL,Churned,Yes,92,5863,95.05,6516.70,3,Month-to-Month,Bank Withdrawal,Offer B,Fiber Optic,No,Female,67,Yes,California,Castaic
5889-LFOLL,Churned,Yes,77,2659,84.60,1582.68,1,Month-to-Month,Bank Withdrawal,Offer D,Fiber Optic,No,Female,27,No,California,Canby
5893-KCLGT,Stayed,No,78,5478,19.75,2636.14,4,Two Year,Credit Card,No Offer,No Internet Service,No,Female,56,No,California,Sunland
5893-PYOLZ,Stayed,No,75,4399,81.80,7298.61,5,Two Year,Credit Card,Offer B,DSL,Yes,Male,55,No,California,San Leandro
5895-QSXOD,Stayed,No,63,3522,70.05,1091.75,3,Month-to-Month,Credit Card,No Offer,Fiber Optic,No,Male,42,No,California,Alleghany
5896-NPFWW,Churned,Yes,93,3273,50.15,208.77,1,Month-to-Month,Bank Withdrawal,No Offer,Cable,No,Male,23,No,California,San Diego
5897-ZYEKH,Stayed,No,45,5768,105.60,7910.12,3,One Year,Bank Withdrawal,No Offer,Fiber Optic,No,Female,74,Yes,California,Lincoln
5898-IGSLP,Stayed,No,46,2132,89.30,3466.56,3,Month-to-Month,Bank Withdrawal,Offer C,Fiber Optic,Yes,Male,37,No,California,Mountain View
5899-MQZZL,Churned,Yes,68,2189,75.00,1077.84,2,Month-to-Month,Mailed Check,Offer D,Fiber Optic,No,Female,25,No,California,San Ysidro
5899-OUVKV,Stayed,No,42,3949,94.50,4402.72,3,Month-to-Month,Bank Withdrawal,No Offer,Fiber Optic,No,Male,56,No,California,Sacramento
5902-WBLSE,Stayed,No,67,5219,20.15,3290.70,3,Two Year,Credit Card,No Offer,No Internet Service,No,Female,32,No,California,Bonita
5906-BFOZT,Joined,No,21,3753,19.50,27.52,5,Month-to-Month,Credit Card,No Offer,No Internet Service,No,Male,54,No,California,Loleta
5906-CVLHP,Churned,Yes,92,2761,54.15,4211.60,2,One Year,Credit Card,No Offer,Cable,Yes,Female,60,No,California,Rowland Heights
5906-DVAPM,Stayed,No,65,5011,75.00,6056.40,3,One Year,Credit Card,No Offer,DSL,Yes,Female,27,No,California,Meridian
5908-QMGOE,Churned,Yes,80,4553,74.20,1443.54,1,Month-to-Month,Credit Card,No Offer,Fiber Optic,No,Male,74,Yes,California,Fowler
5909-ECHUI,Churned,Yes,71,3065,56.25,82.39,1,Month-to-Month,Bank Withdrawal,No Offer,DSL,No,Female,49,No,California,Oak Run
5913-INRQV,Stayed,No,38,3202,90.15,4029.46,3,One Year,Credit Card,No Offer,Fiber Optic,Yes,Male,71,Yes,California,Upland
5914-DVBWJ,Churned,Yes,91,5145,85.45,1548.33,1,Month-to-Month,Bank Withdrawal,No Offer,Fiber Optic,Yes,Female,80,Yes,California,Riverside
5914-GXMDA,Stayed,No,66,5817,19.30,2041.52,5,One Year,Credit Card,No Offer,No Internet Service,No,Female,42,No,California,Lamont
5914-XRFQB,Stayed,No,80,6479,115.80,11529.54,3,Two Year,Bank Withdrawal,No Offer,Fiber Optic,Yes,Male,58,No,California,Caspar
5915-ANOEI,Stayed,No,49,4408,79.15,8291.00,4,Two Year,Credit Card,No Offer,DSL,Yes,Male,40,No,California,Corcoran
5915-DGNVC,Stayed,No,79,6193,71.80,4701.95,4,One Year,Bank Withdrawal,Offer B,DSL,No,Female,47,No,California,Cambria
5916-QEWPT,Joined,No,29,2798,69.00,202.62,4,Month-to-Month,Credit Card,Offer E,Cable,No,Female,61,No,California,Valley Village
5917-HBSDW,Stayed,No,31,2360,19.35,782.91,5,Month-to-Month,Bank Withdrawal,No Offer,No Internet Service,No,Female,20,No,California,Mill Valley
5917-RYRMG,Stayed,No,78,3836,19.80,1416.18,4,One Year,Credit Card,No Offer,No Internet Service,No,Male,79,Yes,California,Jolon
5918-VUKWP,Stayed,No,77,5358,20.55,1805.59,3,One Year,Bank Withdrawal,Offer C,No Internet Service,No,Female,61,No,California,Pasadena
5919-TMRGD,Churned,Yes,87,2483,79.35,92.48,1,Month-to-Month,Bank Withdrawal,No Offer,Fiber Optic,No,Female,32,No,California,Huntington Park
5919-VCZYM,Joined,No,58,4394,20.05,123.26,5,Month-to-Month,Credit Card,No Offer,No Internet Service,No,Male,19,No,California,Santa Ana
5921-NGYRH,Stayed,No,50,5018,73.55,7840.34,3,Month-to-Month,Credit Card,Offer B,Fiber Optic,No,Male,40,No,California,Stonyford
5922-ABDVO,Churned,Yes,74,3046,89.65,2253.54,3,Month-to-Month,Credit Card,Offer D,Fiber Optic,No,Female,20,No,California,Seal Beach
5923-GXUOC,Churned,Yes,84,5035,104.40,1165.25,1,Month-to-Month,Bank Withdrawal,No Offer,Fiber Optic,No,Male,37,No,California,Fallbrook
5924-IFQTT,Stayed,No,46,2862,72.80,1109.06,4,Month-to-Month,Bank Withdrawal,No Offer,DSL,Yes,Male,33,No,California,Crescent Mills
5924-SNGKP,Stayed,No,25,3972,20.25,1089.23,4,One Year,Credit Card,No Offer,No Internet Service,No,Female,39,No,California,Solana Beach
5928-QLDHB,Stayed,No,62,2062,76.25,997.60,5,Month-to-Month,Bank Withdrawal,No Offer,Fiber Optic,No,Male,48,No,California,San Fernando
5930-GBIWP,Stayed,No,45,5286,81.50,5776.81,4,Two Year,Credit Card,No Offer,Cable,Yes,Male,46,No,California,Doyle
5931-FLJJF,Churned,Yes,83,3669,70.10,559.67,2,Month-to-Month,Credit Card,No Offer,Fiber Optic,No,Male,75,Yes,California,Midway City
5934-RMPOV,Stayed,No,79,4240,84.75,2558.81,3,Month-to-Month,Bank Withdrawal,Offer D,Fiber Optic,No,Female,32,No,California,Pescadero
5934-TSSAU,Stayed,No,49,5903,75.30,2823.69,5,Month-to-Month,Credit Card,Offer D,Fiber Optic,No,Female,51,No,California,Landers
5935-FCCNB,Stayed,No,54,4425,94.20,2118.98,4,Two Year,Bank Withdrawal,No Offer,Fiber Optic,No,Female,79,Yes,California,Downey
5937-EORGB,Stayed,No,61,2394,96.50,1734.70,4,Month-to-Month,Bank Withdrawal,No Offer,Fiber Optic,No,Male,79,Yes,California,Five Points
5939-SXWHM,Stayed,No,72,2111,26.30,2240.09,3,Two Year,Bank Withdrawal,Offer B,No Internet Service,No,Male,59,No,California,Millville
5939-XAIXZ,Stayed,No,27,3367,56.10,1734.62,3,Month-to-Month,Credit Card,Offer D,DSL,No,Female,54,No,California,Birds Landing
5940-AHUHD,Churned,Yes,69,3338,70.60,115.19,2,Month-to-Month,Credit Card,Offer E,Fiber Optic,No,Male,30,No,California,Pomona
5940-NFXKV,Churned,Yes,88,3427,83.65,1863.46,2,Month-to-Month,Bank Withdrawal,No Offer,Fiber Optic,No,Male,59,No,California,San Diego
5944-UGLLK,Stayed,No,80,5677,54.90,3045.75,4,One Year,Credit Card,Offer B,Cable,Yes,Male,62,No,California,Cloverdale
5945-AZYHT,Stayed,No,22,4564,109.60,11355.87,3,One Year,Bank Withdrawal,Offer A,Fiber Optic,No,Male,53,No,California,Antioch
5947-SGKCL,Stayed,No,66,2721,105.35,1622.10,3,Month-to-Month,Bank Withdrawal,Offer D,Fiber Optic,No,Female,19,No,California,San Marino
5948-UJZLF,Joined,No,57,3805,49.25,178.50,5,Month-to-Month,Credit Card,No Offer,DSL,No,Male,22,No,California,Los Angeles
5949-EBSQK,Churned,Yes,83,2131,61.45,338.51,2,Month-to-Month,Credit Card,No Offer,DSL,Yes,Male,44,No,California,Sunset Beach
5949-HGVJL,Stayed,No,46,2753,73.05,2567.97,5,Month-to-Month,Bank Withdrawal,No Offer,DSL,Yes,Female,35,No,California,Mccloud
5949-XIKAE,Churned,Yes,65,2879,83.55,938.61,1,Month-to-Month,Bank Withdrawal,No Offer,Cable,No,Female,32,No,California,San Bernardino
5950-AAAGJ,Stayed,No,72,4612,84.30,1578.58,3,Month-to-Month,Bank Withdrawal,Offer D,Fiber Optic,No,Male,19,No,California,Playa Del Rey
5951-AOFIH,Stayed,No,69,3843,66.40,3754.16,5,Month-to-Month,Credit Card,No Offer,Cable,No,Male,19,No,California,San Jose
5954-BDFSG,Stayed,No,53,4708,107.50,8595.54,3,Two Year,Credit Card,No Offer,Fiber Optic,Yes,Female,40,No,California,West Hollywood
5955-EPOAZ,Stayed,No,77,5554,20.95,368.64,3,Month-to-Month,Credit Card,No Offer,No Internet Service,No,Female,40,No,California,Livermore
5955-ERIHD,Churned,Yes,72,2206,94.70,2254.77,1,Month-to-Month,Bank Withdrawal,Offer D,Fiber Optic,No,Male,53,No,California,Lakewood
5956-VKDTT,Churned,Yes,82,5273,74.35,563.60,1,Month-to-Month,Bank Withdrawal,Offer E,Fiber Optic,No,Female,72,Yes,California,Moreno Valley
5956-YHHRX,Stayed,No,22,4934,104.35,2924.96,5,Two Year,Bank Withdrawal,Offer D,Fiber Optic,No,Male,75,Yes,California,Pilot Hill
5959-BELXA,Churned,Yes,79,2246,96.15,3833.65,2,Month-to-Month,Credit Card,Offer C,Fiber Optic,No,Male,67,Yes,California,Yucaipa
5960-MVTUK,Joined,No,55,3425,29.75,96.85,3,Month-to-Month,Bank Withdrawal,Offer E,DSL,Yes,Male,58,No,California,Grenada
5960-WPXQM,Churned,Yes,80,3555,79.05,110.39,1,Month-to-Month,Bank Withdrawal,No Offer,Fiber Optic,No,Male,24,No,California,Temecula
5961-VUSRV,Stayed,No,57,4451,19.35,419.99,5,One Year,Bank Withdrawal,Offer D,No Internet Service,No,Female,53,No,California,Sherman Oaks
5965-GGPRW,Stayed,No,78,4427,105.25,10205.35,3,Two Year,Bank Withdrawal,Offer A,Fiber Optic,No,Male,41,No,California,Hayward
5966-EMAZU,Stayed,No,22,4576,108.50,7137.49,3,One Year,Credit Card,Offer B,Fiber Optic,Yes,Male,27,No,California,Fort Bidwell
5968-HYJRZ,Stayed,No,78,3629,24.55,1897.41,4,Two Year,Credit Card,Offer B,No Internet Service,No,Male,28,No,California,Kerman
5968-VXZLG,Joined,No,54,5096,46.60,91.64,4,Month-to-Month,Bank Withdrawal,No Offer,DSL,No,Male,45,No,California,Calabasas
5968-XQIVE,Stayed,No,76,6016,89.70,7421.99,3,One Year,Bank Withdrawal,Offer A,Fiber Optic,No,Male,32,No,California,Temecula
5970-GHJAW,Stayed,No,75,3574,19.95,2063.92,5,Two Year,Credit Card,Offer B,No Internet Service,No,Male,40,No,California,Irvine
5973-EJGDP,Stayed,No,28,4899,87.35,4550.01,5,Month-to-Month,Bank Withdrawal,Offer B,Fiber Optic,Yes,Male,21,No,California,Palm Springs
5975-BAICR,Stayed,No,31,2504,63.70,3896.70,3,One Year,Credit Card,No Offer,DSL,No,Male,36,No,California,Yountville
5976-JCJRH,Churned,Yes,94,2162,70.30,1055.40,3,Month-to-Month,Bank Withdrawal,Offer D,Fiber Optic,No,Male,36,No,California,Danville
5977-CKHON,Stayed,No,37,3853,92.55,5221.07,3,Month-to-Month,Bank Withdrawal,Offer B,Fiber Optic,No,Female,59,No,California,Roseville
5980-BDHPY,Stayed,No,76,5993,87.10,7095.54,3,Two Year,Bank Withdrawal,No Offer,Cable,Yes,Male,48,No,California,Wendel
5980-NOPLP,Churned,Yes,87,5606,96.10,4858.66,2,Month-to-Month,Bank Withdrawal,No Offer,Fiber Optic,No,Female,19,No,California,Pasadena
5981-ITEMU,Churned,Yes,67,3099,97.10,4318.30,3,Month-to-Month,Bank Withdrawal,Offer B,Fiber Optic,No,Male,58,No,California,Marshall
5981-ZVXOT,Stayed,No,50,5139,108.35,4101.70,3,One Year,Bank Withdrawal,Offer C,Fiber Optic,No,Female,72,Yes,California,San Diego
5982-FPVQN,Stayed,No,22,3407,95.15,5050.96,3,Month-to-Month,Bank Withdrawal,No Offer,Fiber Optic,No,Female,40,No,California,Camarillo
5982-PSMKW,Stayed,No,71,5991,91.10,2841.61,4,Two Year,Credit Card,Offer D,Cable,Yes,Female,20,No,California,North Hollywood
5982-XMDEX,Stayed,No,46,4404,26.50,3889.70,3,Two Year,Bank Withdrawal,Offer B,No Internet Service,No,Female,42,No,California,Arvin
5985-BEHZK,Stayed,No,56,6423,105.00,9578.93,5,One Year,Credit Card,Offer A,Fiber Optic,No,Female,78,Yes,California,Santa Ana
5985-TBABQ,Stayed,No,66,2830,74.75,3353.35,4,One Year,Credit Card,Offer C,DSL,No,Female,45,No,California,West Sacramento
5986-WWXDV,Stayed,No,68,2607,19.35,2674.99,3,One Year,Bank Withdrawal,No Offer,No Internet Service,No,Male,42,No,California,Salton City
5989-AXPUC,Stayed,No,38,4175,118.60,8039.20,4,Two Year,Credit Card,Offer A,Fiber Optic,Yes,Female,27,No,California,Garden Grove
5989-OMNJE,Stayed,No,70,5623,57.60,1367.75,4,One Year,Bank Withdrawal,No Offer,DSL,No,Female,42,No,California,Windsor
5989-PGKJB,Stayed,No,65,3511,86.25,1696.90,5,Month-to-Month,Bank Withdrawal,Offer D,Fiber Optic,No,Female,40,No,California,San Diego
5993-BQHEA,Stayed,No,62,4018,20.05,466.08,3,One Year,Credit Card,No Offer,No Internet Service,No,Male,42,No,California,San Francisco
5993-JSUWV,Stayed,No,66,5133,61.15,5427.87,3,Two Year,Bank Withdrawal,No Offer,DSL,No,Female,25,No,California,Columbia
5995-LFTLE,Stayed,No,30,4477,25.30,4303.59,5,Two Year,Credit Card,No Offer,No Internet Service,No,Male,39,No,California,Lower Lake
5995-OIGLP,Churned,Yes,90,3043,56.65,750.49,1,Month-to-Month,Credit Card,No Offer,Cable,Yes,Male,42,No,California,Port Costa
5995-SNNEW,Stayed,No,37,5883,104.45,3284.68,5,Month-to-Month,Bank Withdrawal,No Offer,Fiber Optic,No,Male,80,Yes,California,Whittier
5995-WWKKG,Stayed,No,31,5987,19.80,1811.34,5,One Year,Bank Withdrawal,Offer C,No Internet Service,No,Female,62,No,California,Running Springs
5996-DAOQL,Joined,No,80,2184,20.45,62.62,3,Month-to-Month,Credit Card,Offer E,No Internet Service,No,Male,28,No,California,Penngrove
5996-EBTKM,Stayed,No,21,6079,69.90,5609.51,3,Two Year,Bank Withdrawal,Offer A,DSL,Yes,Female,46,No,California,Lakeside
5996-NRVXR,Stayed,No,53,4332,98.15,4694.91,3,One Year,Credit Card,No Offer,Fiber Optic,Yes,Male,68,Yes,California,Los Alamitos
5997-OPVFA,Stayed,No,54,6212,89.05,6690.05,4,Two Year,Bank Withdrawal,Offer A,Cable,Yes,Male,39,No,California,Montrose
5998-DZLYR,Stayed,No,48,4676,94.35,7206.66,5,Two Year,Bank Withdrawal,Offer B,Fiber Optic,Yes,Female,55,No,California,Sutter
5998-VVEJY,Churned,Yes,72,2729,80.50,2716.96,3,Month-to-Month,Bank Withdrawal,No Offer,Fiber Optic,Yes,Male,34,No,California,Glendora
5999-LCXAO,Joined,No,61,4155,29.90,29.90,4,Month-to-Month,Credit Card,No Offer,DSL,No,Female,42,No,California,Orange
6000-APYLU,Churned,Yes,90,3890,80.80,896.16,3,Month-to-Month,Bank Withdrawal,No Offer,Fiber Optic,No,Male,39,No,California,Valencia
6000-UKLWI,Stayed,No,47,4982,20.15,2279.56,3,Two Year,Credit Card,No Offer,No Internet Service,No,Male,46,No,California,Sacramento
6005-OBZPH,Churned,Yes,89,4074,89.15,2513.99,1,Month-to-Month,Bank Withdrawal,Offer C,Fiber Optic,No,Female,68,Yes,California,San Diego
6007-TCTST,Stayed,No,39,5841,115.80,9361.38,3,Two Year,Bank Withdrawal,No Offer,Fiber Optic,Yes,Female,57,No,California,Salinas
6008-NAIXK,Stayed,No,58,4521,55.45,2966.95,3,One Year,Bank Withdrawal,No Offer,DSL,No,Male,72,Yes,California,Pine Grove
6010-DDPPW,Stayed,No,30,4279,25.15,2572.95,4,Two Year,Bank Withdrawal,Offer A,No Internet Service,No,Male,61,No,California,Newport Coast
6013-BHCAW,Stayed,No,40,4151,81.00,6986.71,4,Two Year,Bank Withdrawal,No Offer,DSL,Yes,Male,27,No,California,San Jose
6015-VVHHE,Churned,Yes,96,2516,83.15,655.20,3,Month-to-Month,Credit Card,No Offer,Fiber Optic,No,Female,68,Yes,California,Los Angeles
6016-LVTJQ,Stayed,No,74,5099,20.65,1044.84,3,Month-to-Month,Credit Card,No Offer,No Internet Service,No,Female,39,No,California,Long Beach
6016-NXBNJ,Stayed,No,60,4052,19.15,908.90,3,One Year,Credit Card,No Offer,No Internet Service,No,Male,53,No,California,Orange Cove
6017-PPLPX,Churned,Yes,87,4773,70.45,1800.75,1,Month-to-Month,Bank Withdrawal,No Offer,Fiber Optic,No,Male,47,No,California,Daly City
6022-KOUQO,Joined,No,22,4998,29.05,44.75,4,Month-to-Month,Bank Withdrawal,Offer E,Cable,Yes,Female,51,No,California,Eagleville
6022-UGGSO,Churned,Yes,90,2091,74.40,3295.68,1,Month-to-Month,Bank Withdrawal,Offer C,Fiber Optic,No,Female,70,Yes,California,Citrus Heights
6023-GSSXW,Stayed,No,51,4162,61.45,4319.57,5,Two Year,Credit Card,No Offer,DSL,No,Female,27,No,California,Wofford Heights
6023-YEBUP,Churned,Yes,81,5351,100.95,375.77,1,Month-to-Month,Bank Withdrawal,Offer E,Cable,No,Male,32,No,California,Stockton
6024-RUGGH,Stayed,No,62,6499,25.20,3819.22,3,Two Year,Bank Withdrawal,No Offer,No Internet Service,No,Male,22,No,California,San Francisco
6029-CSMJE,Stayed,No,24,3090,25.65,440.20,3,Month-to-Month,Mailed Check,No Offer,Cable,No,Male,63,No,California,Forest Ranch
6029-WTIPC,Churned,Yes,87,4424,101.10,5152.27,1,Month-to-Month,Bank Withdrawal,Offer C,Fiber Optic,No,Male,73,Yes,California,San Diego
6030-REHUX,Stayed,No,58,3906,110.85,4483.16,4,One Year,Bank Withdrawal,Offer C,Fiber Optic,Yes,Female,76,Yes,California,Fountain Valley
6032-IGALN,Churned,Yes,79,4769,25.10,25.10,1,Month-to-Month,Mailed Check,No Offer,Cable,No,Female,35,No,California,Granite Bay
6032-KRXXO,Churned,Yes,84,5654,90.25,3657.15,2,Month-to-Month,Bank Withdrawal,No Offer,Fiber Optic,No,Male,33,No,California,San Diego
6034-YMTOB,Stayed,No,40,2296,75.65,548.20,5,Month-to-Month,Credit Card,No Offer,Fiber Optic,Yes,Female,62,No,California,Arcadia
6034-ZRYCV,Churned,Yes,66,4481,54.20,3937.45,3,Two Year,Bank Withdrawal,Offer A,Cable,No,Female,51,No,California,Sacramento
6035-BXTTY,Stayed,No,56,4045,54.65,2477.54,5,One Year,Bank Withdrawal,No Offer,DSL,Yes,Female,69,Yes,California,Rancho Santa Fe
6035-RIIOM,Stayed,No,55,4971,97.20,6833.15,5,Two Year,Bank Withdrawal,No Offer,Fiber Optic,No,Female,39,No,California,Janesville
6036-TTFYU,Stayed,No,79,4298,19.60,1037.38,3,Month-to-Month,Credit Card,No Offer,No Internet Service,No,Female,48,No,California,Thousand Oaks
6038-GCYEC,Churned,Yes,95,5153,54.15,1240.25,1,Month-to-Month,Credit Card,Offer C,DSL,No,Female,25,No,California,Palm Desert
6040-CGACY,Stayed,No,35,3195,19.60,897.45,5,Month-to-Month,Credit Card,No Offer,No Internet Service,No,Female,48,No,California,Blairsden Graeagle
6047-SUHPR,Stayed,No,58,3093,59.80,3022.05,3,One Year,Bank Withdrawal,No Offer,DSL,No,Male,60,No,California,Woodlake
6047-YHPVI,Churned,Yes,66,2454,69.70,379.90,1,Month-to-Month,Bank Withdrawal,No Offer,Fiber Optic,No,Male,56,No,California,Los Angeles
6048-NJXHX,Stayed,No,53,2011,19.75,2353.31,4,Two Year,Bank Withdrawal,Offer B,No Internet Service,No,Male,21,No,California,Apple Valley
6048-QBXKL,Joined,No,33,2069,56.55,181.73,4,Month-to-Month,Credit Card,Offer E,DSL,No,Female,68,Yes,California,Madison
6048-UWKAL,Stayed,No,45,5467,105.40,8336.86,4,Two Year,Credit Card,No Offer,Fiber Optic,Yes,Female,73,Yes,California,Beale Afb
6050-FFXES,Stayed,No,34,5268,105.35,8304.26,5,Two Year,Bank Withdrawal,No Offer,Fiber Optic,Yes,Female,51,No,California,Garden Grove
6050-IJRHS,Stayed,No,41,6319,106.50,7812.10,5,One Year,Bank Withdrawal,Offer A,Fiber Optic,No,Female,47,No,California,Chino Hills
6051-PTVNS,Stayed,No,29,5390,19.15,2521.60,3,One Year,Credit Card,Offer B,No Internet Service,No,Female,31,No,California,Bodfish
6060-DRTNL,Churned,Yes,74,3305,84.85,572.30,1,Month-to-Month,Credit Card,No Offer,Fiber Optic,No,Female,66,Yes,California,San Jacinto
6060-QBMGV,Stayed,No,39,4442,19.85,1634.03,5,Two Year,Credit Card,Offer A,No Internet Service,No,Male,30,No,California,Pasadena
6061-GWWAV,Stayed,No,56,5365,70.20,3458.71,4,One Year,Credit Card,No Offer,Cable,No,Male,44,No,California,Fresno
6061-PQHMK,Stayed,No,56,3048,19.90,561.50,5,One Year,Credit Card,No Offer,No Internet Service,No,Female,50,No,California,Los Angeles
6064-PUPMC,Stayed,No,69,4021,57.20,2294.13,3,One Year,Credit Card,No Offer,DSL,Yes,Male,59,No,California,Loyalton
6064-ZATLR,Stayed,No,23,2842,52.85,1783.50,3,Two Year,Bank Withdrawal,No Offer,DSL,No,Female,44,No,California,Llano
6067-NGCEU,Stayed,No,38,5261,111.05,9822.70,4,Month-to-Month,Credit Card,No Offer,Fiber Optic,No,Female,50,No,California,Topanga
6072-NUQCB,Stayed,No,51,3339,20.25,1317.65,3,One Year,Bank Withdrawal,Offer D,No Internet Service,No,Male,50,No,California,Villa Park
6075-QMNRR,Stayed,No,26,6334,49.75,4559.91,3,Month-to-Month,Bank Withdrawal,Offer B,DSL,No,Female,33,No,California,Doyle
6075-SLNIL,Stayed,No,62,5393,95.10,3946.18,3,Month-to-Month,Credit Card,Offer C,Fiber Optic,No,Male,47,No,California,Desert Center
6077-BDPXA,Joined,No,26,2228,70.15,211.09,3,Month-to-Month,Bank Withdrawal,No Offer,Fiber Optic,No,Female,56,No,California,Merced
6078-VESFR,Stayed,No,53,5225,70.45,1324.51,5,Month-to-Month,Bank Withdrawal,No Offer,Fiber Optic,No,Male,78,Yes,California,Vista
6080-LNESI,Stayed,No,46,5080,24.75,2156.17,3,Two Year,Credit Card,Offer B,No Internet Service,No,Male,63,No,California,Hercules
6080-TCMYC,Stayed,No,61,5370,81.20,3433.10,3,Month-to-Month,Bank Withdrawal,No Offer,Fiber Optic,No,Male,55,No,California,Rosemead
6082-GLJIX,Stayed,No,22,4769,19.25,895.29,5,Month-to-Month,Credit Card,Offer D,No Internet Service,No,Male,50,No,California,Holtville
6082-OQFBA,Stayed,No,70,5460,19.65,1009.14,5,One Year,Mailed Check,Offer D,No Internet Service,No,Male,62,No,California,Victorville
6086-ESGRL,Churned,Yes,72,3947,80.15,84.82,1,Month-to-Month,Credit Card,Offer E,Fiber Optic,No,Female,53,No,California,Brea
6087-MVHJH,Churned,Yes,88,5186,88.45,1846.90,2,Month-to-Month,Bank Withdrawal,Offer D,Fiber Optic,No,Female,44,No,California,French Camp
6087-YPWHO,Stayed,No,34,4613,68.15,6055.02,3,Two Year,Credit Card,Offer A,DSL,Yes,Male,56,No,California,Raymond
6088-BXMRG,Stayed,No,25,3149,98.85,3858.88,4,Month-to-Month,Bank Withdrawal,No Offer,Fiber Optic,No,Female,59,No,California,Cabazon
6092-QZVPP,Stayed,No,53,4830,79.20,4425.31,3,Month-to-Month,Credit Card,Offer C,Cable,Yes,Male,27,No,California,Fresno
6094-ZIVKX,Stayed,No,45,6309,54.45,4858.83,4,One Year,Credit Card,Offer A,Cable,No,Female,45,No,California,Inglewood
6096-EGVTU,Stayed,No,62,5038,24.90,2826.22,4,One Year,Credit Card,No Offer,No Internet Service,No,Female,50,No,California,San Jose
6097-EQISJ,Churned,Yes,82,4688,102.45,9963.97,1,One Year,Credit Card,Offer A,Fiber Optic,No,Female,41,No,California,Los Angeles
6100-FJZDG,Stayed,No,29,2403,20.05,1683.18,5,One Year,Bank Withdrawal,No Offer,No Internet Service,No,Male,49,No,California,Olema
6100-QQHEB,Churned,Yes,91,5775,92.55,1816.17,3,Month-to-Month,Bank Withdrawal,Offer D,Fiber Optic,No,Male,42,No,California,San Jose
6101-IMRMM,Churned,Yes,91,3469,94.50,684.93,2,Month-to-Month,Mailed Check,Offer E,Fiber Optic,No,Male,53,No,California,El Segundo
6103-BOCOU,Stayed,No,28,4501,80.70,2729.64,3,Month-to-Month,Bank Withdrawal,Offer C,Fiber Optic,No,Female,37,No,California,San Francisco
6103-LIANB,Stayed,No,35,4583,99.50,8286.06,4,Two Year,Credit Card,No Offer,Fiber Optic,No,Male,49,No,California,Westminster
6103-QCKFX,Stayed,No,28,3918,56.25,4367.57,3,Month-to-Month,Bank Withdrawal,Offer B,DSL,Yes,Female,36,No,California,Big Bar
6108-OQZDQ,Churned,Yes,72,2570,97.95,424.42,3,Month-to-Month,Bank Withdrawal,Offer E,Fiber Optic,No,Female,21,No,California,Keene
6110-OHIHY,Churned,Yes,89,4183,79.25,426.88,2,Month-to-Month,Bank Withdrawal,Offer E,Fiber Optic,No,Male,33,No,California,Burney
6112-KTHFQ,Stayed,No,23,5917,19.30,556.98,5,Month-to-Month,Credit Card,Offer D,No Internet Service,No,Female,50,No,California,Loleta
6114-TCFID,Stayed,No,29,5103,39.50,1082.75,3,One Year,Credit Card,No Offer,Cable,Yes,Female,47,No,California,Pismo Beach
6115-ZTBFQ,Stayed,No,25,4119,65.50,4919.70,3,Two Year,Bank Withdrawal,No Offer,DSL,Yes,Female,56,No,California,Alamo
6116-RFVHN,Stayed,No,42,3744,100.45,4614.51,5,Month-to-Month,Bank Withdrawal,Offer C,Fiber Optic,No,Female,20,No,California,Roseville
6119-SPUDB,Stayed,No,73,2653,38.25,1755.35,3,Two Year,Credit Card,Offer B,DSL,Yes,Male,40,No,California,Woodland
6120-RJKLU,Stayed,No,54,6488,79.95,6346.19,4,Two Year,Credit Card,Offer B,DSL,Yes,Female,69,Yes,California,Sierra Madre
6121-TNHBO,Stayed,No,29,5428,83.00,6227.11,3,One Year,Bank Withdrawal,Offer B,DSL,Yes,Female,71,Yes,California,Sacramento
6121-VZNQB,Churned,Yes,84,5890,19.10,53.89,2,Month-to-Month,Credit Card,No Offer,No Internet Service,No,Female,35,No,California,Bolinas
6122-EFVKN,Stayed,No,64,5531,35.75,830.80,3,Two Year,Credit Card,No Offer,Cable,Yes,Male,44,No,California,San Diego
6122-LJADA,Stayed,No,49,5824,90.15,6412.05,3,Two Year,Credit Card,No Offer,Cable,Yes,Male,31,No,California,Lower Lake
6124-ACRHJ,Joined,No,32,4099,19.75,61.03,5,Month-to-Month,Credit Card,No Offer,No Internet Service,No,Female,59,No,California,San Mateo
6127-ISGTU,Churned,Yes,67,3075,84.95,1487.37,3,Month-to-Month,Bank Withdrawal,No Offer,Fiber Optic,No,Female,34,No,California,Garden Valley
6127-IYJOZ,Joined,No,56,5715,45.85,86.23,5,Month-to-Month,Credit Card,No Offer,DSL,No,Male,71,Yes,California,Studio City
6128-AQBMT,Stayed,No,46,3920,53.95,2215.40,3,Two Year,Bank Withdrawal,Offer B,Cable,No,Male,65,Yes,California,Nicasio
6128-CZOMY,Churned,Yes,78,4689,45.65,82.64,2,Month-to-Month,Bank Withdrawal,No Offer,Cable,No,Female,43,No,California,Alpine
6128-DAFVY,Stayed,No,27,4021,44.85,2564.95,5,Month-to-Month,Credit Card,No Offer,DSL,No,Female,58,No,California,Willits
6131-FOYAS,Stayed,No,27,2187,59.60,2816.25,3,Month-to-Month,Bank Withdrawal,No Offer,DSL,No,Male,48,No,California,San Lorenzo
6131-IUNXN,Stayed,No,64,3636,20.20,1273.49,4,Month-to-Month,Mailed Check,No Offer,No Internet Service,No,Female,47,No,California,Huntington Beach
6131-JLWZM,Stayed,No,45,5332,20.30,561.53,4,Month-to-Month,Credit Card,Offer D,No Internet Service,No,Female,27,No,California,San Francisco
6133-OZILE,Stayed,No,32,5381,35.20,657.30,3,Month-to-Month,Bank Withdrawal,Offer D,DSL,Yes,Female,45,No,California,Santa Monica
6134-KWTBV,Stayed,No,67,5822,23.40,4463.31,4,Two Year,Bank Withdrawal,No Offer,No Internet Service,No,Male,43,No,California,Covina
6135-OZQVA,Stayed,No,51,4389,53.65,687.29,4,Month-to-Month,Bank Withdrawal,Offer E,Cable,No,Female,46,No,California,Santa Clarita
6137-MFAJN,Stayed,No,26,2469,44.80,2104.55,3,Month-to-Month,Bank Withdrawal,No Offer,Cable,No,Female,62,No,California,Los Angeles
6137-NICCO,Stayed,No,59,3083,94.05,766.49,3,Month-to-Month,Credit Card,No Offer,Fiber Optic,No,Female,39,No,California,Perris
6139-ZZRBQ,Stayed,No,44,4309,20.05,1517.41,4,Two Year,Bank Withdrawal,No Offer,No Internet Service,No,Male,79,Yes,California,Granite Bay
6140-QNRQQ,Churned,Yes,91,5739,71.55,88.82,1,Month-to-Month,Mailed Check,Offer E,Fiber Optic,No,Male,42,No,California,Santa Barbara
6141-OOXUQ,Churned,Yes,69,5717,19.65,36.90,2,Month-to-Month,Mailed Check,Offer E,No Internet Service,No,Male,43,No,California,San Bernardino
6142-VSJQO,Churned,Yes,90,4599,44.35,84.77,2,Month-to-Month,Bank Withdrawal,No Offer,Cable,No,Female,27,No,California,Homeland
6143-JQKEA,Stayed,No,80,5586,45.80,590.70,3,Month-to-Month,Credit Card,No Offer,Cable,No,Male,34,No,California,Adelanto
6145-NNPNO,Joined,No,64,3103,44.15,53.97,4,Month-to-Month,Bank Withdrawal,Offer E,Cable,No,Female,45,No,California,Santa Rosa
6147-CBCRA,Stayed,No,22,5759,20.05,806.40,4,Month-to-Month,Credit Card,No Offer,No Internet Service,No,Female,34,No,California,Wofford Heights
6152-ONASV,Stayed,No,74,4620,58.25,6934.98,3,One Year,Bank Withdrawal,Offer A,DSL,Yes,Female,49,No,California,Landers
6156-UZDLF,Stayed,No,77,5689,87.15,3466.44,3,One Year,Credit Card,Offer C,Fiber Optic,Yes,Female,19,No,California,Pleasant Hill
6158-DWPZT,Churned,Yes,82,3195,24.10,259.80,2,One Year,Bank Withdrawal,Offer E,DSL,No,Male,53,No,California,Avery
6158-HDPXZ,Joined,No,51,4193,25.35,25.35,4,Month-to-Month,Credit Card,No Offer,DSL,No,Male,31,No,California,San Diego
6161-ERDGD,Stayed,No,32,5280,85.45,7962.96,4,One Year,Bank Withdrawal,Offer A,DSL,Yes,Male,57,No,California,Santa Maria
6161-UUUTA,Churned,Yes,90,4367,79.90,269.84,2,Month-to-Month,Bank Withdrawal,No Offer,Fiber Optic,No,Male,77,Yes,California,Stockton
6164-HAQTX,Stayed,No,76,4094,53.95,3888.65,3,Two Year,Bank Withdrawal,No Offer,DSL,Yes,Male,46,No,California,Boonville
6164-HXUGH,Stayed,No,31,5060,19.85,158.18,3,Month-to-Month,Credit Card,Offer E,No Internet Service,No,Female,40,No,California,Raymond
6166-ILMNY,Churned,Yes,68,5667,69.75,197.43,1,Month-to-Month,Bank Withdrawal,No Offer,Fiber Optic,No,Female,46,No,California,Tomales
6166-YIPFO,Stayed,No,36,6075,64.70,4886.05,3,Two Year,Bank Withdrawal,Offer A,DSL,Yes,Male,33,No,California,Douglas City
6168-WFVVF,Churned,Yes,91,5165,70.30,252.12,3,Month-to-Month,Bank Withdrawal,No Offer,Fiber Optic,No,Female,69,Yes,California,San Diego
6168-YBYNP,Stayed,No,62,6047,111.35,9358.83,5,Month-to-Month,Bank Withdrawal,Offer B,Fiber Optic,Yes,Male,19,No,California,Newhall
6169-PGNCD,Stayed,No,54,5741,74.30,4534.00,4,Two Year,Credit Card,No Offer,DSL,Yes,Female,61,No,California,Westwood
6169-PPETC,Stayed,No,38,2009,20.50,2415.90,4,Two Year,Bank Withdrawal,No Offer,No Internet Service,No,Male,42,No,California,Brentwood
6171-ZTVYB,Stayed,No,29,2168,66.25,4023.24,3,Month-to-Month,Bank Withdrawal,No Offer,DSL,Yes,Male,42,No,California,San Diego
6172-FECYY,Churned,Yes,85,4639,84.50,6195.25,3,Month-to-Month,Bank Withdrawal,Offer B,Fiber Optic,No,Male,55,No,California,Antioch
6173-GOLSU,Stayed,No,47,4228,94.65,6561.40,4,Two Year,Credit Card,Offer A,Fiber Optic,No,Male,79,Yes,California,Oak View
6173-ITPWD,Churned,Yes,91,2516,83.35,5029.38,1,Month-to-Month,Bank Withdrawal,Offer B,Fiber Optic,No,Male,26,No,California,Heber
6174-NRBTZ,Stayed,No,42,5646,30.75,1489.30,3,One Year,Bank Withdrawal,No Offer,Cable,No,Male,44,No,California,Murrieta
6175-IRFIT,Stayed,No,66,2610,78.75,600.90,5,Month-to-Month,Credit Card,No Offer,Fiber Optic,No,Male,32,No,California,Bangor
6176-YJWAS,Stayed,No,22,4256,97.95,9871.85,4,Two Year,Credit Card,Offer A,Fiber Optic,No,Male,43,No,California,Potter Valley
6177-PEVRA,Stayed,No,48,4975,55.50,3252.79,4,Two Year,Credit Card,No Offer,DSL,No,Female,58,No,California,Corcoran
6178-KFNHS,Churned,Yes,91,3545,78.30,1338.85,1,Month-to-Month,Bank Withdrawal,Offer D,Fiber Optic,No,Female,34,No,California,Hughson
6179-GJPSO,Churned,Yes,86,2833,108.15,5969.39,1,Month-to-Month,Credit Card,No Offer,Fiber Optic,Yes,Female,67,Yes,California,Escondido
6180-YBIQI,Stayed,No,61,4015,24.30,100.20,3,Month-to-Month,Credit Card,Offer E,DSL,No,Male,35,No,California,Santa Monica
6181-AXXYF,Stayed,No,71,4185,24.75,5292.78,4,Two Year,Credit Card,Offer A,No Internet Service,No,Male,54,No,California,Pico Rivera
6184-DYUOB,Joined,No,29,2941,19.60,180.95,3,Month-to-Month,Credit Card,No Offer,No Internet Service,No,Female,28,No,California,Palermo
6185-TASNN,Joined,No,65,2546,46.30,57.81,4,Two Year,Bank Withdrawal,Offer E,DSL,No,Male,71,Yes,California,Chula Vista
6188-UXBBR,Stayed,No,25,4411,20.25,1215.27,4,One Year,Credit Card,Offer C,No Internet Service,No,Female,47,No,California,Fresno
6194-HBGQN,Stayed,No,56,4549,81.15,5898.45,4,One Year,Credit Card,No Offer,Cable,Yes,Male,22,No,California,Taft
6195-MELTI,Stayed,No,58,4223,54.65,3665.94,5,One Year,Credit Card,No Offer,DSL,Yes,Male,57,No,California,Pleasant Hill
6196-HBOBZ,Stayed,No,80,6300,99.35,8326.15,4,Two Year,Bank Withdrawal,No Offer,Fiber Optic,No,Male,31,No,California,Winnetka
6198-PNNSZ,Stayed,No,77,5648,109.80,8224.21,4,One Year,Bank Withdrawal,Offer B,Fiber Optic,No,Female,54,No,California,Valley Springs
6198-RTPMF,Stayed,No,32,4756,92.60,1736.44,4,Month-to-Month,Bank Withdrawal,Offer D,Fiber Optic,No,Female,46,No,California,Oregon House
6198-ZFIOJ,Stayed,No,27,3469,75.60,509.00,3,Month-to-Month,Bank Withdrawal,No Offer,Fiber Optic,No,Female,50,No,California,Willits
6199-IPCAO,Stayed,No,70,2828,26.10,847.70,3,Two Year,Credit Card,No Offer,No Internet Service,No,Female,62,No,California,Tehachapi
6199-IWKGC,Stayed,No,59,5453,100.25,5741.01,5,One Year,Bank Withdrawal,No Offer,Fiber Optic,Yes,Female,71,Yes,California,Benton
6202-DYYFX,Stayed,No,41,2031,76.00,2217.44,4,One Year,Credit Card,Offer D,Fiber Optic,No,Female,64,No,California,West Covina
6202-JVYEU,Stayed,No,31,3643,19.90,200.78,4,One Year,Bank Withdrawal,No Offer,No Internet Service,No,Male,28,No,California,Chino
6203-HBZPA,Stayed,No,36,5380,63.90,3334.95,4,Two Year,Credit Card,No Offer,DSL,Yes,Male,57,No,California,Forestville
6204-IEUXJ,Churned,Yes,65,4330,80.10,339.56,3,Month-to-Month,Credit Card,Offer E,Fiber Optic,Yes,Female,30,No,California,Yorba Linda
6207-WIOLX,Churned,Yes,91,4190,58.60,1498.17,1,Month-to-Month,Credit Card,Offer C,DSL,No,Female,27,No,California,Avalon
6210-KBBPI,Churned,Yes,93,2313,99.45,1015.34,1,Month-to-Month,Credit Card,No Offer,Fiber Optic,No,Male,67,Yes,California,West Covina
6211-WHMYA,Stayed,No,46,6055,43.85,2781.00,5,Month-to-Month,Bank Withdrawal,No Offer,DSL,Yes,Female,77,Yes,California,Chula Vista
6211-WWLTF,Stayed,No,39,5135,99.70,8019.43,3,Two Year,Credit Card,Offer B,Fiber Optic,No,Male,46,No,California,Oakhurst
6212-ATMLK,Stayed,No,44,4164,95.70,7326.75,4,Month-to-Month,Bank Withdrawal,No Offer,Fiber Optic,No,Female,42,No,California,Rancho Cucamonga
6214-EDAKZ,Churned,Yes,79,5115,55.15,1351.77,2,Month-to-Month,Bank Withdrawal,No Offer,DSL,Yes,Female,32,No,California,Elverta
6215-NQCPY,Stayed,No,60,4157,99.70,1718.55,3,Month-to-Month,Bank Withdrawal,Offer D,Fiber Optic,No,Male,53,No,California,Yreka
6217-KDYWC,Stayed,No,40,4393,19.60,1496.02,3,Two Year,Credit Card,No Offer,No Internet Service,No,Male,58,No,California,Lomita
6217-TOWGS,Stayed,No,64,4852,75.40,1451.75,3,Month-to-Month,Bank Withdrawal,Offer D,DSL,No,Female,29,No,California,San Jose
6218-KNUBD,Stayed,No,54,2393,59.45,422.88,4,Month-to-Month,Bank Withdrawal,No Offer,Cable,No,Male,58,No,California,Lodi
6221-AVQYL,Churned,Yes,78,2919,73.25,136.97,1,Month-to-Month,Credit Card,No Offer,Fiber Optic,No,Male,37,No,California,Glendale
6223-DHJGV,Stayed,No,49,5956,20.65,1934.60,4,One Year,Credit Card,No Offer,No Internet Service,No,Female,56,No,California,Los Angeles
6227-FBDXH,Stayed,No,56,4237,99.50,7104.34,4,One Year,Bank Withdrawal,Offer A,Fiber Optic,No,Male,50,No,California,Essex
6227-HWPWX,Churned,Yes,73,5671,69.00,1064.85,1,Month-to-Month,Bank Withdrawal,Offer D,Fiber Optic,No,Female,40,No,California,Victorville
6229-LSCKB,Stayed,No,44,2893,79.70,787.52,5,Month-to-Month,Bank Withdrawal,Offer E,Fiber Optic,No,Male,69,Yes,California,Encino
6229-UOLQL,Stayed,No,55,5845,52.00,2884.90,3,One Year,Credit Card,Offer B,Cable,Yes,Male,24,No,California,White Water
6230-BSUXY,Churned,Yes,93,2650,85.00,127.50,2,Month-to-Month,Bank Withdrawal,No Offer,Fiber Optic,No,Female,71,Yes,California,Paramount
6231-WFGFH,Stayed,No,34,5053,20.50,92.12,4,Month-to-Month,Mailed Check,No Offer,No Internet Service,No,Male,39,No,California,Benicia
6233-HXJMX,Stayed,No,32,5470,89.30,4814.05,3,Month-to-Month,Credit Card,Offer B,Fiber Optic,No,Female,42,No,California,Alpine
6234-PFPXL,Stayed,No,56,3207,95.90,3018.59,3,Month-to-Month,Credit Card,No Offer,Fiber Optic,Yes,Male,42,No,California,Sacramento
6234-RAAPL,Stayed,No,79,5915,99.90,8955.22,4,Two Year,Bank Withdrawal,No Offer,Fiber Optic,Yes,Female,60,No,California,Los Angeles
6235-VDHOM,Churned,Yes,89,4099,28.45,131.05,2,Month-to-Month,Bank Withdrawal,Offer E,DSL,No,Female,77,Yes,California,Riverside
6240-EURKS,Churned,Yes,76,2649,35.00,623.00,2,Month-to-Month,Bank Withdrawal,No Offer,DSL,No,Female,27,No,California,Plymouth
6242-FEGFD,Stayed,No,69,4454,96.60,8836.55,3,Two Year,Credit Card,No Offer,Fiber Optic,Yes,Male,43,No,California,Stratford
6242-MBHPK,Stayed,No,66,4025,95.10,3289.29,3,One Year,Bank Withdrawal,No Offer,Fiber Optic,No,Female,67,Yes,California,Hathaway Pines
6242-SGYTS,Stayed,No,27,4262,94.95,6768.97,4,One Year,Credit Card,Offer B,Fiber Optic,No,Male,19,No,California,Oakland
6243-OZGFH,Stayed,No,65,3248,44.95,1011.01,3,Month-to-Month,Bank Withdrawal,No Offer,DSL,No,Female,47,No,California,Vista
6244-BESBM,Stayed,No,34,6166,95.20,7501.08,4,Two Year,Credit Card,No Offer,Fiber Optic,Yes,Male,61,No,California,Geyserville
6248-BSHKG,Stayed,No,77,5897,20.40,3147.34,3,One Year,Credit Card,Offer B,No Internet Service,No,Male,42,No,California,Soledad
6248-TKCQV,Stayed,No,68,5880,80.60,8526.90,3,Two Year,Bank Withdrawal,No Offer,DSL,Yes,Female,37,No,California,Upper Lake
6250-CGGUN,Stayed,No,31,4154,84.40,6139.69,3,One Year,Bank Withdrawal,Offer B,Fiber Optic,Yes,Male,41,No,California,Esparto
6252-DFGTK,Stayed,No,60,2873,68.10,3602.57,4,One Year,Credit Card,No Offer,DSL,Yes,Female,64,No,California,O Neals
6253-GNHWH,Stayed,No,57,6090,71.10,8477.46,4,Two Year,Credit Card,No Offer,DSL,Yes,Female,63,No,California,Pacific Palisades
6253-WRFHY,Stayed,No,73,4741,64.75,1050.51,3,One Year,Bank Withdrawal,No Offer,DSL,No,Male,59,No,California,Marshall
6257-DTAYD,Stayed,No,65,5973,104.15,7639.36,4,Two Year,Credit Card,Offer A,Fiber Optic,Yes,Male,27,No,California,Fallbrook
6257-RJOHI,Stayed,No,47,4521,50.80,209.82,5,Month-to-Month,Credit Card,Offer E,DSL,Yes,Male,58,No,California,San Diego
6258-NGCNG,Stayed,No,33,5508,23.50,182.87,4,Month-to-Month,Credit Card,Offer E,No Internet Service,No,Male,54,No,California,Compton
6258-PVZWJ,Stayed,No,69,4265,90.80,7107.29,4,Two Year,Credit Card,Offer A,DSL,Yes,Male,38,No,California,Clio
6259-WJQLC,Stayed,No,50,2143,81.10,2635.84,4,One Year,Credit Card,Offer C,Fiber Optic,No,Male,77,Yes,California,Pacifica
6260-ONULR,Joined,No,36,2438,62.80,104.99,5,Month-to-Month,Credit Card,No Offer,Cable,No,Male,55,No,California,Middletown
6260-XLACS,Stayed,No,43,5018,19.70,209.96,3,One Year,Credit Card,No Offer,No Internet Service,No,Male,49,No,California,Casmalia
6261-LHRTG,Stayed,No,23,4020,54.75,2442.74,4,Month-to-Month,Credit Card,No Offer,Cable,No,Female,27,No,California,Upland
6261-RCVNS,Churned,Yes,71,2774,73.90,3402.05,2,One Year,Credit Card,Offer B,DSL,Yes,Female,22,No,California,Rodeo
6265-FRMTQ,Stayed,No,29,5363,20.40,1402.08,3,Two Year,Bank Withdrawal,No Offer,No Internet Service,No,Male,56,No,California,Scotia
6265-SXWBU,Stayed,No,74,5561,95.75,9440.30,4,One Year,Credit Card,No Offer,Fiber Optic,No,Male,35,No,California,Shingletown
6266-QHOJZ,Stayed,No,77,6421,89.85,8336.10,3,One Year,Bank Withdrawal,No Offer,Fiber Optic,Yes,Female,47,No,California,Lomita
6267-DCFFZ,Stayed,No,39,3792,90.05,4059.70,5,Two Year,Bank Withdrawal,Offer C,Fiber Optic,No,Female,68,Yes,California,Madeline
6270-OMFIW,Churned,Yes,91,4990,94.40,8454.25,2,One Year,Bank Withdrawal,Offer B,Cable,No,Male,33,No,California,Valley Springs
6275-YDUVO,Churned,Yes,95,2969,86.20,226.80,3,Month-to-Month,Mailed Check,Offer E,Fiber Optic,No,Female,62,No,California,Orosi
6278-FEPBZ,Stayed,No,68,5546,20.25,209.55,4,Month-to-Month,Credit Card,Offer E,No Internet Service,No,Female,57,No,California,San Bernardino
6281-FKEWS,Stayed,No,68,3910,49.05,2265.00,5,One Year,Bank Withdrawal,No Offer,Cable,No,Female,58,No,California,Berry Creek
6283-GITPX,Stayed,No,26,4633,76.90,5860.66,3,Two Year,Credit Card,Offer A,DSL,Yes,Male,20,No,California,Beaumont
6284-AHOOQ,Churned,Yes,71,5014,90.50,2925.02,1,Month-to-Month,Bank Withdrawal,No Offer,Fiber Optic,Yes,Male,71,Yes,California,Avenal
6284-KMNUF,Stayed,No,25,4615,98.00,7370.60,3,One Year,Bank Withdrawal,Offer B,Fiber Optic,No,Female,33,No,California,Twentynine Palms
6285-FTQBF,Stayed,No,40,6425,25.55,4518.74,4,Two Year,Credit Card,Offer A,No Internet Service,No,Male,53,No,California,Hawthorne
6286-SUUWT,Joined,No,21,5916,19.95,47.03,4,Month-to-Month,Credit Card,Offer E,No Internet Service,No,Male,44,No,California,Arnold
6286-ZHAOK,Stayed,No,35,3235,25.55,1244.40,4,Month-to-Month,Bank Withdrawal,Offer D,No Internet Service,No,Female,47,No,California,Firebaugh
6288-CHQJB,Stayed,No,57,5077,69.95,5393.03,4,Two Year,Bank Withdrawal,Offer B,DSL,Yes,Female,21,No,California,San Bernardino
6288-LBEAR,Stayed,No,75,3619,79.10,2132.89,5,Month-to-Month,Credit Card,No Offer,Fiber Optic,Yes,Female,22,No,California,Yountville
6289-CPNLD,Churned,Yes,73,5374,73.90,3504.61,1,One Year,Mailed Check,Offer C,DSL,Yes,Male,33,No,California,Temecula
6292-TOSSS,Stayed,No,68,4297,24.90,3553.25,4,Two Year,Bank Withdrawal,Offer B,No Internet Service,No,Male,64,No,California,Mt Baldy
6295-OSINB,Stayed,No,25,6181,109.65,8386.33,4,Two Year,Bank Withdrawal,Offer A,Fiber Optic,No,Male,20,No,California,Samoa
6296-DDOOR,Stayed,No,73,4033,58.20,1507.90,4,One Year,Bank Withdrawal,No Offer,Cable,No,Female,19,No,California,Laguna Beach
6297-NOOPG,Stayed,No,64,5979,110.50,9749.85,4,Two Year,Bank Withdrawal,No Offer,Fiber Optic,Yes,Female,41,No,California,Temecula
6298-QDFNH,Churned,Yes,68,4718,79.35,2152.53,1,Month-to-Month,Bank Withdrawal,No Offer,Fiber Optic,No,Male,48,No,California,Banning
6300-BWMJX,Stayed,No,44,4814,93.35,6576.45,3,Month-to-Month,Bank Withdrawal,No Offer,Fiber Optic,Yes,Female,45,No,California,Valencia
6302-JGYRJ,Churned,Yes,67,2872,79.45,2795.71,1,One Year,Mailed Check,No Offer,DSL,Yes,Male,37,No,California,Chico
6303-KFWSL,Stayed,No,55,5481,55.25,2761.35,4,One Year,Bank Withdrawal,No Offer,DSL,No,Female,28,No,California,Los Angeles
6304-IJFSQ,Churned,Yes,73,5585,49.90,269.81,3,Month-to-Month,Credit Card,No Offer,Cable,No,Male,63,No,California,Calipatria
6305-YLBMM,Churned,Yes,91,4254,104.05,7435.88,3,One Year,Bank Withdrawal,No Offer,Fiber Optic,Yes,Male,50,No,California,Hood
6308-CQRBU,Stayed,No,42,5044,109.25,9822.08,3,Two Year,Bank Withdrawal,No Offer,Fiber Optic,Yes,Female,32,No,California,Zenia
6311-UEUME,Churned,Yes,90,3249,78.90,3669.72,2,Month-to-Month,Bank Withdrawal,No Offer,Fiber Optic,No,Female,37,No,California,Los Angeles
6313-GIDIT,Churned,Yes,65,6280,54.45,2834.39,2,Month-to-Month,Bank Withdrawal,No Offer,DSL,No,Male,73,Yes,California,Point Arena
6317-YPKDH,Churned,Yes,95,4534,29.95,29.95,1,Month-to-Month,Bank Withdrawal,Offer E,DSL,No,Female,54,No,California,Glendale
6319-IEJWJ,Churned,Yes,85,2058,90.20,2770.35,1,Month-to-Month,Bank Withdrawal,No Offer,Fiber Optic,No,Male,63,No,California,Camarillo
6319-QSUSR,Stayed,No,67,3838,19.70,709.88,4,Month-to-Month,Credit Card,Offer D,No Internet Service,No,Female,57,No,California,Oceanside
6322-HRPFA,Stayed,No,79,4986,59.60,3229.51,3,Month-to-Month,Credit Card,Offer B,Cable,Yes,Male,42,No,California,Los Angeles
6322-PJJDJ,Stayed,No,29,4252,94.80,6539.35,4,Two Year,Bank Withdrawal,Offer B,Fiber Optic,No,Male,58,No,California,Markleeville
6323-AYBRX,Churned,Yes,83,5084,19.35,2656.55,3,Two Year,Credit Card,No Offer,No Internet Service,No,Male,51,No,California,Ontario
6326-MTTXK,Churned,Yes,90,3849,100.85,845.71,2,Month-to-Month,Bank Withdrawal,Offer E,Fiber Optic,No,Male,56,No,California,Yuba City
6328-ZPBGN,Churned,Yes,71,4074,95.15,1037.47,2,Month-to-Month,Bank Withdrawal,No Offer,Fiber Optic,No,Female,67,Yes,California,Riverbank
6330-JKLPC,Churned,Yes,75,5119,80.50,1023.40,1,Month-to-Month,Bank Withdrawal,Offer D,Fiber Optic,No,Male,42,No,California,Somis
6331-EWIEB,Churned,Yes,92,2414,85.25,1761.70,2,Month-to-Month,Bank Withdrawal,Offer D,Fiber Optic,No,Male,49,No,California,El Monte
6331-LWDTQ,Churned,Yes,91,2457,72.15,1211.75,2,Month-to-Month,Credit Card,No Offer,DSL,No,Male,49,No,California,Rialto
6332-FBZRI,Stayed,No,40,5589,69.35,7069.33,3,One Year,Credit Card,No Offer,DSL,Yes,Male,39,No,California,Sacramento
6333-YDVLT,Stayed,No,78,6351,110.00,9290.80,4,One Year,Credit Card,No Offer,Fiber Optic,Yes,Male,61,No,California,Oakland
6338-AVWCY,Churned,Yes,75,4710,40.15,130.75,3,Month-to-Month,Mailed Check,No Offer,DSL,No,Male,19,No,California,Escondido
6339-DKLMK,Stayed,No,49,4959,31.65,389.95,3,Month-to-Month,Bank Withdrawal,Offer D,DSL,No,Female,27,No,California,Corona
6339-RZCBJ,Stayed,No,47,4063,78.90,3943.82,4,Two Year,Credit Card,No Offer,DSL,Yes,Male,45,No,California,Colton
6339-TBELP,Stayed,No,30,4069,86.40,6651.25,5,Two Year,Credit Card,No Offer,Fiber Optic,Yes,Male,53,No,California,Fillmore
6339-YPSAH,Stayed,No,52,4895,73.80,770.95,3,Month-to-Month,Bank Withdrawal,No Offer,Fiber Optic,No,Male,54,No,California,Tehama
6340-DACFT,Stayed,No,34,4878,20.55,1576.75,4,Two Year,Credit Card,No Offer,No Internet Service,No,Female,37,No,California,Madeline
6341-AEVKX,Stayed,No,23,5905,104.30,9400.55,4,One Year,Bank Withdrawal,Offer B,Fiber Optic,Yes,Female,37,No,California,Ontario
6341-JVQGF,Stayed,No,54,5643,81.15,3765.29,4,One Year,Mailed Check,No Offer,DSL,Yes,Female,26,No,California,Van Nuys
6344-SFJVH,Stayed,No,20,5942,24.90,505.95,5,Month-to-Month,Credit Card,No Offer,DSL,No,Female,41,No,California,Shasta Lake
6345-FZOQH,Stayed,No,54,5570,19.90,3492.79,5,Two Year,Credit Card,Offer A,No Internet Service,No,Male,40,No,California,La Canada Flintridge
6345-HOVES,Stayed,No,29,3800,25.05,852.70,4,Month-to-Month,Bank Withdrawal,No Offer,Cable,No,Male,59,No,California,Los Osos
6345-ULYRW,Churned,Yes,91,2674,88.40,4996.18,3,One Year,Credit Card,No Offer,Cable,No,Male,68,Yes,California,Laguna Beach
6347-DCUIK,Churned,Yes,90,4231,74.15,1104.20,1,Month-to-Month,Credit Card,Offer D,Fiber Optic,No,Male,28,No,California,Los Angeles
6348-SNFUS,Stayed,No,32,4556,55.45,4179.20,3,Two Year,Credit Card,Offer A,Cable,Yes,Male,30,No,California,Granada Hills
6349-JDHQP,Stayed,No,36,6338,19.85,2046.53,3,Two Year,Credit Card,No Offer,No Internet Service,No,Female,62,No,California,Fowler
6350-XFYGW,Stayed,No,44,2757,94.75,498.40,4,Two Year,Bank Withdrawal,No Offer,Fiber Optic,No,Male,80,Yes,California,Ferndale
6351-SCJKT,Joined,No,46,5534,41.35,107.25,3,Month-to-Month,Credit Card,No Offer,Cable,Yes,Male,32,No,California,Santa Cruz
6352-GIGGQ,Stayed,No,68,4081,88.80,8403.59,3,One Year,Bank Withdrawal,Offer A,DSL,Yes,Male,19,No,California,Escondido
6352-TWCAU,Churned,Yes,68,5874,86.45,3696.55,1,Month-to-Month,Bank Withdrawal,No Offer,Fiber Optic,No,Female,32,No,California,San Diego
6353-BRMMA,Stayed,No,57,5795,104.10,7932.70,4,Month-to-Month,Bank Withdrawal,Offer B,Fiber Optic,No,Female,62,No,California,Angwin
6356-ELRKD,Churned,Yes,79,4091,95.60,102.27,2,Month-to-Month,Bank Withdrawal,No Offer,Fiber Optic,No,Female,29,No,California,Rancho Mirage
6357-JJPQT,Joined,No,53,2032,80.50,312.93,5,Month-to-Month,Bank Withdrawal,No Offer,Fiber Optic,No,Female,48,No,California,San Gabriel
6358-LYNGM,Churned,Yes,84,2548,74.90,76.74,3,Month-to-Month,Bank Withdrawal,Offer E,Fiber Optic,No,Male,26,No,California,Mariposa
6360-SVNWV,Stayed,No,39,2057,73.55,3566.53,3,Two Year,Credit Card,No Offer,Fiber Optic,No,Female,72,Yes,California,Big Creek
6362-QHAFM,Stayed,No,63,5106,108.30,6369.05,3,One Year,Bank Withdrawal,No Offer,Fiber Optic,Yes,Male,53,No,California,Sacramento
6365-HITVU,Stayed,No,38,4135,87.25,9742.38,4,Two Year,Credit Card,No Offer,Cable,Yes,Female,24,No,California,Santa Fe Springs
6365-MTGZX,Churned,Yes,71,3068,96.00,2716.69,1,Month-to-Month,Bank Withdrawal,No Offer,Fiber Optic,Yes,Male,44,No,California,Glendale
6366-XIVKZ,Stayed,No,46,5916,63.15,1326.40,3,Month-to-Month,Credit Card,No Offer,Cable,No,Female,40,No,California,San Jose
6366-ZGQGL,Churned,Yes,73,5087,24.80,24.80,2,Month-to-Month,Bank Withdrawal,Offer E,Cable,No,Male,60,No,California,Pomona
6368-NWMCE,Stayed,No,66,3371,68.15,3461.52,3,Month-to-Month,Credit Card,No Offer,DSL,Yes,Female,61,No,California,Merced
6368-TZZDT,Stayed,No,31,5390,19.50,111.13,4,Two Year,Credit Card,No Offer,No Internet Service,No,Male,62,No,California,Vacaville
6369-MCAKO,Stayed,No,49,5001,89.05,9443.68,3,Two Year,Bank Withdrawal,Offer A,DSL,Yes,Female,50,No,California,Monterey Park
6370-ZVHDV,Stayed,No,71,4501,25.30,4017.47,4,Two Year,Bank Withdrawal,Offer B,No Internet Service,No,Female,52,No,California,Buellton
6371-NZYEG,Stayed,No,77,5511,64.25,1396.96,4,Two Year,Credit Card,No Offer,DSL,No,Male,38,No,California,Long Beach
6372-RFVNS,Churned,Yes,87,5075,78.80,106.84,3,Month-to-Month,Bank Withdrawal,Offer E,Fiber Optic,No,Female,55,No,California,Placentia
6374-AFWOX,Stayed,No,79,2680,65.65,5195.81,4,Two Year,Credit Card,No Offer,Cable,Yes,Male,23,No,California,Long Beach
6374-NTQLP,Stayed,No,54,5092,104.10,8698.74,3,Two Year,Credit Card,No Offer,Fiber Optic,Yes,Male,67,Yes,California,Trinity Center
6376-GAHQE,Churned,Yes,65,2140,77.85,480.40,2,Month-to-Month,Bank Withdrawal,Offer E,Fiber Optic,No,Male,48,No,California,Dutch Flat
6377-KSLXC,Stayed,No,20,4281,19.95,227.85,5,Month-to-Month,Credit Card,No Offer,No Internet Service,No,Male,31,No,California,Fair Oaks
6377-WHAOX,Stayed,No,32,4115,106.15,7010.05,3,Month-to-Month,Bank Withdrawal,Offer B,Fiber Optic,No,Female,48,No,California,Gualala
6379-RXJRQ,Churned,Yes,92,2457,70.10,845.26,2,Month-to-Month,Bank Withdrawal,No Offer,Fiber Optic,No,Male,42,No,California,Modesto
6380-ARCEH,Joined,No,77,2710,20.20,61.30,3,Month-to-Month,Credit Card,Offer E,No Internet Service,No,Male,19,No,California,Inglewood
6383-ZTSIW,Stayed,No,22,4599,99.10,4234.02,3,One Year,Mailed Check,No Offer,Fiber Optic,No,Female,77,Yes,California,Gustine
6384-VMJHP,Stayed,No,80,5127,73.00,6922.64,4,Two Year,Credit Card,Offer A,Cable,Yes,Female,23,No,California,Bethel Island
6386-SZZKH,Churned,Yes,92,5785,107.95,5609.25,2,Two Year,Bank Withdrawal,No Offer,Fiber Optic,Yes,Female,38,No,California,San Diego
6388-TABGU,Stayed,No,58,4529,56.15,3981.47,4,One Year,Bank Withdrawal,Offer B,DSL,No,Male,48,No,California,Los Angeles
6390-DSAZX,Churned,Yes,80,2565,73.60,79.79,1,Month-to-Month,Credit Card,No Offer,Fiber Optic,No,Female,21,No,California,San Diego
6393-WRYZE,Churned,Yes,87,3979,97.65,4680.77,2,Month-to-Month,Bank Withdrawal,No Offer,Fiber Optic,No,Female,35,No,California,Bridgeville
6394-HHHZM,Joined,No,23,2011,20.70,172.73,4,Month-to-Month,Credit Card,Offer E,No Internet Service,No,Male,27,No,California,Little River
6394-MFYNG,Churned,Yes,89,4956,107.40,5370.42,2,Month-to-Month,Bank Withdrawal,No Offer,Fiber Optic,No,Female,20,No,California,Solana Beach
6397-JNZZG,Churned,Yes,85,2573,55.55,2342.20,1,Month-to-Month,Credit Card,Offer B,DSL,No,Female,70,Yes,California,Adin
6400-BWQKW,Churned,Yes,91,3263,79.05,552.94,1,Month-to-Month,Bank Withdrawal,No Offer,Fiber Optic,No,Female,51,No,California,San Mateo
6402-EJMWF,Stayed,No,31,3684,55.30,322.62,4,Month-to-Month,Credit Card,No Offer,DSL,No,Male,33,No,California,San Jacinto
6402-SSEJG,Stayed,No,76,3695,61.05,1540.20,3,One Year,Bank Withdrawal,No Offer,DSL,No,Female,31,No,California,Ben Lomond
6402-ZFPPI,Churned,Yes,94,4969,102.80,3572.70,1,Month-to-Month,Credit Card,No Offer,Fiber Optic,No,Female,75,Yes,California,Fair Oaks
6407-GSJNL,Stayed,No,77,5458,24.95,3549.85,5,Two Year,Bank Withdrawal,Offer B,No Internet Service,No,Female,56,No,California,Fontana
6407-UTSLV,Joined,No,53,2885,83.80,229.66,3,Two Year,Bank Withdrawal,No Offer,Fiber Optic,No,Female,76,Yes,California,Compton
6408-OTUBZ,Stayed,No,53,4494,104.55,7860.79,3,One Year,Bank Withdrawal,Offer A,Fiber Optic,Yes,Female,44,No,California,Glendale
6408-WHTEF,Stayed,No,52,6044,89.40,6574.55,3,Two Year,Credit Card,No Offer,DSL,Yes,Male,45,No,California,Valyermo
6410-LEFEN,Churned,Yes,73,3757,45.15,557.03,1,Month-to-Month,Bank Withdrawal,No Offer,DSL,No,Female,38,No,California,San Diego
6413-XKKPU,Churned,Yes,96,2544,89.40,1865.68,1,Month-to-Month,Bank Withdrawal,No Offer,Fiber Optic,No,Male,54,No,California,Sierra City
6416-JNVRK,Stayed,No,56,2867,55.65,2782.23,5,One Year,Credit Card,Offer B,Cable,No,Female,50,No,California,Gardena
6416-TVAIH,Churned,Yes,89,5753,68.50,99.12,3,Month-to-Month,Bank Withdrawal,Offer E,Fiber Optic,No,Male,39,No,California,San Francisco
6416-YJTTB,Stayed,No,57,2278,79.50,888.93,4,Month-to-Month,Bank Withdrawal,Offer D,Fiber Optic,No,Male,20,No,California,Downieville
6418-HNFED,Stayed,No,62,5340,83.25,6146.79,3,Two Year,Credit Card,Offer B,DSL,Yes,Male,33,No,California,Huntington Beach
6418-PIQSP,Stayed,No,31,4684,81.00,5811.74,4,Two Year,Mailed Check,Offer B,Cable,Yes,Female,49,No,California,Perris
6419-ZTTLE,Stayed,No,45,3418,20.75,1501.65,5,One Year,Bank Withdrawal,No Offer,No Internet Service,No,Male,69,Yes,California,Yountville
6421-SZVEM,Stayed,No,75,5802,82.85,2772.44,3,One Year,Bank Withdrawal,Offer C,Fiber Optic,No,Female,30,No,California,Carson
6424-ELEYH,Churned,Yes,65,3972,74.75,335.04,1,Month-to-Month,Credit Card,Offer E,Fiber Optic,No,Female,39,No,California,Lebec
6425-JWTDV,Stayed,No,46,2282,19.25,1620.70,4,Two Year,Credit Card,Offer B,No Internet Service,No,Male,43,No,California,Boron
6425-YQLLO,Churned,Yes,86,6117,105.95,8806.75,2,One Year,Credit Card,No Offer,Fiber Optic,Yes,Female,68,Yes,California,Pinole
6427-FEFIG,Stayed,No,30,2939,78.60,2360.97,4,Two Year,Credit Card,Offer C,DSL,No,Female,63,No,California,South San Francisco
6429-SHBCB,Stayed,No,77,3349,69.60,1655.99,4,Month-to-Month,Mailed Check,Offer D,DSL,No,Male,54,No,California,Maxwell
6432-TWQLB,Churned,Yes,80,3676,85.40,567.18,3,Month-to-Month,Bank Withdrawal,Offer E,Fiber Optic,Yes,Male,51,No,California,Rosemead
6434-TTGJP,Stayed,No,48,5671,53.70,498.03,3,Two Year,Credit Card,Offer D,Cable,Yes,Male,49,No,California,Geyserville
6435-SRWBJ,Stayed,No,36,5269,82.75,566.45,4,Month-to-Month,Bank Withdrawal,Offer E,Fiber Optic,Yes,Female,21,No,California,Los Angeles
6435-VWCCY,Stayed,No,64,5205,92.70,7732.50,3,Two Year,Credit Card,Offer B,Fiber Optic,No,Male,71,Yes,California,Oro Grande
6437-UDQJM,Stayed,No,62,4999,84.10,9542.45,3,Two Year,Credit Card,No Offer,DSL,No,Female,72,Yes,California,Los Angeles
6437-UKHMV,Churned,Yes,91,3109,79.70,788.49,2,Month-to-Month,Bank Withdrawal,No Offer,Fiber Optic,No,Female,31,No,California,Moreno Valley
6439-GTPCA,Churned,Yes,90,5269,87.25,4143.30,1,Month-to-Month,Bank Withdrawal,No Offer,Cable,Yes,Female,29,No,California,San Diego
6439-LAJXL,Stayed,No,29,2452,68.95,905.61,3,Month-to-Month,Mailed Check,Offer E,DSL,Yes,Male,47,No,California,Echo Lake
6439-PKTRR,Stayed,No,49,4412,80.70,5905.65,4,Two Year,Bank Withdrawal,Offer A,Cable,Yes,Female,50,No,California,San Diego
6440-DKQGE,Stayed,No,30,4320,64.50,2766.35,5,One Year,Credit Card,Offer C,Cable,No,Male,52,No,California,Carson
6445-TNRXS,Stayed,No,59,5671,114.70,10065.97,3,Two Year,Bank Withdrawal,Offer A,Fiber Optic,Yes,Male,61,No,California,Richmond
6447-EGDIV,Stayed,No,69,5772,20.95,1668.74,4,One Year,Mailed Check,No Offer,No Internet Service,No,Female,23,No,California,Santa Monica
6447-GORXK,Stayed,No,65,4242,25.00,766.80,4,Month-to-Month,Credit Card,Offer C,Cable,No,Male,20,No,California,San Diego
6457-GIRWB,Churned,Yes,88,2843,69.35,91.38,2,Month-to-Month,Bank Withdrawal,No Offer,Fiber Optic,No,Male,57,No,California,Carlsbad
6457-USBER,Churned,Yes,90,4424,80.80,122.57,3,Month-to-Month,Bank Withdrawal,No Offer,Fiber Optic,No,Male,34,No,California,San Diego
6458-CYIDZ,Stayed,No,51,3468,80.70,556.15,4,Month-to-Month,Bank Withdrawal,Offer E,Fiber Optic,No,Female,72,Yes,California,Albion
6461-PPAXN,Stayed,No,30,4858,54.95,3392.30,4,One Year,Bank Withdrawal,No Offer,Cable,Yes,Female,20,No,California,Napa
6461-SZMCV,Stayed,No,71,4278,87.95,7008.61,4,Two Year,Bank Withdrawal,No Offer,DSL,Yes,Female,46,No,California,Corte Madera
6463-HHXJR,Stayed,No,41,4080,100.50,9622.15,4,Two Year,Bank Withdrawal,Offer A,Fiber Optic,No,Female,61,No,California,Lemon Cove
6463-MVYRY,Stayed,No,72,4759,69.85,4643.11,4,Two Year,Bank Withdrawal,Offer B,DSL,Yes,Female,67,Yes,California,Palo Alto
6464-KEXXH,Stayed,No,33,2372,25.25,186.30,3,Month-to-Month,Credit Card,No Offer,Cable,No,Male,55,No,California,Fillmore
6465-GSRCL,Stayed,No,65,5895,106.60,8500.28,4,One Year,Bank Withdrawal,Offer A,Fiber Optic,Yes,Female,19,No,California,Plymouth
6467-CHFZW,Churned,Yes,77,5789,99.35,6222.60,1,Month-to-Month,Bank Withdrawal,No Offer,Fiber Optic,No,Male,61,No,California,Los Angeles
6469-MRVET,Joined,No,21,4160,20.20,64.89,5,One Year,Bank Withdrawal,No Offer,No Internet Service,No,Male,32,No,California,Van Nuys
6469-QJKZW,Stayed,No,26,2198,20.15,274.76,3,Month-to-Month,Bank Withdrawal,No Offer,No Internet Service,No,Female,35,No,California,Arroyo Grande
6473-ULUHT,Stayed,No,43,2269,84.90,1544.81,3,Month-to-Month,Bank Withdrawal,Offer D,DSL,Yes,Male,22,No,California,San Diego
6474-FVJLC,Churned,Yes,77,4546,86.00,252.39,2,Month-to-Month,Bank Withdrawal,Offer E,Fiber Optic,No,Male,61,No,California,Sherman Oaks
6475-VHUIZ,Stayed,No,49,5140,54.25,2116.94,5,Month-to-Month,Bank Withdrawal,Offer D,Cable,Yes,Female,47,No,California,Myers Flat
6476-EPYZR,Stayed,No,65,2891,20.50,808.22,3,Month-to-Month,Credit Card,No Offer,No Internet Service,No,Male,57,No,California,Wishon
6476-YHMGA,Stayed,No,76,3851,76.50,1752.15,5,Month-to-Month,Bank Withdrawal,No Offer,DSL,Yes,Female,63,No,California,Benton
6478-HRRCZ,Stayed,No,61,5870,70.50,3624.15,4,One Year,Credit Card,No Offer,DSL,Yes,Male,47,No,California,Stirling City
6479-OAUSD,Stayed,No,22,2130,19.90,690.05,3,One Year,Credit Card,Offer C,No Internet Service,No,Male,41,No,California,Mokelumne Hill
6479-SZPLM,Stayed,No,39,5745,19.45,1917.30,5,Two Year,Credit Card,No Offer,No Internet Service,No,Male,26,No,California,Anaheim
6479-VDGRK,Stayed,No,28,4456,85.30,8730.56,3,Two Year,Bank Withdrawal,No Offer,Cable,Yes,Female,46,No,California,Cardiff By The Sea
6480-YAGIY,Stayed,No,74,3091,112.20,6324.25,3,One Year,Credit Card,No Offer,Fiber Optic,Yes,Male,57,No,California,San Francisco
6481-ESCNL,Stayed,No,53,4847,100.55,3188.18,4,Month-to-Month,Bank Withdrawal,No Offer,Fiber Optic,No,Female,33,No,California,Clayton
6481-LXPWL,Stayed,No,38,5092,36.10,2031.50,3,One Year,Credit Card,No Offer,DSL,No,Male,61,No,California,Palo Alto
6481-OGDOO,Churned,Yes,73,4394,90.60,8116.40,1,One Year,Credit Card,Offer A,Fiber Optic,No,Male,31,No,California,San Diego
6483-OATDN,Stayed,No,66,2545,51.30,479.46,4,Month-to-Month,Credit Card,No Offer,DSL,No,Male,47,No,California,Monrovia
6484-LATFU,Stayed,No,31,6042,24.55,2054.52,3,Two Year,Credit Card,No Offer,No Internet Service,No,Male,20,No,California,Linden
6485-QXWWE,Stayed,No,46,4535,26.00,1814.16,3,Two Year,Bank Withdrawal,Offer B,No Internet Service,No,Female,51,No,California,Old Station
6486-LHTMA,Stayed,No,34,2364,90.70,4207.56,3,One Year,Bank Withdrawal,No Offer,Fiber Optic,No,Female,67,Yes,California,California City
6490-FGZAT,Stayed,No,79,3266,20.65,303.34,5,Month-to-Month,Credit Card,Offer E,No Internet Service,No,Male,33,No,California,Strathmore
6496-JDSSB,Stayed,No,22,2165,80.00,943.96,4,Month-to-Month,Bank Withdrawal,No Offer,Fiber Optic,No,Female,24,No,California,Oak Park
6496-SLWHQ,Churned,Yes,87,5960,105.00,400.74,3,Month-to-Month,Bank Withdrawal,Offer E,Fiber Optic,No,Male,68,Yes,California,Moraga
6497-TILVL,Stayed,No,59,3097,50.70,529.83,3,Month-to-Month,Credit Card,No Offer,DSL,No,Female,20,No,California,La Mirada
6500-JVEGC,Stayed,No,60,4941,101.35,7873.71,4,One Year,Bank Withdrawal,No Offer,Fiber Optic,No,Male,56,No,California,Lakewood
6502-HCJTI,Churned,Yes,75,3591,94.70,741.00,1,Month-to-Month,Credit Card,No Offer,Fiber Optic,No,Male,78,Yes,California,Lakewood
6502-KUGLL,Stayed,No,26,5723,59.45,1377.81,3,Month-to-Month,Bank Withdrawal,Offer D,DSL,Yes,Female,29,No,California,El Monte
6502-MJQAE,Churned,Yes,87,2072,69.60,115.81,1,Month-to-Month,Bank Withdrawal,No Offer,Fiber Optic,No,Male,27,No,California,Escondido
6504-VBLFL,Stayed,No,49,6231,58.60,3433.25,3,Two Year,Bank Withdrawal,Offer B,DSL,No,Male,38,No,California,Madeline
6505-OZNPG,Stayed,No,48,3909,63.40,358.80,4,Two Year,Mailed Check,No Offer,Cable,Yes,Female,21,No,California,Annapolis
6506-EYCNH,Stayed,No,41,3948,19.55,987.60,4,Month-to-Month,Bank Withdrawal,No Offer,No Internet Service,No,Female,27,No,California,Montclair
6507-DTJZV,Stayed,No,43,3660,66.40,1224.22,5,Month-to-Month,Credit Card,Offer D,DSL,No,Male,50,No,California,Cardiff By The Sea
6507-ZJSUR,Stayed,No,24,5272,90.45,3224.11,4,One Year,Bank Withdrawal,No Offer,Fiber Optic,No,Male,76,Yes,California,Albion
6508-NJYRO,Stayed,No,31,3977,18.80,509.00,4,One Year,Credit Card,No Offer,No Internet Service,No,Male,36,No,California,Carlsbad
6509-TSGWN,Stayed,No,72,5359,26.45,2089.31,4,Month-to-Month,Credit Card,No Offer,No Internet Service,No,Female,42,No,California,Fallbrook
6510-UPNKS,Stayed,No,46,4402,24.80,1622.06,3,One Year,Credit Card,No Offer,No Internet Service,No,Female,21,No,California,Emigrant Gap
6513-EECDB,Churned,Yes,94,4369,73.55,110.47,2,Month-to-Month,Bank Withdrawal,No Offer,Fiber Optic,No,Male,75,Yes,California,San Francisco
6516-NKQBO,Stayed,No,75,3067,81.00,3922.80,4,Two Year,Credit Card,No Offer,Cable,Yes,Male,28,No,California,Corona
6518-KZXCB,Stayed,No,61,3403,25.25,671.88,4,Two Year,Credit Card,Offer D,No Internet Service,No,Male,61,No,California,Cassel
6518-LGAOV,Churned,Yes,92,2341,105.00,4751.44,1,Month-to-Month,Bank Withdrawal,No Offer,Fiber Optic,Yes,Female,60,No,California,San Diego
6518-PPLMZ,Stayed,No,73,4497,19.40,2452.31,3,Two Year,Credit Card,No Offer,No Internet Service,No,Male,38,No,California,Clio
6519-CFDBX,Joined,No,45,4964,45.40,102.57,3,Month-to-Month,Bank Withdrawal,No Offer,Cable,No,Female,31,No,California,Torrance
6519-ZHPXP,Stayed,No,33,4183,108.30,10685.12,4,Two Year,Bank Withdrawal,No Offer,Fiber Optic,Yes,Female,51,No,California,Sacramento
6521-YYTYI,Churned,Yes,65,2578,93.30,101.29,3,Month-to-Month,Bank Withdrawal,Offer E,Fiber Optic,No,Male,59,No,California,Navarro
6522-OIQSX,Stayed,No,23,4175,54.95,3772.50,4,Two Year,Credit Card,Offer A,Cable,No,Female,60,No,California,Alta
6522-YRBXD,Stayed,No,69,2631,94.55,4080.80,3,One Year,Bank Withdrawal,Offer C,Fiber Optic,No,Male,68,Yes,California,Anaheim
6527-PZFPV,Stayed,No,48,4654,20.80,1089.81,5,One Year,Credit Card,Offer C,No Internet Service,No,Male,19,No,California,Los Angeles
6532-YLWSI,Churned,Yes,78,4166,20.80,3027.85,3,One Year,Bank Withdrawal,Offer B,No Internet Service,No,Female,25,No,California,Crescent Mills
6537-OTKMY,Stayed,No,63,5091,50.75,655.65,5,One Year,Bank Withdrawal,Offer D,DSL,No,Male,52,No,California,Covelo
6537-QLGEX,Stayed,No,39,3300,38.90,664.40,3,Month-to-Month,Bank Withdrawal,No Offer,DSL,No,Female,34,No,California,Mammoth Lakes
6538-POCHL,Stayed,No,21,4396,79.00,3158.59,3,Month-to-Month,Credit Card,Offer C,Fiber Optic,No,Male,59,No,California,Mountain Center
6542-LWGXJ,Joined,No,70,2730,25.00,78.25,4,Month-to-Month,Credit Card,Offer E,DSL,No,Male,46,No,California,Pixley
6543-CPZMK,Churned,Yes,83,2573,29.95,258.95,2,Month-to-Month,Bank Withdrawal,Offer E,DSL,No,Male,32,No,California,Ventura
6543-JXSOO,Stayed,No,22,3794,57.75,1579.09,3,One Year,Credit Card,Offer D,DSL,Yes,Female,30,No,California,Clipper Mills
6543-XRMYR,Churned,Yes,69,3548,99.70,4355.65,1,Month-to-Month,Bank Withdrawal,No Offer,Fiber Optic,No,Female,73,Yes,California,Stockton
6546-OPBBH,Stayed,No,26,5895,23.95,3386.40,5,One Year,Credit Card,No Offer,No Internet Service,No,Male,40,No,California,Santa Ana
6549-BTYPG,Stayed,No,80,5784,60.80,3603.45,5,Two Year,Credit Card,No Offer,DSL,Yes,Female,19,No,California,Sebastopol
6549-NNDYT,Stayed,No,38,2444,30.85,394.10,3,Month-to-Month,Bank Withdrawal,No Offer,Cable,No,Female,59,No,California,Fresno
6549-YMFAW,Stayed,No,69,2302,21.25,219.49,4,One Year,Credit Card,No Offer,No Internet Service,No,Male,70,Yes,California,Los Olivos
6551-GNYDG,Stayed,No,46,2563,80.90,1715.88,5,Month-to-Month,Bank Withdrawal,No Offer,Fiber Optic,No,Female,33,No,California,Long Beach
6551-VLJMV,Stayed,No,29,2236,20.05,829.28,3,Two Year,Credit Card,Offer C,No Internet Service,No,Male,44,No,California,Hemet
6551-ZCOTS,Stayed,No,52,5756,24.90,951.75,4,One Year,Bank Withdrawal,Offer C,No Internet Service,No,Male,73,Yes,California,Torrance
6556-DBKZF,Stayed,No,26,5841,76.05,6103.85,5,Two Year,Bank Withdrawal,No Offer,Fiber Optic,No,Female,38,No,California,Chula Vista
6557-BZXLQ,Stayed,No,63,5610,69.65,1409.70,3,Two Year,Bank Withdrawal,Offer D,Fiber Optic,No,Male,66,Yes,California,Cabazon
6559-ILWKJ,Churned,Yes,95,4879,49.35,3615.25,1,Two Year,Bank Withdrawal,No Offer,Cable,No,Male,44,No,California,Fresno
6559-PDZLR,Stayed,No,62,4191,98.65,3499.00,3,Month-to-Month,Bank Withdrawal,No Offer,Fiber Optic,Yes,Male,26,No,California,Desert Center
6559-RAKOZ,Stayed,No,53,4301,97.95,5702.88,3,One Year,Bank Withdrawal,Offer B,Fiber Optic,Yes,Male,61,No,California,Orange Cove
6563-VNPMN,Stayed,No,44,5397,85.70,4014.40,4,Month-to-Month,Bank Withdrawal,No Offer,Fiber Optic,Yes,Female,80,Yes,California,Sylmar
6563-VRERX,Stayed,No,52,5212,20.60,1819.51,5,One Year,Credit Card,No Offer,No Internet Service,No,Male,63,No,California,San Diego
6567-HOOPW,Churned,Yes,76,4363,79.20,99.26,3,Month-to-Month,Bank Withdrawal,No Offer,Fiber Optic,No,Female,69,Yes,California,Folsom
6568-POCUI,Stayed,No,27,3363,95.20,6452.75,5,Two Year,Credit Card,No Offer,Fiber Optic,Yes,Female,51,No,California,Strawberry Valley
6569-KTMDU,Joined,No,26,3313,19.10,24.12,5,Month-to-Month,Mailed Check,No Offer,No Internet Service,No,Female,28,No,California,Sacramento
6572-ADKRS,Stayed,No,41,3395,74.80,5500.54,3,Month-to-Month,Credit Card,Offer B,Fiber Optic,No,Female,19,No,California,Los Angeles
6574-MCOEH,Stayed,No,73,3555,79.15,3593.87,5,One Year,Bank Withdrawal,No Offer,Cable,Yes,Female,47,No,California,Escondido
6575-SUVOI,Stayed,No,25,3154,69.50,2517.65,4,One Year,Credit Card,No Offer,DSL,Yes,Female,65,Yes,California,Los Angeles
6576-FBXOJ,Stayed,No,22,4590,54.60,887.07,4,One Year,Bank Withdrawal,Offer D,DSL,Yes,Male,29,No,California,Yuba City
6578-KRMAW,Stayed,No,66,3224,93.40,4461.86,3,Month-to-Month,Credit Card,No Offer,Fiber Optic,No,Male,22,No,California,Planada
6579-JPICP,Joined,No,46,2968,20.40,38.21,5,Month-to-Month,Mailed Check,No Offer,No Internet Service,No,Male,31,No,California,Riverside
6581-NQCBA,Churned,Yes,78,4840,49.95,810.20,1,Month-to-Month,Bank Withdrawal,Offer D,DSL,Yes,Female,36,No,California,Snelling
6582-OIVSP,Joined,No,48,3575,45.30,92.66,5,Month-to-Month,Credit Card,No Offer,Cable,No,Female,25,No,California,Glendale
6582-PLFUU,Stayed,No,40,5974,19.55,2563.71,4,Two Year,Credit Card,Offer B,No Internet Service,No,Male,40,No,California,Cedarville
6583-KQJLK,Stayed,No,70,5868,94.65,1852.65,3,Two Year,Bank Withdrawal,Offer D,Fiber Optic,No,Female,66,Yes,California,Twin Bridges
6583-QGCSI,Churned,Yes,87,5813,88.05,6323.35,3,Month-to-Month,Bank Withdrawal,Offer B,Fiber Optic,No,Female,79,Yes,California,Indian Wells
6583-SZVGP,Stayed,No,76,5994,108.10,5543.13,4,Two Year,Bank Withdrawal,No Offer,Fiber Optic,No,Male,59,No,California,Indio
6584-VQMYT,Stayed,No,42,5978,56.20,1668.56,4,One Year,Credit Card,Offer C,DSL,No,Male,19,No,California,San Jose
6585-WCEWR,Stayed,No,41,4949,20.35,2994.56,3,Two Year,Bank Withdrawal,No Offer,No Internet Service,No,Male,24,No,California,Fresno
6586-MYGKD,Stayed,No,47,6280,76.95,6568.00,3,Two Year,Credit Card,Offer A,DSL,Yes,Male,46,No,California,Newport Beach
6586-PSJOX,Stayed,No,73,3608,55.20,969.00,4,One Year,Credit Card,Offer D,DSL,Yes,Male,62,No,California,Earlimart
6591-QGOYB,Stayed,No,25,2754,106.65,2331.36,3,Month-to-Month,Bank Withdrawal,No Offer,Fiber Optic,Yes,Male,29,No,California,Surfside
6595-COKXZ,Churned,Yes,65,4879,44.45,92.76,3,Month-to-Month,Mailed Check,Offer E,Cable,No,Female,63,No,California,Plymouth
6595-YGXIT,Churned,Yes,91,3878,88.95,3482.70,2,Month-to-Month,Bank Withdrawal,Offer C,Fiber Optic,No,Male,71,Yes,California,Boulder Creek
6598-KELSS,Stayed,No,41,5409,43.05,2208.05,3,One Year,Bank Withdrawal,Offer B,DSL,No,Male,40,No,California,San Diego
6598-RFFVI,Churned,Yes,94,2279,19.30,59.88,3,One Year,Credit Card,No Offer,No Internet Service,No,Male,56,No,California,San Bernardino
6599-CEBNN,Churned,Yes,94,5795,73.95,2577.15,3,Month-to-Month,Credit Card,Offer C,Fiber Optic,No,Female,63,No,California,San Diego
6599-GZWCM,Stayed,No,40,4172,74.65,1520.31,5,One Year,Credit Card,No Offer,Fiber Optic,No,Female,39,No,California,San Jose
6599-RCLCJ,Churned,Yes,90,5863,109.55,5482.69,2,Month-to-Month,Bank Withdrawal,Offer B,Fiber Optic,Yes,Male,54,No,California,Fallbrook
6599-SFQVE,Stayed,No,21,2629,55.00,565.82,5,Month-to-Month,Bank Withdrawal,No Offer,Cable,No,Female,27,No,California,Santa Clara
6603-QWSPR,Stayed,No,24,4190,104.40,5173.76,4,Two Year,Bank Withdrawal,Offer B,Fiber Optic,Yes,Female,20,No,California,Galt
6603-YRDCJ,Stayed,No,21,3215,61.05,2542.77,3,Two Year,Credit Card,Offer C,DSL,Yes,Male,19,No,California,San Francisco
6608-QQLVK,Churned,Yes,83,2077,50.50,90.08,3,Month-to-Month,Bank Withdrawal,No Offer,DSL,No,Male,35,No,California,Bangor
6609-MXJHJ,Stayed,No,35,5851,25.10,2190.44,3,Two Year,Credit Card,Offer C,No Internet Service,No,Female,39,No,California,Long Beach
6614-FHDBO,Stayed,No,26,4551,109.20,10406.22,3,Two Year,Bank Withdrawal,No Offer,Fiber Optic,Yes,Male,49,No,California,Rancho Cucamonga
6614-VBEGU,Stayed,No,35,4208,69.45,2671.49,5,Month-to-Month,Bank Withdrawal,Offer C,DSL,No,Female,23,No,California,Loma Linda
6614-YOLAC,Stayed,No,48,4151,58.65,4145.25,4,Two Year,Credit Card,Offer A,Cable,Yes,Female,31,No,California,Oakland
6614-YWYSC,Stayed,No,78,6421,25.00,2669.29,3,Two Year,Bank Withdrawal,No Offer,No Internet Service,No,Male,68,Yes,California,Sultana
6615-NGGZJ,Churned,Yes,72,5224,100.55,1933.13,2,Month-to-Month,Bank Withdrawal,No Offer,Fiber Optic,No,Male,56,No,California,Buellton
6615-ZGEDR,Churned,Yes,90,5707,19.70,21.61,2,Month-to-Month,Mailed Check,No Offer,No Internet Service,No,Male,42,No,California,Smith River
6616-AALSR,Stayed,No,76,4997,104.30,7651.35,3,Two Year,Credit Card,No Offer,Fiber Optic,No,Female,23,No,California,Citrus Heights
6617-WLBQC,Stayed,No,80,5939,81.85,1941.95,4,One Year,Credit Card,Offer D,Fiber Optic,No,Female,51,No,California,Beverly Hills
6618-RYATB,Churned,Yes,93,5571,79.55,84.65,2,Month-to-Month,Credit Card,Offer E,Fiber Optic,No,Female,56,No,California,North Hollywood
6619-RPLQZ,Stayed,No,32,2844,20.85,2700.70,4,Two Year,Mailed Check,Offer B,No Internet Service,No,Female,24,No,California,June Lake
6620-HVDUJ,Stayed,No,56,5095,60.45,2009.79,5,Month-to-Month,Bank Withdrawal,Offer C,DSL,Yes,Male,50,No,California,Fresno
6620-JDYNW,Stayed,No,74,4459,60.60,1353.81,3,Month-to-Month,Credit Card,Offer D,DSL,No,Female,64,No,California,Leggett
6621-NRZAK,Stayed,No,56,5975,20.00,4163.95,5,Two Year,Credit Card,Offer B,No Internet Service,No,Female,40,No,California,Mount Hamilton
6621-YOBKI,Stayed,No,76,2303,20.35,251.65,4,Month-to-Month,Credit Card,No Offer,No Internet Service,No,Male,46,No,California,San Ardo
6624-JDRDS,Stayed,No,42,4391,29.45,161.45,3,Month-to-Month,Bank Withdrawal,Offer E,Cable,No,Female,22,No,California,Dos Palos
6625-FLENO,Stayed,No,20,4927,20.75,2269.39,5,Two Year,Credit Card,No Offer,No Internet Service,No,Male,31,No,California,Los Angeles
6625-IUTTT,Stayed,No,54,6035,65.55,7734.13,4,Two Year,Bank Withdrawal,Offer A,Cable,No,Male,29,No,California,Fremont
6625-UTXEW,Stayed,No,57,3097,51.25,1174.66,3,Month-to-Month,Bank Withdrawal,Offer D,Cable,No,Female,26,No,California,Fort Bragg
6627-CFOSN,Stayed,No,51,5247,99.45,7979.48,3,Month-to-Month,Bank Withdrawal,Offer B,Fiber Optic,No,Female,54,No,California,Madera
6629-CZTTH,Churned,Yes,79,4629,55.70,103.92,1,Month-to-Month,Credit Card,No Offer,Cable,No,Male,62,No,California,Orange
6629-LADHQ,Joined,No,37,5968,50.95,196.97,3,Month-to-Month,Credit Card,Offer E,DSL,No,Female,42,No,California,Santa Barbara
6630-UJZMY,Stayed,No,37,5251,83.25,325.48,3,One Year,Bank Withdrawal,No Offer,Fiber Optic,No,Female,73,Yes,California,Palo Alto
6631-HMANX,Stayed,No,53,5641,85.45,8470.30,4,Two Year,Credit Card,No Offer,Cable,Yes,Male,39,No,California,Kelseyville
6633-MPWBS,Churned,Yes,73,4336,49.20,253.45,1,Month-to-Month,Bank Withdrawal,Offer E,DSL,Yes,Male,47,No,California,Woodland
6633-SYEUS,Stayed,No,28,2061,83.20,2467.59,3,Month-to-Month,Bank Withdrawal,No Offer,Fiber Optic,Yes,Female,23,No,California,San Diego
6635-CPNUN,Stayed,No,43,5530,96.60,3624.31,5,Month-to-Month,Credit Card,No Offer,Fiber Optic,No,Male,25,No,California,Moreno Valley
6635-MYYYZ,Churned,Yes,73,2313,85.35,3840.70,2,One Year,Bank Withdrawal,No Offer,Cable,Yes,Female,59,No,California,Trinity Center
6637-KYRCV,Stayed,No,27,5973,30.50,167.20,3,Month-to-Month,Bank Withdrawal,No Offer,DSL,No,Female,22,No,California,La Puente
6641-XRPSU,Churned,Yes,93,2318,70.00,2563.54,2,Month-to-Month,Credit Card,Offer C,Fiber Optic,No,Female,61,No,California,San Lorenzo
6645-MXQJT,Joined,No,43,5745,97.10,262.85,3,Month-to-Month,Bank Withdrawal,Offer E,Fiber Optic,No,Male,40,No,California,Copperopolis
6646-JPPHA,Stayed,No,44,5327,78.85,1765.94,3,Month-to-Month,Bank Withdrawal,No Offer,Fiber Optic,No,Female,76,Yes,California,Fullerton
6646-QVXLR,Churned,Yes,91,5052,103.75,6824.17,1,One Year,Bank Withdrawal,No Offer,Fiber Optic,No,Male,77,Yes,California,Napa
6646-VRFOL,Churned,Yes,87,5860,103.85,7571.58,1,Month-to-Month,Bank Withdrawal,No Offer,Fiber Optic,No,Male,74,Yes,California,Larkspur
6647-ZEDXT,Stayed,No,45,4983,110.45,3721.85,4,One Year,Credit Card,No Offer,Fiber Optic,Yes,Female,19,No,California,Santa Maria
6648-INWPS,Stayed,No,58,5271,20.15,958.15,4,Month-to-Month,Bank Withdrawal,Offer D,No Internet Service,No,Male,30,No,California,San Bernardino
6650-BWFRT,Stayed,No,41,4743,117.15,10321.58,3,Two Year,Credit Card,Offer A,Fiber Optic,Yes,Female,43,No,California,Cambria
6650-VJONK,Joined,No,39,5913,43.85,69.75,4,Month-to-Month,Bank Withdrawal,No Offer,Cable,No,Male,54,No,California,Carson
6651-AZVTJ,Churned,Yes,83,6088,99.80,7302.51,1,Month-to-Month,Bank Withdrawal,No Offer,Fiber Optic,No,Male,27,No,California,Pomona
6651-RLGGM,Stayed,No,52,6066,26.30,2663.08,5,Two Year,Credit Card,Offer A,No Internet Service,No,Male,54,No,California,Galt
6652-YFFJO,Stayed,No,80,2775,64.90,865.26,5,Month-to-Month,Bank Withdrawal,Offer D,Cable,No,Female,42,No,California,Tuolumne
6653-CBBOM,Churned,Yes,88,5963,70.30,86.22,1,Month-to-Month,Bank Withdrawal,Offer E,Fiber Optic,No,Female,57,No,California,Compton
6654-QGBZZ,Joined,No,54,5057,19.90,21.40,5,Month-to-Month,Credit Card,No Offer,No Internet Service,No,Female,21,No,California,Nevada City
6655-LHBYW,Stayed,No,33,5068,114.35,6791.10,3,One Year,Credit Card,Offer B,Fiber Optic,Yes,Male,46,No,California,Glendora
6656-GULJQ,Stayed,No,28,5940,83.55,7710.42,3,Two Year,Credit Card,No Offer,DSL,Yes,Male,25,No,California,Emigrant Gap
6656-JWRQX,Joined,No,57,5565,30.55,70.55,4,Month-to-Month,Credit Card,No Offer,DSL,Yes,Female,60,No,California,San Diego
6661-EIPZC,Stayed,No,36,3194,29.50,1423.05,4,Month-to-Month,Credit Card,No Offer,DSL,Yes,Female,38,No,California,Grand Terrace
6661-HBGWL,Churned,Yes,79,2984,104.75,5004.69,1,Month-to-Month,Bank Withdrawal,No Offer,Fiber Optic,No,Female,69,Yes,California,Mineral
6663-JOCQO,Stayed,No,43,4258,75.25,3243.37,3,One Year,Bank Withdrawal,No Offer,DSL,Yes,Male,55,No,California,Wasco
6664-FPDAC,Churned,Yes,91,4060,111.95,7508.66,3,One Year,Bank Withdrawal,Offer B,Fiber Optic,Yes,Female,77,Yes,California,San Diego
6668-CNMFP,Stayed,No,57,4473,89.35,2388.33,4,One Year,Bank Withdrawal,No Offer,Fiber Optic,Yes,Female,24,No,California,West Hills
6670-MFRPK,Stayed,No,63,4072,79.20,6908.29,4,Two Year,Credit Card,Offer A,Fiber Optic,No,Male,53,No,California,Coalinga
6671-NGWON,Stayed,No,52,3098,20.35,441.59,5,Month-to-Month,Credit Card,Offer E,No Internet Service,No,Female,43,No,California,Dillon Beach
6674-KVJHG,Stayed,No,55,4998,25.20,265.72,4,One Year,Bank Withdrawal,No Offer,No Internet Service,No,Female,50,No,California,Lake Arrowhead
6680-NENYN,Churned,Yes,91,5250,104.60,5313.69,1,Two Year,Bank Withdrawal,No Offer,Fiber Optic,No,Female,24,No,California,San Diego
6680-WKXRZ,Churned,Yes,90,2054,74.40,287.26,3,Month-to-Month,Bank Withdrawal,No Offer,Fiber Optic,No,Female,32,No,California,Antioch
6681-ZSEXG,Stayed,No,71,5477,59.50,5380.05,5,Two Year,Credit Card,Offer B,DSL,No,Male,34,No,California,Rancho Cordova
6682-QJDGB,Churned,Yes,65,2810,55.25,2462.40,1,Month-to-Month,Mailed Check,No Offer,DSL,No,Male,20,No,California,San Diego
6682-VCIXC,Stayed,No,43,5656,51.25,2151.60,3,One Year,Bank Withdrawal,Offer B,Cable,Yes,Female,61,No,California,Mad River
6683-VLCTZ,Churned,Yes,92,5444,98.55,2851.60,3,Month-to-Month,Bank Withdrawal,No Offer,Fiber Optic,No,Male,73,Yes,California,San Diego
6685-GBWJZ,Stayed,No,44,5114,70.80,7409.17,3,One Year,Credit Card,No Offer,Cable,Yes,Male,59,No,California,Los Angeles
6685-XSHHU,Stayed,No,51,4425,20.95,3197.75,5,Two Year,Bank Withdrawal,No Offer,No Internet Service,No,Male,45,No,California,Keyes
6686-YPGHK,Churned,Yes,68,3645,85.50,5811.56,3,Month-to-Month,Credit Card,No Offer,Fiber Optic,No,Male,65,Yes,California,Long Beach
6688-UZPWD,Churned,Yes,88,5750,102.00,1232.14,1,Month-to-Month,Bank Withdrawal,No Offer,Fiber Optic,No,Female,36,No,California,Palm Springs
6689-KXGBO,Churned,Yes,87,3420,50.55,81.51,1,Month-to-Month,Bank Withdrawal,No Offer,DSL,No,Female,36,No,California,San Luis Obispo
6689-TCZHQ,Churned,Yes,65,4054,78.95,439.75,3,Month-to-Month,Bank Withdrawal,Offer E,Fiber Optic,No,Female,70,Yes,California,Claremont
6689-VRRTK,Stayed,No,35,5720,109.80,7049.35,3,One Year,Credit Card,No Offer,Fiber Optic,No,Female,71,Yes,California,Camarillo
6691-CCIHA,Stayed,No,39,6307,84.95,5437.27,4,Two Year,Bank Withdrawal,Offer B,Cable,Yes,Female,46,No,California,Joshua Tree
6692-UDPJC,Churned,Yes,65,4304,91.65,1428.82,3,Month-to-Month,Bank Withdrawal,No Offer,Fiber Optic,Yes,Female,61,No,California,South El Monte
6692-YQHXC,Stayed,No,54,5596,69.95,1644.38,5,Month-to-Month,Credit Card,No Offer,Fiber Optic,No,Male,43,No,California,Sacramento
6693-DJWTY,Stayed,No,80,5964,55.60,2456.05,3,One Year,Credit Card,No Offer,DSL,No,Female,46,No,California,Inglewood
6693-FRIRW,Stayed,No,80,5948,101.30,1930.73,3,Month-to-Month,Credit Card,No Offer,Fiber Optic,No,Male,61,No,California,Newport Beach
6695-AMZUF,Stayed,No,54,5950,86.45,8130.70,4,Two Year,Credit Card,Offer A,DSL,Yes,Female,31,No,California,Stockton
6695-FRVEC,Stayed,No,73,5356,60.40,5412.09,3,Two Year,Bank Withdrawal,No Offer,Cable,Yes,Male,60,No,California,Burbank
6696-YDAYZ,Stayed,No,52,2856,20.50,726.39,3,Two Year,Credit Card,Offer D,No Internet Service,No,Male,30,No,California,Mt Baldy
6698-OXETB,Stayed,No,51,5397,20.40,779.25,4,Two Year,Credit Card,Offer D,No Internet Service,No,Male,60,No,California,Joshua Tree
6701-DHKWQ,Stayed,No,55,4159,51.35,3244.40,3,Two Year,Credit Card,Offer B,DSL,Yes,Female,38,No,California,Montrose
6701-YVNQG,Stayed,No,41,5764,88.70,9733.22,3,Two Year,Credit Card,Offer A,DSL,Yes,Male,63,No,California,Moreno Valley
6702-OHFWR,Churned,Yes,91,4972,43.30,43.30,3,Month-to-Month,Bank Withdrawal,Offer E,DSL,No,Male,75,Yes,California,Reseda
6704-UTUKK,Stayed,No,37,5074,45.90,1352.40,4,Month-to-Month,Bank Withdrawal,No Offer,DSL,No,Male,43,No,California,Exeter
6705-LNMDD,Stayed,No,46,5741,50.00,1996.44,3,Month-to-Month,Credit Card,Offer D,DSL,Yes,Male,38,No,California,San Diego
6705-LXORM,Stayed,No,24,2064,70.05,329.70,4,One Year,Bank Withdrawal,Offer E,Fiber Optic,No,Female,79,Yes,California,Perris
6710-HSJRD,Stayed,No,64,5239,114.10,7883.67,4,Month-to-Month,Bank Withdrawal,Offer B,Fiber Optic,Yes,Male,48,No,California,Newport Coast
6711-FLDFB,Churned,Yes,68,5159,74.90,868.68,1,Month-to-Month,Bank Withdrawal,Offer E,Fiber Optic,No,Female,62,No,California,Big Oak Flat
6711-VTNRE,Churned,Yes,92,2558,87.55,4076.02,1,Month-to-Month,Bank Withdrawal,No Offer,Fiber Optic,Yes,Female,42,No,California,Tranquillity
6712-OAWRH,Churned,Yes,76,5154,91.25,3253.74,3,Month-to-Month,Bank Withdrawal,Offer C,Fiber Optic,No,Female,79,Yes,California,San Bernardino
6713-OKOMC,Stayed,No,51,2013,29.75,301.90,3,Month-to-Month,Mailed Check,Offer D,DSL,No,Female,42,No,California,Los Angeles
6715-OFDBP,Churned,Yes,84,4944,70.05,417.70,1,Month-to-Month,Bank Withdrawal,No Offer,DSL,No,Male,52,No,California,Palo Alto
6718-BDGHG,Stayed,No,72,4000,64.85,3466.34,3,One Year,Bank Withdrawal,No Offer,DSL,Yes,Female,64,No,California,Gold Run
6719-FGEDO,Stayed,No,67,6302,97.00,9897.08,4,Two Year,Bank Withdrawal,Offer A,Fiber Optic,Yes,Female,27,No,California,Whittier
6719-OXYBR,Stayed,No,51,5559,85.30,1629.35,3,Month-to-Month,Bank Withdrawal,No Offer,Fiber Optic,No,Male,41,No,California,California City
6723-CEGQI,Stayed,No,37,5712,45.25,2933.95,5,Two Year,Credit Card,No Offer,DSL,Yes,Female,33,No,California,Bayside
6723-WSNTY,Stayed,No,35,5360,108.10,7639.99,3,One Year,Credit Card,No Offer,Fiber Optic,Yes,Female,73,Yes,California,Del Mar
6725-TPKJO,Stayed,No,41,2798,20.05,2921.26,3,Two Year,Credit Card,No Offer,No Internet Service,No,Male,28,No,California,Duncans Mills
6726-NNFWD,Stayed,No,72,6004,89.45,7589.71,4,Two Year,Credit Card,Offer A,Fiber Optic,No,Female,74,Yes,California,Murrieta
6726-WEXXK,Stayed,No,63,5755,85.90,3330.07,3,One Year,Bank Withdrawal,No Offer,Fiber Optic,No,Male,72,Yes,California,Fields Landing
6727-IOTLZ,Stayed,No,52,2564,81.95,1254.13,3,Two Year,Credit Card,Offer D,Cable,Yes,Male,48,No,California,Pasadena
6728-CZFEI,Stayed,No,25,5473,56.15,995.07,4,One Year,Credit Card,No Offer,DSL,No,Female,28,No,California,Sacramento
6728-DKUCO,Stayed,No,21,4594,104.15,9162.09,3,One Year,Bank Withdrawal,Offer A,Fiber Optic,No,Female,25,No,California,Santa Monica
6728-VOIFY,Stayed,No,80,5016,96.00,7431.88,3,One Year,Bank Withdrawal,Offer B,Fiber Optic,No,Female,20,No,California,Palo Cedro
6728-WYQBC,Joined,No,62,2285,20.95,23.24,3,Month-to-Month,Bank Withdrawal,Offer E,No Internet Service,No,Male,52,No,California,Escondido
6729-FZWSY,Stayed,No,57,5343,19.45,1802.30,4,One Year,Credit Card,Offer A,No Internet Service,No,Male,45,No,California,Penn Valley
6729-GDNGC,Stayed,No,73,3111,80.70,2044.00,5,One Year,Bank Withdrawal,No Offer,Fiber Optic,No,Female,71,Yes,California,Westport
6732-FZUGP,Stayed,No,52,4510,94.90,6507.00,4,One Year,Credit Card,Offer B,Fiber Optic,No,Female,30,No,California,Berkeley
6732-VAILE,Stayed,No,60,6354,85.95,8035.95,5,Two Year,Credit Card,No Offer,Cable,Yes,Male,33,No,California,Montclair
6733-LRIZX,Stayed,No,32,5903,108.95,4727.95,3,Two Year,Bank Withdrawal,No Offer,Fiber Optic,Yes,Male,42,No,California,Bodega Bay
6734-CKRSM,Joined,No,65,4258,20.00,184.20,3,Month-to-Month,Mailed Check,No Offer,No Internet Service,No,Female,38,No,California,Stirling City
6734-FQAJX,Stayed,No,49,4143,105.05,9465.11,4,Two Year,Bank Withdrawal,No Offer,Fiber Optic,Yes,Male,65,Yes,California,Somerset
6734-GMPVK,Stayed,No,66,4024,105.30,773.85,3,Month-to-Month,Bank Withdrawal,Offer E,Fiber Optic,No,Male,34,No,California,Santa Maria
6734-JDTTV,Stayed,No,52,6009,19.85,3442.60,3,Two Year,Credit Card,Offer B,No Internet Service,No,Male,55,No,California,Manton
6734-PSBAW,Stayed,No,59,5901,23.55,1857.87,3,Two Year,Bank Withdrawal,Offer A,No Internet Service,No,Male,46,No,California,Santa Fe Springs
6736-DHUQI,Stayed,No,66,6072,84.80,5830.79,4,One Year,Bank Withdrawal,No Offer,Fiber Optic,No,Female,64,No,California,Fairfax
6738-ISCBM,Stayed,No,36,4256,54.00,2434.78,3,One Year,Bank Withdrawal,No Offer,Cable,No,Male,55,No,California,Northridge
6741-EGCBI,Stayed,No,53,5983,90.50,2717.05,3,Two Year,Credit Card,No Offer,Fiber Optic,No,Male,69,Yes,California,Hacienda Heights
6741-QRLUP,Stayed,No,74,5554,80.30,6969.77,3,Two Year,Credit Card,No Offer,DSL,Yes,Female,50,No,California,Olema
6743-HHQPF,Stayed,No,57,4959,25.10,1097.15,3,Month-to-Month,Credit Card,No Offer,DSL,No,Male,26,No,California,Capay
6745-JEFZB,Stayed,No,78,3617,91.50,4120.31,4,Month-to-Month,Credit Card,No Offer,Fiber Optic,Yes,Male,64,No,California,El Cajon
6746-WAUWT,Stayed,No,41,4431,19.70,890.76,4,One Year,Credit Card,No Offer,No Internet Service,No,Male,62,No,California,Salida
6749-UTDVX,Stayed,No,63,6088,103.65,8417.44,5,Two Year,Bank Withdrawal,Offer A,Fiber Optic,No,Male,64,No,California,Brownsville
6752-APNJL,Stayed,No,57,3449,54.50,3096.21,4,Month-to-Month,Credit Card,No Offer,DSL,No,Male,30,No,California,Woodlake
6754-LZUKA,Stayed,No,64,4161,80.90,6354.41,3,Two Year,Bank Withdrawal,No Offer,DSL,No,Male,29,No,California,Escondido
6754-WKSHP,Stayed,No,47,5915,25.35,851.40,3,One Year,Bank Withdrawal,Offer C,No Internet Service,No,Male,61,No,California,Brisbane
6762-NSODU,Stayed,No,77,4630,19.40,1541.43,4,Two Year,Credit Card,No Offer,No Internet Service,No,Female,46,No,California,Los Angeles
6762-QVYJO,Stayed,No,21,4678,59.75,3624.35,3,Two Year,Credit Card,Offer B,DSL,Yes,Female,25,No,California,Acton
6765-MBQNU,Stayed,No,20,2244,26.00,1554.27,5,One Year,Credit Card,No Offer,No Internet Service,No,Female,56,No,California,Phillipsville
6766-HFKLA,Stayed,No,34,4534,103.20,6311.63,5,Two Year,Bank Withdrawal,No Offer,Fiber Optic,Yes,Female,60,No,California,Cazadero
6769-DCQLI,Churned,Yes,85,4630,105.00,7989.93,2,One Year,Bank Withdrawal,No Offer,Fiber Optic,Yes,Male,21,No,California,Pope Valley
6769-DYBQN,Churned,Yes,71,2097,85.00,5661.28,1,Month-to-Month,Bank Withdrawal,No Offer,Fiber Optic,No,Male,77,Yes,California,Clearlake
6770-UAYGJ,Stayed,No,35,5616,25.25,2860.50,3,Two Year,Credit Card,No Offer,No Internet Service,No,Female,23,No,California,Lebec
6770-XUAGN,Churned,Yes,90,3753,21.00,37.66,2,Month-to-Month,Bank Withdrawal,Offer E,No Internet Service,No,Female,30,No,California,North Hollywood
6771-XWBDM,Churned,Yes,80,4471,104.50,8208.76,1,Month-to-Month,Credit Card,No Offer,Fiber Optic,No,Female,47,No,California,White Water
6772-KSATR,Churned,Yes,83,5574,81.70,91.51,1,Month-to-Month,Bank Withdrawal,Offer E,Fiber Optic,No,Male,31,No,California,Eagleville
6772-WFQRD,Stayed,No,59,3200,20.40,1878.75,5,One Year,Bank Withdrawal,Offer B,No Internet Service,No,Male,58,No,California,Castella
6773-LQTVT,Stayed,No,46,4107,35.65,1000.08,5,Two Year,Credit Card,No Offer,DSL,No,Female,67,Yes,California,Long Beach
6776-TLWOI,Churned,Yes,93,2158,19.85,160.58,1,Month-to-Month,Mailed Check,Offer E,No Internet Service,No,Male,29,No,California,Livingston
6777-TGHTM,Churned,Yes,90,5550,106.95,7364.90,1,One Year,Credit Card,No Offer,Fiber Optic,No,Female,44,No,California,San Francisco
6778-EICRF,Stayed,No,52,5535,74.80,2029.28,4,One Year,Credit Card,No Offer,Cable,No,Male,57,No,California,Clio
6778-JFCMK,Stayed,No,32,4806,50.60,1288.75,3,One Year,Mailed Check,Offer C,DSL,No,Male,28,No,California,Van Nuys
6778-YSNIH,Joined,No,33,5810,59.00,168.19,5,Month-to-Month,Bank Withdrawal,No Offer,Cable,No,Female,63,No,California,Riverside
6784-XYJAE,Stayed,No,25,4770,55.80,3700.62,3,One Year,Bank Withdrawal,No Offer,DSL,No,Female,38,No,California,Fort Irwin
6786-OBWQR,Stayed,No,69,5109,80.85,595.65,5,Month-to-Month,Bank Withdrawal,No Offer,Fiber Optic,No,Female,20,No,California,Nipomo
6789-HJBWG,Stayed,No,70,5007,49.40,907.33,3,Month-to-Month,Bank Withdrawal,Offer D,DSL,No,Female,20,No,California,Livingston
6791-YBNAK,Stayed,No,28,4134,25.55,467.85,3,Month-to-Month,Credit Card,Offer D,DSL,No,Male,26,No,California,Manteca
6794-HKIAJ,Stayed,No,67,5496,90.70,6758.25,3,Month-to-Month,Bank Withdrawal,No Offer,Fiber Optic,No,Male,44,No,California,Redondo Beach
6797-LNAQX,Churned,Yes,91,4794,98.30,8950.80,2,Two Year,Bank Withdrawal,Offer A,Fiber Optic,No,Male,34,No,California,Poway
6797-UCJHZ,Stayed,No,27,5722,104.60,8503.11,3,One Year,Credit Card,Offer A,Fiber Optic,No,Female,74,Yes,California,Simi Valley
6804-GDMOI,Churned,Yes,68,4183,106.60,8943.43,3,Two Year,Bank Withdrawal,No Offer,Fiber Optic,Yes,Female,39,No,California,Brea
6806-YDEUL,Stayed,No,77,3288,19.50,118.98,3,Two Year,Bank Withdrawal,Offer E,No Internet Service,No,Female,67,Yes,California,Sacramento
6807-SIWJI,Stayed,No,35,2709,104.85,4052.17,4,One Year,Bank Withdrawal,Offer C,Fiber Optic,No,Male,47,No,California,Groveland
6810-VCAEX,Stayed,No,26,4670,39.65,1798.65,4,One Year,Credit Card,Offer B,DSL,Yes,Female,57,No,California,Los Angeles
6813-GZQCG,Stayed,No,63,2194,24.65,2861.95,3,Two Year,Credit Card,No Offer,No Internet Service,No,Female,21,No,California,Milford
6814-ZPWFQ,Stayed,No,49,5896,25.00,1419.31,4,One Year,Bank Withdrawal,No Offer,No Internet Service,No,Male,67,Yes,California,Santa Clarita
6815-ABQFQ,Stayed,No,70,5800,107.25,6841.38,3,One Year,Bank Withdrawal,No Offer,Fiber Optic,Yes,Male,53,No,California,Silverado
6817-WTYHE,Joined,No,26,4370,44.90,121.21,4,Month-to-Month,Bank Withdrawal,No Offer,DSL,No,Male,56,No,California,Happy Camp
6818-DJXAA,Stayed,No,50,3857,91.10,1393.65,3,Month-to-Month,Bank Withdrawal,No Offer,Fiber Optic,Yes,Female,43,No,California,Alturas
6818-WOBHJ,Churned,Yes,69,5651,89.60,7768.44,1,Month-to-Month,Bank Withdrawal,Offer A,Fiber Optic,No,Female,70,Yes,California,Fulton
6821-BUXUX,Churned,Yes,65,2110,96.65,1465.76,1,Month-to-Month,Bank Withdrawal,Offer D,Fiber Optic,No,Female,28,No,California,Temecula
6821-JPCDC,Stayed,No,66,5893,97.05,6979.67,5,One Year,Bank Withdrawal,No Offer,Fiber Optic,No,Female,29,No,California,Castro Valley
6823-SIDFQ,Stayed,No,67,5327,18.25,1665.62,4,One Year,Credit Card,Offer C,No Internet Service,No,Male,58,No,California,Parker Dam
6825-UYPFK,Churned,Yes,81,2115,75.60,2393.63,1,Month-to-Month,Bank Withdrawal,Offer D,Fiber Optic,No,Female,47,No,California,Sun City
6827-IEAUQ,Stayed,No,66,3213,66.15,2960.12,3,One Year,Credit Card,No Offer,DSL,Yes,Female,46,No,California,Los Angeles
6828-HMKWP,Stayed,No,25,4843,21.05,858.45,4,Two Year,Bank Withdrawal,No Offer,No Internet Service,No,Male,24,No,California,Berkeley
6833-JMZYP,Stayed,No,77,4521,94.00,1734.65,3,Month-to-Month,Credit Card,No Offer,Fiber Optic,No,Female,54,No,California,Hesperia
6834-NXDCA,Churned,Yes,82,2967,23.90,300.80,3,Month-to-Month,Bank Withdrawal,No Offer,DSL,No,Female,30,No,California,South Dos Palos
6837-BJYDQ,Joined,No,33,2543,19.60,168.30,5,One Year,Credit Card,No Offer,No Internet Service,No,Male,42,No,California,Wilmington
6837-HAEVO,Stayed,No,47,5436,105.00,8849.56,4,Two Year,Bank Withdrawal,Offer A,Fiber Optic,No,Male,47,No,California,Moreno Valley
6838-HVLXG,Stayed,No,27,4177,20.30,634.54,3,Month-to-Month,Mailed Check,No Offer,No Internet Service,No,Female,26,No,California,Keyes
6838-YAUVY,Stayed,No,67,4825,95.10,5699.89,3,Two Year,Bank Withdrawal,No Offer,Fiber Optic,Yes,Female,26,No,California,Petaluma
6839-ITVZJ,Churned,Yes,71,2039,60.05,2196.73,2,Month-to-Month,Bank Withdrawal,No Offer,DSL,Yes,Female,35,No,California,Los Angeles
6840-RESVB,Stayed,No,59,2140,84.80,2807.47,3,One Year,Mailed Check,Offer C,Cable,Yes,Male,38,No,California,Adelanto
6844-DZKRF,Joined,No,59,4697,50.20,131.93,4,Month-to-Month,Credit Card,No Offer,Cable,Yes,Male,61,No,California,Irvine
6845-RGTYS,Churned,Yes,80,4622,98.75,4668.59,1,Month-to-Month,Bank Withdrawal,No Offer,Fiber Optic,No,Female,29,No,California,San Diego
6847-KJLTS,Stayed,No,64,4005,100.40,8495.52,5,Month-to-Month,Bank Withdrawal,Offer B,Fiber Optic,Yes,Female,72,Yes,California,Frazier Park
6848-HJTXY,Stayed,No,28,5628,19.45,2487.32,3,Two Year,Credit Card,Offer B,No Internet Service,No,Female,41,No,California,Ontario
6848-YLDFR,Stayed,No,46,4559,75.20,6351.10,4,One Year,Credit Card,No Offer,DSL,Yes,Male,54,No,California,Gerber
6849-OYAMU,Churned,Yes,71,2608,100.00,2723.70,2,One Year,Bank Withdrawal,No Offer,Fiber Optic,Yes,Male,56,No,California,Indio
6849-WLEYG,Churned,Yes,92,2611,19.75,31.66,3,Month-to-Month,Credit Card,No Offer,No Internet Service,No,Male,43,No,California,Emeryville
6851-WEFYX,Stayed,No,38,3318,100.80,3511.70,5,One Year,Bank Withdrawal,No Offer,Fiber Optic,No,Male,73,Yes,California,Descanso
6854-EXGSF,Stayed,No,38,3033,65.50,642.99,3,Month-to-Month,Bank Withdrawal,Offer E,DSL,No,Female,37,No,California,Mt Baldy
6855-VLGOS,Stayed,No,41,5809,20.55,4104.47,5,Two Year,Bank Withdrawal,No Offer,No Internet Service,No,Male,51,No,California,Guerneville
6856-RAURS,Joined,No,62,2044,74.90,218.21,4,Month-to-Month,Credit Card,No Offer,Fiber Optic,No,Female,50,No,California,Rio Oso
6857-TKDJV,Stayed,No,62,4444,24.65,2585.92,5,Two Year,Bank Withdrawal,No Offer,No Internet Service,No,Male,60,No,California,Strawberry Valley
6857-VWJDT,Churned,Yes,87,3473,95.65,127.98,2,Month-to-Month,Credit Card,Offer E,Fiber Optic,No,Female,45,No,California,Santa Cruz
6859-QNXIQ,Stayed,No,23,5308,113.10,10143.54,3,Two Year,Bank Withdrawal,No Offer,Fiber Optic,Yes,Female,43,No,California,Costa Mesa
6859-RKMZJ,Stayed,No,21,2762,55.05,1094.35,3,Month-to-Month,Bank Withdrawal,No Offer,DSL,No,Male,38,No,California,Vallejo
6860-YRJZP,Stayed,No,51,2003,74.05,1036.38,5,Two Year,Bank Withdrawal,Offer E,Fiber Optic,No,Male,66,Yes,California,Sacramento
6861-OKBCE,Churned,Yes,95,4500,20.10,585.01,2,Month-to-Month,Credit Card,Offer D,No Internet Service,No,Female,62,No,California,Seal Beach
6861-XWTWQ,Churned,Yes,90,2487,99.25,965.89,2,Month-to-Month,Bank Withdrawal,No Offer,Fiber Optic,No,Male,71,Yes,California,Napa
6862-CQUMB,Stayed,No,75,2640,96.10,4454.88,4,Month-to-Month,Credit Card,No Offer,Fiber Optic,No,Male,28,No,California,San Diego
6865-JZNKO,Stayed,No,65,2725,55.30,2112.90,4,Month-to-Month,Bank Withdrawal,No Offer,Cable,No,Female,25,No,California,Los Angeles
6867-ACCZI,Stayed,No,47,3303,52.50,1208.15,3,Two Year,Credit Card,Offer C,DSL,Yes,Female,34,No,California,Bethel Island
6869-FGJJC,Stayed,No,20,5210,79.60,6728.23,4,One Year,Credit Card,No Offer,Fiber Optic,No,Male,50,No,California,Gazelle
6870-ECSHE,Joined,No,39,4196,20.45,126.80,4,One Year,Credit Card,No Offer,No Internet Service,No,Female,23,No,California,Sun City
6870-ZWMNX,Stayed,No,67,5115,76.10,7710.15,4,Two Year,Credit Card,Offer A,DSL,Yes,Male,55,No,California,Clements
6872-HXFNF,Stayed,No,55,5331,58.35,6334.37,3,One Year,Bank Withdrawal,Offer B,DSL,Yes,Female,27,No,California,Irvine
6873-UDNLD,Stayed,No,55,4714,67.45,4293.00,3,Month-to-Month,Bank Withdrawal,No Offer,DSL,No,Male,28,No,California,Oakland
6874-SGLHU,Stayed,No,23,4126,97.00,3386.40,5,One Year,Bank Withdrawal,No Offer,Fiber Optic,No,Male,44,No,California,San Jose
6876-ADESB,Churned,Yes,65,3913,48.95,83.35,1,Month-to-Month,Bank Withdrawal,No Offer,Cable,No,Male,22,No,California,Etna
6877-LGWXO,Churned,Yes,84,3521,78.55,1512.29,3,Month-to-Month,Bank Withdrawal,Offer D,Fiber Optic,No,Male,66,Yes,California,Pleasanton
6877-TJMBR,Churned,Yes,80,2627,84.80,122.63,3,Month-to-Month,Bank Withdrawal,Offer E,Fiber Optic,Yes,Male,21,No,California,Orinda
6878-GGDWG,Stayed,No,31,3846,19.40,1036.35,4,Month-to-Month,Bank Withdrawal,No Offer,No Internet Service,No,Female,57,No,California,San Diego
6885-PKOAM,Stayed,No,57,4487,85.75,8397.48,3,Two Year,Credit Card,No Offer,Cable,Yes,Female,59,No,California,San Marcos
6888-SBYAI,Joined,No,30,3007,50.70,88.75,3,Month-to-Month,Credit Card,Offer E,Cable,No,Male,56,No,California,San Ramon
6890-PFRQX,Stayed,No,24,4466,69.50,1419.18,3,Month-to-Month,Mailed Check,No Offer,DSL,No,Male,56,No,California,Sacramento
6891-JPYFF,Stayed,No,79,4275,105.25,6455.52,3,Month-to-Month,Credit Card,Offer B,Fiber Optic,No,Female,57,No,California,San Jose
6892-BOGQE,Stayed,No,53,4030,20.90,2551.81,4,Two Year,Bank Withdrawal,Offer A,No Internet Service,No,Female,44,No,California,Whittier
6892-EZDTG,Churned,Yes,90,2140,91.65,452.64,2,Month-to-Month,Bank Withdrawal,Offer E,Fiber Optic,No,Female,55,No,California,Kings Beach
6892-XPFPU,Churned,Yes,80,2104,104.25,3628.14,1,Month-to-Month,Bank Withdrawal,Offer C,Fiber Optic,No,Male,70,Yes,California,Pasadena
6893-ODYYE,Stayed,No,25,6435,90.10,5317.95,3,One Year,Credit Card,No Offer,Fiber Optic,Yes,Male,34,No,California,Mokelumne Hill
6894-LFHLY,Churned,Yes,90,5571,75.75,84.10,1,Month-to-Month,Bank Withdrawal,No Offer,Fiber Optic,No,Male,79,Yes,California,Escondido
6896-SRVYQ,Stayed,No,48,4374,73.85,5293.04,5,One Year,Bank Withdrawal,Offer B,Fiber Optic,No,Male,69,Yes,California,Camino
6897-RWMUB,Stayed,No,78,4436,68.05,6739.16,4,Two Year,Bank Withdrawal,No Offer,DSL,Yes,Male,23,No,California,Chino
6897-UUBNU,Stayed,No,51,2681,89.65,3008.33,4,Month-to-Month,Credit Card,No Offer,Fiber Optic,Yes,Male,39,No,California,North Hollywood
6898-MDLZW,Stayed,No,28,5385,53.75,670.25,5,Month-to-Month,Credit Card,Offer D,DSL,Yes,Male,53,No,California,Blue Lake
6898-RBTLU,Stayed,No,59,6366,79.30,4715.85,5,Two Year,Bank Withdrawal,Offer B,DSL,Yes,Female,47,No,California,Whittier
6899-PPEEA,Churned,Yes,81,4448,96.55,3702.40,2,Month-to-Month,Bank Withdrawal,No Offer,Fiber Optic,No,Female,66,Yes,California,Vallejo
6900-PXRMS,Churned,Yes,91,3157,105.75,2833.01,1,Month-to-Month,Bank Withdrawal,Offer C,Fiber Optic,No,Male,72,Yes,California,Spring Valley
6900-RBKER,Stayed,No,35,5386,89.45,5344.06,3,Two Year,Credit Card,Offer B,Fiber Optic,No,Male,32,No,California,San Jose
6901-GOGZG,Stayed,No,41,4104,84.95,7982.45,3,Two Year,Bank Withdrawal,Offer B,DSL,Yes,Male,28,No,California,Lake Hughes
6904-JLBGY,Stayed,No,71,4008,117.35,9511.93,4,Two Year,Credit Card,Offer A,Fiber Optic,Yes,Female,78,Yes,California,Salinas
6905-NIQIN,Churned,Yes,76,2431,50.65,65.43,1,Month-to-Month,Credit Card,Offer E,DSL,No,Male,26,No,California,San Diego
6906-ANDWJ,Churned,Yes,90,2510,74.90,1626.70,2,Month-to-Month,Bank Withdrawal,Offer D,Fiber Optic,No,Male,39,No,California,Vina
6906-MPARY,Stayed,No,22,2524,89.60,4778.95,4,One Year,Credit Card,Offer B,Fiber Optic,Yes,Male,30,No,California,Redondo Beach
6907-CQGPN,Stayed,No,65,2555,34.30,1004.75,5,Month-to-Month,Bank Withdrawal,No Offer,DSL,Yes,Male,40,No,California,Oakland
6907-FLBER,Joined,No,78,3259,54.30,98.32,5,Month-to-Month,Bank Withdrawal,Offer E,DSL,No,Male,62,No,California,Burbank
6907-NZZIJ,Churned,Yes,75,4188,99.15,4126.20,1,Month-to-Month,Bank Withdrawal,No Offer,Fiber Optic,No,Female,54,No,California,Santa Monica
6908-VVYHM,Stayed,No,70,6358,90.65,7330.60,5,Month-to-Month,Bank Withdrawal,Offer B,Fiber Optic,No,Male,52,No,California,Pasadena
6910-HADCM,Churned,Yes,67,5613,76.35,83.61,2,Month-to-Month,Bank Withdrawal,No Offer,Cable,No,Female,63,No,California,Long Beach
6916-HIJSE,Stayed,No,75,5434,84.85,8172.30,4,Two Year,Bank Withdrawal,No Offer,Cable,Yes,Female,57,No,California,Fresno
6917-FIJHC,Stayed,No,20,5374,26.00,3718.56,4,Two Year,Credit Card,Offer A,No Internet Service,No,Female,60,No,California,Livingston
6917-IAYHD,Joined,No,27,4369,33.60,83.60,5,Month-to-Month,Credit Card,Offer E,Cable,Yes,Male,44,No,California,La Honda
6917-YACBP,Stayed,No,70,5170,89.75,7005.53,3,Two Year,Bank Withdrawal,Offer B,Fiber Optic,No,Female,80,Yes,California,Escondido
6918-UMQCG,Stayed,No,46,3391,80.20,628.55,3,Month-to-Month,Bank Withdrawal,Offer E,Fiber Optic,No,Female,25,No,California,Orange
6919-ELBGL,Stayed,No,61,6268,114.95,9735.76,3,Two Year,Bank Withdrawal,Offer A,Fiber Optic,Yes,Male,75,Yes,California,Big Pine
6921-OZMFH,Stayed,No,46,3598,55.70,354.25,3,Month-to-Month,Credit Card,No Offer,Cable,Yes,Male,38,No,California,Santa Clara
6922-NCEDI,Stayed,No,23,6473,21.20,3961.93,4,One Year,Mailed Check,Offer B,No Internet Service,No,Male,38,No,California,Costa Mesa
6923-AQONU,Stayed,No,46,4076,20.90,888.93,3,Two Year,Credit Card,Offer D,No Internet Service,No,Male,32,No,California,Los Angeles
6923-EFPNL,Churned,Yes,83,3865,51.75,241.02,1,Month-to-Month,Credit Card,No Offer,DSL,No,Male,39,No,California,Silverado
6923-JHPMP,Joined,No,67,5602,80.45,207.92,4,Month-to-Month,Bank Withdrawal,No Offer,Fiber Optic,No,Female,35,No,California,Templeton
6924-TDGMT,Stayed,No,23,3971,20.55,472.16,5,One Year,Credit Card,No Offer,No Internet Service,No,Male,34,No,California,Platina
6925-BAYGL,Stayed,No,70,5295,25.10,2284.19,3,Two Year,Credit Card,No Offer,No Internet Service,No,Female,79,Yes,California,Inglewood
6927-WTFIV,Churned,Yes,91,3684,71.30,1503.40,2,Month-to-Month,Credit Card,Offer D,Fiber Optic,No,Male,78,Yes,California,Redwood City
6928-ONTRW,Stayed,No,33,5451,19.70,4838.68,3,Two Year,Credit Card,No Offer,No Internet Service,No,Female,53,No,California,Bell
6933-FHBZC,Stayed,No,46,3079,56.05,2482.70,4,One Year,Credit Card,Offer C,Cable,No,Female,30,No,California,Moreno Valley
6933-VLYFX,Stayed,No,37,4337,59.95,1848.80,3,One Year,Bank Withdrawal,Offer C,Cable,Yes,Male,64,No,California,Belmont
6937-GCDGQ,Stayed,No,35,2394,48.95,1178.85,3,One Year,Bank Withdrawal,Offer D,Cable,No,Male,59,No,California,West Point
6941-KXRRV,Stayed,No,49,4815,58.95,4442.34,3,One Year,Bank Withdrawal,No Offer,DSL,No,Female,65,Yes,California,Dorris
6941-PMGEP,Churned,Yes,90,3937,80.00,602.45,3,Month-to-Month,Bank Withdrawal,Offer E,Fiber Optic,No,Female,26,No,California,Novato
6942-LBFDP,Joined,No,25,5629,20.55,67.00,3,Month-to-Month,Mailed Check,No Offer,No Internet Service,No,Female,30,No,California,Bakersfield
6946-LMSQS,Churned,Yes,90,2673,89.05,3018.20,1,One Year,Bank Withdrawal,Offer C,Fiber Optic,No,Male,80,Yes,California,Temecula
6950-TWMYB,Stayed,No,48,4387,79.95,6883.85,3,Two Year,Bank Withdrawal,Offer B,Fiber Optic,Yes,Male,31,No,California,Santa Monica
6952-OMNWB,Stayed,No,28,5581,80.35,7922.38,4,One Year,Credit Card,Offer A,Fiber Optic,No,Male,75,Yes,California,Creston
6953-PBDIN,Stayed,No,70,6466,72.95,8026.15,4,Two Year,Bank Withdrawal,Offer A,DSL,Yes,Male,50,No,California,Fort Bidwell
6954-OOYZZ,Stayed,No,44,2935,44.35,1594.61,3,Month-to-Month,Bank Withdrawal,Offer D,DSL,No,Male,41,No,California,Los Angeles
6956-SMUCM,Churned,Yes,77,5236,99.00,397.57,1,Month-to-Month,Credit Card,No Offer,Fiber Optic,No,Female,29,No,California,Miranda
6959-GQEGV,Stayed,No,28,2185,75.95,3740.00,4,Month-to-Month,Bank Withdrawal,No Offer,DSL,No,Male,61,No,California,Canoga Park
6959-UWKHF,Churned,Yes,87,4895,42.90,46.92,1,Month-to-Month,Bank Withdrawal,Offer E,Cable,No,Male,47,No,California,Alpaugh
6960-HVYXR,Churned,Yes,72,2567,76.00,111.01,1,Month-to-Month,Bank Withdrawal,No Offer,Fiber Optic,No,Female,20,No,California,Rio Linda
6961-MJKBO,Stayed,No,72,4342,20.45,1253.67,4,Two Year,Bank Withdrawal,No Offer,No Internet Service,No,Male,27,No,California,Los Angeles
6961-VCPMC,Churned,Yes,75,4876,80.40,5861.72,3,Month-to-Month,Bank Withdrawal,Offer B,Fiber Optic,No,Male,71,Yes,California,North Palm Springs
6963-EZQEE,Stayed,No,37,4097,88.55,9172.30,3,Two Year,Credit Card,No Offer,DSL,Yes,Male,69,Yes,California,Midpines
6963-KQYQB,Stayed,No,32,4722,24.05,2063.65,5,Two Year,Credit Card,Offer A,No Internet Service,No,Female,24,No,California,Pacifica
6967-PEJLL,Stayed,No,48,2308,40.20,1525.35,4,One Year,Bank Withdrawal,Offer C,Cable,Yes,Male,23,No,California,San Diego
6967-QIQRV,Stayed,No,28,3707,101.90,1819.05,3,One Year,Bank Withdrawal,No Offer,Fiber Optic,Yes,Male,23,No,California,Mission Viejo
6968-GMKPR,Stayed,No,80,5167,81.55,5738.20,3,Month-to-Month,Bank Withdrawal,Offer B,Fiber Optic,No,Female,39,No,California,French Gulch
6968-MHOMU,Stayed,No,55,5006,45.00,2689.35,3,One Year,Credit Card,No Offer,Cable,No,Male,53,No,California,Princeton
6968-URWQU,Stayed,No,70,4928,56.35,2577.77,4,One Year,Credit Card,No Offer,DSL,No,Male,50,No,California,Redlands
6969-MVBAI,Stayed,No,48,2893,90.10,1176.80,5,Month-to-Month,Bank Withdrawal,Offer E,Fiber Optic,No,Female,66,Yes,California,Davis Creek
6972-SNKKW,Stayed,No,53,3142,20.00,393.96,3,Month-to-Month,Mailed Check,No Offer,No Internet Service,No,Female,60,No,California,Chester
6974-DAFLI,Stayed,No,28,4888,19.70,1320.45,3,One Year,Bank Withdrawal,Offer B,No Internet Service,No,Female,54,No,California,Bakersfield
6976-BWGLQ,Stayed,No,31,4382,25.20,4616.95,3,Two Year,Bank Withdrawal,Offer A,No Internet Service,No,Female,64,No,California,Pomona
6979-TNDEU,Stayed,No,42,2879,19.20,271.41,3,Month-to-Month,Credit Card,No Offer,No Internet Service,No,Female,42,No,California,Sacramento
6979-ZNSFF,Churned,Yes,69,2545,87.05,1126.82,1,Month-to-Month,Bank Withdrawal,Offer E,Fiber Optic,No,Female,48,No,California,Pollock Pines
6980-CDGFC,Stayed,No,71,5972,20.85,1857.37,5,One Year,Bank Withdrawal,Offer A,No Internet Service,No,Female,57,No,California,Aptos
6980-IMXXE,Stayed,No,34,5267,20.20,4344.46,5,Two Year,Bank Withdrawal,No Offer,No Internet Service,No,Female,28,No,California,Modesto
6981-TDRFT,Stayed,No,39,3423,54.30,2327.10,5,One Year,Bank Withdrawal,No Offer,DSL,Yes,Male,25,No,California,Soulsbyville
6982-SSHFK,Churned,Yes,89,3522,44.40,76.84,1,Month-to-Month,Mailed Check,Offer E,DSL,No,Male,45,No,California,Fresno
6982-UQZLY,Churned,Yes,90,3817,20.85,43.71,3,Month-to-Month,Credit Card,Offer E,No Internet Service,No,Female,80,Yes,California,Los Alamos
6985-HAYWX,Stayed,No,54,5168,79.30,2993.40,3,Month-to-Month,Bank Withdrawal,No Offer,Fiber Optic,No,Female,50,No,California,Hughson
6986-IJDHX,Churned,Yes,91,3364,86.30,4835.75,1,Month-to-Month,Credit Card,Offer C,Fiber Optic,No,Male,29,No,California,Huntington Beach
6986-IXNDM,Stayed,No,38,4296,92.90,1726.65,3,Month-to-Month,Bank Withdrawal,Offer D,Fiber Optic,No,Male,47,No,California,Three Rivers
6987-XQSJT,Churned,Yes,78,5684,79.50,6841.83,1,Month-to-Month,Bank Withdrawal,No Offer,Fiber Optic,No,Female,68,Yes,California,Blue Lake
6988-CJEYV,Stayed,No,79,6148,98.70,7148.09,3,Month-to-Month,Bank Withdrawal,Offer B,Fiber Optic,No,Male,56,No,California,Crows Landing
6990-YNRIO,Churned,Yes,79,6120,108.65,9660.15,1,Two Year,Bank Withdrawal,No Offer,Fiber Optic,Yes,Male,53,No,California,Agoura Hills
6992-TKNYO,Stayed,No,23,4487,69.00,3889.63,4,One Year,Credit Card,Offer C,DSL,Yes,Male,34,No,California,Richmond
6993-OHLXR,Churned,Yes,84,5225,68.95,181.21,1,Month-to-Month,Bank Withdrawal,No Offer,Fiber Optic,No,Female,26,No,California,Walnut Creek
6993-YCOBK,Stayed,No,22,5756,110.60,9052.07,3,Two Year,Bank Withdrawal,No Offer,Fiber Optic,Yes,Male,48,No,California,Sun Valley
6993-YGFJV,Stayed,No,52,5532,112.55,8041.79,4,Two Year,Bank Withdrawal,Offer A,Fiber Optic,Yes,Male,29,No,California,Cayucos
6994-FGRHH,Stayed,No,50,4649,106.15,7732.00,4,One Year,Bank Withdrawal,No Offer,Fiber Optic,Yes,Male,37,No,California,Meadow Vista
6994-KERXL,Stayed,No,25,3545,55.90,309.30,3,Month-to-Month,Bank Withdrawal,No Offer,DSL,No,Male,51,No,California,Avalon
6994-ORCWG,Stayed,No,44,4423,54.25,1067.62,5,One Year,Mailed Check,Offer D,DSL,No,Female,33,No,California,Wilseyville
6996-KNSML,Churned,Yes,73,5919,74.90,110.15,1,Month-to-Month,Bank Withdrawal,No Offer,Fiber Optic,No,Female,26,No,California,Cotati
6997-UVGOX,Stayed,No,44,5394,85.45,7650.83,3,Two Year,Bank Withdrawal,Offer A,DSL,Yes,Male,35,No,California,Albany
6999-CHVCF,Stayed,No,62,5228,102.10,10509.91,3,Two Year,Bank Withdrawal,No Offer,Fiber Optic,No,Male,40,No,California,Covina
7000-WCEVQ,Churned,Yes,85,3866,61.60,1716.55,1,Month-to-Month,Credit Card,No Offer,DSL,No,Female,67,Yes,California,Wrightwood
7005-CCBKV,Churned,Yes,77,4539,84.40,688.17,3,Month-to-Month,Bank Withdrawal,No Offer,Fiber Optic,No,Male,53,No,California,Thornton
7005-CYUIL,Stayed,No,29,4964,99.40,8038.71,3,Two Year,Bank Withdrawal,Offer A,Fiber Optic,Yes,Female,78,Yes,California,Laytonville
7008-LZVOZ,Stayed,No,46,5617,25.30,4216.65,5,Two Year,Credit Card,No Offer,No Internet Service,No,Male,59,No,California,Pixley
7009-LGECI,Stayed,No,78,4164,50.55,323.93,4,Month-to-Month,Bank Withdrawal,No Offer,DSL,No,Female,24,No,California,Westlake Village
7009-PCARS,Stayed,No,66,4391,19.10,3162.45,5,One Year,Bank Withdrawal,Offer B,No Internet Service,No,Male,53,No,California,Stockton
7010-BRBUU,Stayed,No,23,4264,24.10,3148.73,4,Two Year,Credit Card,No Offer,No Internet Service,No,Male,48,No,California,Woodland Hills
7010-ZMVBF,Stayed,No,71,2047,20.45,619.80,4,Month-to-Month,Credit Card,No Offer,No Internet Service,No,Female,39,No,California,Thermal
7011-CVEUC,Stayed,No,34,4535,95.70,2433.60,5,Month-to-Month,Credit Card,No Offer,Fiber Optic,Yes,Male,51,No,California,Chula Vista
7013-PSXHK,Stayed,No,27,2047,80.75,4561.85,4,One Year,Credit Card,No Offer,DSL,Yes,Female,41,No,California,Lagunitas
7014-ZZXAW,Stayed,No,59,5409,24.25,2315.86,5,Two Year,Credit Card,No Offer,No Internet Service,No,Female,30,No,California,Montclair
7016-BPGEU,Churned,Yes,81,2796,25.10,712.85,1,Month-to-Month,Credit Card,No Offer,Cable,No,Female,53,No,California,Dunsmuir
7016-NVRIC,Stayed,No,55,3553,90.10,3585.57,3,One Year,Bank Withdrawal,No Offer,Fiber Optic,No,Male,73,Yes,California,Chualar
7017-VFHAY,Stayed,No,38,6090,115.10,8228.76,3,Two Year,Credit Card,Offer B,Fiber Optic,Yes,Female,42,No,California,Glendora
7017-VFULY,Joined,No,26,4158,20.10,108.87,3,Month-to-Month,Bank Withdrawal,No Offer,No Internet Service,No,Female,38,No,California,Chatsworth
7018-FPXHH,Stayed,No,72,4964,59.80,4695.88,3,Two Year,Bank Withdrawal,Offer B,DSL,No,Male,45,No,California,Callahan
7018-WBJNK,Stayed,No,26,5566,78.30,1599.04,3,Month-to-Month,Credit Card,Offer D,Fiber Optic,No,Male,55,No,California,San Fernando
7020-OZKXZ,Stayed,No,30,3021,75.50,862.04,3,Two Year,Credit Card,No Offer,Fiber Optic,No,Female,65,Yes,California,Vista
7021-XSNYE,Stayed,No,60,2750,49.65,305.55,3,Two Year,Credit Card,No Offer,DSL,Yes,Male,46,No,California,Lancaster
7024-OHCCK,Churned,Yes,72,4193,93.85,209.39,3,Month-to-Month,Bank Withdrawal,No Offer,Fiber Optic,No,Female,77,Yes,California,Sheridan
7025-IWFHT,Stayed,No,66,5549,89.55,5583.77,3,One Year,Bank Withdrawal,Offer B,Fiber Optic,Yes,Male,62,No,California,Upland
7025-WCBNE,Stayed,No,33,3155,59.60,3448.66,3,Two Year,Bank Withdrawal,No Offer,DSL,Yes,Male,74,Yes,California,Santa Ana
7026-YMSBE,Stayed,No,59,3302,19.70,1362.15,4,One Year,Mailed Check,No Offer,No Internet Service,No,Male,62,No,California,Berkeley
7028-DVOIQ,Churned,Yes,82,2074,99.05,4244.85,1,Month-to-Month,Bank Withdrawal,No Offer,Fiber Optic,No,Male,71,Yes,California,Birds Landing
7029-IJEJK,Stayed,No,32,6205,44.10,2369.70,3,One Year,Bank Withdrawal,No Offer,DSL,Yes,Female,52,No,California,Los Angeles
7029-RPUAV,Churned,Yes,87,5508,100.45,2101.51,3,Month-to-Month,Credit Card,No Offer,Cable,No,Male,74,Yes,California,Los Gatos
7030-FZTFM,Stayed,No,27,6444,110.90,11315.79,4,Two Year,Credit Card,Offer A,Fiber Optic,Yes,Male,31,No,California,Gonzales
7030-NJVDP,Stayed,No,77,5436,89.25,2455.72,3,Month-to-Month,Bank Withdrawal,No Offer,Fiber Optic,Yes,Male,36,No,California,San Quentin
7032-LMBHI,Stayed,No,45,5255,64.65,3723.51,3,One Year,Bank Withdrawal,No Offer,Cable,No,Female,42,No,California,Blythe
7033-CLAMM,Stayed,No,33,3828,20.20,1921.97,5,Two Year,Bank Withdrawal,Offer B,No Internet Service,No,Female,60,No,California,Somes Bar
7036-TYDEC,Stayed,No,63,5902,104.00,7156.15,5,Two Year,Bank Withdrawal,No Offer,Fiber Optic,Yes,Female,44,No,California,San Clemente
7036-ZZKBD,Stayed,No,79,3282,66.40,2804.10,4,Month-to-Month,Credit Card,Offer C,Cable,Yes,Male,56,No,California,Lincoln
7037-MTYVW,Stayed,No,51,5292,85.40,3962.76,4,Two Year,Bank Withdrawal,Offer C,DSL,Yes,Male,26,No,California,San Jose
7041-TXQJH,Stayed,No,20,5924,40.20,1478.85,5,Month-to-Month,Credit Card,Offer C,Cable,No,Female,64,No,California,Goodyears Bar
7044-YAACC,Stayed,No,53,4444,70.20,273.72,5,Two Year,Bank Withdrawal,No Offer,Fiber Optic,No,Male,70,Yes,California,Napa
7047-FWEYA,Stayed,No,32,3517,103.15,6252.77,3,One Year,Bank Withdrawal,Offer B,Fiber Optic,Yes,Female,41,No,California,San Pedro
7047-YXDMZ,Stayed,No,47,2366,20.00,1139.89,3,Month-to-Month,Credit Card,Offer D,No Internet Service,No,Male,59,No,California,Vallejo
7048-GXDAY,Stayed,No,66,4111,106.40,4710.28,4,Month-to-Month,Bank Withdrawal,Offer C,Fiber Optic,No,Male,55,No,California,Fresno
7049-GKVZY,Stayed,No,42,5574,79.85,1603.08,3,One Year,Credit Card,No Offer,Cable,Yes,Female,45,No,California,Berkeley
7054-DMVAS,Stayed,No,61,4556,65.30,4524.86,3,Two Year,Bank Withdrawal,No Offer,DSL,No,Male,47,No,California,Redwood Valley
7054-ENNGU,Stayed,No,26,4623,50.85,579.91,4,Month-to-Month,Credit Card,No Offer,Cable,No,Female,19,No,California,Benicia
7054-LGEQW,Churned,Yes,69,4888,45.95,51.07,2,Month-to-Month,Credit Card,Offer E,DSL,No,Female,23,No,California,Canyon Country
7055-HNEOJ,Joined,No,48,2662,55.80,167.12,4,Month-to-Month,Mailed Check,Offer E,Cable,Yes,Male,34,No,California,El Dorado Hills
7055-JCGNI,Stayed,No,25,4182,111.95,10915.85,4,Two Year,Credit Card,Offer A,Fiber Optic,Yes,Female,60,No,California,Moss Beach
7055-VKGDA,Churned,Yes,87,4406,105.40,8342.32,1,One Year,Credit Card,Offer B,Fiber Optic,Yes,Male,31,No,California,Clarksburg
7056-IMHCC,Churned,Yes,94,5884,101.90,5970.22,1,Month-to-Month,Bank Withdrawal,Offer B,Fiber Optic,No,Male,69,Yes,California,Torrance
7061-OVMIM,Stayed,No,50,5203,19.55,1242.70,3,One Year,Bank Withdrawal,No Offer,No Internet Service,No,Female,57,No,California,Palm Springs
7064-FRRSW,Stayed,No,78,3061,99.00,5026.11,4,One Year,Bank Withdrawal,No Offer,Fiber Optic,No,Male,71,Yes,California,Tarzana
7064-JHXCE,Stayed,No,63,6444,20.05,2563.42,5,Two Year,Credit Card,Offer B,No Internet Service,No,Male,64,No,California,San Luis Obispo
7065-YUNRY,Churned,Yes,69,3049,45.30,85.24,1,Month-to-Month,Mailed Check,No Offer,Cable,No,Female,28,No,California,San Diego
7067-KSAZT,Churned,Yes,69,5965,106.25,8194.65,1,One Year,Bank Withdrawal,No Offer,Fiber Optic,No,Female,66,Yes,California,Chico
7072-MBHEV,Stayed,No,50,2333,78.10,1059.11,5,Month-to-Month,Credit Card,No Offer,Fiber Optic,No,Female,77,Yes,California,Edwards
7073-QETQY,Stayed,No,22,4845,20.35,4331.48,5,One Year,Bank Withdrawal,Offer A,No Internet Service,No,Male,59,No,California,Capay
7074-IEVOJ,Churned,Yes,91,3501,79.40,330.75,1,Month-to-Month,Bank Withdrawal,No Offer,Fiber Optic,No,Female,75,Yes,California,San Francisco
7074-STDCN,Stayed,No,58,4436,40.60,1494.50,5,Month-to-Month,Bank Withdrawal,Offer C,Cable,Yes,Male,25,No,California,Artesia
7075-BNDVQ,Stayed,No,70,3523,35.00,185.75,4,Month-to-Month,Credit Card,No Offer,DSL,No,Female,46,No,California,Termo
7077-XJMET,Stayed,No,52,5426,74.15,1334.08,4,Month-to-Month,Bank Withdrawal,No Offer,DSL,Yes,Male,63,No,California,Alta
7078-NVFAM,Stayed,No,77,3163,35.15,1051.05,4,Month-to-Month,Bank Withdrawal,No Offer,Cable,No,Female,57,No,California,Pomona
7079-QRCBC,Churned,Yes,85,4016,98.75,3311.86,1,Month-to-Month,Bank Withdrawal,No Offer,Fiber Optic,No,Female,35,No,California,Sacramento
7080-TNUWP,Stayed,No,65,6259,95.00,8782.00,4,One Year,Bank Withdrawal,No Offer,Fiber Optic,No,Male,48,No,California,Arbuckle
7083-MIOPC,Stayed,No,49,5733,20.25,4616.82,4,Two Year,Credit Card,No Offer,No Internet Service,No,Female,62,No,California,Burbank
7083-YNSKY,Churned,Yes,86,2853,25.40,1087.20,1,Month-to-Month,Credit Card,Offer D,No Internet Service,No,Female,22,No,California,Lodi
7088-FBAWU,Stayed,No,22,4451,74.55,1979.10,3,Month-to-Month,Credit Card,Offer D,DSL,No,Female,22,No,California,Los Angeles
7089-IVVAZ,Churned,Yes,71,2363,103.35,1004.74,1,Month-to-Month,Bank Withdrawal,Offer E,Fiber Optic,Yes,Female,26,No,California,Cantua Creek
7089-RKVSZ,Stayed,No,35,2028,24.40,389.39,5,One Year,Mailed Check,No Offer,No Internet Service,No,Male,43,No,California,Woody
7089-XXAYG,Stayed,No,72,2315,38.10,1070.40,5,One Year,Credit Card,No Offer,Cable,No,Male,37,No,California,Rocklin
7094-MSZAO,Stayed,No,23,2049,20.05,356.80,4,Month-to-Month,Credit Card,No Offer,No Internet Service,No,Male,55,No,California,Oakland
7096-UCLNH,Joined,No,49,2313,20.05,31.15,4,Month-to-Month,Credit Card,No Offer,No Internet Service,No,Male,30,No,California,Fontana
7096-ZNBZI,Stayed,No,55,5534,26.45,3514.34,4,Two Year,Credit Card,Offer A,No Internet Service,No,Female,21,No,California,Studio City
7100-FQPRV,Stayed,No,23,4106,71.90,5241.65,3,One Year,Credit Card,Offer B,DSL,Yes,Male,24,No,California,Canoga Park
7101-HRBLJ,Stayed,No,36,4592,83.70,7252.50,3,Two Year,Bank Withdrawal,No Offer,Cable,Yes,Female,25,No,California,Idyllwild
7102-JJVTX,Stayed,No,46,4562,48.60,672.48,3,One Year,Credit Card,Offer E,DSL,No,Female,31,No,California,Escondido
7103-IPXPJ,Stayed,No,75,6479,99.40,6362.75,4,One Year,Bank Withdrawal,Offer B,Fiber Optic,Yes,Male,44,No,California,Inglewood
7103-ZGVNT,Stayed,No,78,4268,73.70,5426.81,4,One Year,Credit Card,Offer A,Cable,Yes,Female,59,No,California,Portola Valley
7105-BENQF,Stayed,No,51,4442,64.85,1606.10,4,One Year,Credit Card,No Offer,DSL,No,Male,31,No,California,Tarzana
7105-MXJLL,Stayed,No,68,2502,60.70,2042.52,5,One Year,Credit Card,No Offer,Cable,No,Female,76,Yes,California,Valencia
7107-UBYKY,Stayed,No,49,4194,25.75,1749.15,5,Month-to-Month,Bank Withdrawal,Offer C,No Internet Service,No,Female,62,No,California,Sutter
7108-DGVUU,Stayed,No,38,2784,71.70,2233.35,5,One Year,Bank Withdrawal,No Offer,DSL,No,Female,73,Yes,California,Lookout
7109-CQYUZ,Stayed,No,31,4624,89.25,5006.00,3,Two Year,Credit Card,No Offer,DSL,Yes,Male,34,No,California,Beverly Hills
7109-MFBYV,Stayed,No,68,5451,45.45,1988.97,3,Month-to-Month,Bank Withdrawal,Offer C,Cable,No,Male,28,No,California,San Bernardino
7110-BDTWG,Stayed,No,76,6302,47.05,3263.60,4,Two Year,Bank Withdrawal,No Offer,Cable,Yes,Female,59,No,California,San Jose
7112-OPOTK,Churned,Yes,91,5647,68.25,3122.87,2,Month-to-Month,Bank Withdrawal,No Offer,Fiber Optic,No,Male,37,No,California,Fort Bidwell
7113-HIPFI,Stayed,No,53,5500,65.85,5873.11,3,Two Year,Credit Card,Offer A,Cable,Yes,Male,59,No,California,Long Beach
7114-AEOZE,Stayed,No,58,6213,19.85,2995.30,4,Two Year,Bank Withdrawal,Offer B,No Internet Service,No,Female,53,No,California,Big Bar
7115-IRDHS,Stayed,No,66,5065,24.65,3588.29,5,Two Year,Bank Withdrawal,No Offer,No Internet Service,No,Female,64,No,California,Sonora
7120-RFMVS,Churned,Yes,73,4340,84.50,91.39,2,Month-to-Month,Bank Withdrawal,No Offer,Fiber Optic,No,Male,31,No,California,Isleton
7123-WQUHX,Stayed,No,63,4741,95.00,3755.70,5,One Year,Bank Withdrawal,Offer C,Fiber Optic,Yes,Male,34,No,California,Santa Monica
7124-UGSUR,Churned,Yes,84,4412,104.40,8546.71,1,One Year,Credit Card,No Offer,Fiber Optic,No,Female,77,Yes,California,Los Angeles
7126-RBHSD,Stayed,No,38,2362,78.90,1708.50,3,Month-to-Month,Bank Withdrawal,Offer D,Fiber Optic,No,Female,53,No,California,Lathrop
7128-GGCNO,Stayed,No,66,2642,72.80,5140.00,4,Month-to-Month,Bank Withdrawal,Offer B,Fiber Optic,No,Male,38,No,California,Laguna Hills
7129-ACFOG,Stayed,No,78,2182,53.80,540.95,4,Month-to-Month,Bank Withdrawal,No Offer,Cable,No,Female,56,No,California,Mountain Ranch
7129-AZJDE,Stayed,No,43,2074,78.95,2767.56,3,One Year,Bank Withdrawal,Offer C,Fiber Optic,No,Male,59,No,California,Huntington Beach
7129-CAKJW,Stayed,No,27,3443,80.05,2109.97,5,Month-to-Month,Bank Withdrawal,Offer D,Fiber Optic,No,Female,62,No,California,Fresno
7130-CTCUS,Stayed,No,34,3324,54.55,1393.58,3,Two Year,Bank Withdrawal,No Offer,DSL,No,Male,79,Yes,California,Springville
7130-VTEWQ,Churned,Yes,92,4174,75.75,716.65,3,Month-to-Month,Bank Withdrawal,No Offer,Fiber Optic,No,Female,74,Yes,California,San Rafael
7130-YXBRO,Stayed,No,74,2319,111.45,6388.38,3,Month-to-Month,Bank Withdrawal,Offer B,Fiber Optic,No,Male,28,No,California,Cool
7131-ZQZNK,Stayed,No,37,5790,59.85,3590.20,5,Two Year,Credit Card,Offer B,DSL,Yes,Female,46,No,California,Clovis
7133-VBDCG,Churned,Yes,91,4535,79.85,2685.60,2,Month-to-Month,Bank Withdrawal,Offer C,Fiber Optic,No,Female,54,No,California,San Diego
7134-HBPBS,Stayed,No,71,4474,108.10,9708.69,5,Two Year,Bank Withdrawal,Offer A,Fiber Optic,Yes,Female,65,Yes,California,Adelanto
7134-MJPDY,Stayed,No,40,5569,102.85,7804.33,3,One Year,Credit Card,Offer A,Fiber Optic,Yes,Female,69,Yes,California,Moorpark
7136-IHZJA,Stayed,No,43,5807,71.35,4012.80,4,Month-to-Month,Credit Card,No Offer,DSL,Yes,Female,30,No,California,Santa Fe Springs
7136-RVDTZ,Churned,Yes,90,5824,45.25,3264.45,2,One Year,Bank Withdrawal,No Offer,DSL,No,Male,79,Yes,California,Portola Valley
7137-NAXML,Stayed,No,63,4402,20.15,1012.11,4,One Year,Bank Withdrawal,Offer D,No Internet Service,No,Male,63,No,California,Moss Beach
7137-RYLPP,Churned,Yes,86,4712,85.70,4895.72,2,Month-to-Month,Bank Withdrawal,Offer C,Fiber Optic,No,Male,75,Yes,California,Paskenta
7138-GIRSH,Stayed,No,76,4145,69.50,4764.47,5,Two Year,Bank Withdrawal,No Offer,DSL,Yes,Male,63,No,California,Camarillo
7139-JZFVG,Stayed,No,43,6026,60.50,6288.85,3,Two Year,Bank Withdrawal,No Offer,DSL,No,Male,37,No,California,Huntington Beach
7140-ADSMJ,Stayed,No,24,5624,20.45,443.98,3,Month-to-Month,Credit Card,Offer E,No Internet Service,No,Male,23,No,California,Los Banos
7142-HVGBG,Churned,Yes,91,2505,103.00,5163.79,1,Month-to-Month,Bank Withdrawal,Offer B,Fiber Optic,No,Male,73,Yes,California,Mount Laguna
7143-BQIBA,Stayed,No,76,3415,62.25,689.45,3,Month-to-Month,Bank Withdrawal,Offer D,DSL,Yes,Male,32,No,California,Petaluma
7145-FEJWU,Stayed,No,72,5913,105.30,1479.17,3,Month-to-Month,Bank Withdrawal,No Offer,Fiber Optic,No,Female,62,No,California,San Francisco
7147-AYBAA,Stayed,No,32,5402,70.35,3619.98,3,Month-to-Month,Credit Card,No Offer,Fiber Optic,No,Male,62,No,California,Berkeley
7148-XZPHA,Stayed,No,32,4162,79.40,4978.20,4,Month-to-Month,Bank Withdrawal,No Offer,Fiber Optic,Yes,Male,43,No,California,Rancho Cordova
7153-CHRBV,Stayed,No,38,6287,59.30,4348.80,3,One Year,Credit Card,Offer B,Cable,Yes,Female,54,No,California,San Andreas
7153-OANIO,Churned,Yes,79,5066,69.95,97.53,1,Month-to-Month,Bank Withdrawal,Offer E,Fiber Optic,No,Male,48,No,California,Mendocino
7156-MHUGY,Churned,Yes,76,5394,90.50,1650.74,1,Month-to-Month,Bank Withdrawal,No Offer,Fiber Optic,No,Male,68,Yes,California,Buena Park
7156-MXBJE,Stayed,No,5,2319,85.10,3799.32,3,One Year,Credit Card,No Offer,DSL,Yes,Female,29,No,California,San Diego
7157-SMCFK,Stayed,No,76,5411,19.75,2040.42,4,Two Year,Mailed Check,Offer B,No Internet Service,No,Male,32,No,California,Valencia
7159-FVYPK,Joined,No,22,2301,69.15,307.84,3,Month-to-Month,Bank Withdrawal,No Offer,DSL,No,Female,23,No,California,Beaumont
7159-NOKYQ,Stayed,No,59,4001,93.15,7624.00,4,Two Year,Bank Withdrawal,Offer A,Fiber Optic,No,Male,42,No,California,Montebello
7161-DFHUF,Stayed,No,77,6166,23.85,3176.59,5,Two Year,Credit Card,No Offer,No Internet Service,No,Female,55,No,California,Shasta
7162-WPHPM,Stayed,No,49,4747,71.60,6537.77,4,Two Year,Credit Card,No Offer,DSL,Yes,Male,44,No,California,Elk
7163-OCEQI,Stayed,No,67,3571,78.65,2459.05,3,One Year,Credit Card,No Offer,DSL,Yes,Male,64,No,California,Walnut Creek
7164-BPTUT,Stayed,No,22,4260,89.55,5515.42,4,Two Year,Mailed Check,Offer B,Cable,Yes,Male,55,No,California,Banning
7167-PCEYD,Stayed,No,75,4260,19.80,1627.54,3,Two Year,Credit Card,No Offer,No Internet Service,No,Male,31,No,California,Temecula
7168-HDQHG,Stayed,No,79,3043,19.20,1443.42,5,Month-to-Month,Bank Withdrawal,Offer C,No Internet Service,No,Female,56,No,California,Brownsville
7169-YWAMK,Stayed,No,79,5504,68.40,6004.47,3,Two Year,Bank Withdrawal,No Offer,DSL,Yes,Male,52,No,California,Sunol
7173-TETGO,Stayed,No,69,6072,78.50,7932.89,3,Two Year,Bank Withdrawal,Offer A,Fiber Optic,No,Female,66,Yes,California,Lytle Creek
7175-NTIXE,Stayed,No,32,3955,76.15,2534.70,3,Month-to-Month,Credit Card,No Offer,DSL,Yes,Female,26,No,California,Redwood City
7176-WIONM,Stayed,No,24,2873,49.85,617.15,3,Month-to-Month,Bank Withdrawal,Offer D,Cable,No,Female,24,No,California,Bishop
7176-WRTNX,Stayed,No,26,4511,114.95,8735.35,3,Two Year,Bank Withdrawal,Offer A,Fiber Optic,Yes,Male,51,No,California,Ventura
7180-PISOG,Churned,Yes,75,5554,74.50,110.94,3,Month-to-Month,Bank Withdrawal,No Offer,Fiber Optic,No,Male,41,No,California,Piru
7181-BQYBV,Churned,Yes,85,4811,102.45,128.33,1,Month-to-Month,Bank Withdrawal,No Offer,Fiber Optic,No,Female,52,No,California,Garden Grove
7181-OQCUT,Stayed,No,77,4520,103.85,2548.69,3,Month-to-Month,Credit Card,Offer D,Fiber Optic,No,Male,60,No,California,Fresno
7182-OVLBJ,Stayed,No,36,5735,101.15,8444.03,3,Two Year,Bank Withdrawal,No Offer,Fiber Optic,No,Female,32,No,California,Kenwood
7184-LRUUR,Stayed,No,52,5146,65.25,1480.08,5,One Year,Bank Withdrawal,No Offer,DSL,No,Female,22,No,California,Los Banos
7188-CBBBA,Stayed,No,35,6153,95.50,8033.05,5,One Year,Bank Withdrawal,No Offer,Fiber Optic,No,Female,59,No,California,Rowland Heights
7190-XHTWJ,Stayed,No,32,4705,19.30,1995.44,5,One Year,Mailed Check,No Offer,No Internet Service,No,Female,48,No,California,Newbury Park
7191-ADRGF,Stayed,No,64,3222,54.30,2390.45,3,Two Year,Bank Withdrawal,No Offer,Cable,No,Male,63,No,California,Torrance
7196-LIWRH,Stayed,No,61,5980,19.55,168.55,5,Two Year,Credit Card,Offer E,No Internet Service,No,Female,61,No,California,Oroville
7197-VOJMM,Stayed,No,43,4323,69.20,7851.47,3,Two Year,Credit Card,No Offer,DSL,Yes,Male,59,No,California,Calpine
7198-GLXTC,Churned,Yes,92,5239,79.00,240.97,3,Month-to-Month,Bank Withdrawal,No Offer,Fiber Optic,No,Male,33,No,California,La Palma
7203-OYKCT,Stayed,No,20,5760,104.95,9961.84,5,One Year,Bank Withdrawal,No Offer,Fiber Optic,No,Male,45,No,California,Palo Verde
7205-BAIAD,Stayed,No,27,3091,20.60,1742.90,3,Two Year,Bank Withdrawal,No Offer,No Internet Service,No,Female,42,No,California,Fillmore
7206-GZCDC,Churned,Yes,75,4371,69.25,98.93,2,Month-to-Month,Bank Withdrawal,Offer E,Cable,No,Female,75,Yes,California,Loleta
7206-PQBBZ,Stayed,No,29,2848,70.20,1103.32,3,Two Year,Bank Withdrawal,Offer D,Fiber Optic,No,Male,76,Yes,California,Fontana
7207-RMRDB,Churned,Yes,89,5720,105.50,9204.75,1,Month-to-Month,Bank Withdrawal,No Offer,Fiber Optic,No,Female,20,No,California,Santa Barbara
7208-PSIHR,Stayed,No,70,5583,104.30,7600.70,4,Two Year,Bank Withdrawal,No Offer,Fiber Optic,Yes,Female,50,No,California,Klamath
7209-JCUDS,Churned,Yes,83,2832,94.90,1451.05,1,Month-to-Month,Bank Withdrawal,Offer D,Fiber Optic,No,Male,25,No,California,Stockton
7216-EWTRS,Churned,Yes,65,3128,100.80,118.15,1,Month-to-Month,Bank Withdrawal,No Offer,Fiber Optic,No,Female,78,Yes,California,Newport Beach
7216-KAOID,Stayed,No,72,2446,19.50,2418.93,4,One Year,Bank Withdrawal,Offer B,No Internet Service,No,Male,27,No,California,Santa Rosa
7217-JYHOQ,Stayed,No,56,3359,70.30,2776.13,3,Month-to-Month,Credit Card,No Offer,Cable,Yes,Male,30,No,California,Burbank
7218-HKQFK,Churned,Yes,72,3715,94.20,205.08,2,Month-to-Month,Bank Withdrawal,No Offer,Fiber Optic,Yes,Male,49,No,California,Homeland
7219-TLZHO,Stayed,No,76,3172,20.85,222.46,5,Month-to-Month,Credit Card,No Offer,No Internet Service,No,Female,27,No,California,Montebello
7225-CBZPL,Stayed,No,49,4831,94.80,2353.38,3,Two Year,Bank Withdrawal,No Offer,Fiber Optic,No,Male,79,Yes,California,Earlimart
7225-IILWY,Stayed,No,26,5434,25.75,3510.59,4,Two Year,Mailed Check,No Offer,No Internet Service,No,Male,36,No,California,Turlock
7228-OMTPN,Churned,Yes,91,2456,88.45,567.21,3,Month-to-Month,Bank Withdrawal,No Offer,Fiber Optic,No,Male,32,No,California,Santa Barbara
7228-PAQPD,Stayed,No,58,5718,59.10,1248.99,4,One Year,Credit Card,Offer D,Cable,Yes,Female,19,No,California,Escondido
7233-DRTRF,Stayed,No,43,5096,102.40,7562.30,4,Month-to-Month,Bank Withdrawal,No Offer,Fiber Optic,No,Male,47,No,California,Fresno
7233-IOQNP,Stayed,No,74,5409,34.00,1456.13,3,Month-to-Month,Bank Withdrawal,Offer B,Cable,Yes,Female,34,No,California,Gazelle
7233-PAHHL,Stayed,No,24,5825,84.00,6124.77,4,Two Year,Credit Card,Offer A,DSL,Yes,Male,57,No,California,South Gate
7234-FECYN,Churned,Yes,68,5546,101.35,1132.34,3,Month-to-Month,Bank Withdrawal,No Offer,Fiber Optic,No,Female,78,Yes,California,San Gabriel
7234-KMNRQ,Stayed,No,28,4345,19.00,106.97,5,Month-to-Month,Credit Card,No Offer,No Internet Service,No,Male,21,No,California,Pacific Palisades
7235-NXZCP,Churned,Yes,84,5378,74.85,247.22,2,Month-to-Month,Mailed Check,Offer E,Fiber Optic,No,Male,79,Yes,California,Hornbrook
7239-HZZCX,Churned,Yes,91,4851,19.75,49.08,3,Month-to-Month,Credit Card,No Offer,No Internet Service,No,Male,21,No,California,Lancaster
7240-ETPTR,Churned,Yes,90,4359,48.75,452.20,2,Month-to-Month,Bank Withdrawal,No Offer,DSL,No,Female,51,No,California,Pope Valley
7240-FQLHE,Churned,Yes,68,5857,99.75,2291.11,2,Month-to-Month,Bank Withdrawal,No Offer,Fiber Optic,Yes,Female,68,Yes,California,San Diego
7241-AJHFS,Stayed,No,66,2426,87.65,3066.93,3,Month-to-Month,Bank Withdrawal,No Offer,Fiber Optic,Yes,Male,53,No,California,Escondido
7242-EDTYC,Stayed,No,40,5860,19.55,1452.23,3,Two Year,Bank Withdrawal,Offer B,No Internet Service,No,Male,48,No,California,Pine Valley
7242-QZLXF,Churned,Yes,91,5421,25.30,35.30,2,Month-to-Month,Bank Withdrawal,No Offer,Cable,No,Male,20,No,California,San Diego
7243-LCGGZ,Joined,No,72,3901,20.90,31.11,5,Month-to-Month,Mailed Check,No Offer,No Internet Service,No,Female,28,No,California,Alhambra
7244-KXYZN,Stayed,No,20,4690,20.45,670.87,4,One Year,Credit Card,No Offer,No Internet Service,No,Female,25,No,California,Modesto
7244-QWYHG,Stayed,No,54,5363,44.45,2188.45,4,One Year,Bank Withdrawal,Offer B,DSL,Yes,Male,20,No,California,San Diego
7245-JMTTQ,Stayed,No,47,4363,111.50,7936.54,4,One Year,Bank Withdrawal,Offer B,Fiber Optic,Yes,Female,19,No,California,Baldwin Park
7245-NIIWQ,Joined,No,40,4764,69.85,304.13,5,Month-to-Month,Bank Withdrawal,Offer E,Fiber Optic,No,Female,53,No,California,Fellows
7246-ZGQDF,Joined,No,54,4359,54.50,87.71,3,Month-to-Month,Bank Withdrawal,No Offer,DSL,Yes,Female,63,No,California,Victorville
7247-XOZPB,Stayed,No,73,5313,77.40,6676.10,4,One Year,Bank Withdrawal,Offer B,DSL,Yes,Male,52,No,California,Miramonte
7248-VZQLC,Churned,Yes,72,4661,85.20,4760.36,1,Month-to-Month,Bank Withdrawal,No Offer,Fiber Optic,No,Female,78,Yes,California,Concord
7249-WBIYX,Churned,Yes,70,5146,85.60,1114.85,2,Month-to-Month,Bank Withdrawal,No Offer,Cable,No,Male,63,No,California,Elmira
7250-EQKIY,Churned,Yes,75,2426,50.45,60.18,2,Month-to-Month,Mailed Check,Offer E,DSL,No,Female,47,No,California,Escondido
7251-LJBQN,Stayed,No,20,3568,103.75,5330.00,3,One Year,Credit Card,No Offer,Fiber Optic,Yes,Female,74,Yes,California,Strathmore
7251-XFOIL,Stayed,No,23,5536,89.20,6386.32,3,Month-to-Month,Credit Card,Offer B,Fiber Optic,No,Female,60,No,California,Coulterville
7252-NTGSS,Joined,No,48,4131,45.15,87.49,3,Month-to-Month,Credit Card,No Offer,DSL,No,Female,43,No,California,Redondo Beach
7253-UVNDW,Churned,Yes,83,2793,54.35,4539.35,3,Two Year,Credit Card,No Offer,DSL,Yes,Female,52,No,California,Santa Barbara
7254-IQWOZ,Churned,Yes,67,5258,69.65,98.35,1,Month-to-Month,Bank Withdrawal,Offer E,Fiber Optic,No,Male,30,No,California,Redding
7255-SSFBC,Stayed,No,55,4099,112.25,8881.17,4,Two Year,Bank Withdrawal,Offer A,Fiber Optic,Yes,Male,42,No,California,Northridge
7266-GSSJX,Stayed,No,28,2606,20.45,434.17,5,Month-to-Month,Bank Withdrawal,No Offer,No Internet Service,No,Male,43,No,California,West Sacramento
7267-FRMJW,Stayed,No,46,5306,20.10,600.30,3,Two Year,Credit Card,Offer C,No Internet Service,No,Female,25,No,California,Sierra Madre
7268-IGMFD,Stayed,No,47,3728,93.90,1778.46,4,Two Year,Bank Withdrawal,Offer D,Fiber Optic,Yes,Male,75,Yes,California,Avila Beach
7268-WNTCP,Stayed,No,21,5746,20.45,1413.29,4,Two Year,Bank Withdrawal,No Offer,No Internet Service,No,Male,45,No,California,Blocksburg
7269-JISCY,Stayed,No,39,4055,45.05,4310.60,3,One Year,Bank Withdrawal,No Offer,DSL,No,Female,48,No,California,Los Alamitos
7270-BDIOA,Churned,Yes,95,4739,90.00,2261.98,2,Month-to-Month,Bank Withdrawal,No Offer,Fiber Optic,Yes,Female,60,No,California,Maxwell
7271-AJDTL,Stayed,No,55,5577,94.45,6976.65,5,Month-to-Month,Credit Card,No Offer,Fiber Optic,No,Female,64,No,California,Sacramento
7272-QDCKA,Stayed,No,79,5137,100.20,2991.89,3,One Year,Bank Withdrawal,Offer C,Fiber Optic,No,Male,31,No,California,Oroville
7273-TEFQD,Churned,Yes,96,2314,41.15,132.20,2,Month-to-Month,Bank Withdrawal,Offer E,DSL,No,Male,67,Yes,California,La Puente
7274-CGTOD,Stayed,No,58,5254,43.70,2618.30,4,Two Year,Bank Withdrawal,No Offer,DSL,Yes,Male,21,No,California,San Geronimo
7274-RTAPZ,Churned,Yes,89,3898,90.55,97.70,1,Month-to-Month,Bank Withdrawal,Offer E,Fiber Optic,No,Male,20,No,California,Long Beach
7277-KAMWT,Stayed,No,63,3037,20.00,289.38,3,Two Year,Credit Card,Offer D,No Internet Service,No,Male,23,No,California,San Leandro
7277-OZCGZ,Stayed,No,75,5479,89.05,2018.25,3,Month-to-Month,Bank Withdrawal,No Offer,Fiber Optic,Yes,Female,40,No,California,Spring Valley
7278-CKDNC,Stayed,No,40,4422,80.50,3195.57,4,Two Year,Bank Withdrawal,No Offer,Fiber Optic,No,Male,76,Yes,California,Fresno
7279-BUYWN,Churned,Yes,89,3380,113.20,5835.45,1,Month-to-Month,Bank Withdrawal,No Offer,Fiber Optic,No,Female,66,Yes,California,Buena Park
7279-NMVJC,Stayed,No,70,2093,19.90,758.69,4,One Year,Bank Withdrawal,No Offer,No Internet Service,No,Female,38,No,California,Compton
7284-BUYEC,Stayed,No,69,3573,50.95,229.40,5,Month-to-Month,Credit Card,Offer E,Cable,No,Female,46,No,California,Tulelake
7284-ZZLOH,Stayed,No,79,2929,53.30,4333.40,3,Two Year,Credit Card,No Offer,DSL,No,Male,37,No,California,Alta
7285-KLOTR,Stayed,No,55,2495,78.85,1177.83,3,One Year,Bank Withdrawal,No Offer,Cable,No,Female,46,No,California,Pacifica
7291-CDTMJ,Joined,No,80,3075,19.65,33.50,3,Month-to-Month,Bank Withdrawal,Offer E,No Internet Service,No,Male,40,No,California,Laguna Beach
7293-LSCDV,Stayed,No,52,6134,19.25,2524.05,4,Two Year,Credit Card,No Offer,No Internet Service,No,Female,32,No,California,Santa Ana
7294-TMAOP,Churned,Yes,72,2627,90.55,165.99,2,Month-to-Month,Bank Withdrawal,Offer E,Fiber Optic,No,Female,30,No,California,Castro Valley
7295-JOMMD,Churned,Yes,87,2895,98.10,418.82,1,Month-to-Month,Bank Withdrawal,Offer E,Fiber Optic,Yes,Female,34,No,California,San Jose
7296-PIXQY,Stayed,No,25,5819,70.20,1368.50,4,Month-to-Month,Bank Withdrawal,Offer D,Fiber Optic,No,Female,60,No,California,Bodega
7297-DVYGA,Stayed,No,65,5089,19.85,2520.32,5,One Year,Bank Withdrawal,Offer B,No Internet Service,No,Female,61,No,California,West Covina
7298-IZWLY,Joined,No,25,2742,19.40,43.37,4,Month-to-Month,Credit Card,No Offer,No Internet Service,No,Female,43,No,California,Gardena
7299-GNVPL,Stayed,No,54,2177,84.40,2563.37,3,Month-to-Month,Mailed Check,No Offer,Fiber Optic,Yes,Female,19,No,California,El Portal
7301-ABVAD,Stayed,No,37,4530,86.60,6947.38,3,Two Year,Bank Withdrawal,No Offer,Cable,Yes,Female,37,No,California,Valley Village
7302-ZHMHP,Joined,No,51,2577,19.15,41.52,5,Month-to-Month,Credit Card,No Offer,No Internet Service,No,Female,35,No,California,Coronado
7305-ZWMAJ,Stayed,No,78,2492,20.70,1273.80,5,One Year,Credit Card,No Offer,No Internet Service,No,Male,45,No,California,Oakdale
7306-YDSOI,Stayed,No,39,4665,59.75,7478.50,3,Two Year,Bank Withdrawal,Offer A,DSL,No,Male,32,No,California,Ocotillo
7310-EGVHZ,Joined,No,77,5526,20.20,44.68,5,Month-to-Month,Bank Withdrawal,Offer E,No Internet Service,No,Male,35,No,California,Los Angeles
7311-MQJCH,Stayed,No,47,2575,19.55,289.45,4,One Year,Bank Withdrawal,No Offer,No Internet Service,No,Female,54,No,California,Temecula
7312-XSBAT,Joined,No,79,2908,49.75,91.54,4,Month-to-Month,Bank Withdrawal,Offer E,DSL,No,Male,47,No,California,Bakersfield
7314-OXENN,Churned,Yes,90,3051,82.00,267.01,3,Month-to-Month,Bank Withdrawal,No Offer,Fiber Optic,No,Male,42,No,California,Temecula
7315-WYOAW,Stayed,No,80,5985,100.75,2010.84,3,Month-to-Month,Bank Withdrawal,Offer D,Fiber Optic,Yes,Male,29,No,California,Santa Monica
7317-GGVPB,Churned,Yes,90,4982,108.60,8119.86,1,Two Year,Credit Card,Offer A,Fiber Optic,Yes,Male,57,No,California,Lotus
7318-EIVKO,Stayed,No,54,3003,59.25,822.20,3,Month-to-Month,Bank Withdrawal,Offer E,DSL,No,Male,38,No,California,Shandon
7319-VENRZ,Stayed,No,40,4010,64.30,668.83,4,Month-to-Month,Bank Withdrawal,Offer E,Cable,Yes,Male,19,No,California,Rancho Santa Margarita
7319-ZNRTR,Stayed,No,51,2888,19.60,805.15,4,One Year,Bank Withdrawal,No Offer,No Internet Service,No,Male,43,No,California,Rio Linda
7321-KKSDU,Stayed,No,50,3114,20.50,1238.88,4,Two Year,Credit Card,No Offer,No Internet Service,No,Male,38,No,California,San Marino
7321-PKUYW,Churned,Yes,66,5250,90.15,1233.91,1,Month-to-Month,Bank Withdrawal,Offer D,Cable,Yes,Female,46,No,California,Branscomb
7321-VGNKU,Joined,No,39,4917,70.35,155.65,3,Month-to-Month,Bank Withdrawal,Offer E,Fiber Optic,No,Female,45,No,California,Paskenta
7321-ZNSLA,Stayed,No,27,2898,40.55,590.35,3,Two Year,Credit Card,No Offer,DSL,Yes,Male,58,No,California,Cottonwood
7322-OCWHC,Stayed,No,39,4988,93.05,6831.53,3,Two Year,Bank Withdrawal,Offer A,Fiber Optic,Yes,Male,73,Yes,California,Placentia
7325-ENZFI,Stayed,No,77,3424,40.30,1630.40,3,One Year,Bank Withdrawal,No Offer,DSL,Yes,Female,37,No,California,Santa Cruz
7326-RIGQZ,Stayed,No,62,2651,69.80,608.85,4,Month-to-Month,Bank Withdrawal,No Offer,Fiber Optic,No,Male,48,No,California,Culver City
7328-OWMOM,Stayed,No,30,3086,20.10,1634.26,3,One Year,Credit Card,Offer C,No Internet Service,No,Female,63,No,California,San Diego
7328-ZJAJO,Stayed,No,64,4579,19.50,1783.74,4,Two Year,Credit Card,No Offer,No Internet Service,No,Female,19,No,California,Santa Rosa
7330-WZLNC,Churned,Yes,73,5090,90.80,462.95,3,Month-to-Month,Bank Withdrawal,Offer E,Fiber Optic,No,Female,25,No,California,Red Bluff
7336-RLLRH,Stayed,No,51,4732,80.85,2523.76,3,One Year,Credit Card,Offer C,DSL,Yes,Male,42,No,California,Oceanside
7337-CINUD,Stayed,No,35,5206,19.50,296.95,4,Two Year,Bank Withdrawal,No Offer,No Internet Service,No,Female,48,No,California,Mokelumne Hill
7338-ERIVA,Stayed,No,61,4003,45.05,1790.60,3,One Year,Bank Withdrawal,Offer C,DSL,Yes,Male,40,No,California,Etna
7339-POGZN,Stayed,No,60,4288,50.70,239.63,4,Month-to-Month,Bank Withdrawal,No Offer,DSL,No,Female,24,No,California,Pasadena
7340-KEFQE,Stayed,No,38,6404,34.20,1772.61,4,Two Year,Bank Withdrawal,Offer B,Cable,Yes,Female,23,No,California,Santa Ana
7341-LXCAF,Churned,Yes,87,4013,74.65,495.96,1,Month-to-Month,Bank Withdrawal,No Offer,Fiber Optic,No,Male,24,No,California,Berkeley
7343-EOBEU,Joined,No,27,5587,23.60,131.35,5,Month-to-Month,Credit Card,Offer E,No Internet Service,No,Male,19,No,California,Laguna Niguel
7346-MEDWM,Stayed,No,32,4094,83.25,6791.67,3,Month-to-Month,Bank Withdrawal,Offer B,Fiber Optic,No,Female,48,No,California,Cathedral City
7349-ALMUX,Stayed,No,27,3183,65.60,3735.71,4,Two Year,Bank Withdrawal,No Offer,Cable,Yes,Male,35,No,California,Rancho Cucamonga
7351-KYHQH,Stayed,No,37,4615,64.95,548.39,4,Two Year,Bank Withdrawal,No Offer,Cable,No,Female,67,Yes,California,Fallbrook
7351-MHQVU,Stayed,No,79,3474,50.95,307.60,3,Month-to-Month,Credit Card,Offer E,Cable,Yes,Female,43,No,California,Volcano
7353-YOWFP,Stayed,No,54,4208,20.25,406.28,5,One Year,Credit Card,No Offer,No Internet Service,No,Female,41,No,California,Brookdale
7354-OIJLX,Stayed,No,70,5212,75.85,790.53,5,Month-to-Month,Bank Withdrawal,Offer E,Fiber Optic,No,Male,52,No,California,Inglewood
7356-AYNJP,Stayed,No,57,5685,23.90,122.94,4,One Year,Bank Withdrawal,Offer E,No Internet Service,No,Female,33,No,California,Stockton
7356-IWLFW,Stayed,No,51,3315,80.00,4023.62,5,Month-to-Month,Bank Withdrawal,Offer B,Fiber Optic,No,Male,43,No,California,Weott
7359-PTSXY,Churned,Yes,90,3531,45.75,69.99,1,Month-to-Month,Bank Withdrawal,No Offer,DSL,No,Male,36,No,California,Tustin
7359-SSBJK,Churned,Yes,89,6080,70.20,6344.68,1,Two Year,Credit Card,Offer B,DSL,Yes,Female,80,Yes,California,Whittier
7359-WWYJV,Stayed,No,53,6274,114.45,8827.93,4,Two Year,Credit Card,No Offer,Fiber Optic,Yes,Male,53,No,California,Los Angeles
7361-YPXFS,Stayed,No,37,3820,64.45,2223.76,4,Two Year,Bank Withdrawal,No Offer,Cable,Yes,Female,67,Yes,California,Brawley
7363-QTBIW,Stayed,No,62,4654,79.75,830.12,5,Month-to-Month,Bank Withdrawal,No Offer,Fiber Optic,No,Female,24,No,California,Scotts Valley
7365-BVCJH,Joined,No,66,3145,24.40,24.40,5,Month-to-Month,Bank Withdrawal,Offer E,DSL,No,Male,40,No,California,Trinity Center
7369-TRPFD,Stayed,No,43,2916,18.80,605.43,3,One Year,Credit Card,Offer D,No Internet Service,No,Male,62,No,California,Chatsworth
7375-WMVMT,Stayed,No,80,6412,95.50,6794.48,4,Two Year,Credit Card,No Offer,Fiber Optic,Yes,Male,75,Yes,California,Wildomar
7377-DMMRI,Churned,Yes,89,4134,47.80,119.91,1,Month-to-Month,Bank Withdrawal,Offer E,DSL,No,Male,35,No,California,Exeter
7379-FNIUJ,Joined,No,23,4855,100.20,253.62,3,Month-to-Month,Bank Withdrawal,Offer E,Fiber Optic,No,Male,49,No,California,Olympic Valley
7379-POKDZ,Churned,Yes,66,3038,70.30,288.98,1,Month-to-Month,Bank Withdrawal,No Offer,Fiber Optic,No,Male,31,No,California,Lancaster
7382-DFJTU,Stayed,No,44,2110,55.20,1917.06,4,Month-to-Month,Credit Card,Offer D,DSL,Yes,Male,63,No,California,Lakeshore
7384-GHBPI,Churned,Yes,83,2987,35.15,99.75,2,Month-to-Month,Bank Withdrawal,Offer E,Cable,No,Male,61,No,California,San Dimas
7389-KBFIT,Joined,No,61,4387,30.25,63.75,3,Month-to-Month,Mailed Check,Offer E,DSL,No,Female,31,No,California,Big Pine
7392-YYPYJ,Stayed,No,34,4094,100.65,3036.18,5,Month-to-Month,Bank Withdrawal,Offer D,Fiber Optic,No,Male,26,No,California,Santa Ana
7394-FKDNK,Churned,Yes,91,4971,89.45,1091.69,2,Month-to-Month,Bank Withdrawal,Offer E,Fiber Optic,No,Female,62,No,California,San Diego
7394-LWLYN,Joined,No,75,4840,70.15,191.30,3,Month-to-Month,Bank Withdrawal,No Offer,Fiber Optic,No,Female,57,No,California,Oakland
7395-IGJOS,Churned,Yes,79,3443,81.50,1490.70,2,Month-to-Month,Bank Withdrawal,No Offer,Fiber Optic,No,Male,70,Yes,California,Quincy
7395-XWZOY,Stayed,No,68,4481,55.00,1165.55,3,Month-to-Month,Credit Card,No Offer,DSL,Yes,Male,45,No,California,Suisun City
7396-VJUZB,Stayed,No,57,2776,45.25,295.71,5,Month-to-Month,Credit Card,Offer E,DSL,No,Male,33,No,California,Willow Creek
7398-HPYZQ,Stayed,No,23,5007,90.55,8433.18,4,Two Year,Bank Withdrawal,Offer A,Cable,Yes,Male,30,No,California,Beaumont
7398-LXGYX,Stayed,No,44,2770,84.80,4523.55,4,Month-to-Month,Credit Card,Offer B,Fiber Optic,No,Male,53,No,California,Pioneertown
7398-SKNQZ,Joined,No,58,2330,94.90,282.11,5,Month-to-Month,Bank Withdrawal,No Offer,Fiber Optic,No,Female,51,No,California,Downey
7399-QHBJS,Stayed,No,65,6063,66.75,6388.94,3,Two Year,Credit Card,No Offer,Cable,Yes,Female,56,No,California,Escondido
7401-JIXNM,Stayed,No,27,5907,91.30,6566.64,3,Two Year,Credit Card,No Offer,Cable,Yes,Female,27,No,California,Arvin
7401-RUBNK,Stayed,No,39,4809,74.80,2217.27,3,Month-to-Month,Bank Withdrawal,Offer D,Fiber Optic,No,Female,25,No,California,South Dos Palos
7402-EYFXX,Stayed,No,54,4030,93.60,3055.14,5,Two Year,Bank Withdrawal,Offer C,Fiber Optic,No,Male,65,Yes,California,Salyer
7402-PWYJJ,Stayed,No,44,6439,91.15,7248.04,5,One Year,Bank Withdrawal,Offer B,Fiber Optic,Yes,Female,21,No,California,Sacramento
7404-JLKQG,Joined,No,47,4099,57.55,306.35,3,Month-to-Month,Bank Withdrawal,No Offer,Cable,No,Female,21,No,California,Glennville
7407-SUJIZ,Stayed,No,50,2305,20.60,875.50,3,Month-to-Month,Credit Card,Offer C,No Internet Service,No,Male,33,No,California,Los Angeles
7408-OFWXJ,Stayed,No,66,5762,89.80,9744.69,3,Two Year,Credit Card,No Offer,DSL,Yes,Female,23,No,California,Fresno
7409-JURKQ,Stayed,No,28,5713,111.80,8026.21,3,One Year,Bank Withdrawal,No Offer,Fiber Optic,Yes,Female,29,No,California,Temple City
7409-KIUTL,Churned,Yes,72,5345,71.00,99.64,3,Month-to-Month,Bank Withdrawal,No Offer,Fiber Optic,No,Female,80,Yes,California,Escondido
7410-KTVFV,Churned,Yes,90,2815,49.55,1221.25,1,Month-to-Month,Mailed Check,No Offer,DSL,No,Male,53,No,California,Grimes
7410-OIEDU,Stayed,No,38,5983,79.85,1371.15,3,Month-to-Month,Credit Card,No Offer,Fiber Optic,No,Male,29,No,California,Culver City
7410-YTJIK,Churned,Yes,75,2872,75.45,607.45,1,Month-to-Month,Credit Card,No Offer,Fiber Optic,No,Female,35,No,California,Eureka
7416-CKTEP,Stayed,No,77,6064,19.60,2461.21,4,Two Year,Bank Withdrawal,Offer B,No Internet Service,No,Female,54,No,California,Lakewood
7421-ZLUPA,Stayed,No,29,2038,29.25,226.95,3,Month-to-Month,Credit Card,No Offer,DSL,No,Female,57,No,California,Hanford
7422-WNBTY,Stayed,No,40,3348,93.35,4140.08,4,Month-to-Month,Bank Withdrawal,No Offer,Fiber Optic,No,Male,35,No,California,Green Valley Lake
7426-GSWPO,Stayed,No,63,5125,103.50,7777.45,3,Month-to-Month,Bank Withdrawal,Offer B,Fiber Optic,No,Male,78,Yes,California,Portola
7426-RHZGU,Stayed,No,66,5017,95.90,1104.65,3,Month-to-Month,Bank Withdrawal,No Offer,Fiber Optic,Yes,Male,41,No,California,Oakland
7426-WEIJX,Stayed,No,71,6214,80.95,5903.37,4,Two Year,Bank Withdrawal,No Offer,Fiber Optic,No,Male,71,Yes,California,Olympic Valley
7427-AUFPY,Stayed,No,70,5708,19.65,2397.58,5,Two Year,Credit Card,No Offer,No Internet Service,No,Male,27,No,California,Hamilton City
7432-FFVAR,Stayed,No,38,5187,90.95,4574.56,5,One Year,Bank Withdrawal,Offer B,Fiber Optic,Yes,Female,23,No,California,Victorville
7434-SHXLS,Churned,Yes,82,5421,20.90,36.63,3,Month-to-Month,Mailed Check,Offer E,No Internet Service,No,Female,21,No,California,Wallace
7435-ZNUYY,Stayed,No,20,4439,20.60,189.62,3,One Year,Credit Card,Offer E,No Internet Service,No,Male,24,No,California,Loleta
7439-DKZTW,Joined,No,21,3154,80.55,146.48,4,Month-to-Month,Bank Withdrawal,No Offer,Fiber Optic,No,Male,49,No,California,Paicines
7442-YGZFK,Joined,No,79,4796,49.80,53.77,4,Month-to-Month,Credit Card,No Offer,DSL,No,Male,31,No,California,Campo
7445-WMRBW,Stayed,No,29,4740,73.85,4668.12,4,One Year,Bank Withdrawal,Offer B,DSL,Yes,Female,49,No,California,Hathaway Pines
7446-KQISO,Stayed,No,38,4221,109.75,5237.25,3,Two Year,Bank Withdrawal,No Offer,Fiber Optic,Yes,Male,62,No,California,Visalia
7446-SFAOA,Stayed,No,20,5707,19.85,1291.37,4,One Year,Bank Withdrawal,No Offer,No Internet Service,No,Female,54,No,California,Santa Rosa
7446-YPODE,Stayed,No,23,5296,60.25,1314.58,3,Two Year,Bank Withdrawal,No Offer,DSL,No,Male,75,Yes,California,Bridgeport
7449-HVPIV,Stayed,No,44,4603,90.40,6339.95,5,Month-to-Month,Credit Card,Offer B,Fiber Optic,No,Male,38,No,California,Chula Vista
7450-NWRTR,Churned,Yes,91,2819,99.45,1462.83,3,Month-to-Month,Bank Withdrawal,No Offer,Fiber Optic,No,Male,76,Yes,California,San Diego
7452-FOLON,Stayed,No,53,5986,25.45,2774.68,5,One Year,Bank Withdrawal,No Offer,No Internet Service,No,Male,45,No,California,Terra Bella
7459-IMVYU,Stayed,No,39,5858,69.95,3811.55,3,Month-to-Month,Bank Withdrawal,No Offer,DSL,Yes,Male,51,No,California,Chino Hills
7459-RRWQZ,Churned,Yes,89,4780,64.65,1708.10,1,Month-to-Month,Bank Withdrawal,Offer D,DSL,No,Female,51,No,California,San Diego
7460-ITWWP,Stayed,No,41,2701,86.10,5687.51,4,One Year,Bank Withdrawal,No Offer,Fiber Optic,No,Female,67,Yes,California,Oakland
7463-IFMQU,Stayed,No,76,4747,20.05,4824.93,3,Two Year,Bank Withdrawal,No Offer,No Internet Service,No,Female,44,No,California,Laton
7465-ZZRVX,Joined,No,32,2722,70.35,94.77,5,Month-to-Month,Bank Withdrawal,No Offer,Fiber Optic,No,Male,63,No,California,Ceres
7469-LKBCI,Stayed,No,39,4726,18.95,848.72,3,Two Year,Credit Card,Offer D,No Internet Service,No,Male,21,No,California,Los Angeles
7470-DYNOE,Stayed,No,35,5940,61.10,3613.36,5,One Year,Bank Withdrawal,Offer B,DSL,No,Male,37,No,California,Walnut
7470-MCQTK,Churned,Yes,86,2655,48.75,633.40,2,Month-to-Month,Bank Withdrawal,No Offer,DSL,No,Female,42,No,California,Alpaugh
7471-MQPOS,Stayed,No,54,6404,72.90,8433.46,4,One Year,Bank Withdrawal,No Offer,DSL,Yes,Male,74,Yes,California,Long Beach
7471-WNSUF,Stayed,No,24,4501,24.15,2491.10,3,One Year,Bank Withdrawal,Offer B,No Internet Service,No,Male,23,No,California,San Francisco
7472-EQOAV,Stayed,No,44,4485,86.70,8320.71,3,One Year,Bank Withdrawal,Offer A,Fiber Optic,No,Male,76,Yes,California,Laguna Niguel
7473-ZBDSN,Stayed,No,28,5751,18.80,879.25,5,Two Year,Mailed Check,Offer D,No Internet Service,No,Female,38,No,California,Walnut Creek
7479-NITWS,Churned,Yes,91,4154,89.35,949.73,1,Month-to-Month,Credit Card,No Offer,Fiber Optic,No,Male,35,No,California,Green Valley Lake
7480-QNVZJ,Churned,Yes,73,4287,95.70,5762.70,3,Month-to-Month,Bank Withdrawal,No Offer,Fiber Optic,No,Male,65,Yes,California,Los Angeles
7480-SPLEF,Stayed,No,22,4933,26.00,2596.95,3,Two Year,Bank Withdrawal,No Offer,No Internet Service,No,Male,63,No,California,Dunlap
7481-ATQQS,Churned,Yes,70,5651,90.85,6714.97,2,Month-to-Month,Credit Card,Offer B,Fiber Optic,No,Female,76,Yes,California,Boulder Creek
7483-IQWIB,Stayed,No,42,3462,92.95,4854.18,4,Month-to-Month,Bank Withdrawal,Offer C,Fiber Optic,No,Male,33,No,California,Morongo Valley
7486-KSRVI,Churned,Yes,93,4760,100.00,6044.46,1,One Year,Bank Withdrawal,Offer B,Fiber Optic,Yes,Male,56,No,California,Folsom
7488-MXJIV,Churned,Yes,96,3223,85.65,504.93,1,Month-to-Month,Bank Withdrawal,Offer E,Fiber Optic,No,Female,63,No,California,Armona
7492-TAFJD,Stayed,No,70,3345,38.55,280.00,4,Two Year,Credit Card,No Offer,Cable,No,Male,26,No,California,Long Beach
7493-GVFIO,Stayed,No,48,4565,20.55,1993.28,3,Two Year,Credit Card,Offer B,No Internet Service,No,Male,56,No,California,Stockton
7493-TPUWZ,Churned,Yes,85,4243,79.15,103.63,1,Month-to-Month,Bank Withdrawal,No Offer,Fiber Optic,No,Male,64,No,California,Diamond Springs
7495-OOKFY,Churned,Yes,69,5302,80.65,1024.10,3,Month-to-Month,Credit Card,Offer E,Fiber Optic,No,Female,74,Yes,California,Los Angeles
7501-IWUNG,Stayed,No,58,6301,73.80,4674.01,4,Two Year,Bank Withdrawal,Offer B,DSL,Yes,Female,57,No,California,Springville
7501-VTYLJ,Joined,No,72,4057,51.55,143.42,3,Month-to-Month,Credit Card,No Offer,DSL,No,Female,21,No,California,Sacramento
7502-BNYGS,Stayed,No,53,2333,69.10,4634.48,5,Month-to-Month,Credit Card,Offer B,DSL,No,Female,29,No,California,Wasco
7503-EPSZW,Stayed,No,55,4582,24.05,2706.67,3,Two Year,Mailed Check,Offer B,No Internet Service,No,Female,45,No,California,River Pines
7503-MIOGA,Stayed,No,56,5881,89.85,10190.07,3,Two Year,Bank Withdrawal,Offer A,Cable,Yes,Female,68,Yes,California,Shandon
7503-QQRVF,Churned,Yes,81,2076,74.30,1596.17,1,Month-to-Month,Credit Card,Offer D,Fiber Optic,No,Male,74,Yes,California,San Jose
7503-ZGUZJ,Churned,Yes,79,4261,84.65,146.95,1,Month-to-Month,Mailed Check,No Offer,Fiber Optic,No,Male,25,No,California,Riverside
7504-UWHNB,Stayed,No,26,3080,69.75,2832.10,4,Month-to-Month,Bank Withdrawal,Offer C,Fiber Optic,No,Male,42,No,California,Vallejo
7508-DQAKK,Stayed,No,33,6474,86.40,5987.33,3,Two Year,Credit Card,No Offer,DSL,Yes,Female,21,No,California,Shingle Springs
7508-KBIMB,Stayed,No,52,3607,56.25,1509.69,4,One Year,Credit Card,No Offer,Cable,No,Male,33,No,California,Jamestown
7508-MYBOG,Churned,Yes,89,2177,86.10,1337.19,1,Month-to-Month,Bank Withdrawal,Offer D,Fiber Optic,No,Male,20,No,California,Patterson
7508-SMHXL,Stayed,No,77,4452,89.00,1267.66,4,One Year,Credit Card,No Offer,Fiber Optic,No,Female,72,Yes,California,San Francisco
7511-YMXVQ,Churned,Yes,81,5028,45.40,438.80,1,Month-to-Month,Bank Withdrawal,No Offer,Cable,No,Male,54,No,California,Lynwood
7515-LODFU,Stayed,No,21,4042,20.30,2779.08,3,Two Year,Credit Card,No Offer,No Internet Service,No,Male,67,Yes,California,Burney
7516-GMHUV,Stayed,No,40,5324,105.05,7208.30,4,Two Year,Credit Card,No Offer,Fiber Optic,No,Male,77,Yes,California,Lakeshore
7517-LDMPS,Stayed,No,75,4807,84.60,1048.19,5,Month-to-Month,Bank Withdrawal,No Offer,Fiber Optic,No,Female,31,No,California,Modesto
7517-SAWMO,Churned,Yes,90,4718,73.20,1930.35,2,Month-to-Month,Bank Withdrawal,Offer D,Fiber Optic,No,Female,31,No,California,Granada Hills
7519-JTWQH,Stayed,No,33,4803,110.50,9105.93,4,Two Year,Bank Withdrawal,Offer A,Fiber Optic,Yes,Female,30,No,California,Calipatria
7520-HQWJU,Stayed,No,26,4172,67.45,5998.18,3,Month-to-Month,Bank Withdrawal,No Offer,DSL,No,Female,22,No,California,Santa Ysabel
7521-AFHAB,Stayed,No,64,2492,44.80,398.45,3,Month-to-Month,Credit Card,Offer E,Cable,No,Female,45,No,California,Auberry
7521-YXVZY,Joined,No,77,4430,19.95,73.75,5,Month-to-Month,Mailed Check,Offer E,No Internet Service,No,Male,38,No,California,Placerville
7524-VRLPL,Stayed,No,34,4204,74.10,5952.84,3,Two Year,Credit Card,Offer A,Cable,Yes,Male,71,Yes,California,Manchester
7526-BEZQB,Churned,Yes,89,2577,96.05,1684.62,1,Month-to-Month,Bank Withdrawal,Offer D,Cable,No,Male,39,No,California,Lawndale
7526-IVLYU,Joined,No,55,4852,19.65,175.12,5,Month-to-Month,Credit Card,No Offer,No Internet Service,No,Male,46,No,California,San Francisco
7527-QNRUS,Stayed,No,33,3931,25.15,1181.68,3,Two Year,Credit Card,Offer D,No Internet Service,No,Male,33,No,California,Escondido
7529-ZDFXI,Stayed,No,36,4429,89.85,7014.97,5,One Year,Bank Withdrawal,No Offer,Fiber Optic,No,Male,79,Yes,California,La Verne
7530-HDYDS,Churned,Yes,70,2885,84.25,3935.58,2,Month-to-Month,Credit Card,No Offer,Fiber Optic,Yes,Female,26,No,California,Lakewood
7531-GQHME,Stayed,No,56,4996,20.05,732.97,4,Month-to-Month,Credit Card,Offer D,No Internet Service,No,Male,34,No,California,San Jacinto
7534-BFESC,Churned,Yes,91,2018,76.10,2453.58,2,Month-to-Month,Bank Withdrawal,Offer C,Fiber Optic,No,Male,69,Yes,California,San Diego
7537-CBQUZ,Stayed,No,24,5961,109.40,8676.38,3,Month-to-Month,Bank Withdrawal,No Offer,Fiber Optic,No,Male,68,Yes,California,Castroville
7537-RBWEA,Joined,No,45,3513,25.15,25.15,5,Month-to-Month,Credit Card,No Offer,Cable,No,Female,19,No,California,Petrolia
7538-GWHML,Churned,Yes,80,2323,69.65,160.43,2,Month-to-Month,Bank Withdrawal,Offer E,Fiber Optic,No,Female,52,No,California,Lemon Cove
7541-YLXCL,Churned,Yes,71,5220,65.40,3452.76,1,One Year,Credit Card,No Offer,Cable,Yes,Male,25,No,California,Pomona
7542-CYDDM,Stayed,No,22,4204,20.05,771.96,3,Month-to-Month,Credit Card,No Offer,No Internet Service,No,Male,61,No,California,Turlock
7544-ZVIKX,Stayed,No,75,5870,105.05,7966.41,5,One Year,Bank Withdrawal,No Offer,Fiber Optic,Yes,Male,33,No,California,Roseville
7547-EKNFS,Churned,Yes,89,2075,95.25,4698.97,1,Month-to-Month,Bank Withdrawal,Offer B,Fiber Optic,No,Male,37,No,California,Caspar
7548-SEPYI,Churned,Yes,74,5056,96.25,673.05,2,Month-to-Month,Bank Withdrawal,Offer E,Fiber Optic,No,Female,62,No,California,Temecula
7549-MYGPK,Churned,Yes,79,5413,100.55,6781.09,2,Month-to-Month,Bank Withdrawal,Offer B,Fiber Optic,No,Female,48,No,California,Mountain View
7550-WIQVA,Stayed,No,71,4972,108.25,7510.40,4,One Year,Bank Withdrawal,No Offer,Fiber Optic,No,Male,34,No,California,Rocklin
7551-DACSP,Churned,Yes,91,3878,55.30,335.41,2,Month-to-Month,Mailed Check,Offer E,DSL,No,Male,49,No,California,Hat Creek
7551-JOHTI,Churned,Yes,77,5211,19.50,51.95,2,Month-to-Month,Credit Card,No Offer,No Internet Service,No,Female,54,No,California,Malibu
7552-KEYGT,Stayed,No,44,4430,19.55,1713.68,4,Two Year,Bank Withdrawal,Offer C,No Internet Service,No,Male,53,No,California,Platina
7554-AKDQF,Stayed,No,40,4227,45.65,357.59,4,Month-to-Month,Credit Card,Offer E,DSL,No,Female,27,No,California,Sierra Madre
7554-NEWDD,Stayed,No,8,3611,25.70,572.60,5,Two Year,Bank Withdrawal,No Offer,No Internet Service,No,Male,44,No,California,Long Beach
7558-IMLMT,Stayed,No,77,5626,20.80,2002.84,4,Two Year,Credit Card,No Offer,No Internet Service,No,Male,48,No,California,Stanton
7560-QJAVJ,Stayed,No,38,5474,79.60,8887.51,3,Two Year,Bank Withdrawal,No Offer,DSL,Yes,Female,60,No,California,Biggs
7560-QRBXH,Stayed,No,21,3396,19.95,1377.82,3,One Year,Mailed Check,No Offer,No Internet Service,No,Female,32,No,California,Woodland
7562-GSUHK,Churned,Yes,75,5497,93.20,2190.16,1,Month-to-Month,Credit Card,No Offer,Fiber Optic,No,Female,40,No,California,Jamestown
7562-UXTPG,Stayed,No,56,2992,70.15,1217.86,4,Month-to-Month,Credit Card,No Offer,Fiber Optic,No,Female,40,No,California,Canoga Park
7563-BIUPC,Churned,Yes,69,5715,80.60,448.01,2,Month-to-Month,Bank Withdrawal,Offer E,Fiber Optic,No,Male,30,No,California,San Diego
7564-GHCVB,Stayed,No,40,4689,79.05,6335.58,3,Two Year,Bank Withdrawal,Offer A,Fiber Optic,No,Female,27,No,California,San Simeon
7566-DSRLQ,Stayed,No,70,5065,110.15,8994.00,4,Two Year,Bank Withdrawal,Offer A,Fiber Optic,Yes,Female,54,No,California,Rancho Cucamonga
7567-ECMCM,Stayed,No,43,5128,79.85,2848.20,4,Month-to-Month,Credit Card,No Offer,Fiber Optic,No,Male,23,No,California,Danville
7568-PODML,Churned,Yes,69,4954,45.30,45.30,1,Month-to-Month,Mailed Check,No Offer,DSL,No,Male,34,No,California,Watsonville
7569-NMZYQ,Stayed,No,49,5475,118.75,11634.53,4,Two Year,Bank Withdrawal,No Offer,Fiber Optic,Yes,Female,33,No,California,Middletown
7570-WELNY,Stayed,No,41,5520,84.70,6246.21,3,Two Year,Bank Withdrawal,Offer A,Fiber Optic,No,Female,52,No,California,Sherman Oaks
7571-YXDAD,Churned,Yes,93,2078,74.90,223.71,1,Month-to-Month,Credit Card,No Offer,Fiber Optic,No,Female,37,No,California,Davis
7572-KPVKK,Stayed,No,33,5900,104.05,7686.04,4,Two Year,Bank Withdrawal,Offer B,Fiber Optic,Yes,Male,44,No,California,Los Altos
7576-ASEJU,Stayed,No,56,5246,74.70,4219.21,4,One Year,Credit Card,Offer B,DSL,Yes,Female,38,No,California,Azusa
7576-JMYWV,Stayed,No,55,4162,110.20,5911.42,3,Two Year,Bank Withdrawal,Offer B,Fiber Optic,Yes,Female,76,Yes,California,San Martin
7576-OYWBN,Churned,Yes,67,2930,76.05,322.55,1,Month-to-Month,Bank Withdrawal,No Offer,Fiber Optic,No,Male,71,Yes,California,San Mateo
7577-SWIFR,Joined,No,28,5579,89.25,105.89,5,Month-to-Month,Bank Withdrawal,No Offer,Fiber Optic,No,Male,49,No,California,Glendale
7579-KKLOE,Stayed,No,30,5529,91.25,9893.23,3,Two Year,Credit Card,Offer A,DSL,Yes,Male,59,No,California,Earlimart
7579-OOPEC,Churned,Yes,78,5461,50.15,128.82,1,Month-to-Month,Credit Card,Offer E,DSL,No,Female,75,Yes,California,Pala
7580-UGXNC,Churned,Yes,96,3016,54.85,155.68,1,Month-to-Month,Credit Card,No Offer,DSL,No,Female,73,Yes,California,Culver City
7581-EBBOU,Stayed,No,62,4260,70.15,6557.50,3,One Year,Credit Card,No Offer,DSL,Yes,Female,49,No,California,Volcano
7586-ZATGZ,Stayed,No,37,2904,84.90,4082.25,4,Month-to-Month,Bank Withdrawal,No Offer,Fiber Optic,No,Male,59,No,California,Ravendale
7587-AOVVU,Stayed,No,31,3160,100.75,3173.44,3,Month-to-Month,Bank Withdrawal,No Offer,Fiber Optic,Yes,Male,39,No,California,Arcata
7587-RZNME,Churned,Yes,91,4849,43.30,270.17,3,Month-to-Month,Bank Withdrawal,Offer E,DSL,No,Male,23,No,California,Valencia
7590-VHVEG,Joined,No,27,3964,29.85,29.85,3,Month-to-Month,Bank Withdrawal,Offer E,DSL,No,Female,36,No,California,Los Angeles
7593-JNWRU,Churned,Yes,90,4525,44.60,556.00,2,Month-to-Month,Bank Withdrawal,Offer E,DSL,No,Male,61,No,California,Fremont
7593-XFKDI,Churned,Yes,73,3017,46.30,94.52,1,Month-to-Month,Credit Card,No Offer,DSL,No,Male,39,No,California,Los Angeles
7594-LZNWR,Stayed,No,63,4478,69.15,2736.14,3,Two Year,Credit Card,Offer C,Fiber Optic,No,Male,67,Yes,California,Sacramento
7594-RQHXR,Churned,Yes,94,3108,79.60,101.32,2,Month-to-Month,Bank Withdrawal,Offer E,Fiber Optic,No,Female,20,No,California,Covina
7595-EHCDL,Stayed,No,40,3087,50.60,1653.45,3,Month-to-Month,Credit Card,No Offer,DSL,No,Male,48,No,California,Santa Maria
7595-EUIVN,Churned,Yes,70,3940,75.80,90.28,1,Month-to-Month,Bank Withdrawal,No Offer,Fiber Optic,No,Female,53,No,California,Clearlake
7596-IIWYC,Stayed,No,79,5250,20.25,1503.99,3,Two Year,Bank Withdrawal,No Offer,No Internet Service,No,Female,62,No,California,Fiddletown
7596-LDUXP,Stayed,No,52,2452,85.15,1170.69,4,One Year,Credit Card,Offer D,Fiber Optic,No,Female,61,No,California,Rodeo
7596-ZYWBB,Stayed,No,75,4372,59.60,6673.65,4,Two Year,Mailed Check,Offer B,DSL,Yes,Female,19,No,California,Bakersfield
7598-UAASY,Churned,Yes,71,4340,76.40,192.80,1,Month-to-Month,Bank Withdrawal,Offer E,Fiber Optic,No,Male,19,No,California,Marshall
7599-FKVXZ,Churned,Yes,93,2265,106.15,4613.92,1,Month-to-Month,Bank Withdrawal,No Offer,Fiber Optic,Yes,Male,54,No,California,South Pasadena
7599-NTMDP,Stayed,No,26,5453,48.70,3128.55,3,Two Year,Bank Withdrawal,Offer B,Cable,Yes,Female,32,No,California,Lockeford
7601-DHFWZ,Stayed,No,66,3948,24.00,2662.41,3,Two Year,Credit Card,Offer B,No Internet Service,No,Female,54,No,California,Simi Valley
7601-GNDYK,Stayed,No,20,3764,19.60,1416.70,4,Two Year,Credit Card,Offer C,No Internet Service,No,Male,52,No,California,Wildomar
7601-WFVZV,Joined,No,79,3718,19.55,37.49,4,Month-to-Month,Credit Card,Offer E,No Internet Service,No,Male,35,No,California,Downieville
7602-DBTOU,Stayed,No,20,4890,19.60,4102.43,4,Two Year,Credit Card,No Offer,No Internet Service,No,Female,46,No,California,San Francisco
7602-MVRMB,Stayed,No,41,4754,110.45,11416.21,4,Two Year,Bank Withdrawal,No Offer,Fiber Optic,Yes,Female,62,No,California,Fish Camp
7603-USHJS,Churned,Yes,78,2010,73.75,1050.92,3,Month-to-Month,Credit Card,Offer D,Fiber Optic,No,Male,27,No,California,San Gabriel
7605-BDWDC,Stayed,No,67,2539,49.85,1520.10,3,Two Year,Bank Withdrawal,No Offer,DSL,Yes,Female,35,No,California,Mira Loma
7605-SNLQG,Stayed,No,44,2036,50.25,2513.60,4,Month-to-Month,Credit Card,Offer B,DSL,No,Female,42,No,California,Gardena
7606-BPHHN,Stayed,No,9,5368,19.80,3660.43,3,Two Year,Credit Card,Offer A,No Internet Service,No,Male,39,No,California,La Quinta
7607-QKKTJ,Stayed,No,27,2719,95.00,5934.10,4,One Year,Credit Card,No Offer,Fiber Optic,No,Male,25,No,California,Loma Linda
7608-RGIRO,Stayed,No,66,4889,24.40,2501.72,3,Two Year,Credit Card,Offer B,No Internet Service,No,Male,62,No,California,Marysville
7609-NRNCA,Stayed,No,42,4947,19.55,1001.99,3,One Year,Credit Card,No Offer,No Internet Service,No,Female,21,No,California,Mountain Ranch
7609-YBPXG,Stayed,No,44,5418,87.10,5816.36,3,Two Year,Bank Withdrawal,No Offer,DSL,Yes,Male,60,No,California,Irvine
7610-TVOPG,Stayed,No,73,2723,26.35,498.00,3,Month-to-Month,Bank Withdrawal,No Offer,No Internet Service,No,Male,48,No,California,West Point
7611-YKYTC,Stayed,No,48,4040,75.00,2427.99,3,Month-to-Month,Bank Withdrawal,Offer D,Fiber Optic,No,Male,50,No,California,Burson
7613-LLQFO,Churned,Yes,91,3330,84.45,1207.87,2,Month-to-Month,Bank Withdrawal,No Offer,Fiber Optic,No,Male,41,No,California,Amador City
7614-QVWQL,Churned,Yes,67,5375,51.80,2591.25,2,One Year,Bank Withdrawal,No Offer,DSL,No,Male,57,No,California,Costa Mesa
7615-ESMYF,Churned,Yes,70,5482,44.60,97.10,3,Month-to-Month,Bank Withdrawal,No Offer,Cable,No,Female,23,No,California,San Diego
7617-EYGLW,Joined,No,64,5820,19.45,66.04,3,Month-to-Month,Bank Withdrawal,Offer E,No Internet Service,No,Male,62,No,California,Clearlake Oaks
7619-ODSGN,Churned,Yes,90,5699,54.75,1752.63,1,Month-to-Month,Bank Withdrawal,Offer C,DSL,No,Male,63,No,California,Foothill Ranch
7619-PLRLP,Stayed,No,37,5136,74.10,5802.37,4,One Year,Bank Withdrawal,Offer B,Cable,No,Female,41,No,California,Cardiff By The Sea
7621-VPNET,Stayed,No,25,2219,85.90,4594.11,3,Month-to-Month,Credit Card,No Offer,Fiber Optic,Yes,Female,60,No,California,Arcadia
7622-FWGEW,Stayed,No,70,6500,85.65,6598.53,3,Two Year,Bank Withdrawal,No Offer,DSL,Yes,Male,71,Yes,California,Costa Mesa
7622-NXQZR,Stayed,No,31,2653,30.10,810.85,4,Month-to-Month,Credit Card,Offer C,DSL,Yes,Male,29,No,California,Canoga Park
7623-HKYRK,Stayed,No,44,2276,19.70,278.33,3,Month-to-Month,Mailed Check,No Offer,No Internet Service,No,Male,46,No,California,Caliente
7623-TRNQN,Churned,Yes,72,3113,49.90,89.50,2,Month-to-Month,Mailed Check,No Offer,DSL,Yes,Male,34,No,California,Jackson
7625-XCQRH,Churned,Yes,76,2291,76.50,1009.55,3,Month-to-Month,Bank Withdrawal,No Offer,Fiber Optic,No,Female,48,No,California,Strathmore
7627-JKIAZ,Churned,Yes,90,3982,78.95,4226.78,3,Month-to-Month,Credit Card,No Offer,Fiber Optic,No,Female,62,No,California,San Jose
7629-WFGLW,Stayed,No,20,6335,95.65,6096.84,3,One Year,Bank Withdrawal,Offer B,Fiber Optic,Yes,Female,80,Yes,California,Palo Alto
7629-WIXZF,Stayed,No,29,4770,59.10,417.06,3,One Year,Bank Withdrawal,No Offer,DSL,No,Female,32,No,California,San Rafael
7632-MNYOY,Churned,Yes,93,4389,110.90,8085.45,3,One Year,Credit Card,No Offer,Fiber Optic,Yes,Male,69,Yes,California,Tahoe Vista
7632-YUTXB,Stayed,No,60,2010,20.05,846.60,4,One Year,Credit Card,Offer C,No Internet Service,No,Female,52,No,California,Stinson Beach
7633-MVPUY,Stayed,No,68,4012,59.75,6259.68,3,Two Year,Bank Withdrawal,Offer B,Cable,Yes,Male,50,No,California,Diamond Bar
7634-HLQJR,Stayed,No,35,3260,20.05,1084.38,5,Two Year,Credit Card,No Offer,No Internet Service,No,Female,52,No,California,Moss Landing
7634-WSWDB,Stayed,No,22,4194,38.50,330.80,3,Month-to-Month,Bank Withdrawal,No Offer,DSL,No,Female,22,No,California,Terra Bella
7636-OWBPG,Stayed,No,27,3606,29.35,342.22,3,Two Year,Credit Card,No Offer,DSL,No,Male,79,Yes,California,Redding
7636-PEPNS,Stayed,No,44,5040,44.10,3876.75,4,One Year,Credit Card,No Offer,Cable,No,Female,44,No,California,Palos Verdes Peninsula
7636-XUHWW,Joined,No,58,5824,19.90,41.34,5,Month-to-Month,Credit Card,Offer E,No Internet Service,No,Male,56,No,California,Firebaugh
7638-QVMVY,Churned,Yes,92,3735,79.00,705.58,2,Month-to-Month,Bank Withdrawal,No Offer,Fiber Optic,No,Female,63,No,California,Visalia
7639-LIAYI,Stayed,No,49,4142,79.75,5734.12,4,Two Year,Credit Card,Offer B,Cable,Yes,Male,23,No,California,Los Angeles
7639-OPLNG,Stayed,No,27,5085,79.25,7689.75,3,Two Year,Bank Withdrawal,Offer A,Cable,Yes,Male,56,No,California,San Diego
7639-SUPCW,Churned,Yes,91,2270,48.80,1161.50,1,Month-to-Month,Credit Card,No Offer,DSL,No,Female,32,No,California,Glen Ellen
7641-EUYET,Churned,Yes,72,5712,100.70,6753.62,1,Month-to-Month,Bank Withdrawal,No Offer,Fiber Optic,No,Male,76,Yes,California,Tranquillity
7641-TQFHN,Stayed,No,71,3124,100.55,4469.43,3,Two Year,Credit Card,Offer C,Fiber Optic,Yes,Male,21,No,California,Fresno
7643-RCHXS,Stayed,No,23,4566,19.35,3899.77,4,Two Year,Bank Withdrawal,Offer B,No Internet Service,No,Female,31,No,California,Montgomery Creek
7644-OMVMY,Stayed,No,53,2019,19.85,353.60,3,Two Year,Credit Card,No Offer,No Internet Service,No,Male,56,No,California,Los Angeles
7647-GYYKX,Stayed,No,79,5646,20.35,3356.57,3,Two Year,Bank Withdrawal,No Offer,No Internet Service,No,Female,48,No,California,San Marcos
7649-PHJVR,Stayed,No,28,5825,19.50,595.08,4,One Year,Mailed Check,Offer D,No Internet Service,No,Male,22,No,California,Paso Robles
7649-SIJJF,Stayed,No,37,6045,80.10,6364.27,3,Two Year,Credit Card,Offer A,DSL,Yes,Male,36,No,California,Emeryville
7654-YWJUF,Stayed,No,51,4382,84.25,4192.85,3,One Year,Bank Withdrawal,No Offer,Fiber Optic,Yes,Male,61,No,California,Sunland
7657-DYEPJ,Churned,Yes,82,2645,70.15,2715.85,3,One Year,Credit Card,Offer C,Cable,Yes,Male,73,Yes,California,Los Angeles
7658-UYUQS,Stayed,No,67,5318,86.55,2325.55,5,Month-to-Month,Bank Withdrawal,No Offer,Fiber Optic,No,Male,71,Yes,California,Fullerton
7660-HDPJV,Churned,Yes,81,2637,69.20,79.28,2,Month-to-Month,Bank Withdrawal,No Offer,Fiber Optic,No,Female,51,No,California,Long Beach
7661-CPURM,Stayed,No,78,4446,87.70,2545.04,3,One Year,Credit Card,Offer D,Fiber Optic,Yes,Male,49,No,California,Alhambra
7663-CUXZB,Stayed,No,23,6251,113.75,7445.07,3,Two Year,Bank Withdrawal,Offer B,Fiber Optic,Yes,Male,34,No,California,Fields Landing
7663-RGWBC,Churned,Yes,90,4773,44.15,52.92,1,Month-to-Month,Credit Card,No Offer,DSL,No,Male,44,No,California,Los Angeles
7663-YJHSN,Stayed,No,56,5096,103.95,10814.34,3,Two Year,Bank Withdrawal,Offer A,Fiber Optic,Yes,Female,33,No,California,Moss Landing
7663-ZTEGJ,Stayed,No,77,3055,100.55,4378.13,5,One Year,Credit Card,No Offer,Fiber Optic,Yes,Male,46,No,California,Escondido
7665-NKLAV,Stayed,No,44,2564,40.65,1547.35,4,Two Year,Credit Card,No Offer,Cable,Yes,Female,19,No,California,Pleasanton
7665-TOALD,Churned,Yes,79,2412,69.60,83.79,1,Month-to-Month,Bank Withdrawal,No Offer,Fiber Optic,No,Female,25,No,California,Temecula
7665-VIGUD,Stayed,No,38,4745,20.35,350.30,5,One Year,Credit Card,No Offer,No Internet Service,No,Male,40,No,California,Santa Barbara
7666-WKRON,Churned,Yes,85,2224,80.45,4155.10,3,Two Year,Bank Withdrawal,No Offer,Fiber Optic,Yes,Female,39,No,California,Riverbank
7668-XCFYV,Stayed,No,23,3689,92.55,1679.81,3,Month-to-Month,Bank Withdrawal,No Offer,Fiber Optic,No,Female,77,Yes,California,Glendora
7669-LCRSD,Stayed,No,56,2047,56.30,835.89,3,Month-to-Month,Mailed Check,Offer D,Cable,No,Male,49,No,California,Igo
7670-ZBPOQ,Stayed,No,46,4411,61.05,5007.63,4,One Year,Bank Withdrawal,Offer B,DSL,Yes,Female,59,No,California,Denair
7672-VFMXZ,Stayed,No,22,4607,55.70,4019.37,3,Month-to-Month,Bank Withdrawal,No Offer,Cable,Yes,Male,31,No,California,Long Beach
7673-BQGKU,Stayed,No,23,4554,20.15,2128.93,4,Two Year,Bank Withdrawal,No Offer,No Internet Service,No,Female,64,No,California,Carlsbad
7673-LPRNY,Stayed,No,47,3127,78.55,2947.66,3,One Year,Bank Withdrawal,No Offer,DSL,No,Female,43,No,California,Pasadena
7674-YTAFD,Stayed,No,52,3118,79.95,4080.42,3,One Year,Bank Withdrawal,Offer C,Fiber Optic,Yes,Female,64,No,California,North Hills
7675-OZCZG,Churned,Yes,77,4145,45.00,227.52,3,Month-to-Month,Bank Withdrawal,No Offer,DSL,No,Female,76,Yes,California,Fallbrook
7677-SJJJK,Stayed,No,29,3152,19.90,541.07,5,One Year,Credit Card,Offer E,No Internet Service,No,Male,26,No,California,Granite Bay
7682-AZNDK,Stayed,No,45,3096,89.85,3701.06,5,Month-to-Month,Bank Withdrawal,No Offer,Fiber Optic,No,Male,25,No,California,Williams
7683-CBDKJ,Churned,Yes,90,2881,65.45,1576.00,1,Month-to-Month,Bank Withdrawal,No Offer,Cable,No,Male,42,No,California,Palmdale
7684-XSZIY,Stayed,No,43,5160,24.30,3113.49,4,Two Year,Bank Withdrawal,Offer A,No Internet Service,No,Male,53,No,California,Loomis
7688-AWMDX,Stayed,No,57,4957,54.50,7208.92,3,Two Year,Bank Withdrawal,No Offer,DSL,Yes,Male,21,No,California,San Diego
7690-KPNCU,Stayed,No,28,4515,73.05,6393.61,3,One Year,Credit Card,Offer B,DSL,No,Male,20,No,California,Willow Creek
7691-KGKGP,Stayed,No,30,5534,65.00,3475.63,3,Month-to-Month,Credit Card,Offer B,DSL,Yes,Male,31,No,California,Aliso Viejo
7691-XVTZH,Stayed,No,64,5672,89.95,7902.78,4,Two Year,Bank Withdrawal,Offer A,Fiber Optic,No,Female,30,No,California,Aromas
7693-LCKZL,Churned,Yes,84,5124,80.15,442.70,1,Month-to-Month,Bank Withdrawal,No Offer,Fiber Optic,No,Male,57,No,California,Julian
7693-QPEFS,Stayed,No,72,4368,72.95,6023.63,3,Two Year,Bank Withdrawal,Offer B,Fiber Optic,No,Male,75,Yes,California,Davenport
7694-VLBWQ,Churned,Yes,74,4857,104.10,7588.91,2,One Year,Bank Withdrawal,Offer A,Fiber Optic,No,Male,61,No,California,Coronado
7695-PKLCZ,Stayed,No,68,4201,20.50,4716.78,4,Two Year,Credit Card,No Offer,No Internet Service,No,Female,32,No,California,Salinas
7696-AMHOD,Stayed,No,69,4200,78.00,4268.63,5,One Year,Credit Card,No Offer,DSL,No,Female,23,No,California,Fallbrook
7696-CFTAT,Stayed,No,28,2745,19.80,1029.87,3,Two Year,Bank Withdrawal,No Offer,No Internet Service,No,Male,24,No,California,Diamond Bar
7698-YFGEZ,Joined,No,38,5650,20.00,45.99,4,Month-to-Month,Credit Card,Offer E,No Internet Service,No,Male,55,No,California,Riverside
7703-ZEKEF,Churned,Yes,78,5701,81.00,2347.20,2,Month-to-Month,Bank Withdrawal,Offer D,Fiber Optic,No,Male,47,No,California,Heber
7706-DZNKK,Stayed,No,29,2642,20.45,727.13,4,Month-to-Month,Credit Card,Offer D,No Internet Service,No,Male,63,No,California,Palmdale
7706-YLMQA,Stayed,No,72,6072,19.70,2041.50,4,One Year,Bank Withdrawal,No Offer,No Internet Service,No,Female,30,No,California,Madera
7707-PYBBH,Stayed,No,52,2520,61.90,4126.30,4,Month-to-Month,Credit Card,No Offer,DSL,Yes,Male,49,No,California,Lucerne Valley
7710-JSYOA,Stayed,No,45,5205,93.30,8366.62,5,Two Year,Bank Withdrawal,Offer A,Fiber Optic,Yes,Female,59,No,California,Pala
7711-GQBZC,Stayed,No,45,5187,24.70,3194.34,4,Two Year,Bank Withdrawal,No Offer,No Internet Service,No,Female,42,No,California,Stockton
7711-YIJWC,Stayed,No,72,4413,84.90,6040.42,3,One Year,Bank Withdrawal,Offer B,Cable,Yes,Male,21,No,California,Shingletown
7714-YXSMB,Stayed,No,50,2921,100.50,3267.11,3,Month-to-Month,Bank Withdrawal,Offer C,Fiber Optic,No,Female,60,No,California,Irvine
7716-YTYHG,Churned,Yes,93,3365,82.05,5179.55,2,One Year,Mailed Check,Offer B,Fiber Optic,No,Female,41,No,California,Oxnard
7717-BICXI,Stayed,No,47,4020,20.55,2144.05,3,Two Year,Credit Card,Offer B,No Internet Service,No,Male,37,No,California,O Neals
7718-RXDGG,Stayed,No,47,3351,68.60,1561.15,4,Month-to-Month,Bank Withdrawal,Offer D,Fiber Optic,No,Male,54,No,California,Newcastle
7718-UPSKJ,Stayed,No,26,4328,106.40,8916.04,4,One Year,Credit Card,Offer A,Fiber Optic,Yes,Female,59,No,California,San Diego
7721-DVEKZ,Joined,No,73,4639,19.65,43.32,3,Month-to-Month,Credit Card,Offer E,No Internet Service,No,Female,42,No,California,Thousand Oaks
7721-JXEAW,Churned,Yes,70,4324,41.05,2452.70,2,Month-to-Month,Bank Withdrawal,Offer B,DSL,No,Male,23,No,California,Elk Grove
7722-CVFXN,Stayed,No,68,5546,105.20,6006.34,5,One Year,Bank Withdrawal,No Offer,Fiber Optic,Yes,Male,50,No,California,Santa Cruz
7722-VJRQD,Stayed,No,21,4147,60.95,4549.05,4,Two Year,Bank Withdrawal,No Offer,Cable,Yes,Male,38,No,California,Brooks
7727-SHVZV,Stayed,No,54,4883,19.50,544.82,4,Month-to-Month,Bank Withdrawal,No Offer,No Internet Service,No,Female,56,No,California,Chico
7729-JTEEC,Joined,No,49,5456,44.50,151.79,5,Month-to-Month,Bank Withdrawal,No Offer,DSL,No,Male,33,No,California,Olympic Valley
7729-XBTWX,Stayed,No,58,4485,19.75,3425.48,4,Two Year,Credit Card,No Offer,No Internet Service,No,Male,62,No,California,San Ramon
7730-CLDSV,Stayed,No,78,4616,98.65,9664.57,4,Two Year,Bank Withdrawal,Offer A,Fiber Optic,Yes,Female,61,No,California,Brentwood
7730-IUTDZ,Churned,Yes,68,4673,75.20,4660.60,1,Month-to-Month,Bank Withdrawal,No Offer,Fiber Optic,No,Male,63,No,California,Chatsworth
7733-UDMTP,Stayed,No,76,4622,55.00,3094.05,4,Two Year,Bank Withdrawal,Offer B,DSL,No,Female,65,Yes,California,Fresno
7734-DBOAI,Churned,Yes,93,5434,40.10,50.10,1,Month-to-Month,Bank Withdrawal,No Offer,DSL,Yes,Female,42,No,California,Pope Valley
7739-LAXOG,Churned,Yes,80,3590,91.05,4525.94,1,Month-to-Month,Bank Withdrawal,No Offer,Fiber Optic,No,Female,51,No,California,Sacramento
7740-BTPUX,Stayed,No,56,5754,113.60,7002.75,5,Two Year,Bank Withdrawal,Offer B,Fiber Optic,Yes,Male,72,Yes,California,Manchester
7740-KKCXF,Stayed,No,21,5045,30.05,1529.45,4,Month-to-Month,Credit Card,No Offer,DSL,No,Male,61,No,California,Los Angeles
7742-MYPGI,Stayed,No,45,4538,48.80,594.05,4,Month-to-Month,Credit Card,No Offer,DSL,Yes,Female,39,No,California,Cobb
7743-EXURX,Churned,Yes,77,3758,51.05,445.85,1,Month-to-Month,Bank Withdrawal,Offer E,DSL,No,Male,47,No,California,Glendale
7746-AWNQW,Stayed,No,69,2431,35.75,961.40,4,Month-to-Month,Mailed Check,Offer C,DSL,Yes,Female,62,No,California,La Jolla
7746-QYVCO,Stayed,No,55,2464,55.85,1194.44,3,One Year,Credit Card,Offer D,Cable,No,Male,57,No,California,White Water
7748-UMTRK,Stayed,No,34,2440,101.30,4097.10,4,Two Year,Bank Withdrawal,No Offer,Fiber Optic,Yes,Female,80,Yes,California,San Francisco
7750-EYXWZ,Stayed,No,24,3740,60.65,702.89,3,One Year,Bank Withdrawal,No Offer,Cable,Yes,Female,62,No,California,Yucca Valley
7752-XUSCI,Churned,Yes,84,4105,105.90,7038.45,2,Month-to-Month,Bank Withdrawal,No Offer,Fiber Optic,No,Female,20,No,California,Crestline
7753-USQYQ,Stayed,No,40,5151,64.20,5148.05,3,One Year,Bank Withdrawal,Offer B,Cable,Yes,Male,47,No,California,West Covina
7754-IXRMC,Joined,No,23,3980,45.35,57.81,4,Month-to-Month,Credit Card,No Offer,DSL,No,Female,39,No,California,Atascadero
7758-UJWYS,Stayed,No,31,3897,40.55,1325.85,5,Two Year,Bank Withdrawal,No Offer,DSL,Yes,Male,31,No,California,Millbrae
7758-XKCBS,Churned,Yes,82,5518,29.70,528.25,1,Month-to-Month,Bank Withdrawal,No Offer,DSL,Yes,Male,56,No,California,Reseda
7760-OYPDY,Churned,Yes,90,5586,80.65,175.85,1,Month-to-Month,Bank Withdrawal,No Offer,Fiber Optic,No,Female,32,No,California,Los Angeles
7762-ONLJY,Stayed,No,51,4122,19.70,359.23,3,One Year,Credit Card,No Offer,No Internet Service,No,Female,62,No,California,Sacramento
7762-URZQH,Churned,Yes,83,5602,106.05,8533.01,2,Two Year,Credit Card,No Offer,Fiber Optic,No,Male,30,No,California,Venice
7764-BDPEE,Joined,No,38,5868,20.85,119.39,4,Month-to-Month,Credit Card,No Offer,No Internet Service,No,Male,50,No,California,Hayward
7765-LWVVH,Stayed,No,25,5584,95.10,8192.43,3,Two Year,Bank Withdrawal,No Offer,Fiber Optic,No,Female,39,No,California,Caspar
7766-CLTIC,Stayed,No,28,4323,60.95,713.05,3,Month-to-Month,Credit Card,No Offer,Cable,Yes,Female,58,No,California,Kenwood
7767-UXAGJ,Churned,Yes,68,2928,50.45,78.70,3,Month-to-Month,Bank Withdrawal,No Offer,Cable,No,Male,37,No,California,Colfax
7771-CFQRQ,Stayed,No,45,5144,63.80,4500.07,3,Two Year,Bank Withdrawal,No Offer,DSL,Yes,Female,32,No,California,Mariposa
7771-ZONAT,Stayed,No,55,4574,56.75,1304.85,4,Two Year,Bank Withdrawal,No Offer,DSL,Yes,Male,62,No,California,Woodacre
7774-OJSXI,Churned,Yes,65,5387,103.45,3353.82,3,One Year,Bank Withdrawal,No Offer,Fiber Optic,No,Male,53,No,California,South Lake Tahoe
7776-QGYJC,Stayed,No,25,2042,81.50,4693.82,5,Month-to-Month,Bank Withdrawal,Offer C,Fiber Optic,Yes,Female,64,No,California,Shasta Lake
7776-QWNFX,Churned,Yes,83,4795,50.40,1667.00,3,Month-to-Month,Bank Withdrawal,No Offer,DSL,No,Male,71,Yes,California,Chino
7777-UNYHB,Stayed,No,21,2360,20.10,528.20,3,Month-to-Month,Credit Card,No Offer,No Internet Service,No,Female,43,No,California,Traver
7779-LGOVN,Churned,Yes,84,4990,86.65,1321.65,1,Month-to-Month,Bank Withdrawal,No Offer,Cable,No,Male,74,Yes,California,Paskenta
7779-ORAEL,Stayed,No,52,5837,75.15,3902.90,3,Two Year,Credit Card,No Offer,DSL,Yes,Male,77,Yes,California,Mi Wuk Village
7780-OTDSO,Churned,Yes,86,2421,99.40,1946.35,1,Month-to-Month,Bank Withdrawal,No Offer,Fiber Optic,No,Male,51,No,California,Covelo
7781-EWARA,Stayed,No,56,4122,60.35,4089.47,3,One Year,Bank Withdrawal,Offer A,Cable,Yes,Male,19,No,California,Big Bend
7781-HVGMK,Stayed,No,27,5092,65.20,4784.45,3,Two Year,Credit Card,Offer A,DSL,Yes,Female,56,No,California,Amboy
7783-YKGDV,Churned,Yes,76,2538,99.70,1431.29,1,Month-to-Month,Bank Withdrawal,Offer D,Fiber Optic,No,Female,49,No,California,March Air Reserve Base
7785-RDVIG,Joined,No,57,5722,19.30,85.09,4,Month-to-Month,Credit Card,No Offer,No Internet Service,No,Female,53,No,California,Hemet
7786-WBJYI,Churned,Yes,89,5365,77.95,429.35,2,Month-to-Month,Bank Withdrawal,No Offer,Fiber Optic,No,Female,31,No,California,San Diego
7787-BNTZM,Stayed,No,76,5761,20.15,172.08,5,Month-to-Month,Bank Withdrawal,No Offer,No Internet Service,No,Male,56,No,California,Comptche
7789-CRUVC,Stayed,No,76,5274,94.20,7954.20,3,Month-to-Month,Credit Card,No Offer,Fiber Optic,Yes,Female,77,Yes,California,San Diego
7789-HKSBS,Stayed,No,36,5573,105.20,6044.65,3,One Year,Bank Withdrawal,No Offer,Fiber Optic,No,Female,79,Yes,California,Lakewood
7794-JASDG,Joined,No,80,2250,50.75,96.52,3,Month-to-Month,Credit Card,Offer E,DSL,No,Male,37,No,California,Winchester
7795-CFOCW,Stayed,No,66,4307,42.30,1840.75,3,One Year,Bank Withdrawal,No Offer,DSL,Yes,Male,53,No,California,Los Angeles
7797-EJMDP,Stayed,No,59,4157,66.05,842.82,3,Month-to-Month,Bank Withdrawal,Offer E,DSL,Yes,Female,34,No,California,Manteca
7798-JVXYM,Stayed,No,69,5351,69.65,1439.54,3,Month-to-Month,Bank Withdrawal,Offer D,DSL,Yes,Female,52,No,California,Herald
7799-DSEWS,Stayed,No,47,5993,68.35,2176.04,3,Month-to-Month,Bank Withdrawal,Offer D,DSL,Yes,Male,22,No,California,Hayward
7799-LGRDP,Stayed,No,79,2017,25.70,2285.99,4,Two Year,Credit Card,No Offer,No Internet Service,No,Female,42,No,California,Lakewood
7801-CEDNV,Stayed,No,30,3560,48.70,1665.02,3,One Year,Credit Card,No Offer,DSL,No,Male,33,No,California,Inglewood
7801-KICAO,Stayed,No,73,5033,74.15,1550.23,4,Month-to-Month,Bank Withdrawal,Offer D,Fiber Optic,No,Female,43,No,California,Pasadena
7802-EFKNY,Churned,Yes,79,5865,24.95,100.40,1,Month-to-Month,Bank Withdrawal,Offer E,DSL,No,Male,37,No,California,Redlands
7803-XOCCZ,Stayed,No,48,6099,84.05,5988.72,3,Month-to-Month,Bank Withdrawal,Offer B,Fiber Optic,Yes,Female,54,No,California,Anza
7808-DVWEP,Joined,No,44,3985,20.00,142.83,3,Month-to-Month,Bank Withdrawal,No Offer,No Internet Service,No,Male,51,No,California,Chico
7811-JIVPF,Stayed,No,47,4790,49.70,2203.23,5,Month-to-Month,Credit Card,No Offer,Cable,No,Female,44,No,California,Long Beach
7812-FZHPE,Churned,Yes,86,4648,24.10,720.32,1,Month-to-Month,Credit Card,Offer D,No Internet Service,No,Female,31,No,California,Bradley
7813-TKCVO,Stayed,No,57,4390,20.35,952.35,3,One Year,Credit Card,No Offer,No Internet Service,No,Female,23,No,California,Oak Park
7813-ZGGAW,Stayed,No,40,3364,96.60,3353.80,5,Two Year,Bank Withdrawal,Offer C,Fiber Optic,Yes,Male,68,Yes,California,Applegate
7814-LEEVE,Joined,No,54,4215,20.30,26.94,5,Month-to-Month,Bank Withdrawal,No Offer,No Internet Service,No,Female,60,No,California,Grass Valley
7815-PDTHL,Stayed,No,45,3481,20.20,2182.40,3,Two Year,Credit Card,No Offer,No Internet Service,No,Male,64,No,California,Van Nuys
7816-VGHTO,Stayed,No,30,2866,40.55,267.50,5,Two Year,Credit Card,Offer E,Cable,Yes,Female,61,No,California,Rio Oso
7817-BOQPW,Churned,Yes,77,4320,75.55,249.04,2,Month-to-Month,Bank Withdrawal,No Offer,Fiber Optic,No,Female,32,No,California,Rio Dell
7817-OMJNA,Stayed,No,50,5068,20.40,785.58,5,One Year,Bank Withdrawal,Offer D,No Internet Service,No,Male,23,No,California,Mammoth Lakes
7820-ZYGNY,Stayed,No,23,4616,90.45,6505.73,3,One Year,Credit Card,No Offer,Fiber Optic,No,Male,33,No,California,La Puente
7821-DPRQE,Stayed,No,53,5015,107.70,8953.58,3,Month-to-Month,Bank Withdrawal,Offer A,Fiber Optic,Yes,Male,25,No,California,Stockton
7823-JSOAG,Joined,No,36,5203,74.50,238.36,3,Month-to-Month,Bank Withdrawal,No Offer,Fiber Optic,No,Male,39,No,California,Sonoma
7824-PANSQ,Stayed,No,33,6043,80.65,7398.21,5,Month-to-Month,Bank Withdrawal,No Offer,Fiber Optic,Yes,Male,52,No,California,Mammoth Lakes
7825-ECJRF,Churned,Yes,71,3764,106.60,2491.38,1,Month-to-Month,Bank Withdrawal,No Offer,Fiber Optic,Yes,Female,43,No,California,Santa Clarita
7825-GKXMW,Churned,Yes,78,5973,45.80,77.91,1,Month-to-Month,Bank Withdrawal,Offer E,DSL,No,Female,41,No,California,San Diego
7826-VVKWT,Stayed,No,73,4309,96.55,2762.17,5,Two Year,Bank Withdrawal,No Offer,Fiber Optic,No,Female,69,Yes,California,San Diego
7831-QGOXH,Churned,Yes,77,3326,85.20,1993.10,3,Month-to-Month,Bank Withdrawal,No Offer,Fiber Optic,No,Female,27,No,California,Blue Lake
7833-PKIHD,Stayed,No,52,6385,76.40,5580.96,3,One Year,Bank Withdrawal,No Offer,Cable,Yes,Male,59,No,California,Palm Desert
7838-LAZFO,Stayed,No,37,4192,78.80,4020.17,4,One Year,Bank Withdrawal,Offer B,Cable,No,Male,38,No,California,Hanford
7839-NUIAA,Stayed,No,53,5381,59.80,5370.20,3,Month-to-Month,Bank Withdrawal,Offer B,DSL,No,Female,27,No,California,Davis Creek
7839-QRKXN,Churned,Yes,69,4197,20.20,68.45,1,Month-to-Month,Credit Card,Offer E,No Internet Service,No,Female,62,No,California,Glendale
7841-FCRQD,Stayed,No,49,3160,53.75,2367.15,3,One Year,Credit Card,No Offer,Cable,Yes,Female,27,No,California,Walnut
7841-TZDMQ,Churned,Yes,76,2667,46.00,184.12,3,Month-to-Month,Credit Card,No Offer,DSL,No,Male,19,No,California,Sun Valley
7845-URHJN,Churned,Yes,91,4785,20.15,247.05,3,Month-to-Month,Bank Withdrawal,No Offer,No Internet Service,No,Female,24,No,California,Hacienda Heights
7850-THJMU,Stayed,No,37,4184,19.65,825.36,4,Two Year,Credit Card,No Offer,No Internet Service,No,Female,40,No,California,Mill Creek
7850-VWJUU,Stayed,No,29,2221,75.00,2331.42,4,Month-to-Month,Bank Withdrawal,No Offer,Fiber Optic,No,Female,37,No,California,Lakewood
7851-FLGGQ,Churned,Yes,66,3704,44.65,44.65,1,Month-to-Month,Mailed Check,Offer E,Cable,Yes,Male,49,No,California,Wheatland
7851-WZEKY,Churned,Yes,82,2414,95.15,273.92,2,Month-to-Month,Bank Withdrawal,Offer E,Fiber Optic,No,Female,32,No,California,Stockton
7852-LECYP,Stayed,No,43,5870,93.80,1886.95,4,Two Year,Credit Card,Offer D,Fiber Optic,No,Male,79,Yes,California,Los Angeles
7853-GVUDZ,Churned,Yes,70,4277,20.15,23.24,2,Month-to-Month,Credit Card,Offer E,No Internet Service,No,Female,55,No,California,Los Angeles
7853-OETYL,Stayed,No,35,3306,29.05,129.60,3,Month-to-Month,Bank Withdrawal,Offer E,DSL,No,Female,40,No,California,West Covina
7853-WNZSY,Joined,No,33,5809,19.75,21.36,5,Month-to-Month,Credit Card,Offer E,No Internet Service,No,Male,58,No,California,El Nido
7854-EDSSA,Churned,Yes,77,2195,59.00,2342.16,3,Month-to-Month,Bank Withdrawal,Offer D,Cable,No,Male,46,No,California,Santa Rosa
7854-EKTJL,Churned,Yes,66,2843,19.60,95.47,3,Month-to-Month,Bank Withdrawal,No Offer,No Internet Service,No,Female,31,No,California,Salinas
7854-FOKSF,Churned,Yes,93,4747,35.90,35.90,1,Month-to-Month,Bank Withdrawal,Offer E,Cable,No,Male,54,No,California,Rosamond
7855-DIWPO,Stayed,No,21,2006,68.65,2135.59,5,Month-to-Month,Bank Withdrawal,Offer D,Fiber Optic,No,Female,60,No,California,Sloughhouse
7856-GANIL,Stayed,No,66,2535,98.70,4632.90,3,One Year,Bank Withdrawal,Offer B,Fiber Optic,Yes,Male,71,Yes,California,Irvine
7858-GTZSP,Stayed,No,71,2061,86.55,1401.90,5,Month-to-Month,Bank Withdrawal,Offer D,Fiber Optic,No,Female,33,No,California,San Lucas
7860-KSUGX,Stayed,No,74,6330,64.45,7072.24,3,Two Year,Credit Card,Offer A,Cable,No,Male,25,No,California,Long Beach
7860-UXCRM,Stayed,No,52,6382,74.50,7331.26,4,Two Year,Credit Card,No Offer,DSL,Yes,Male,22,No,California,San Gabriel
7861-UVUFT,Churned,Yes,86,4003,84.30,1732.90,1,Month-to-Month,Bank Withdrawal,No Offer,Cable,No,Female,36,No,California,Sloughhouse
7868-BGSZA,Stayed,No,35,5888,80.20,5042.31,3,One Year,Bank Withdrawal,No Offer,DSL,No,Male,30,No,California,Riverside
7868-TMWMZ,Stayed,No,59,4953,110.00,8145.55,5,Two Year,Bank Withdrawal,No Offer,Fiber Optic,Yes,Female,69,Yes,California,Berkeley
7869-ZYDST,Stayed,No,59,5841,59.05,2773.12,5,Month-to-Month,Credit Card,No Offer,Cable,No,Male,33,No,California,Hyampom
7872-BAAZR,Stayed,No,29,4670,19.55,2614.33,5,One Year,Bank Withdrawal,Offer B,No Internet Service,No,Female,49,No,California,Norwalk
7872-RDDLZ,Stayed,No,33,4826,54.90,6970.31,4,Month-to-Month,Bank Withdrawal,No Offer,DSL,No,Female,68,Yes,California,Piercy
7873-CVMAW,Stayed,No,32,6468,88.55,9681.55,4,Two Year,Credit Card,No Offer,DSL,Yes,Male,61,No,California,Van Nuys
7874-ECPQJ,Stayed,No,57,4462,20.05,194.98,5,Month-to-Month,Bank Withdrawal,No Offer,No Internet Service,No,Female,57,No,California,Wofford Heights
7876-AEHIG,Stayed,No,37,5404,60.15,3077.00,3,One Year,Bank Withdrawal,No Offer,DSL,Yes,Female,48,No,California,Daly City
7876-BEUTG,Stayed,No,57,2577,48.80,1118.20,4,Month-to-Month,Credit Card,Offer D,DSL,No,Female,34,No,California,San Bruno
7876-DNYAP,Stayed,No,36,5423,19.80,2015.86,5,Two Year,Credit Card,Offer A,No Internet Service,No,Female,29,No,California,Washington
7878-JGDKK,Stayed,No,45,2124,44.55,341.03,3,Month-to-Month,Credit Card,Offer E,Cable,No,Male,38,No,California,Selma
7878-RTCZG,Joined,No,80,4050,19.90,22.28,4,Month-to-Month,Credit Card,No Offer,No Internet Service,No,Female,55,No,California,Inglewood
7879-CGSFV,Stayed,No,22,5101,100.90,7872.50,4,One Year,Credit Card,Offer B,Fiber Optic,No,Male,19,No,California,Sugarloaf
7880-XSOJX,Stayed,No,74,4282,42.40,146.40,4,Month-to-Month,Credit Card,No Offer,DSL,Yes,Male,50,No,California,Garden Grove
7881-EVUAD,Churned,Yes,79,4648,42.60,72.40,2,Month-to-Month,Bank Withdrawal,Offer E,DSL,No,Female,49,No,California,Oroville
7881-INRLC,Churned,Yes,70,4898,100.85,5375.40,1,Month-to-Month,Credit Card,Offer B,Fiber Optic,No,Male,34,No,California,San Mateo
7883-ROJOC,Stayed,No,76,5842,44.90,1495.34,5,Month-to-Month,Credit Card,Offer D,Cable,No,Female,33,No,California,Point Reyes Station
7890-VYYWG,Churned,Yes,89,3766,36.45,93.70,1,Month-to-Month,Credit Card,Offer E,DSL,No,Male,67,Yes,California,Sutter
7892-POOKP,Churned,Yes,84,5003,104.80,3182.97,3,Month-to-Month,Bank Withdrawal,Offer C,Fiber Optic,Yes,Female,23,No,California,Los Angeles
7892-QVYKW,Stayed,No,25,3513,85.60,2094.72,3,Month-to-Month,Bank Withdrawal,No Offer,Fiber Optic,No,Female,25,No,California,El Cajon
7893-IXHRQ,Churned,Yes,87,5636,20.55,36.46,2,Month-to-Month,Bank Withdrawal,No Offer,No Internet Service,No,Male,53,No,California,Sacramento
7895-VONWT,Stayed,No,46,4284,48.25,1293.80,5,Month-to-Month,Bank Withdrawal,Offer C,Cable,No,Female,20,No,California,Manhattan Beach
7898-PDWQE,Stayed,No,20,5228,80.40,7007.99,3,Two Year,Credit Card,Offer A,DSL,Yes,Male,22,No,California,Maxwell
7901-HXJVA,Stayed,No,52,2292,76.45,1375.99,4,Month-to-Month,Bank Withdrawal,No Offer,Fiber Optic,No,Male,20,No,California,Chico
7901-IIDQV,Stayed,No,51,3398,54.60,1394.31,3,One Year,Bank Withdrawal,No Offer,Cable,Yes,Male,28,No,California,San Diego
7901-TBKJX,Stayed,No,65,5514,101.05,5894.64,3,Two Year,Bank Withdrawal,No Offer,Fiber Optic,No,Male,76,Yes,California,Twentynine Palms
7903-CMPEY,Churned,Yes,87,4138,80.30,97.81,1,Month-to-Month,Bank Withdrawal,No Offer,Fiber Optic,No,Male,78,Yes,California,Corte Madera
7905-NJMXS,Stayed,No,74,5116,64.20,497.33,4,Two Year,Bank Withdrawal,No Offer,Cable,Yes,Male,68,Yes,California,Williams
7905-TVXTA,Stayed,No,35,4771,64.35,394.25,4,Month-to-Month,Bank Withdrawal,Offer E,DSL,Yes,Female,63,No,California,Salinas
7908-QCBCA,Churned,Yes,65,2404,69.40,112.86,1,Month-to-Month,Mailed Check,Offer E,Fiber Optic,No,Female,47,No,California,Atwater
7909-FIOIY,Stayed,No,39,2958,24.85,434.80,5,Month-to-Month,Credit Card,Offer D,Cable,No,Female,21,No,California,Santa Clara
7912-SYRQT,Churned,Yes,96,5514,75.10,685.88,2,Month-to-Month,Bank Withdrawal,Offer E,Fiber Optic,No,Female,35,No,California,Los Angeles
7916-VCCPB,Stayed,No,22,3624,73.25,1836.23,3,Month-to-Month,Bank Withdrawal,Offer D,Fiber Optic,No,Female,58,No,California,Parker Dam
7919-ZODZZ,Stayed,No,78,5289,65.90,1080.05,4,One Year,Credit Card,Offer D,DSL,No,Female,32,No,California,Antioch
7921-BEPCI,Stayed,No,59,4515,59.75,5174.36,3,Two Year,Bank Withdrawal,No Offer,DSL,No,Female,40,No,California,Rocklin
7921-LMDFQ,Stayed,No,77,6034,94.00,5116.89,4,One Year,Bank Withdrawal,No Offer,Fiber Optic,No,Male,69,Yes,California,Chula Vista
7923-IYJWY,Stayed,No,60,5896,116.10,10865.37,3,Two Year,Credit Card,No Offer,Fiber Optic,Yes,Male,68,Yes,California,Twain Harte
7924-GJZFI,Stayed,No,50,4442,69.30,2777.85,4,Two Year,Bank Withdrawal,No Offer,Fiber Optic,No,Female,75,Yes,California,Jackson
7925-PNRGI,Stayed,No,77,3111,81.30,4000.55,3,Month-to-Month,Credit Card,Offer B,DSL,Yes,Female,51,No,California,Chula Vista
7926-IJOOU,Joined,No,47,5626,19.30,35.66,5,Month-to-Month,Credit Card,Offer E,No Internet Service,No,Male,50,No,California,San Francisco
7927-AUXBZ,Churned,Yes,76,4417,85.15,2836.10,2,Month-to-Month,Bank Withdrawal,Offer C,Fiber Optic,Yes,Female,45,No,California,Sun City
7928-VJYAB,Stayed,No,65,2004,90.60,1443.48,5,Month-to-Month,Bank Withdrawal,Offer D,Fiber Optic,No,Male,44,No,California,Lemoore
7929-DMBCV,Stayed,No,22,4741,81.00,1911.50,3,Month-to-Month,Mailed Check,Offer D,Fiber Optic,Yes,Female,45,No,California,Arroyo Grande
7929-SKFGK,Stayed,No,24,4280,114.30,9761.90,4,Two Year,Credit Card,Offer A,Fiber Optic,Yes,Male,23,No,California,Mentone
7931-PXHFC,Churned,Yes,83,3818,62.30,4110.78,3,One Year,Credit Card,No Offer,Cable,Yes,Male,46,No,California,Duarte
7932-WPTDS,Churned,Yes,73,5377,24.80,24.80,1,Month-to-Month,Bank Withdrawal,No Offer,DSL,No,Female,77,Yes,California,San Diego
7938-OUHIO,Churned,Yes,72,3916,98.70,391.93,3,Month-to-Month,Bank Withdrawal,Offer E,Fiber Optic,Yes,Male,28,No,California,Mill Valley
7940-UQQUG,Stayed,No,33,5133,104.40,7614.40,4,One Year,Bank Withdrawal,No Offer,Fiber Optic,Yes,Female,42,No,California,Thousand Oaks
7941-RCJOW,Stayed,No,76,4309,19.55,4124.15,5,Two Year,Credit Card,Offer B,No Internet Service,No,Male,34,No,California,Tehama
7943-RQCHR,Churned,Yes,83,2893,94.75,1010.53,2,Month-to-Month,Bank Withdrawal,Offer E,Fiber Optic,No,Female,34,No,California,Davis
7945-HLKEA,Stayed,No,25,6408,64.75,6436.50,3,One Year,Bank Withdrawal,No Offer,DSL,Yes,Female,29,No,California,Half Moon Bay
7945-PRBVF,Stayed,No,71,3967,21.45,1307.45,3,Two Year,Bank Withdrawal,No Offer,No Internet Service,No,Male,47,No,California,Nevada City
7950-XWOVN,Stayed,No,73,4310,34.70,511.02,5,Month-to-Month,Credit Card,Offer D,DSL,No,Male,60,No,California,Oxnard
7951-QKZPL,Churned,Yes,77,5194,24.50,1870.48,3,Two Year,Credit Card,No Offer,No Internet Service,No,Female,21,No,California,Saint Helena
7951-VRDVK,Stayed,No,64,4898,85.85,3503.95,4,One Year,Bank Withdrawal,No Offer,Cable,Yes,Female,26,No,California,Laguna Hills
7952-OBOYL,Joined,No,53,4096,89.85,319.75,5,Month-to-Month,Credit Card,No Offer,Fiber Optic,Yes,Male,24,No,California,Upland
7954-MLBUN,Stayed,No,64,2021,99.45,3378.07,5,Two Year,Bank Withdrawal,No Offer,Fiber Optic,Yes,Male,41,No,California,Santa Barbara
7956-XQWGU,Stayed,No,25,5975,19.40,500.59,4,Month-to-Month,Credit Card,No Offer,No Internet Service,No,Male,43,No,California,Long Beach
7957-RYHQD,Churned,Yes,94,3207,79.20,5028.25,1,Month-to-Month,Credit Card,Offer B,Fiber Optic,No,Female,65,Yes,California,Bellflower
7963-GQRMY,Churned,Yes,88,4903,44.30,267.88,2,Month-to-Month,Credit Card,Offer E,DSL,No,Female,19,No,California,Los Angeles
7963-SHNDT,Stayed,No,52,4247,39.10,2112.10,3,Two Year,Credit Card,No Offer,DSL,Yes,Female,63,No,California,Redwood City
7964-VEXDG,Stayed,No,62,4579,80.35,2028.39,3,Month-to-Month,Bank Withdrawal,Offer D,Fiber Optic,No,Male,61,No,California,Anaheim
7964-YESJC,Stayed,No,45,2235,66.30,1750.06,3,Month-to-Month,Credit Card,No Offer,DSL,No,Female,21,No,California,Moorpark
7964-ZRKKG,Stayed,No,49,6251,88.40,8317.50,5,One Year,Bank Withdrawal,No Offer,Fiber Optic,No,Male,44,No,California,Van Nuys
7966-YOTQW,Stayed,No,59,4163,54.50,908.00,4,Month-to-Month,Credit Card,No Offer,DSL,No,Male,29,No,California,Nubieber
7967-HYCDE,Stayed,No,27,4946,70.70,888.84,5,Month-to-Month,Bank Withdrawal,Offer E,Fiber Optic,No,Male,26,No,California,Spring Valley
7968-QUXNS,Stayed,No,68,5920,18.95,275.39,4,Month-to-Month,Mailed Check,No Offer,No Internet Service,No,Male,24,No,California,Dobbins
7969-AULMZ,Churned,Yes,89,4321,97.35,2309.76,3,Month-to-Month,Bank Withdrawal,No Offer,Fiber Optic,No,Female,63,No,California,San Francisco
7969-FFOWG,Stayed,No,34,6312,19.90,2467.15,4,Two Year,Credit Card,Offer B,No Internet Service,No,Male,30,No,California,Littlerock
7971-HLVXI,Stayed,No,50,6202,84.50,9298.85,5,Two Year,Credit Card,Offer A,Fiber Optic,No,Male,62,No,California,San Bernardino
7973-DZRKH,Stayed,No,74,6204,90.95,7717.99,3,Two Year,Credit Card,Offer A,Fiber Optic,Yes,Female,20,No,California,Riverside
7975-JMZNT,Stayed,No,39,5453,91.70,7611.72,3,Two Year,Bank Withdrawal,Offer A,DSL,Yes,Male,19,No,California,Columbia
7975-TZMLR,Stayed,No,29,5029,103.10,5671.38,4,One Year,Bank Withdrawal,No Offer,Fiber Optic,No,Male,37,No,California,Reedley
7976-CICYS,Stayed,No,76,3027,20.70,191.91,4,Month-to-Month,Credit Card,No Offer,No Internet Service,No,Male,49,No,California,Woodland Hills
7977-HXJKU,Stayed,No,46,2447,19.60,976.60,3,Two Year,Credit Card,Offer D,No Internet Service,No,Male,45,No,California,Scotia
7978-DKUQH,Stayed,No,35,4591,74.60,2725.25,5,Month-to-Month,Bank Withdrawal,No Offer,Fiber Optic,No,Female,26,No,California,Lake Elsinore
7979-CORPM,Churned,Yes,67,5927,90.55,3144.87,2,Month-to-Month,Credit Card,No Offer,Fiber Optic,No,Male,40,No,California,Oakdale
7980-MHFLQ,Stayed,No,67,5192,24.90,3170.32,3,Two Year,Credit Card,Offer A,No Internet Service,No,Female,42,No,California,Independence
7982-VCELR,Stayed,No,22,2807,94.80,4242.43,4,Month-to-Month,Credit Card,No Offer,Fiber Optic,No,Female,20,No,California,Ramona
7989-AWGEH,Stayed,No,39,4810,39.20,1838.15,4,Month-to-Month,Bank Withdrawal,Offer B,DSL,No,Male,24,No,California,San Luis Obispo
7989-CHGTL,Churned,Yes,95,3448,19.60,33.77,1,Month-to-Month,Credit Card,Offer E,No Internet Service,No,Male,52,No,California,San Diego
7989-VCQOH,Stayed,No,43,2065,83.25,1796.37,3,Month-to-Month,Bank Withdrawal,No Offer,DSL,Yes,Male,29,No,California,Auberry
7993-NQLJE,Stayed,No,60,4634,75.10,1642.50,4,Month-to-Month,Mailed Check,No Offer,Fiber Optic,No,Male,39,No,California,Glenn
7993-PYKOF,Churned,Yes,80,2587,75.00,675.67,1,Month-to-Month,Bank Withdrawal,No Offer,Fiber Optic,No,Male,20,No,California,Rio Nido
7994-UYIVZ,Stayed,No,72,2512,85.65,1046.17,4,Month-to-Month,Bank Withdrawal,Offer E,Fiber Optic,No,Male,62,No,California,Miramonte
7994-XIRTR,Stayed,No,66,6161,65.25,3774.44,4,One Year,Bank Withdrawal,Offer B,DSL,Yes,Male,79,Yes,California,Roseville
7995-ZHHNZ,Stayed,No,69,5904,56.10,3225.32,4,One Year,Credit Card,Offer B,DSL,No,Male,56,No,California,Fullerton
7996-BPXHY,Stayed,No,21,4734,25.00,789.97,4,Two Year,Bank Withdrawal,No Offer,No Internet Service,No,Female,44,No,California,San Francisco
7996-MHXLW,Stayed,No,61,6141,25.15,3054.42,5,Two Year,Credit Card,Offer A,No Internet Service,No,Female,51,No,California,Ocotillo
7997-EASSD,Stayed,No,64,6063,81.20,7412.65,3,One Year,Credit Card,Offer B,Fiber Optic,Yes,Female,56,No,California,Redwood City
7998-WNZEM,Stayed,No,47,5447,80.60,6579.37,4,Two Year,Bank Withdrawal,No Offer,DSL,Yes,Male,51,No,California,San Francisco
7998-ZLXWN,Stayed,No,78,5184,20.45,516.95,4,Month-to-Month,Credit Card,No Offer,No Internet Service,No,Female,21,No,California,Larkspur
8000-REIQB,Churned,Yes,94,3208,69.95,102.45,2,Month-to-Month,Bank Withdrawal,Offer E,Fiber Optic,No,Female,73,Yes,California,San Diego
8003-EWNDZ,Stayed,No,34,2066,21.20,327.25,4,Month-to-Month,Bank Withdrawal,No Offer,No Internet Service,No,Female,52,No,California,Philo
8006-PYCSW,Joined,No,65,2051,20.10,110.80,5,Month-to-Month,Credit Card,No Offer,No Internet Service,No,Female,60,No,California,Los Angeles
8007-YYPWD,Stayed,No,43,5218,25.05,983.65,5,Two Year,Bank Withdrawal,No Offer,No Internet Service,No,Female,52,No,California,Homeland
8008-ESFLK,Stayed,No,59,4135,110.50,6189.54,3,One Year,Bank Withdrawal,No Offer,Fiber Optic,Yes,Female,43,No,California,Capitola
8008-HAWED,Churned,Yes,82,4883,50.75,722.75,1,Month-to-Month,Bank Withdrawal,Offer D,Cable,No,Male,38,No,California,Los Angeles
8008-OTEZX,Stayed,No,26,3739,19.65,1348.95,3,One Year,Credit Card,Offer C,No Internet Service,No,Female,30,No,California,Villa Park
8010-EZLOU,Churned,Yes,76,4958,80.20,1398.45,1,Month-to-Month,Bank Withdrawal,No Offer,Fiber Optic,No,Male,75,Yes,California,San Marino
8012-SOUDQ,Stayed,No,52,2223,90.25,4379.69,4,One Year,Bank Withdrawal,Offer B,Fiber Optic,No,Female,65,Yes,California,Los Angeles
8015-IHCGW,Stayed,No,65,4017,115.50,11033.90,4,Two Year,Bank Withdrawal,Offer A,Fiber Optic,Yes,Female,53,No,California,Garden Grove
8016-NCFVO,Stayed,No,58,4222,116.50,7994.05,4,Month-to-Month,Bank Withdrawal,No Offer,Fiber Optic,Yes,Male,70,Yes,California,Glendale
8016-ZMGMO,Stayed,No,37,5572,70.85,7643.51,5,One Year,Bank Withdrawal,No Offer,Cable,No,Female,73,Yes,California,Colusa
8017-LXHFA,Churned,Yes,95,2740,94.75,3010.51,2,Month-to-Month,Bank Withdrawal,Offer D,Fiber Optic,No,Female,77,Yes,California,San Diego
8017-UVSZU,Stayed,No,72,3359,56.60,4310.70,5,Month-to-Month,Credit Card,No Offer,DSL,No,Female,62,No,California,Calabasas
8019-ENHXU,Churned,Yes,96,4624,99.45,5702.89,2,Month-to-Month,Bank Withdrawal,Offer B,Fiber Optic,Yes,Male,50,No,California,Oakland
8020-BWHYL,Churned,Yes,91,4526,75.30,1267.30,3,Month-to-Month,Credit Card,No Offer,Fiber Optic,No,Female,70,Yes,California,Montrose
8022-BECSI,Stayed,No,37,2203,19.60,872.62,5,One Year,Credit Card,No Offer,No Internet Service,No,Male,62,No,California,Santa Ysabel
8023-QHAIO,Stayed,No,66,6035,76.85,5939.11,3,Month-to-Month,Bank Withdrawal,Offer B,Fiber Optic,Yes,Female,72,Yes,California,Corona
8024-XNAFQ,Stayed,No,56,5294,107.40,10003.07,4,Two Year,Bank Withdrawal,No Offer,Fiber Optic,Yes,Female,66,Yes,California,Isleton
8028-PNXHQ,Stayed,No,33,4444,24.25,4445.86,5,Two Year,Bank Withdrawal,Offer B,No Internet Service,No,Male,40,No,California,Downey
8029-XYPWT,Stayed,No,53,4438,115.05,11340.82,4,Two Year,Bank Withdrawal,Offer A,Fiber Optic,Yes,Male,72,Yes,California,Anaheim
8033-ATFAS,Stayed,No,47,3900,59.85,4218.96,3,Month-to-Month,Credit Card,Offer C,Cable,No,Female,32,No,California,San Mateo
8033-VCZGH,Stayed,No,42,4363,103.95,6395.30,3,One Year,Bank Withdrawal,No Offer,Fiber Optic,No,Male,27,No,California,Tracy
8034-RYTVV,Stayed,No,30,5735,84.25,7056.60,4,One Year,Credit Card,No Offer,Fiber Optic,No,Female,19,No,California,Rancho Santa Margarita
8035-BUYVG,Churned,Yes,67,5422,42.35,1716.45,1,One Year,Bank Withdrawal,Offer B,DSL,No,Male,39,No,California,Running Springs
8035-PWSEV,Stayed,No,76,4430,89.25,702.33,3,Month-to-Month,Bank Withdrawal,Offer E,Fiber Optic,Yes,Female,60,No,California,Hayward
8039-ACLPL,Stayed,No,52,4505,68.75,5775.24,3,Two Year,Credit Card,Offer A,DSL,No,Female,29,No,California,Mather
8039-EQPIM,Stayed,No,44,5717,60.25,4175.50,3,Two Year,Bank Withdrawal,No Offer,DSL,Yes,Male,22,No,California,Spring Valley
8040-MNRTF,Joined,No,64,3029,71.10,108.61,5,Month-to-Month,Mailed Check,No Offer,Fiber Optic,No,Female,47,No,California,Taft
8041-TMEID,Stayed,No,49,6453,108.50,9330.46,4,Two Year,Credit Card,No Offer,Fiber Optic,No,Male,73,Yes,California,Corning
8042-JVNFH,Churned,Yes,92,5730,71.35,106.63,3,Month-to-Month,Credit Card,No Offer,Fiber Optic,No,Male,23,No,California,Olancha
8042-RNLKO,Stayed,No,48,4163,25.45,3825.67,3,One Year,Bank Withdrawal,Offer A,No Internet Service,No,Male,40,No,California,Watsonville
8043-PNYSD,Stayed,No,36,6002,19.55,1917.81,5,Two Year,Mailed Check,Offer B,No Internet Service,No,Male,48,No,California,Lakehead
8044-BGWPI,Stayed,No,40,5209,21.15,712.85,4,Month-to-Month,Bank Withdrawal,Offer D,No Internet Service,No,Male,50,No,California,Ontario
8046-DNVTL,Stayed,No,45,4558,38.60,2345.55,4,Two Year,Credit Card,Offer B,Cable,Yes,Male,56,No,California,Weott
8048-DSDFQ,Joined,No,42,4496,20.20,33.28,5,Month-to-Month,Credit Card,No Offer,No Internet Service,No,Male,63,No,California,Midway City
8049-WJCLQ,Stayed,No,52,5318,60.20,761.20,4,Month-to-Month,Credit Card,Offer D,DSL,No,Male,50,No,California,Ducor
8050-DVOJX,Stayed,No,69,4537,81.35,6177.21,4,Two Year,Credit Card,Offer B,Cable,Yes,Male,67,Yes,California,Keeler
8050-WYBND,Stayed,No,28,5941,49.45,1031.40,3,One Year,Credit Card,No Offer,DSL,No,Female,55,No,California,Whittier
8050-XGRVL,Stayed,No,71,5010,54.75,5457.89,4,One Year,Credit Card,Offer B,DSL,No,Female,22,No,California,Millville
8051-HJRLT,Churned,Yes,82,2146,70.55,88.75,3,Month-to-Month,Bank Withdrawal,Offer E,Fiber Optic,No,Female,72,Yes,California,Wrightwood
8053-WWDRO,Churned,Yes,67,5579,19.50,336.50,3,Month-to-Month,Bank Withdrawal,No Offer,No Internet Service,No,Female,62,No,California,San Diego
8058-DMYRU,Stayed,No,23,5232,90.05,5935.12,5,Two Year,Bank Withdrawal,No Offer,Fiber Optic,No,Male,69,Yes,California,Glendale
8058-INTPH,Churned,Yes,71,2119,79.65,102.13,3,Month-to-Month,Bank Withdrawal,No Offer,Fiber Optic,No,Female,57,No,California,San Diego
8058-JMEQO,Churned,Yes,95,3543,84.45,878.69,3,Month-to-Month,Bank Withdrawal,Offer E,Fiber Optic,No,Female,76,Yes,California,San Diego
8059-UDZFY,Stayed,No,58,4738,105.35,3885.80,5,Two Year,Bank Withdrawal,Offer C,Fiber Optic,No,Female,73,Yes,California,Lucerne
8060-HIWJJ,Stayed,No,57,4934,86.55,6553.51,4,Two Year,Credit Card,Offer B,DSL,Yes,Male,35,No,California,Lincoln
8062-YBDOE,Churned,Yes,78,5844,69.65,76.88,2,Month-to-Month,Bank Withdrawal,No Offer,Fiber Optic,No,Male,70,Yes,California,Canyon Country
8063-GBATB,Churned,Yes,80,5172,85.25,3128.84,1,Month-to-Month,Bank Withdrawal,No Offer,Fiber Optic,No,Female,74,Yes,California,Cobb
8063-RJYNF,Churned,Yes,73,2827,94.25,1950.29,1,Month-to-Month,Bank Withdrawal,No Offer,Fiber Optic,No,Male,27,No,California,Richmond
8064-RAVOH,Joined,No,49,5323,49.85,92.40,4,Month-to-Month,Bank Withdrawal,Offer E,DSL,No,Male,44,No,California,Oxnard
8065-BVEPF,Stayed,No,52,4574,99.10,7681.10,4,Two Year,Bank Withdrawal,Offer B,Fiber Optic,No,Male,80,Yes,California,Yorkville
8065-QBYTO,Stayed,No,63,5448,99.65,7458.86,4,One Year,Credit Card,Offer A,Fiber Optic,Yes,Female,68,Yes,California,Pomona
8065-YKXKD,Churned,Yes,69,5578,74.75,855.95,1,Month-to-Month,Bank Withdrawal,No Offer,Fiber Optic,No,Female,39,No,California,San Diego
8066-POXGX,Churned,Yes,79,3104,35.10,446.10,3,Month-to-Month,Bank Withdrawal,Offer D,Cable,No,Female,28,No,California,Fresno
8067-NIOYM,Stayed,No,46,4368,21.10,985.05,5,Two Year,Credit Card,Offer C,No Internet Service,No,Female,51,No,California,Irvine
8069-RHUXK,Stayed,No,25,5655,35.70,2545.70,3,Two Year,Credit Card,No Offer,Cable,Yes,Female,55,No,California,Fullerton
8069-YQQAJ,Stayed,No,55,3448,31.10,419.70,5,Month-to-Month,Mailed Check,Offer D,Cable,No,Male,63,No,California,Studio City
8070-AAWZP,Stayed,No,63,2525,34.25,828.20,4,Two Year,Credit Card,No Offer,Cable,Yes,Male,68,Yes,California,Sheridan
8071-SBTRN,Stayed,No,62,4240,111.15,9311.79,4,Two Year,Credit Card,No Offer,Fiber Optic,No,Female,63,No,California,Canoga Park
8073-IJDCM,Churned,Yes,67,3830,20.30,46.67,3,Month-to-Month,Mailed Check,Offer E,No Internet Service,No,Female,44,No,California,Rescue
8075-GXIUB,Stayed,No,59,5601,19.85,388.26,3,One Year,Credit Card,No Offer,No Internet Service,No,Male,79,Yes,California,Spring Valley
8076-FEZKJ,Stayed,No,80,5039,19.50,382.95,3,One Year,Credit Card,No Offer,No Internet Service,No,Male,58,No,California,Silverado
8079-XRJRS,Churned,Yes,72,6110,89.75,8957.33,1,One Year,Bank Withdrawal,Offer B,Fiber Optic,No,Male,39,No,California,Pleasant Grove
8080-DDEMJ,Churned,Yes,79,4499,45.10,60.38,2,Month-to-Month,Bank Withdrawal,Offer E,Cable,No,Male,71,Yes,California,Glendale
8080-POTJR,Stayed,No,78,2655,79.30,2629.30,3,One Year,Credit Card,Offer C,DSL,No,Female,59,No,California,Rancho Palos Verdes
8082-GHXOP,Stayed,No,24,5611,44.00,1005.54,3,Month-to-Month,Credit Card,Offer D,DSL,No,Male,20,No,California,Esparto
8083-YTZES,Churned,Yes,73,3622,74.35,456.63,1,Month-to-Month,Bank Withdrawal,No Offer,Fiber Optic,No,Male,52,No,California,San Diego
8084-OIVBS,Stayed,No,53,3731,20.00,723.34,4,One Year,Credit Card,Offer D,No Internet Service,No,Female,31,No,California,Clarksburg
8085-MSNLK,Stayed,No,71,6193,113.95,9537.56,3,Two Year,Credit Card,Offer B,Fiber Optic,Yes,Female,21,No,California,San Jose
8086-OVPWV,Churned,Yes,91,2384,80.20,244.04,1,Month-to-Month,Bank Withdrawal,No Offer,Fiber Optic,No,Male,58,No,California,San Diego
8087-LGYHQ,Stayed,No,42,3475,94.05,951.42,4,Month-to-Month,Bank Withdrawal,Offer E,Fiber Optic,No,Male,40,No,California,Crestline
8089-UZWLX,Stayed,No,70,4113,104.05,10811.61,5,Two Year,Bank Withdrawal,Offer A,Fiber Optic,No,Female,75,Yes,California,El Nido
8091-TTVAX,Stayed,No,71,6432,100.35,6011.12,3,One Year,Credit Card,Offer B,Fiber Optic,No,Male,39,No,California,Los Angeles
8092-NLTGF,Stayed,No,35,5398,24.75,3886.48,5,Two Year,Bank Withdrawal,Offer A,No Internet Service,No,Male,25,No,California,Reseda
8095-WANWK,Stayed,No,38,5369,45.25,419.30,5,Month-to-Month,Credit Card,Offer D,DSL,No,Female,46,No,California,Kettleman City
8096-LOIST,Stayed,No,38,3384,56.20,1857.58,5,Month-to-Month,Bank Withdrawal,Offer D,Cable,No,Female,57,No,California,Stirling City
8097-OMULG,Stayed,No,24,5918,76.75,5482.36,4,One Year,Credit Card,No Offer,DSL,Yes,Male,63,No,California,San Jose
8097-VBQTZ,Stayed,No,65,6092,69.90,5374.78,4,Month-to-Month,Credit Card,Offer B,Cable,Yes,Male,61,No,California,Anaheim
8098-LLAZX,Churned,Yes,85,3677,95.45,522.54,3,Month-to-Month,Bank Withdrawal,Offer E,Fiber Optic,No,Female,74,Yes,California,San Diego
8098-TDCBU,Stayed,No,53,3052,25.25,2520.66,4,Two Year,Bank Withdrawal,No Offer,No Internet Service,No,Female,55,No,California,North Fork
8099-MZPUJ,Stayed,No,57,3922,111.80,6047.01,3,Two Year,Credit Card,No Offer,Fiber Optic,Yes,Male,49,No,California,Carmel
8100-HZZLJ,Stayed,No,55,4205,63.95,2977.85,3,Month-to-Month,Bank Withdrawal,No Offer,Cable,No,Female,26,No,California,Indio
8100-PNJMH,Stayed,No,42,5228,88.85,8962.18,4,Two Year,Credit Card,No Offer,Cable,Yes,Male,39,No,California,Glennville
8104-OSKWT,Stayed,No,43,5906,79.80,1152.71,3,Month-to-Month,Bank Withdrawal,Offer D,Fiber Optic,No,Female,61,No,California,Anaheim
8106-GWQOK,Stayed,No,42,2187,60.00,2193.20,3,Two Year,Bank Withdrawal,No Offer,Cable,Yes,Male,47,No,California,Warner Springs
8107-KNCIM,Stayed,No,66,3771,75.10,1649.79,4,Two Year,Bank Withdrawal,No Offer,Fiber Optic,No,Male,73,Yes,California,San Francisco
8107-RZLNV,Stayed,No,62,4634,106.30,8651.83,5,Two Year,Bank Withdrawal,No Offer,Fiber Optic,No,Male,22,No,California,South Gate
8108-UXRQN,Stayed,No,28,3443,50.55,565.35,3,Month-to-Month,Bank Withdrawal,No Offer,Cable,No,Female,23,No,California,Lawndale
8109-YUOHE,Stayed,No,56,5025,56.10,1566.94,3,One Year,Credit Card,No Offer,Cable,No,Male,58,No,California,Porter Ranch
8111-BKVDS,Stayed,No,26,2164,40.70,449.30,5,Month-to-Month,Bank Withdrawal,Offer D,DSL,No,Female,31,No,California,Escondido
8111-RKSPX,Churned,Yes,89,5668,72.20,425.47,2,Month-to-Month,Bank Withdrawal,Offer E,Fiber Optic,No,Male,20,No,California,Santa Rosa
8111-SLLHI,Churned,Yes,96,4687,105.65,5581.55,3,Month-to-Month,Bank Withdrawal,No Offer,Fiber Optic,No,Male,65,Yes,California,San Jose
8118-LSUEL,Churned,Yes,79,5507,106.40,2888.76,1,Month-to-Month,Bank Withdrawal,No Offer,Fiber Optic,No,Male,74,Yes,California,Roseville
8118-TJAFG,Stayed,No,60,2757,101.50,1239.31,3,Month-to-Month,Bank Withdrawal,No Offer,Fiber Optic,Yes,Male,33,No,California,Gardena
8120-JDCAM,Stayed,No,44,3708,69.55,433.82,4,Month-to-Month,Credit Card,No Offer,Fiber Optic,No,Male,42,No,California,Vallejo
8123-QBNAZ,Stayed,No,49,4102,104.50,5258.15,3,Month-to-Month,Credit Card,No Offer,Fiber Optic,No,Female,39,No,California,Scott Bar
8124-NZVGJ,Stayed,No,52,2979,49.25,255.60,3,One Year,Credit Card,No Offer,Cable,Yes,Female,29,No,California,Baker
8125-QPFJD,Stayed,No,65,4447,84.90,6161.78,4,Two Year,Bank Withdrawal,No Offer,DSL,Yes,Female,36,No,California,Greenview
8128-YVJRG,Churned,Yes,81,4513,79.65,886.94,1,Month-to-Month,Credit Card,No Offer,Fiber Optic,No,Female,61,No,California,Berkeley
8129-GMVGI,Stayed,No,59,5172,20.05,3071.38,4,Two Year,Credit Card,No Offer,No Internet Service,No,Female,58,No,California,San Bruno
8132-YPVBX,Stayed,No,80,3291,85.95,758.44,5,Month-to-Month,Credit Card,No Offer,Fiber Optic,No,Female,28,No,California,Salinas
8133-ANHHJ,Stayed,No,75,5023,103.00,6953.23,4,One Year,Bank Withdrawal,Offer B,Fiber Optic,Yes,Female,77,Yes,California,Ventura
8138-EALND,Stayed,No,29,4123,19.75,363.95,5,Month-to-Month,Credit Card,No Offer,No Internet Service,No,Male,35,No,California,Laguna Hills
8143-ETQTI,Stayed,No,78,4896,19.65,494.79,4,Two Year,Credit Card,Offer D,No Internet Service,No,Female,24,No,California,Bakersfield
8144-DGHXP,Stayed,No,53,4231,80.60,6420.67,4,Two Year,Bank Withdrawal,No Offer,DSL,Yes,Female,46,No,California,Gridley
8146-QQKZH,Stayed,No,78,4090,81.85,6366.73,4,Two Year,Bank Withdrawal,Offer A,DSL,Yes,Female,25,No,California,El Sobrante
8148-BPLZQ,Stayed,No,47,2711,49.80,1970.46,4,Month-to-Month,Bank Withdrawal,No Offer,Cable,No,Male,34,No,California,Jacumba
8148-NLEGT,Stayed,No,24,4650,22.95,1600.15,5,Two Year,Bank Withdrawal,No Offer,No Internet Service,No,Female,47,No,California,Pinecrest
8148-WOCMK,Stayed,No,67,3214,19.60,232.44,5,Two Year,Credit Card,Offer E,No Internet Service,No,Male,54,No,California,Castaic
8149-AIQCG,Stayed,No,62,3271,73.15,3069.76,5,Month-to-Month,Credit Card,Offer C,Fiber Optic,No,Male,43,No,California,Redondo Beach
8149-RSOUN,Churned,Yes,78,3014,93.85,110.00,3,Month-to-Month,Bank Withdrawal,Offer E,Fiber Optic,No,Female,49,No,California,Dorris
8150-QUDFX,Joined,No,64,3300,19.85,106.54,3,Month-to-Month,Credit Card,Offer E,No Internet Service,No,Male,27,No,California,Rohnert Park
8152-UOBNY,Stayed,No,59,5746,106.80,5877.95,3,One Year,Bank Withdrawal,Offer B,Fiber Optic,Yes,Female,66,Yes,California,Mineral
8152-VETUR,Stayed,No,75,5406,97.70,8928.18,5,Two Year,Credit Card,Offer A,Fiber Optic,No,Female,26,No,California,Bishop
8155-IBNHG,Churned,Yes,74,2325,75.40,2173.37,3,Month-to-Month,Credit Card,No Offer,Fiber Optic,No,Female,55,No,California,San Diego
8158-WPEZG,Stayed,No,61,4986,35.65,425.10,4,Month-to-Month,Bank Withdrawal,No Offer,DSL,Yes,Male,20,No,California,Los Angeles
8160-HOWOX,Stayed,No,43,4858,66.85,795.22,4,Month-to-Month,Bank Withdrawal,No Offer,DSL,No,Female,30,No,California,San Bernardino
8161-QYMTT,Stayed,No,22,5259,94.10,752.89,5,Month-to-Month,Bank Withdrawal,No Offer,Fiber Optic,No,Male,55,No,California,Santa Maria
8164-OCKUJ,Stayed,No,55,6325,20.60,1431.73,5,Two Year,Credit Card,Offer B,No Internet Service,No,Female,45,No,California,Magalia
8165-CBKXO,Stayed,No,46,5748,56.75,3708.40,3,Two Year,Credit Card,No Offer,Cable,No,Male,35,No,California,Los Angeles
8165-ZJRNM,Stayed,No,67,4923,23.75,3201.33,5,Two Year,Bank Withdrawal,Offer A,No Internet Service,No,Female,62,No,California,Pittsburg
8166-ORCHU,Stayed,No,21,4414,93.55,4525.32,4,One Year,Bank Withdrawal,No Offer,Fiber Optic,Yes,Male,73,Yes,California,Oakland
8166-ZZTFS,Churned,Yes,94,4400,80.55,6697.30,3,Two Year,Bank Withdrawal,No Offer,Cable,No,Female,74,Yes,California,Roseville
8167-GJLRN,Joined,No,55,3108,30.40,82.15,4,Month-to-Month,Bank Withdrawal,No Offer,DSL,Yes,Male,19,No,California,La Crescenta
8168-UQWWF,Churned,Yes,70,5674,97.85,1408.67,3,Month-to-Month,Bank Withdrawal,No Offer,Cable,No,Female,48,No,California,Los Angeles
8169-SAEJD,Stayed,No,28,4162,56.55,3992.65,3,Two Year,Credit Card,Offer A,DSL,No,Male,79,Yes,California,Lancaster
8173-RXAYP,Stayed,No,42,4642,19.70,1182.39,4,Two Year,Credit Card,No Offer,No Internet Service,No,Female,51,No,California,Mcarthur
8174-LNWMW,Stayed,No,46,5581,20.90,1500.31,5,Two Year,Credit Card,No Offer,No Internet Service,No,Female,52,No,California,Tustin
8174-TBVCF,Stayed,No,71,5072,94.80,8711.95,3,Two Year,Credit Card,Offer A,DSL,Yes,Female,30,No,California,Stanton
8178-EYZUO,Churned,Yes,70,3378,93.70,4880.68,1,Month-to-Month,Bank Withdrawal,No Offer,Fiber Optic,No,Male,48,No,California,San Francisco
8180-AKMJV,Joined,No,45,5825,44.55,67.59,5,Month-to-Month,Credit Card,Offer E,Cable,No,Female,27,No,California,Litchfield
8181-YHCMF,Stayed,No,24,4864,60.30,4109.00,4,Two Year,Credit Card,No Offer,DSL,Yes,Female,44,No,California,La Mesa
8182-BJDSI,Churned,Yes,90,2468,89.95,3473.39,1,Month-to-Month,Bank Withdrawal,Offer C,Fiber Optic,No,Female,56,No,California,Santa Ana
8182-PNAGI,Churned,Yes,67,3624,50.25,1272.71,1,Month-to-Month,Bank Withdrawal,No Offer,DSL,Yes,Male,50,No,California,Pico Rivera
8183-ONMXC,Churned,Yes,87,2176,80.75,169.67,3,Month-to-Month,Bank Withdrawal,No Offer,Fiber Optic,No,Female,41,No,California,San Diego
8184-WMOFI,Stayed,No,56,5327,71.40,5358.40,3,One Year,Credit Card,No Offer,DSL,Yes,Male,47,No,California,Fresno
8185-UPYBR,Churned,Yes,88,5838,75.50,565.38,1,Month-to-Month,Bank Withdrawal,No Offer,Fiber Optic,No,Male,33,No,California,Hermosa Beach
8189-DUKMV,Stayed,No,80,3233,20.50,257.97,5,One Year,Bank Withdrawal,No Offer,No Internet Service,No,Female,52,No,California,Rancho Cordova
8189-HBVRW,Stayed,No,20,5249,90.80,5114.23,3,Month-to-Month,Bank Withdrawal,No Offer,Fiber Optic,No,Female,50,No,California,Los Angeles
8189-XRIKE,Stayed,No,52,5936,90.95,3882.64,4,Two Year,Bank Withdrawal,Offer C,Fiber Optic,No,Female,80,Yes,California,Newark
8190-ZTQFB,Stayed,No,59,5622,51.35,2155.10,5,One Year,Bank Withdrawal,No Offer,Cable,No,Male,50,No,California,Bieber
8191-XWSZG,Stayed,No,35,5186,20.65,2195.55,4,One Year,Mailed Check,Offer B,No Internet Service,No,Female,57,No,California,Los Angeles
8194-PEEBY,Stayed,No,68,4158,19.90,640.78,4,One Year,Credit Card,Offer C,No Internet Service,No,Female,38,No,California,Irvine
8197-BFWVU,Stayed,No,28,5197,93.25,6812.79,3,Two Year,Bank Withdrawal,Offer A,Cable,Yes,Female,62,No,California,Lake Isabella
8198-RKSZG,Stayed,No,26,5772,80.45,1273.83,3,Month-to-Month,Credit Card,Offer D,DSL,Yes,Female,43,No,California,El Cerrito
8199-ZLLSA,Churned,Yes,91,6255,118.35,9322.37,1,One Year,Bank Withdrawal,No Offer,Fiber Optic,Yes,Male,53,No,California,Tujunga
8200-KLNYW,Stayed,No,36,5733,80.90,2011.62,4,One Year,Credit Card,No Offer,DSL,Yes,Female,55,No,California,San Geronimo
8200-LGKSR,Stayed,No,73,5350,83.20,8617.49,3,Two Year,Bank Withdrawal,No Offer,DSL,Yes,Male,47,No,California,Azusa
8201-AAXCB,Stayed,No,75,3192,60.35,2061.40,4,Month-to-Month,Bank Withdrawal,No Offer,Cable,No,Male,55,No,California,Ontario
8203-XJZRC,Joined,No,57,5384,20.25,60.71,3,Month-to-Month,Credit Card,Offer E,No Internet Service,No,Male,44,No,California,Chula Vista
8204-TIFGJ,Stayed,No,43,3630,20.30,844.58,3,Month-to-Month,Bank Withdrawal,No Offer,No Internet Service,No,Female,38,No,California,June Lake
8204-YJCLA,Stayed,No,68,4886,64.80,4732.35,3,Two Year,Bank Withdrawal,Offer A,DSL,Yes,Male,78,Yes,California,San Ysidro
8205-MQUGY,Stayed,No,37,3582,49.20,766.11,3,Month-to-Month,Bank Withdrawal,Offer D,Cable,No,Male,39,No,California,Sacramento
8205-OTCHB,Churned,Yes,66,3099,43.75,903.60,3,One Year,Bank Withdrawal,Offer D,DSL,No,Male,51,No,California,Riverside
8205-VSLRB,Stayed,No,23,6252,77.30,5807.33,3,Two Year,Credit Card,No Offer,Cable,Yes,Male,22,No,California,Greenview
8207-DMRVL,Stayed,No,51,6158,114.55,9900.53,3,Two Year,Bank Withdrawal,No Offer,Fiber Optic,Yes,Male,47,No,California,Yorba Linda
8207-VVMYB,Stayed,No,76,6170,26.00,2997.45,4,Two Year,Bank Withdrawal,No Offer,No Internet Service,No,Female,44,No,California,Clayton
8208-EUMTE,Stayed,No,40,2136,54.85,916.15,4,Two Year,Credit Card,No Offer,DSL,Yes,Male,45,No,California,Villa Park
8212-CRQXP,Stayed,No,80,2640,80.00,2748.65,3,Month-to-Month,Credit Card,No Offer,Fiber Optic,No,Female,20,No,California,Alviso
8212-DJRCH,Stayed,No,66,4014,90.35,492.22,4,Month-to-Month,Credit Card,No Offer,Fiber Optic,No,Male,33,No,California,Newbury Park
8213-TAZPM,Stayed,No,46,5874,108.75,10798.10,4,One Year,Bank Withdrawal,Offer A,Fiber Optic,Yes,Female,45,No,California,Lemon Grove
8215-NGSPE,Stayed,No,46,3413,20.00,965.43,3,Two Year,Credit Card,Offer B,No Internet Service,No,Female,63,No,California,Oxnard
8216-AZUUZ,Stayed,No,76,3265,100.40,4832.85,5,Two Year,Bank Withdrawal,No Offer,Fiber Optic,Yes,Female,42,No,California,San Francisco
8217-QYOHV,Stayed,No,22,4545,55.75,421.55,4,Month-to-Month,Credit Card,Offer E,Cable,Yes,Male,27,No,California,Burbank
8218-FFJDS,Stayed,No,27,6114,86.40,7164.15,3,Two Year,Bank Withdrawal,No Offer,DSL,Yes,Female,21,No,California,Georgetown
8219-VYBVI,Stayed,No,55,4295,25.00,2952.40,4,Two Year,Credit Card,No Offer,No Internet Service,No,Male,52,No,California,Rancho Santa Fe
8220-OCUFY,Stayed,No,25,4870,60.25,1413.96,4,One Year,Bank Withdrawal,No Offer,DSL,Yes,Female,30,No,California,Perris
8221-EQDGL,Stayed,No,79,4355,61.00,3005.95,3,Month-to-Month,Credit Card,No Offer,DSL,No,Male,27,No,California,Alleghany
8221-HVAYI,Stayed,No,61,3945,69.15,2667.25,3,Two Year,Credit Card,Offer C,Cable,Yes,Male,60,No,California,Gustine
8224-DWCKX,Stayed,No,38,5159,73.30,1348.85,4,Two Year,Credit Card,No Offer,Fiber Optic,No,Male,78,Yes,California,Burlingame
8224-IVVPA,Stayed,No,79,4472,56.70,2333.62,3,Month-to-Month,Credit Card,No Offer,DSL,No,Female,35,No,California,Caliente
8224-KDLKN,Stayed,No,41,4275,25.00,3109.78,4,Two Year,Bank Withdrawal,Offer A,No Internet Service,No,Male,22,No,California,Sacramento
8224-UAXBZ,Stayed,No,41,5137,45.35,2536.02,3,One Year,Bank Withdrawal,No Offer,DSL,No,Female,55,No,California,Sacramento
8225-BTJAU,Churned,Yes,87,3856,79.25,868.65,1,Month-to-Month,Bank Withdrawal,Offer D,Fiber Optic,No,Male,75,Yes,California,Stinson Beach
8226-BXGES,Stayed,No,67,5519,89.45,6575.85,3,One Year,Bank Withdrawal,Offer B,Fiber Optic,No,Male,30,No,California,Gardena
8229-BUJHX,Stayed,No,62,4941,20.50,2291.18,4,Two Year,Bank Withdrawal,No Offer,No Internet Service,No,Female,60,No,California,Chula Vista
8229-MYEJZ,Stayed,No,47,5765,51.20,953.85,4,Month-to-Month,Bank Withdrawal,Offer D,DSL,No,Female,44,No,California,Upland
8229-TNIQA,Churned,Yes,91,3443,45.30,356.55,2,Month-to-Month,Credit Card,Offer E,Cable,No,Female,36,No,California,Pasadena
8231-BSWXX,Stayed,No,38,5466,79.05,8487.64,4,One Year,Credit Card,Offer A,Fiber Optic,No,Male,44,No,California,Mojave
8232-CTLKO,Stayed,No,80,5979,59.75,4550.54,3,Two Year,Bank Withdrawal,Offer A,DSL,No,Female,58,No,California,Ocotillo
8232-UTFOZ,Stayed,No,59,4328,19.95,1894.77,4,Two Year,Credit Card,No Offer,No Internet Service,No,Male,24,No,California,Glendora
8234-GSZYK,Stayed,No,51,3881,26.45,2352.75,4,Two Year,Bank Withdrawal,No Offer,No Internet Service,No,Male,39,No,California,Albion
8237-ULIXL,Stayed,No,78,4067,24.85,2827.29,3,Two Year,Credit Card,Offer A,No Internet Service,No,Female,21,No,California,San Francisco
8241-JUIQO,Stayed,No,26,4559,19.45,2916.86,4,One Year,Bank Withdrawal,Offer B,No Internet Service,No,Female,24,No,California,Sunnyvale
8242-JSVBO,Stayed,No,65,4300,44.65,509.82,4,Month-to-Month,Bank Withdrawal,No Offer,DSL,No,Male,22,No,California,Mountain Ranch
8242-PDSGJ,Stayed,No,60,5840,39.15,2692.75,3,Two Year,Credit Card,No Offer,DSL,Yes,Male,47,No,California,Chilcoot
8242-SOQUO,Stayed,No,54,2660,84.70,422.40,4,One Year,Bank Withdrawal,Offer E,Fiber Optic,No,Female,73,Yes,California,Oakland
8245-UMPYT,Churned,Yes,80,2688,96.40,2047.76,3,Month-to-Month,Bank Withdrawal,No Offer,Fiber Optic,No,Female,66,Yes,California,Lockwood
8246-SHFGA,Stayed,No,78,2842,21.10,963.89,3,Month-to-Month,Credit Card,No Offer,No Internet Service,No,Male,24,No,California,Mount Shasta
8249-THVEC,Stayed,No,73,4025,19.40,2916.88,4,One Year,Credit Card,No Offer,No Internet Service,No,Male,38,No,California,Los Angeles
8250-ZNGGW,Stayed,No,35,3662,59.90,527.80,4,Two Year,Credit Card,No Offer,DSL,Yes,Female,79,Yes,California,Rio Vista
8257-RZAHR,Churned,Yes,86,4049,64.70,1226.60,1,Month-to-Month,Bank Withdrawal,Offer D,DSL,No,Female,51,No,California,San Jose
8258-GSTJK,Churned,Yes,96,3128,77.00,382.77,1,Month-to-Month,Bank Withdrawal,No Offer,Fiber Optic,No,Male,74,Yes,California,San Pedro
8259-DZLIZ,Stayed,No,36,4954,53.85,4492.33,4,One Year,Bank Withdrawal,Offer B,DSL,No,Female,53,No,California,Delhi
8259-NFJTV,Stayed,No,45,5996,34.65,246.60,3,Month-to-Month,Credit Card,No Offer,Cable,Yes,Female,37,No,California,Flournoy
8260-NGFNY,Churned,Yes,82,3196,25.20,25.20,2,Month-to-Month,Mailed Check,No Offer,DSL,No,Female,29,No,California,Phelan
8261-GWDBQ,Stayed,No,77,4734,116.05,7169.50,3,Two Year,Bank Withdrawal,No Offer,Fiber Optic,Yes,Female,70,Yes,California,Corona
8262-COGGB,Joined,No,48,5384,20.45,32.06,3,Month-to-Month,Mailed Check,No Offer,No Internet Service,No,Male,53,No,California,Visalia
8263-JQAIK,Churned,Yes,77,5573,24.45,47.50,3,Month-to-Month,Credit Card,No Offer,DSL,No,Male,66,Yes,California,Palmdale
8263-OKETD,Stayed,No,29,3265,68.90,1825.35,5,Month-to-Month,Credit Card,No Offer,Cable,Yes,Female,44,No,California,Caruthers
8263-QMNTJ,Stayed,No,58,5890,115.55,11868.34,3,Two Year,Bank Withdrawal,Offer A,Fiber Optic,Yes,Male,46,No,California,San Francisco
8265-HKSOW,Stayed,No,57,4505,107.45,8946.38,4,Two Year,Credit Card,No Offer,Fiber Optic,Yes,Female,35,No,California,Occidental
8266-VBFQL,Stayed,No,35,3314,90.40,484.33,3,Month-to-Month,Bank Withdrawal,No Offer,Fiber Optic,Yes,Male,55,No,California,Jamul
8267-KFGYD,Joined,No,32,3389,21.05,31.19,3,Month-to-Month,Mailed Check,No Offer,No Internet Service,No,Male,53,No,California,Alhambra
8267-ZNYVZ,Churned,Yes,81,3824,103.75,3977.83,1,One Year,Bank Withdrawal,No Offer,Fiber Optic,Yes,Female,47,No,California,Spring Valley
8268-YDIXR,Stayed,No,56,4778,93.15,7512.43,3,One Year,Bank Withdrawal,Offer B,Fiber Optic,No,Male,45,No,California,Merced
8270-RKSAP,Stayed,No,37,3198,70.50,964.29,3,Month-to-Month,Bank Withdrawal,Offer E,Fiber Optic,No,Male,30,No,California,Anaheim
8272-ONJLV,Stayed,No,41,5527,95.70,1772.00,5,One Year,Bank Withdrawal,Offer D,Fiber Optic,No,Male,57,No,California,San Diego
8276-MQBYC,Churned,Yes,81,6204,97.80,5907.29,2,Month-to-Month,Bank Withdrawal,Offer B,Fiber Optic,No,Male,70,Yes,California,Los Angeles
8277-RVRSV,Stayed,No,73,4501,24.15,856.73,4,One Year,Credit Card,Offer C,No Internet Service,No,Female,22,No,California,Danville
8280-MQRQN,Churned,Yes,69,2806,50.45,74.15,3,Month-to-Month,Mailed Check,Offer E,Cable,No,Female,39,No,California,Arnold
8285-ABVLB,Stayed,No,79,4311,19.85,4158.76,4,Two Year,Credit Card,No Offer,No Internet Service,No,Female,34,No,California,Santa Barbara
8286-AFUYI,Joined,No,35,5092,47.95,94.18,4,Month-to-Month,Bank Withdrawal,Offer E,DSL,No,Male,33,No,California,Glendale
8290-YWKHZ,Churned,Yes,90,5247,93.20,3992.80,3,Month-to-Month,Bank Withdrawal,No Offer,Fiber Optic,No,Female,69,Yes,California,Fallbrook
8292-FRFZQ,Stayed,No,67,3445,41.15,1700.90,4,One Year,Bank Withdrawal,Offer C,DSL,Yes,Female,19,No,California,Malibu
8292-ITGYJ,Stayed,No,67,3043,24.65,2043.75,4,Two Year,Bank Withdrawal,Offer B,No Internet Service,No,Female,48,No,California,Campo Seco
8292-TYSPY,Churned,Yes,73,4539,55.00,1158.20,2,Month-to-Month,Credit Card,Offer D,Cable,Yes,Male,55,No,California,Los Angeles
8294-UIMBA,Stayed,No,68,4584,94.40,2718.20,5,One Year,Bank Withdrawal,No Offer,Fiber Optic,Yes,Female,64,No,California,Northridge
8295-FHIVV,Stayed,No,56,5873,19.40,232.98,5,Month-to-Month,Credit Card,No Offer,No Internet Service,No,Male,63,No,California,Paicines
8295-KMENE,Stayed,No,27,5978,76.45,5272.21,4,Two Year,Credit Card,No Offer,DSL,Yes,Female,33,No,California,Newhall
8305-VHZBZ,Churned,Yes,92,4325,20.20,33.47,1,Month-to-Month,Mailed Check,No Offer,No Internet Service,No,Male,55,No,California,San Diego
8309-IEYJD,Joined,No,25,2576,70.60,133.21,4,Two Year,Credit Card,Offer E,Fiber Optic,No,Female,73,Yes,California,Indian Wells
8309-PPCED,Stayed,No,55,6030,110.45,11311.06,4,Two Year,Bank Withdrawal,No Offer,Fiber Optic,Yes,Female,33,No,California,Nipomo
8311-UEUAB,Stayed,No,69,5420,75.50,5320.57,3,Two Year,Bank Withdrawal,Offer A,DSL,No,Female,24,No,California,Rialto
8313-AFGBW,Stayed,No,51,4795,73.60,4187.23,4,Two Year,Bank Withdrawal,Offer B,DSL,No,Male,55,No,California,Los Angeles
8313-KTIHG,Stayed,No,58,5281,61.30,410.20,3,Month-to-Month,Bank Withdrawal,No Offer,DSL,Yes,Male,54,No,California,Thousand Palms
8313-NDOIA,Stayed,No,61,5813,104.15,3465.61,5,Month-to-Month,Bank Withdrawal,No Offer,Fiber Optic,No,Female,48,No,California,Green Valley Lake
8314-DPQHL,Stayed,No,47,5535,50.80,463.60,4,One Year,Mailed Check,No Offer,DSL,Yes,Male,61,No,California,Auberry
8314-HTWVE,Stayed,No,60,3973,19.85,390.97,3,Two Year,Credit Card,Offer E,No Internet Service,No,Female,38,No,California,Cypress
8316-BBQAY,Stayed,No,74,6251,59.95,3921.10,3,Two Year,Credit Card,No Offer,Cable,Yes,Female,45,No,California,Redwood City
8317-BVKSO,Stayed,No,32,5728,20.05,427.96,5,Month-to-Month,Bank Withdrawal,No Offer,No Internet Service,No,Male,27,No,California,Termo
8318-LCNBW,Stayed,No,43,5638,53.15,1930.90,3,One Year,Credit Card,No Offer,DSL,No,Male,53,No,California,San Luis Obispo
8319-QBEHW,Stayed,No,74,2715,39.95,1023.75,4,One Year,Bank Withdrawal,No Offer,Cable,No,Male,32,No,California,San Jose
8325-QRPZR,Stayed,No,50,4216,75.15,745.42,3,Month-to-Month,Bank Withdrawal,No Offer,Fiber Optic,No,Female,56,No,California,Benicia
8327-LZKAS,Churned,Yes,93,4423,107.55,5269.02,2,One Year,Bank Withdrawal,No Offer,Cable,Yes,Female,80,Yes,California,Pomona
8327-WKMIE,Stayed,No,65,4422,20.15,2057.44,5,One Year,Credit Card,No Offer,No Internet Service,No,Male,36,No,California,Le Grand
8328-SKJNO,Stayed,No,43,5230,40.65,947.40,3,One Year,Bank Withdrawal,No Offer,DSL,Yes,Male,61,No,California,Seeley
8329-GWVPJ,Stayed,No,64,4539,69.75,4068.20,5,Month-to-Month,Bank Withdrawal,Offer B,Fiber Optic,No,Female,39,No,California,Berkeley
8329-IBCTI,Churned,Yes,91,5881,19.65,25.73,3,Month-to-Month,Mailed Check,Offer E,No Internet Service,No,Female,50,No,California,Cotati
8329-UTMVM,Stayed,No,31,3104,104.65,3892.53,4,One Year,Bank Withdrawal,Offer C,Fiber Optic,Yes,Male,76,Yes,California,Bakersfield
8331-ZXFOE,Stayed,No,42,5395,71.10,6754.34,3,One Year,Credit Card,No Offer,Cable,Yes,Female,56,No,California,Santa Clara
8332-OSJDW,Stayed,No,65,3277,26.40,856.75,4,One Year,Mailed Check,No Offer,No Internet Service,No,Male,54,No,California,Los Angeles
8336-TAVKX,Stayed,No,71,4032,78.45,6821.29,3,Two Year,Bank Withdrawal,No Offer,DSL,Yes,Female,68,Yes,California,Berry Creek
8337-MSSXB,Churned,Yes,74,3677,86.30,1601.15,2,Month-to-Month,Bank Withdrawal,No Offer,Fiber Optic,No,Female,64,No,California,Trabuco Canyon
8337-UPOAQ,Churned,Yes,76,5124,89.80,1083.10,2,Month-to-Month,Bank Withdrawal,No Offer,Fiber Optic,No,Male,71,Yes,California,Wrightwood
8338-QIUNR,Stayed,No,49,4397,66.50,5204.47,3,Two Year,Credit Card,No Offer,DSL,Yes,Male,23,No,California,Bakersfield
8344-WFMFH,Stayed,No,56,4738,50.10,732.81,4,Month-to-Month,Bank Withdrawal,Offer E,Cable,No,Male,34,No,California,Los Angeles
8345-MVDYC,Stayed,No,41,5937,81.65,5301.25,3,Two Year,Bank Withdrawal,Offer B,DSL,Yes,Female,57,No,California,Gardena
8347-GDTMP,Stayed,No,78,5113,19.45,2171.57,3,Two Year,Credit Card,No Offer,No Internet Service,No,Female,25,No,California,Ripon
8348-HFYIV,Churned,Yes,90,5775,49.25,90.35,3,Month-to-Month,Bank Withdrawal,Offer E,DSL,No,Male,21,No,California,Oakland
8348-JLBUG,Stayed,No,34,4270,80.30,5969.38,3,One Year,Credit Card,No Offer,Fiber Optic,No,Male,77,Yes,California,North San Juan
8350-NYMVI,Stayed,No,42,3618,41.10,1597.05,3,Month-to-Month,Bank Withdrawal,No Offer,DSL,Yes,Female,35,No,California,Chico
8356-WUAOJ,Joined,No,63,5669,45.00,95.63,5,Month-to-Month,Bank Withdrawal,Offer E,DSL,No,Female,25,No,California,Glendale
8357-EQXFO,Churned,Yes,92,3077,95.35,965.13,2,Month-to-Month,Bank Withdrawal,Offer E,Fiber Optic,No,Female,46,No,California,Union City
8361-LBRDI,Stayed,No,51,6190,24.35,3663.81,3,Two Year,Credit Card,Offer B,No Internet Service,No,Female,31,No,California,Saint Helena
8361-LTMKD,Churned,Yes,77,5839,74.40,369.04,2,Month-to-Month,Mailed Check,No Offer,Fiber Optic,No,Male,75,Yes,California,Fallbrook
8364-TRMMK,Churned,Yes,76,2876,50.65,218.98,1,Month-to-Month,Mailed Check,Offer E,Cable,No,Female,51,No,California,San Jose
8372-JUXUI,Churned,Yes,93,2814,74.35,88.37,1,Month-to-Month,Bank Withdrawal,No Offer,Fiber Optic,No,Male,32,No,California,San Bernardino
8374-UULRV,Stayed,No,33,5965,86.05,9811.57,4,Two Year,Credit Card,No Offer,DSL,Yes,Male,22,No,California,Carmel By The Sea
8374-XGEJJ,Churned,Yes,87,3123,101.00,5882.15,1,Month-to-Month,Bank Withdrawal,Offer B,Fiber Optic,No,Male,68,Yes,California,Temecula
8375-DKEBR,Churned,Yes,96,3438,69.60,104.11,1,Month-to-Month,Bank Withdrawal,Offer E,Fiber Optic,No,Female,72,Yes,California,Hermosa Beach
8375-KVTHK,Stayed,No,39,5757,100.30,10211.03,4,One Year,Bank Withdrawal,No Offer,Fiber Optic,Yes,Male,43,No,California,Fort Bragg
8378-LKJAF,Stayed,No,34,3738,101.15,4877.06,3,Month-to-Month,Credit Card,No Offer,Fiber Optic,No,Male,34,No,California,Santa Ana
8380-MQINP,Stayed,No,36,5153,20.30,1253.95,5,Two Year,Credit Card,No Offer,No Internet Service,No,Female,62,No,California,Los Angeles
8380-PEFPE,Churned,Yes,93,2377,71.65,89.19,1,Month-to-Month,Bank Withdrawal,No Offer,Fiber Optic,No,Male,60,No,California,Avalon
8382-SHQEH,Churned,Yes,85,2656,84.90,996.95,1,Month-to-Month,Bank Withdrawal,No Offer,Fiber Optic,No,Female,58,No,California,Rancho Cucamonga
8383-SGHJU,Stayed,No,38,2853,59.40,2292.04,3,One Year,Bank Withdrawal,No Offer,Cable,Yes,Female,41,No,California,Lake Arrowhead
8384-FZBJK,Stayed,No,48,6351,100.60,7456.79,3,Month-to-Month,Bank Withdrawal,No Offer,Fiber Optic,No,Female,37,No,California,San Mateo
8387-MOJJT,Churned,Yes,82,5396,77.95,4812.84,1,Month-to-Month,Credit Card,No Offer,Fiber Optic,No,Female,53,No,California,Nubieber
8387-UGUSU,Stayed,No,59,3591,20.05,852.80,4,Month-to-Month,Credit Card,No Offer,No Internet Service,No,Female,57,No,California,Irvine
8388-DMKAE,Stayed,No,37,2653,20.25,301.53,5,Two Year,Mailed Check,Offer E,No Internet Service,No,Female,41,No,California,Los Angeles
8388-FYNPZ,Stayed,No,51,2401,56.75,383.91,3,Month-to-Month,Bank Withdrawal,Offer E,DSL,No,Male,26,No,California,Pleasant Hill
8390-FESFV,Stayed,No,61,5466,84.50,5568.30,4,Two Year,Bank Withdrawal,No Offer,DSL,Yes,Female,60,No,California,Sebastopol
8393-DLHGA,Churned,Yes,68,2241,95.90,2580.50,1,Month-to-Month,Bank Withdrawal,No Offer,Fiber Optic,No,Male,55,No,California,Palermo
8393-JMVMB,Joined,No,48,2133,19.45,48.60,3,Month-to-Month,Credit Card,Offer E,No Internet Service,No,Male,34,No,California,Thousand Oaks
8395-ETZKQ,Stayed,No,51,5443,19.50,3583.07,3,One Year,Bank Withdrawal,No Offer,No Internet Service,No,Male,73,Yes,California,Sacramento
8397-MVTAZ,Churned,Yes,72,2568,100.05,4285.06,3,Month-to-Month,Bank Withdrawal,Offer C,Fiber Optic,No,Male,22,No,California,Sun City
8398-TBIYD,Stayed,No,78,4520,84.70,6795.71,3,Two Year,Bank Withdrawal,Offer A,Fiber Optic,Yes,Female,45,No,California,Castro Valley
8399-YNDCH,Churned,Yes,70,4716,60.05,1963.17,1,Month-to-Month,Bank Withdrawal,No Offer,DSL,No,Male,80,Yes,California,Columbia
8400-WZICQ,Stayed,No,61,4149,55.70,5100.19,3,Month-to-Month,Bank Withdrawal,Offer B,DSL,No,Female,49,No,California,Long Beach
8401-EMUWF,Stayed,No,36,4701,69.40,3758.44,3,Month-to-Month,Bank Withdrawal,Offer B,Cable,No,Male,64,No,California,Paramount
8402-EIVQS,Stayed,No,31,4078,100.90,8837.62,3,One Year,Credit Card,Offer A,Fiber Optic,No,Male,40,No,California,Frazier Park
8402-OOOHJ,Stayed,No,59,5918,20.65,2131.57,5,Two Year,Credit Card,No Offer,No Internet Service,No,Female,53,No,California,Buena Park
8404-FYDIB,Stayed,No,54,4469,86.65,3505.37,3,Month-to-Month,Credit Card,Offer C,Fiber Optic,No,Male,19,No,California,Los Angeles
8404-GFGCZ,Stayed,No,44,4552,65.60,290.62,4,Month-to-Month,Bank Withdrawal,Offer E,DSL,No,Male,49,No,California,Millville
8404-VIOMB,Stayed,No,57,4165,62.50,4136.40,4,Two Year,Bank Withdrawal,No Offer,DSL,Yes,Female,52,No,California,Lakehead
8404-VLQFB,Stayed,No,59,4667,25.25,838.10,3,Month-to-Month,Bank Withdrawal,No Offer,No Internet Service,No,Female,21,No,California,California Hot Springs
8405-IGQFX,Stayed,No,45,4039,90.05,8358.42,3,One Year,Credit Card,Offer B,Fiber Optic,Yes,Female,41,No,California,Bridgeport
8406-LNMHF,Stayed,No,61,5295,82.95,5151.54,4,One Year,Credit Card,No Offer,Fiber Optic,No,Male,75,Yes,California,Temecula
8409-WQJUX,Stayed,No,24,4458,54.20,1423.15,3,One Year,Bank Withdrawal,Offer C,Cable,Yes,Female,37,No,California,Arcata
8410-BGQXN,Stayed,No,54,4402,19.40,183.56,5,Month-to-Month,Credit Card,No Offer,No Internet Service,No,Male,26,No,California,Angels Camp
8413-VONUO,Churned,Yes,82,5332,95.65,200.82,3,Month-to-Month,Bank Withdrawal,No Offer,Fiber Optic,No,Male,34,No,California,Grimes
8413-YNHNV,Stayed,No,55,6487,90.65,9594.77,3,Two Year,Credit Card,No Offer,DSL,Yes,Male,42,No,California,Oakland
8414-MYSHR,Churned,Yes,78,2834,91.40,472.70,1,Month-to-Month,Bank Withdrawal,No Offer,Fiber Optic,No,Male,79,Yes,California,Arcadia
8414-OOEEL,Stayed,No,66,4285,79.50,6019.78,4,Two Year,Credit Card,Offer A,DSL,Yes,Male,48,No,California,Oakland
8417-FMLZI,Churned,Yes,91,4242,83.55,639.01,1,Month-to-Month,Credit Card,No Offer,Fiber Optic,No,Male,47,No,California,Santa Cruz
8417-GSODA,Stayed,No,26,5116,92.20,2937.47,4,One Year,Bank Withdrawal,No Offer,Fiber Optic,No,Male,37,No,California,Rancho Cucamonga
8421-WZOOW,Stayed,No,23,4912,95.30,7177.70,3,Month-to-Month,Credit Card,No Offer,Fiber Optic,Yes,Female,75,Yes,California,Rio Vista
8429-XIBUM,Churned,Yes,77,4694,101.35,2544.36,1,Month-to-Month,Bank Withdrawal,Offer D,Fiber Optic,No,Male,44,No,California,Oakland
8430-TWCBX,Stayed,No,50,4074,20.70,2461.87,3,One Year,Credit Card,No Offer,No Internet Service,No,Female,62,No,California,Novato
8433-WPJTV,Stayed,No,75,5669,103.90,6869.80,3,One Year,Bank Withdrawal,Offer B,Fiber Optic,Yes,Female,76,Yes,California,French Camp
8433-WXGNA,Churned,Yes,82,4676,75.70,273.52,1,Month-to-Month,Bank Withdrawal,No Offer,Cable,No,Male,55,No,California,Salinas
8434-PNQZX,Stayed,No,30,3192,78.45,4224.74,4,Two Year,Credit Card,Offer B,DSL,Yes,Female,56,No,California,Marina Del Rey
8434-VGEQQ,Stayed,No,36,4446,20.55,4158.31,4,Two Year,Credit Card,Offer B,No Internet Service,No,Male,24,No,California,Guadalupe
8436-BJUMM,Churned,Yes,84,2404,83.75,3004.00,3,Month-to-Month,Bank Withdrawal,Offer C,Cable,No,Male,62,No,California,Albany
8439-LTUGF,Stayed,No,53,4802,20.00,389.60,4,Month-to-Month,Credit Card,Offer D,No Internet Service,No,Male,51,No,California,Lake Forest
8441-SHIPE,Stayed,No,34,5183,25.60,2864.53,3,Two Year,Bank Withdrawal,No Offer,No Internet Service,No,Female,53,No,California,Glendale
8443-WVPSS,Churned,Yes,69,4243,99.85,1423.70,1,Month-to-Month,Bank Withdrawal,No Offer,Fiber Optic,Yes,Male,58,No,California,Galt
8443-ZRDBZ,Churned,Yes,75,3685,76.05,488.66,1,Month-to-Month,Bank Withdrawal,No Offer,Fiber Optic,No,Male,62,No,California,Fontana
8444-WRIDW,Churned,Yes,79,5011,80.45,8373.29,2,Month-to-Month,Credit Card,No Offer,Fiber Optic,No,Female,72,Yes,California,Thousand Oaks
8445-DNBAE,Joined,No,61,5523,50.05,93.10,4,Month-to-Month,Bank Withdrawal,Offer E,DSL,No,Male,24,No,California,Sacramento
8450-JOVAH,Churned,Yes,77,5560,56.70,124.89,1,Month-to-Month,Credit Card,No Offer,DSL,No,Male,62,No,California,Agoura Hills
8450-LUGUK,Stayed,No,36,3753,24.10,2515.01,4,Two Year,Bank Withdrawal,No Offer,No Internet Service,No,Female,40,No,California,San Diego
8450-UYIBU,Stayed,No,60,2030,39.85,1434.60,4,Two Year,Bank Withdrawal,No Offer,Cable,No,Female,77,Yes,California,Fresno
8454-AATJP,Stayed,No,46,5905,115.05,9816.20,3,Two Year,Credit Card,Offer A,Fiber Optic,Yes,Female,41,No,California,Oakland
8455-HIRAQ,Stayed,No,65,4909,44.45,456.58,3,Month-to-Month,Credit Card,No Offer,DSL,No,Female,56,No,California,Carmichael
8456-QDAVC,Stayed,No,20,2464,78.70,2029.71,3,Month-to-Month,Bank Withdrawal,No Offer,Fiber Optic,No,Male,57,No,California,Winterhaven
8457-XIGKN,Stayed,No,27,5909,19.60,938.55,4,Month-to-Month,Credit Card,Offer D,No Internet Service,No,Male,46,No,California,Norco
8461-EFQYM,Stayed,No,23,2997,24.25,2633.63,3,One Year,Bank Withdrawal,No Offer,No Internet Service,No,Female,36,No,California,San Jose
8464-EETCQ,Stayed,No,58,6466,18.80,2216.68,5,Two Year,Credit Card,No Offer,No Internet Service,No,Male,45,No,California,Salinas
8465-SBRXP,Stayed,No,33,2436,94.90,4598.17,3,Two Year,Bank Withdrawal,No Offer,Fiber Optic,Yes,Male,32,No,California,Baldwin Park
8466-PZBLH,Stayed,No,56,4743,104.60,7643.52,3,Two Year,Bank Withdrawal,No Offer,Fiber Optic,Yes,Male,32,No,California,Descanso
8467-WYNSR,Stayed,No,62,2729,55.10,2069.57,3,Month-to-Month,Mailed Check,No Offer,DSL,Yes,Male,62,No,California,Clayton
8468-EHYJA,Stayed,No,42,5106,99.65,6191.88,4,Month-to-Month,Bank Withdrawal,Offer B,Fiber Optic,No,Female,32,No,California,Palo Verde
8468-FZTOE,Stayed,No,78,4874,74.35,6526.52,4,Two Year,Bank Withdrawal,Offer A,Cable,Yes,Female,61,No,California,San Diego
8469-SNFFH,Stayed,No,38,5991,79.40,8571.10,4,One Year,Bank Withdrawal,No Offer,DSL,Yes,Male,40,No,California,San Pedro
8473-VUVJN,Churned,Yes,86,5443,73.65,113.53,3,Month-to-Month,Bank Withdrawal,No Offer,Fiber Optic,No,Male,80,Yes,California,Temecula
8474-UMLNT,Stayed,No,30,4115,67.80,1212.10,3,Month-to-Month,Bank Withdrawal,Offer D,DSL,Yes,Female,36,No,California,Fresno
8480-PPONV,Stayed,No,25,6349,115.55,9679.97,3,Two Year,Bank Withdrawal,No Offer,Fiber Optic,Yes,Male,56,No,California,Guerneville
8481-YYXWG,Churned,Yes,70,4584,89.35,512.25,3,Month-to-Month,Bank Withdrawal,Offer E,Fiber Optic,Yes,Female,30,No,California,Hume
8485-GJCDN,Churned,Yes,74,3368,69.05,468.75,3,Month-to-Month,Credit Card,No Offer,Fiber Optic,No,Female,71,Yes,California,San Diego
8486-AYEQH,Stayed,No,63,2421,76.05,3429.98,5,Month-to-Month,Bank Withdrawal,No Offer,Fiber Optic,No,Female,30,No,California,Guatay
8490-BXHEO,Stayed,No,27,5137,80.55,2109.87,5,Month-to-Month,Credit Card,No Offer,Fiber Optic,No,Male,67,Yes,California,Lucerne Valley
8495-LJDFO,Stayed,No,26,5780,108.95,8574.34,4,Two Year,Bank Withdrawal,No Offer,Fiber Optic,Yes,Female,76,Yes,California,Rancho Santa Margarita
8495-PRWFH,Stayed,No,80,5831,55.65,3555.75,4,Month-to-Month,Bank Withdrawal,No Offer,Cable,No,Female,66,Yes,California,Waterford
8496-DMZUK,Stayed,No,78,3171,90.40,3036.35,4,One Year,Bank Withdrawal,Offer C,Fiber Optic,No,Male,62,No,California,Soulsbyville
8496-EJAUI,Churned,Yes,89,2251,73.85,1588.51,3,Month-to-Month,Credit Card,Offer D,Fiber Optic,No,Male,47,No,California,Tujunga
8498-XXGWA,Stayed,No,34,6205,55.15,4972.50,3,Month-to-Month,Credit Card,No Offer,DSL,No,Female,63,No,California,Malibu
8499-BRXTD,Stayed,No,57,5586,20.10,1098.99,5,One Year,Credit Card,Offer D,No Internet Service,No,Male,28,No,California,Kernville
8510-AWCXC,Churned,Yes,65,3269,100.80,1401.96,1,Month-to-Month,Bank Withdrawal,Offer D,Fiber Optic,No,Female,69,Yes,California,Novato
8510-BBWMU,Stayed,No,39,5678,19.75,2342.81,3,One Year,Credit Card,No Offer,No Internet Service,No,Female,40,No,California,Stonyford
8510-TMWYB,Stayed,No,24,5898,59.80,4489.53,5,Two Year,Bank Withdrawal,No Offer,Cable,No,Female,61,No,California,Sacramento
8512-WIWYV,Stayed,No,40,2433,20.35,1884.46,5,One Year,Credit Card,No Offer,No Internet Service,No,Male,20,No,California,Kirkwood
8513-OLYGY,Stayed,No,41,5130,115.80,10318.63,3,Two Year,Credit Card,No Offer,Fiber Optic,Yes,Male,50,No,California,Fortuna
8514-VZHEB,Stayed,No,50,5293,19.50,2254.10,3,Two Year,Credit Card,Offer B,No Internet Service,No,Male,35,No,California,Travis Afb
8515-OCTJS,Churned,Yes,94,4931,24.75,1185.85,3,Two Year,Credit Card,Offer C,No Internet Service,No,Female,61,No,California,Lemoore
8519-IMDHU,Churned,Yes,83,4981,85.60,2024.30,1,Month-to-Month,Bank Withdrawal,No Offer,Cable,No,Male,74,Yes,California,Alderpoint
8519-QJGJD,Churned,Yes,71,4995,75.35,1288.31,2,Month-to-Month,Bank Withdrawal,Offer D,Cable,No,Female,42,No,California,Twain
8532-UEFWH,Stayed,No,21,4676,25.75,3920.37,3,Two Year,Mailed Check,Offer B,No Internet Service,No,Male,61,No,California,Huntington Beach
8535-SFUTN,Stayed,No,65,4842,106.45,8499.20,3,Month-to-Month,Bank Withdrawal,Offer B,Fiber Optic,No,Male,21,No,California,Moreno Valley
8540-ZQGEA,Stayed,No,40,4212,20.05,2869.28,5,Two Year,Credit Card,Offer B,No Internet Service,No,Female,58,No,California,Playa Del Rey
8541-QVFKM,Stayed,No,61,5777,73.50,770.60,3,Month-to-Month,Bank Withdrawal,No Offer,Fiber Optic,No,Female,22,No,California,Long Beach
8543-MSDMF,Joined,No,24,5528,77.40,339.41,4,Month-to-Month,Bank Withdrawal,Offer E,Cable,No,Male,36,No,California,Coachella
8544-GOQSH,Stayed,No,53,4400,80.05,1135.96,5,Month-to-Month,Credit Card,Offer D,Fiber Optic,Yes,Female,51,No,California,Pacoima
8544-JNBOX,Stayed,No,57,4626,20.80,3208.16,5,Two Year,Credit Card,Offer A,No Internet Service,No,Male,31,No,California,Weimar
8547-NSBBO,Stayed,No,37,5154,96.75,4928.85,3,Month-to-Month,Credit Card,Offer C,Fiber Optic,Yes,Male,62,No,California,San Pedro
8548-AWOFC,Stayed,No,72,5956,63.85,4770.82,3,Month-to-Month,Bank Withdrawal,No Offer,DSL,Yes,Male,21,No,California,Huntington Beach
8550-XSXUQ,Stayed,No,39,3997,70.55,5283.86,4,One Year,Credit Card,Offer B,Cable,No,Male,41,No,California,Cottonwood
8552-OBVRU,Stayed,No,71,3847,104.50,5711.25,3,Two Year,Bank Withdrawal,No Offer,Fiber Optic,Yes,Female,79,Yes,California,Ivanhoe
8559-CIZFV,Churned,Yes,74,5353,77.50,2055.58,2,One Year,Mailed Check,Offer D,Cable,Yes,Male,34,No,California,Annapolis
8559-WNQZS,Joined,No,27,5925,20.45,64.27,3,Two Year,Credit Card,Offer E,No Internet Service,No,Male,37,No,California,Atwater
8561-NMTBD,Stayed,No,46,5427,112.35,8755.92,4,One Year,Credit Card,No Offer,Fiber Optic,Yes,Female,20,No,California,Lawndale
8562-GHPPI,Joined,No,22,3129,19.80,31.76,5,Month-to-Month,Credit Card,No Offer,No Internet Service,No,Female,50,No,California,San Leandro
8563-IIOXK,Churned,Yes,75,5651,49.75,584.28,1,One Year,Bank Withdrawal,Offer E,DSL,No,Male,24,No,California,Duarte
8563-OYMQY,Stayed,No,23,5687,90.95,2206.86,5,Month-to-Month,Credit Card,Offer D,Fiber Optic,No,Male,49,No,California,Covina
8564-LDKFL,Stayed,No,77,5118,106.00,5310.03,5,One Year,Bank Withdrawal,Offer B,Fiber Optic,No,Male,37,No,California,Big Bar
8565-CLBZW,Churned,Yes,95,2050,89.85,2836.33,3,Month-to-Month,Mailed Check,No Offer,Fiber Optic,No,Male,23,No,California,San Diego
8565-HBFNN,Stayed,No,51,5935,107.20,9619.63,4,One Year,Credit Card,Offer A,Fiber Optic,Yes,Male,51,No,California,Los Altos
8565-WUXZU,Stayed,No,54,4240,84.80,6538.37,4,Two Year,Credit Card,No Offer,Fiber Optic,Yes,Male,77,Yes,California,Vina
8566-YPRGL,Joined,No,23,5279,19.50,52.52,4,Month-to-Month,Credit Card,Offer E,No Internet Service,No,Female,57,No,California,Long Beach
8570-KLJYJ,Stayed,No,56,4462,54.45,2827.70,3,One Year,Credit Card,No Offer,DSL,No,Female,40,No,California,Arroyo Grande
8571-ZCMCX,Stayed,No,48,3248,60.00,2768.65,3,Two Year,Credit Card,No Offer,DSL,No,Female,37,No,California,Fresno
8573-CGOCC,Stayed,No,55,5433,19.75,691.54,5,Month-to-Month,Credit Card,No Offer,No Internet Service,No,Male,48,No,California,Stockton
8573-JGCZW,Stayed,No,35,4774,19.65,1163.98,5,One Year,Bank Withdrawal,No Offer,No Internet Service,No,Male,27,No,California,Idyllwild
8577-QSOCG,Stayed,No,63,2631,20.20,1765.97,4,Two Year,Credit Card,No Offer,No Internet Service,No,Female,54,No,California,Berkeley
8580-AECUZ,Churned,Yes,92,5001,79.10,121.40,3,Month-to-Month,Bank Withdrawal,No Offer,Fiber Optic,No,Male,65,Yes,California,San Diego
8580-QVLOC,Churned,Yes,78,5697,92.45,8295.69,1,Two Year,Credit Card,No Offer,DSL,Yes,Female,78,Yes,California,Merced
8582-KRHPJ,Stayed,No,45,5629,35.00,1782.40,3,Month-to-Month,Credit Card,Offer B,DSL,No,Male,51,No,California,Moraga
8584-KMVXD,Stayed,No,31,2934,75.60,635.15,3,Month-to-Month,Bank Withdrawal,Offer E,Fiber Optic,No,Female,64,No,California,Calistoga
8587-XYZSF,Stayed,No,63,6064,50.55,5442.96,5,Two Year,Bank Withdrawal,Offer A,DSL,Yes,Male,60,No,California,Bellflower
8590-OHDIW,Stayed,No,51,4686,20.30,2422.86,5,One Year,Credit Card,Offer C,No Internet Service,No,Female,52,No,California,Garden Grove
8590-YFFQO,Stayed,No,78,5669,64.95,4594.46,3,Two Year,Credit Card,Offer A,DSL,Yes,Male,24,No,California,Morgan Hill
8591-NXRCV,Stayed,No,77,3859,74.65,4464.93,4,Month-to-Month,Bank Withdrawal,Offer B,DSL,Yes,Female,47,No,California,Malibu
8591-TKMZH,Stayed,No,76,4952,111.10,9275.10,4,Two Year,Credit Card,Offer B,Fiber Optic,Yes,Male,40,No,California,Claremont
8592-PLTMQ,Stayed,No,32,5655,24.70,1900.67,5,One Year,Mailed Check,Offer B,No Internet Service,No,Female,53,No,California,Fontana
8593-WHYHV,Churned,Yes,67,4934,85.30,307.64,1,Month-to-Month,Bank Withdrawal,Offer E,Fiber Optic,No,Male,46,No,California,Los Angeles
8595-SIZNC,Stayed,No,75,2628,25.60,884.74,4,One Year,Bank Withdrawal,Offer D,No Internet Service,No,Female,69,Yes,California,Los Angeles
8597-CTXVJ,Stayed,No,65,5392,64.95,6394.03,4,One Year,Bank Withdrawal,No Offer,Cable,Yes,Male,31,No,California,Jenner
8597-CWYHH,Stayed,No,53,5845,94.35,5693.76,3,One Year,Credit Card,No Offer,Fiber Optic,No,Male,50,No,California,Torrance
8601-QACRS,Churned,Yes,94,2353,50.60,455.45,2,Month-to-Month,Mailed Check,Offer E,Cable,No,Female,54,No,California,Fallbrook
8603-IJWDN,Churned,Yes,93,5228,86.60,92.03,3,Month-to-Month,Bank Withdrawal,Offer E,Fiber Optic,No,Male,41,No,California,Pinole
8605-ITULD,Joined,No,31,5750,19.55,24.65,3,Month-to-Month,Credit Card,No Offer,No Internet Service,No,Female,21,No,California,Crescent Mills
8606-CIQUL,Stayed,No,60,5168,115.75,10725.31,4,Two Year,Credit Card,Offer A,Fiber Optic,Yes,Male,77,Yes,California,Temecula
8606-OEGQZ,Stayed,No,78,3416,25.30,998.61,4,Two Year,Credit Card,Offer D,No Internet Service,No,Female,45,No,California,Escalon
8608-OZTLB,Stayed,No,59,5975,74.05,3997.40,3,One Year,Bank Withdrawal,No Offer,DSL,Yes,Male,59,No,California,Applegate
8610-WFCJF,Churned,Yes,69,5732,95.60,7215.37,1,Month-to-Month,Bank Withdrawal,No Offer,Fiber Optic,No,Female,53,No,California,Palo Alto
8610-ZIKJJ,Joined,No,58,2843,20.30,102.74,3,One Year,Credit Card,No Offer,No Internet Service,No,Female,57,No,California,Tujunga
8612-GXIDD,Stayed,No,71,2219,25.40,842.44,3,Two Year,Bank Withdrawal,Offer D,No Internet Service,No,Male,55,No,California,San Bernardino
8614-VGMMV,Churned,Yes,86,5209,49.10,825.20,1,Month-to-Month,Bank Withdrawal,No Offer,DSL,No,Female,33,No,California,Riverside
8617-ENBDS,Joined,No,53,5510,73.60,324.52,5,Month-to-Month,Credit Card,No Offer,Fiber Optic,No,Male,29,No,California,Helendale
8619-IJNDK,Stayed,No,71,4374,64.05,4827.31,4,Two Year,Credit Card,No Offer,DSL,Yes,Female,64,No,California,Santa Ana
8620-RJPZN,Joined,No,68,3061,20.70,66.56,5,Month-to-Month,Bank Withdrawal,No Offer,No Internet Service,No,Female,27,No,California,Los Altos
8621-MNIHH,Churned,Yes,88,3369,94.25,3315.47,1,Month-to-Month,Bank Withdrawal,No Offer,Fiber Optic,No,Female,75,Yes,California,Madison
8622-ZLFKO,Stayed,No,54,4297,90.75,652.35,4,Month-to-Month,Bank Withdrawal,No Offer,Fiber Optic,No,Female,56,No,California,Fresno
8623-TMRBY,Churned,Yes,74,6245,84.20,6368.63,2,Month-to-Month,Bank Withdrawal,Offer B,Cable,No,Male,80,Yes,California,Chula Vista
8623-ULFNQ,Stayed,No,43,3225,66.05,1919.01,5,Two Year,Bank Withdrawal,No Offer,DSL,Yes,Female,79,Yes,California,Cerritos
8624-GIOUT,Churned,Yes,78,6006,59.75,4691.93,1,Month-to-Month,Credit Card,Offer B,DSL,No,Female,40,No,California,Seeley
8625-AZYZY,Churned,Yes,72,4734,104.65,2614.45,3,Month-to-Month,Bank Withdrawal,Offer C,Fiber Optic,No,Male,51,No,California,Anza
8626-PTQGE,Stayed,No,22,5388,60.05,4135.49,3,Two Year,Bank Withdrawal,No Offer,Cable,Yes,Male,62,No,California,Escondido
8626-XHBIE,Stayed,No,79,4262,24.80,2682.52,3,Two Year,Credit Card,Offer B,No Internet Service,No,Male,48,No,California,Riverdale
8627-EHGIP,Churned,Yes,91,3051,53.95,2375.40,2,One Year,Credit Card,Offer B,Cable,No,Male,38,No,California,Sacramento
8627-ZYGSZ,Stayed,No,61,3817,78.90,5507.79,5,One Year,Bank Withdrawal,Offer B,Fiber Optic,No,Male,32,No,California,Compton
8628-MFKAX,Stayed,No,68,5098,116.75,9339.05,3,Two Year,Credit Card,Offer A,Fiber Optic,Yes,Female,79,Yes,California,San Pablo
8630-FJLIB,Stayed,No,68,2421,69.80,1835.81,4,Month-to-Month,Bank Withdrawal,Offer D,Fiber Optic,No,Female,35,No,California,San Jose
8630-QSGXK,Stayed,No,59,4708,75.20,4410.74,3,Two Year,Bank Withdrawal,Offer B,DSL,Yes,Male,39,No,California,Pinon Hills
8631-NBHFZ,Churned,Yes,73,5910,79.40,7286.58,1,Two Year,Credit Card,No Offer,DSL,Yes,Male,71,Yes,California,Running Springs
8631-WUXGY,Stayed,No,46,2405,99.80,5196.71,5,Month-to-Month,Bank Withdrawal,No Offer,Fiber Optic,No,Female,26,No,California,Magalia
8631-XVRZL,Stayed,No,70,4004,20.15,601.19,4,One Year,Mailed Check,Offer E,No Internet Service,No,Male,40,No,California,Kyburz
8634-CILSZ,Churned,Yes,71,6350,104.70,8630.71,3,One Year,Bank Withdrawal,Offer A,Fiber Optic,Yes,Male,52,No,California,San Diego
8634-MPHTR,Churned,Yes,91,5166,100.05,5292.64,1,Month-to-Month,Bank Withdrawal,No Offer,Fiber Optic,No,Male,68,Yes,California,Forbestown
8637-XJIVR,Churned,Yes,86,5806,78.95,1311.43,1,Month-to-Month,Bank Withdrawal,No Offer,Fiber Optic,No,Female,34,No,California,Marina Del Rey
8639-NHQEI,Stayed,No,30,4213,95.90,7807.35,3,Two Year,Bank Withdrawal,No Offer,Fiber Optic,No,Female,26,No,California,Seiad Valley
8640-SDGKB,Churned,Yes,69,3633,74.40,415.26,2,Month-to-Month,Bank Withdrawal,No Offer,DSL,Yes,Male,39,No,California,Los Angeles
8642-GVWRF,Churned,Yes,65,3039,79.70,222.72,1,Month-to-Month,Bank Withdrawal,No Offer,Fiber Optic,No,Female,25,No,California,Capitola
8644-XLFBW,Churned,Yes,84,5674,71.65,100.11,2,Month-to-Month,Bank Withdrawal,Offer E,Fiber Optic,No,Male,65,Yes,California,Lake Elsinore
8644-XYTSV,Stayed,No,68,4348,40.15,1626.05,4,Month-to-Month,Bank Withdrawal,Offer B,DSL,No,Male,37,No,California,Ballico
8645-KOMJQ,Stayed,No,59,6182,81.95,8993.44,5,Two Year,Bank Withdrawal,Offer A,DSL,Yes,Male,20,No,California,Orosi
8645-KWHJO,Stayed,No,23,4900,55.00,771.95,3,Month-to-Month,Bank Withdrawal,Offer D,DSL,Yes,Male,47,No,California,San Gabriel
8646-JCOMS,Stayed,No,38,4958,90.55,6904.47,5,One Year,Bank Withdrawal,Offer A,Fiber Optic,Yes,Female,43,No,California,Maywood
8647-SDTWQ,Stayed,No,65,4133,74.30,6935.50,5,Month-to-Month,Bank Withdrawal,Offer B,Fiber Optic,No,Male,59,No,California,Hood
8648-PFRMP,Stayed,No,44,2056,46.35,672.70,4,Two Year,Bank Withdrawal,No Offer,Cable,No,Female,71,Yes,California,Ferndale
8650-RHRKE,Churned,Yes,71,4207,29.65,118.50,3,Month-to-Month,Bank Withdrawal,Offer E,DSL,No,Male,27,No,California,Oakdale
8651-ENBZX,Churned,Yes,78,5507,106.00,8614.80,3,One Year,Bank Withdrawal,No Offer,Fiber Optic,Yes,Female,68,Yes,California,Grizzly Flats
8652-YHIYU,Stayed,No,64,5040,79.50,1699.88,4,One Year,Credit Card,Offer D,Fiber Optic,Yes,Female,30,No,California,San Jose
8654-DHAOW,Joined,No,27,3527,54.15,154.25,5,Month-to-Month,Credit Card,Offer E,DSL,No,Female,47,No,California,Burson
8659-HDIYE,Stayed,No,58,5113,74.65,6595.11,4,Two Year,Credit Card,No Offer,DSL,Yes,Female,68,Yes,California,Los Angeles
8659-IOOPU,Stayed,No,34,6171,100.45,9426.94,3,Two Year,Bank Withdrawal,Offer A,Fiber Optic,Yes,Female,25,No,California,Moss Landing
8660-BUETV,Joined,No,20,3422,44.75,262.72,5,Month-to-Month,Credit Card,No Offer,Cable,No,Female,37,No,California,Riverside
8661-BOYNW,Stayed,No,44,5046,84.40,6474.45,3,Two Year,Credit Card,Offer A,DSL,Yes,Female,38,No,California,Tollhouse
8663-UPDGF,Stayed,No,55,3866,69.50,2460.45,4,Month-to-Month,Bank Withdrawal,Offer C,DSL,No,Female,54,No,California,Whittier
8665-UTDHZ,Churned,Yes,90,2915,30.20,30.20,1,Month-to-Month,Bank Withdrawal,No Offer,DSL,No,Male,27,No,California,Los Angeles
8668-KNZTI,Stayed,No,23,5957,53.75,5238.33,3,One Year,Bank Withdrawal,No Offer,DSL,No,Male,42,No,California,Sacramento
8670-ERCJH,Stayed,No,56,6347,113.40,8348.42,3,Two Year,Bank Withdrawal,Offer A,Fiber Optic,Yes,Male,33,No,California,Portola Valley
8670-MEFCP,Stayed,No,77,3570,92.90,4838.69,3,Two Year,Credit Card,No Offer,Cable,Yes,Female,23,No,California,Tranquillity
8671-KKKOS,Stayed,No,27,5565,45.55,2062.15,4,Month-to-Month,Bank Withdrawal,Offer B,DSL,No,Female,50,No,California,Newman
8672-OAUPW,Stayed,No,56,4138,47.85,4204.45,4,One Year,Credit Card,No Offer,DSL,Yes,Male,48,No,California,Corona
8676-OOQEJ,Stayed,No,29,3030,30.50,118.40,4,Month-to-Month,Bank Withdrawal,No Offer,Cable,Yes,Male,52,No,California,Amboy
8676-TRMJS,Churned,Yes,88,3190,75.00,312.57,1,Month-to-Month,Credit Card,No Offer,Fiber Optic,No,Male,27,No,California,Torrance
8677-HDZEE,Stayed,No,55,4212,105.45,6056.95,3,Month-to-Month,Bank Withdrawal,Offer B,Fiber Optic,Yes,Female,42,No,California,Mountain Center
8679-JOEVF,Churned,Yes,87,5556,59.40,1613.18,1,Month-to-Month,Bank Withdrawal,No Offer,DSL,Yes,Female,75,Yes,California,Sacramento
8679-LZBMD,Stayed,No,26,3786,90.65,5019.15,5,One Year,Bank Withdrawal,No Offer,Fiber Optic,No,Male,30,No,California,North Fork
8680-CGLTP,Stayed,No,80,5198,58.75,1978.20,3,One Year,Bank Withdrawal,Offer C,DSL,Yes,Male,35,No,California,Nicasio
8681-ICONS,Stayed,No,72,4667,20.65,1369.41,3,Month-to-Month,Mailed Check,No Offer,No Internet Service,No,Male,20,No,California,Sacramento
8685-WHQPW,Churned,Yes,81,2407,74.40,1804.58,1,Month-to-Month,Bank Withdrawal,No Offer,Fiber Optic,No,Female,79,Yes,California,San Diego
8687-BAFGU,Joined,No,34,4148,74.00,97.70,4,Month-to-Month,Bank Withdrawal,Offer E,Fiber Optic,Yes,Male,34,No,California,Clovis
8690-UPCZI,Stayed,No,33,4459,69.05,3062.75,4,One Year,Bank Withdrawal,Offer C,DSL,Yes,Male,26,No,California,Los Angeles
8690-ZVLCL,Stayed,No,44,5436,88.00,9160.58,3,Two Year,Credit Card,No Offer,DSL,Yes,Female,49,No,California,Los Angeles
8695-ARGXZ,Stayed,No,22,5381,75.55,2495.78,5,Month-to-Month,Bank Withdrawal,No Offer,Fiber Optic,No,Male,66,Yes,California,Fresno
8695-WDYEA,Joined,No,57,4483,51.25,90.55,4,Month-to-Month,Credit Card,No Offer,DSL,No,Male,32,No,California,Chico
8696-JKZNU,Churned,Yes,91,5859,76.25,3838.70,3,Month-to-Month,Bank Withdrawal,Offer C,Fiber Optic,No,Female,78,Yes,California,Anderson
8699-ASUFO,Churned,Yes,96,4969,74.40,557.88,3,Month-to-Month,Credit Card,No Offer,Fiber Optic,No,Male,72,Yes,California,Nuevo
8701-DGLVH,Stayed,No,65,6097,20.45,3461.58,4,Two Year,Credit Card,No Offer,No Internet Service,No,Male,36,No,California,Elk Grove
8705-DWKTI,Stayed,No,40,6339,83.80,4709.24,3,Month-to-Month,Credit Card,No Offer,Fiber Optic,No,Male,58,No,California,Gasquet
8705-WZCYL,Joined,No,31,2269,44.80,72.26,4,Month-to-Month,Bank Withdrawal,Offer E,DSL,No,Male,40,No,California,Encinitas
8706-HRADD,Stayed,No,63,5808,43.55,1011.50,4,Month-to-Month,Credit Card,Offer D,DSL,Yes,Male,29,No,California,Sunnyvale
8707-HOEDG,Stayed,No,53,4098,110.20,8225.50,3,Two Year,Bank Withdrawal,No Offer,Fiber Optic,Yes,Female,26,No,California,Palmdale
8707-RMEZH,Stayed,No,69,4148,87.30,8439.50,3,One Year,Credit Card,No Offer,Fiber Optic,No,Female,67,Yes,California,Tecate
8708-XPXHZ,Churned,Yes,95,5458,94.20,4473.58,1,Month-to-Month,Bank Withdrawal,No Offer,Fiber Optic,No,Female,25,No,California,Castella
8709-KRDVL,Stayed,No,76,4643,100.00,3867.41,5,Month-to-Month,Bank Withdrawal,No Offer,Fiber Optic,No,Female,44,No,California,Scott Bar
8710-YGLWG,Joined,No,21,2451,44.90,60.66,3,Month-to-Month,Credit Card,Offer E,DSL,No,Male,44,No,California,North Hills
8711-LOBKY,Stayed,No,59,6144,19.85,3618.46,3,Two Year,Credit Card,No Offer,No Internet Service,No,Male,50,No,California,Navarro
8713-IGZSO,Joined,No,57,5983,24.85,142.50,3,Month-to-Month,Credit Card,Offer E,No Internet Service,No,Male,50,No,California,Salinas
8714-CTZJW,Stayed,No,80,3154,82.85,398.96,3,Month-to-Month,Credit Card,Offer E,Fiber Optic,No,Female,24,No,California,Pilot Hill
8714-EUHJO,Churned,Yes,83,5219,91.15,4194.22,2,Month-to-Month,Bank Withdrawal,No Offer,Cable,No,Female,39,No,California,Castella
8715-KKTFG,Stayed,No,27,5401,103.30,7618.18,5,One Year,Bank Withdrawal,Offer B,Fiber Optic,Yes,Female,63,No,California,Roseville
8717-VCTXJ,Stayed,No,43,5293,19.55,2860.46,3,One Year,Credit Card,No Offer,No Internet Service,No,Male,32,No,California,Santa Cruz
8718-PTMEZ,Churned,Yes,90,5131,31.05,347.25,2,Month-to-Month,Bank Withdrawal,No Offer,Cable,No,Female,46,No,California,Lake Elsinore
8720-RQSBJ,Joined,No,46,4320,44.00,72.67,4,Two Year,Bank Withdrawal,Offer E,DSL,No,Male,69,Yes,California,Armona
8722-NGNBH,Churned,Yes,80,3125,40.00,223.45,1,Month-to-Month,Credit Card,No Offer,Cable,Yes,Male,25,No,California,Walnut
8722-PRFDV,Stayed,No,27,5097,77.55,9036.31,3,Two Year,Credit Card,Offer A,Cable,No,Female,21,No,California,Los Angeles
8725-JEDFD,Stayed,No,27,3241,69.05,2714.99,5,Month-to-Month,Credit Card,No Offer,Fiber Optic,No,Male,26,No,California,Calabasas
8727-JQFHV,Stayed,No,68,4937,20.75,2812.63,3,Two Year,Credit Card,No Offer,No Internet Service,No,Male,60,No,California,Dunsmuir
8727-XDPUD,Stayed,No,68,5658,35.80,1416.90,3,Two Year,Credit Card,No Offer,DSL,No,Male,51,No,California,Sacramento
8728-SKJLR,Stayed,No,78,3277,74.25,3133.38,3,Month-to-Month,Bank Withdrawal,Offer B,Fiber Optic,Yes,Male,45,No,California,Olancha
8731-WBBMB,Stayed,No,55,3350,81.90,2325.67,4,Month-to-Month,Bank Withdrawal,No Offer,Cable,Yes,Female,26,No,California,San Diego
8734-DKSTZ,Stayed,No,20,4922,85.95,923.60,3,Month-to-Month,Bank Withdrawal,Offer D,Fiber Optic,No,Female,20,No,California,Winterhaven
8734-FNWVH,Stayed,No,20,2425,59.70,2776.27,5,Month-to-Month,Bank Withdrawal,No Offer,DSL,No,Male,21,No,California,West Covina
8735-DCXNF,Stayed,No,26,3519,54.95,787.35,3,Month-to-Month,Credit Card,Offer D,DSL,Yes,Male,34,No,California,Pilot Hill
8735-IJJEG,Stayed,No,48,4253,50.20,725.55,3,Month-to-Month,Credit Card,No Offer,DSL,No,Male,27,No,California,Guatay
8735-NBLWT,Stayed,No,67,4195,20.40,596.57,4,Month-to-Month,Credit Card,Offer E,No Internet Service,No,Male,34,No,California,Foresthill
8735-SDUFN,Stayed,No,55,4397,24.30,2403.66,5,Two Year,Bank Withdrawal,Offer A,No Internet Service,No,Female,65,Yes,California,Salinas
8738-JOKAR,Stayed,No,36,5034,67.70,4533.69,4,One Year,Credit Card,No Offer,Cable,Yes,Female,55,No,California,Covina
8739-QOTTN,Joined,No,74,5761,20.35,52.69,4,Month-to-Month,Credit Card,Offer E,No Internet Service,No,Female,35,No,California,Avalon
8739-WWKDU,Churned,Yes,90,4849,89.50,2657.65,1,Month-to-Month,Bank Withdrawal,No Offer,Fiber Optic,No,Male,69,Yes,California,San Diego
8739-XNIKG,Stayed,No,54,4456,84.00,667.20,4,Month-to-Month,Bank Withdrawal,No Offer,Fiber Optic,No,Female,29,No,California,Bakersfield
8740-CRYFY,Churned,Yes,75,2038,78.95,102.91,2,Month-to-Month,Bank Withdrawal,Offer E,Fiber Optic,No,Male,62,No,California,Sacramento
8740-XLHDR,Churned,Yes,67,5824,43.25,219.00,2,Month-to-Month,Mailed Check,No Offer,Cable,Yes,Male,30,No,California,Greenwood
8741-LQOBK,Stayed,No,33,4829,35.05,1620.25,3,Month-to-Month,Bank Withdrawal,No Offer,DSL,No,Female,27,No,California,Elmira
8745-PVESG,Stayed,No,41,5281,41.10,2258.25,4,One Year,Credit Card,No Offer,DSL,Yes,Female,44,No,California,Rancho Santa Fe
8746-BFOAJ,Stayed,No,62,5766,20.50,917.38,4,One Year,Bank Withdrawal,No Offer,No Internet Service,No,Male,79,Yes,California,Garden Grove
8746-OQQRW,Stayed,No,43,3962,25.25,116.66,5,Month-to-Month,Credit Card,Offer E,No Internet Service,No,Male,64,No,California,Hopland
8747-UDCOI,Stayed,No,71,5076,19.35,4482.85,3,Two Year,Bank Withdrawal,Offer B,No Internet Service,No,Female,29,No,California,Sun City
8748-HFWBO,Stayed,No,29,5964,19.90,974.63,5,One Year,Credit Card,Offer D,No Internet Service,No,Male,49,No,California,Camino
8749-CLJXC,Joined,No,79,2067,20.05,33.56,5,Month-to-Month,Credit Card,No Offer,No Internet Service,No,Male,56,No,California,Ahwahnee
8749-JMNKX,Churned,Yes,83,4788,93.80,5880.09,1,Month-to-Month,Bank Withdrawal,Offer B,Fiber Optic,No,Male,80,Yes,California,Montebello
8749-TZYEC,Stayed,No,71,6251,24.80,2845.88,3,Two Year,Credit Card,No Offer,No Internet Service,No,Male,38,No,California,Yorba Linda
8750-QWZAJ,Stayed,No,22,5169,19.80,4769.55,4,Two Year,Bank Withdrawal,Offer A,No Internet Service,No,Female,38,No,California,Orange
8751-EDEKA,Stayed,No,55,3676,89.90,3360.02,4,Month-to-Month,Credit Card,No Offer,Fiber Optic,No,Female,56,No,California,Rancho Santa Fe
8752-GHJFU,Stayed,No,66,4322,92.00,9183.80,3,One Year,Bank Withdrawal,No Offer,Fiber Optic,Yes,Male,70,Yes,California,Applegate
8752-IMQOS,Stayed,No,42,2894,20.10,111.10,3,One Year,Credit Card,No Offer,No Internet Service,No,Male,28,No,California,Fullerton
8752-STIVR,Churned,Yes,69,2085,79.00,413.43,3,Month-to-Month,Bank Withdrawal,No Offer,Fiber Optic,No,Female,61,No,California,Elmira
8755-IWJHN,Stayed,No,21,6132,95.35,9825.79,3,Two Year,Bank Withdrawal,No Offer,Fiber Optic,No,Male,73,Yes,California,Honeydew
8755-OGKNA,Stayed,No,45,5864,19.50,3549.69,3,Two Year,Bank Withdrawal,Offer B,No Internet Service,No,Female,33,No,California,Laton
8756-RDDLT,Stayed,No,63,5750,44.95,3085.35,3,Month-to-Month,Bank Withdrawal,No Offer,Cable,Yes,Female,53,No,California,San Leandro
8757-TFHHJ,Joined,No,24,2978,49.80,88.01,3,Month-to-Month,Credit Card,No Offer,Cable,No,Male,55,No,California,San Jose
8760-ZRHKE,Stayed,No,65,5546,69.20,8432.39,4,One Year,Bank Withdrawal,No Offer,DSL,No,Female,80,Yes,California,Berry Creek
8761-NSOBC,Churned,Yes,81,3486,100.55,6286.63,2,Month-to-Month,Bank Withdrawal,No Offer,Fiber Optic,Yes,Male,41,No,California,Gridley
8763-KIAFH,Stayed,No,31,2269,20.55,1149.22,4,One Year,Credit Card,No Offer,No Internet Service,No,Female,37,No,California,Whittier
8766-PAFNE,Stayed,No,29,5872,79.10,7554.27,5,Two Year,Credit Card,Offer A,DSL,Yes,Male,21,No,California,Hayward
8769-KKTPH,Stayed,No,79,4572,99.65,6401.29,3,One Year,Credit Card,Offer B,Fiber Optic,No,Female,44,No,California,Los Angeles
8773-HHUOZ,Churned,Yes,74,3022,64.70,1782.45,1,Month-to-Month,Credit Card,No Offer,Cable,No,Female,20,No,California,Los Angeles
8774-GSBUN,Stayed,No,46,6011,25.40,2095.90,5,Two Year,Credit Card,No Offer,No Internet Service,No,Male,40,No,California,Compton
8775-CEBBJ,Churned,Yes,87,2029,44.20,780.63,2,Month-to-Month,Bank Withdrawal,No Offer,Cable,No,Female,40,No,California,Seeley
8775-ERLNB,Joined,No,47,2968,74.30,92.14,5,Two Year,Bank Withdrawal,No Offer,Fiber Optic,No,Male,76,Yes,California,Indio
8775-LHDJH,Churned,Yes,93,2905,90.60,103.62,2,Month-to-Month,Bank Withdrawal,Offer E,Fiber Optic,No,Female,77,Yes,California,San Jose
8777-MBMTS,Stayed,No,80,4872,105.85,9097.35,4,Two Year,Credit Card,Offer B,Fiber Optic,Yes,Female,65,Yes,California,West Covina
8777-PVYGU,Stayed,No,73,4405,64.30,3630.04,4,One Year,Mailed Check,Offer B,DSL,No,Female,36,No,California,Burson
8778-LMWTJ,Stayed,No,66,5770,74.85,825.65,3,Month-to-Month,Bank Withdrawal,No Offer,Fiber Optic,No,Female,28,No,California,River Pines
8779-QRDMV,Churned,Yes,91,5433,39.65,59.65,3,Month-to-Month,Bank Withdrawal,No Offer,DSL,No,Male,78,Yes,California,Los Angeles
8779-YIQQA,Stayed,No,47,3243,19.80,728.10,3,One Year,Credit Card,No Offer,No Internet Service,No,Male,38,No,California,Pico Rivera
8780-IHCRN,Stayed,No,40,4392,24.65,3396.46,4,Two Year,Credit Card,No Offer,No Internet Service,No,Male,23,No,California,Healdsburg
8780-IXSTS,Churned,Yes,71,5656,90.10,528.20,1,Month-to-Month,Bank Withdrawal,No Offer,Fiber Optic,No,Female,53,No,California,San Diego
8780-RSYYU,Stayed,No,23,2159,19.20,682.10,4,Month-to-Month,Credit Card,Offer C,No Internet Service,No,Female,42,No,California,Dixon
8780-YRMTT,Stayed,No,27,6435,47.40,3177.25,3,Two Year,Mailed Check,Offer A,DSL,Yes,Female,64,No,California,Yountville
8782-LKFPK,Stayed,No,63,4751,90.40,6039.48,4,Month-to-Month,Credit Card,No Offer,Fiber Optic,No,Male,50,No,California,Beaumont
8782-NUUOL,Stayed,No,43,4807,79.00,6908.90,3,One Year,Credit Card,No Offer,DSL,Yes,Male,62,No,California,Crescent Mills
8784-CGILN,Churned,Yes,91,3068,99.85,2433.77,1,Month-to-Month,Bank Withdrawal,No Offer,Fiber Optic,Yes,Female,34,No,California,Tarzana
8785-CJSHH,Stayed,No,38,6213,99.80,8054.55,4,Month-to-Month,Bank Withdrawal,No Offer,Fiber Optic,No,Female,22,No,California,West Sacramento
8785-EPNCG,Churned,Yes,65,5671,23.15,585.21,1,Month-to-Month,Credit Card,No Offer,No Internet Service,No,Male,42,No,California,Sacramento
8788-DOXSU,Stayed,No,27,6250,61.35,4217.80,3,One Year,Bank Withdrawal,No Offer,DSL,No,Male,46,No,California,Frazier Park
8791-GFXLZ,Stayed,No,70,4244,49.05,1101.09,5,Month-to-Month,Bank Withdrawal,No Offer,DSL,No,Male,58,No,California,San Jose
8792-AOROI,Stayed,No,72,2985,65.50,753.79,3,Two Year,Credit Card,Offer E,DSL,Yes,Female,23,No,California,Glendora
8799-OXZMD,Stayed,No,67,5463,29.75,790.70,5,Month-to-Month,Credit Card,Offer C,DSL,No,Female,35,No,California,Los Angeles
8800-JOOCF,Stayed,No,77,4621,84.05,1180.75,4,Month-to-Month,Bank Withdrawal,No Offer,Fiber Optic,No,Female,56,No,California,Fallbrook
8800-ZKRFW,Stayed,No,51,3094,107.50,3979.30,4,Month-to-Month,Bank Withdrawal,No Offer,Fiber Optic,Yes,Female,62,No,California,Philo
8802-UNOJF,Churned,Yes,78,5565,83.80,1408.73,1,Month-to-Month,Credit Card,Offer D,Cable,Yes,Male,65,Yes,California,Philo
8805-JNRAZ,Joined,No,75,2342,49.20,162.26,5,Month-to-Month,Credit Card,Offer E,Cable,No,Female,44,No,California,Huntington Beach
8806-EAGWC,Churned,Yes,78,5698,55.15,227.46,2,Month-to-Month,Credit Card,Offer E,DSL,No,Male,25,No,California,Old Station
8807-ARQET,Stayed,No,79,2454,40.35,1677.85,5,Month-to-Month,Bank Withdrawal,Offer B,Cable,No,Female,59,No,California,Angels Camp
8807-OPMBM,Stayed,No,42,4466,25.65,1467.20,5,Two Year,Credit Card,Offer B,No Internet Service,No,Female,36,No,California,Newbury Park
8808-ELEHO,Churned,Yes,72,3812,81.25,626.11,1,Month-to-Month,Bank Withdrawal,No Offer,Fiber Optic,No,Male,66,Yes,California,Modesto
8809-RIHDD,Churned,Yes,83,5055,103.40,7593.69,3,Two Year,Bank Withdrawal,No Offer,Fiber Optic,No,Male,47,No,California,Sacramento
8809-XKHMD,Stayed,No,54,6082,100.55,10481.58,5,Two Year,Bank Withdrawal,Offer A,Fiber Optic,Yes,Male,62,No,California,Sacramento
8812-ZRHFP,Stayed,No,24,2923,86.45,3990.95,3,One Year,Bank Withdrawal,Offer C,Fiber Optic,No,Female,53,No,California,San Francisco
8815-LMFLX,Stayed,No,26,5250,25.40,1035.85,3,Month-to-Month,Bank Withdrawal,Offer C,No Internet Service,No,Male,61,No,California,Martinez
8816-VXNZD,Churned,Yes,83,4335,75.10,81.04,2,Month-to-Month,Bank Withdrawal,No Offer,Fiber Optic,No,Female,36,No,California,Coronado
8818-DOPVL,Stayed,No,76,4103,104.45,6720.89,3,Two Year,Bank Withdrawal,Offer B,Fiber Optic,No,Female,65,Yes,California,El Cerrito
8818-XYFCQ,Churned,Yes,71,5026,99.55,4353.07,1,Month-to-Month,Credit Card,Offer C,Fiber Optic,No,Male,39,No,California,Walnut Creek
8819-IMISP,Stayed,No,49,4684,80.45,3578.27,4,Month-to-Month,Bank Withdrawal,No Offer,Fiber Optic,No,Male,43,No,California,Redlands
8819-WFGGJ,Stayed,No,30,4601,54.10,3794.50,3,Two Year,Bank Withdrawal,Offer A,Cable,No,Male,42,No,California,Grimes
8819-ZBYNA,Stayed,No,57,4935,109.10,8548.35,3,Two Year,Credit Card,No Offer,Fiber Optic,Yes,Female,51,No,California,Murrieta
8821-KVZKQ,Stayed,No,43,4117,58.40,4080.62,5,One Year,Bank Withdrawal,Offer A,Cable,Yes,Female,52,No,California,Fort Bragg
8821-XNHVZ,Churned,Yes,82,2943,80.05,119.84,3,Month-to-Month,Mailed Check,No Offer,Fiber Optic,No,Female,53,No,California,San Diego
8822-KNBHV,Stayed,No,58,4250,83.45,6072.33,4,One Year,Credit Card,No Offer,DSL,No,Female,30,No,California,Los Angeles
8823-RLPWL,Stayed,No,22,4259,110.65,11032.77,4,Two Year,Credit Card,Offer A,Fiber Optic,No,Female,24,No,California,Rosamond
8824-RWFXJ,Churned,Yes,83,2539,56.15,256.02,1,Month-to-Month,Mailed Check,Offer E,Cable,No,Male,21,No,California,Santa Cruz
8835-VSDSE,Churned,Yes,86,4559,70.70,160.97,2,Month-to-Month,Bank Withdrawal,Offer E,Cable,No,Female,28,No,California,San Diego
8837-VVWLQ,Churned,Yes,81,4437,84.95,926.88,1,Month-to-Month,Bank Withdrawal,No Offer,Fiber Optic,No,Female,35,No,California,Capistrano Beach
8838-GPHZP,Stayed,No,23,6469,20.60,2342.61,5,Two Year,Credit Card,No Offer,No Internet Service,No,Female,25,No,California,Orange
8840-DQLGN,Churned,Yes,81,4745,100.50,4212.65,1,Month-to-Month,Bank Withdrawal,No Offer,Cable,Yes,Female,65,Yes,California,Burbank
8844-TONUD,Churned,Yes,75,5295,96.65,1755.65,1,Month-to-Month,Mailed Check,Offer D,Fiber Optic,No,Male,54,No,California,Acampo
8845-LWKGE,Stayed,No,60,2215,64.50,3087.35,5,One Year,Bank Withdrawal,Offer C,Cable,Yes,Female,56,No,California,El Dorado
8847-GEOOQ,Stayed,No,76,5359,60.20,3582.40,5,Month-to-Month,Bank Withdrawal,Offer B,DSL,Yes,Male,34,No,California,Fontana
8849-AYPTR,Stayed,No,57,3296,91.25,3978.45,5,Month-to-Month,Bank Withdrawal,Offer C,Fiber Optic,No,Male,55,No,California,Sacramento
8849-GYOKR,Churned,Yes,90,4893,106.55,6240.12,1,One Year,Bank Withdrawal,No Offer,Fiber Optic,No,Female,59,No,California,Mineral
8849-PRIQJ,Stayed,No,49,4103,109.40,7464.36,3,One Year,Bank Withdrawal,No Offer,Fiber Optic,Yes,Female,53,No,California,Simi Valley
8851-RAGOV,Stayed,No,63,5620,71.05,1868.12,4,Month-to-Month,Credit Card,No Offer,DSL,Yes,Female,25,No,California,Simi Valley
8853-TZDGH,Stayed,No,59,5425,111.60,9754.43,5,Two Year,Bank Withdrawal,No Offer,Fiber Optic,Yes,Female,42,No,California,Palo Cedro
8854-CCVSQ,Churned,Yes,95,3788,80.65,2181.56,2,Month-to-Month,Bank Withdrawal,No Offer,Fiber Optic,No,Male,58,No,California,Browns Valley
8857-CUPFQ,Stayed,No,20,4538,19.25,2332.59,3,Two Year,Credit Card,Offer B,No Internet Service,No,Male,57,No,California,Wallace
8859-AXJZP,Stayed,No,30,3970,23.80,2056.64,5,Two Year,Credit Card,No Offer,No Internet Service,No,Male,39,No,California,Helm
8859-DZTGQ,Stayed,No,71,2507,20.35,1167.59,3,Two Year,Credit Card,No Offer,No Internet Service,No,Male,21,No,California,Petaluma
8859-YSTWS,Stayed,No,44,4254,19.95,1533.46,5,One Year,Bank Withdrawal,Offer B,No Internet Service,No,Male,43,No,California,Port Hueneme
8861-HGGKB,Churned,Yes,80,5699,86.45,1007.35,2,Month-to-Month,Bank Withdrawal,No Offer,Fiber Optic,No,Female,57,No,California,San Diego
8865-TNMNX,Stayed,No,22,2392,49.55,737.40,3,One Year,Credit Card,Offer D,DSL,No,Male,53,No,California,Los Angeles
8868-GAGIO,Stayed,No,44,3289,84.55,4739.95,3,Month-to-Month,Credit Card,No Offer,Fiber Optic,No,Male,49,No,California,Sunnyvale
8868-WOZGU,Churned,Yes,72,2464,105.70,3912.94,3,Month-to-Month,Bank Withdrawal,Offer C,Fiber Optic,No,Male,33,No,California,Porterville
8869-LIHMK,Stayed,No,78,5213,115.10,10169.89,3,Two Year,Bank Withdrawal,No Offer,Fiber Optic,Yes,Female,51,No,California,King City
8869-TORSS,Churned,Yes,69,2681,60.35,4524.08,1,One Year,Credit Card,No Offer,DSL,Yes,Female,51,No,California,Santa Rosa
8871-JLMHM,Stayed,No,55,4095,90.20,6529.53,4,Two Year,Credit Card,Offer A,Fiber Optic,Yes,Female,27,No,California,Los Angeles
8873-GLDMH,Stayed,No,76,4220,73.85,567.44,4,Month-to-Month,Credit Card,No Offer,Fiber Optic,No,Female,45,No,California,Courtland
8873-TMKGR,Stayed,No,38,5880,19.10,1965.58,4,One Year,Credit Card,Offer C,No Internet Service,No,Male,40,No,California,Sugarloaf
8874-EJNSR,Stayed,No,65,5453,25.20,1787.06,5,Two Year,Credit Card,No Offer,No Internet Service,No,Male,64,No,California,Salinas
8875-AKBYH,Stayed,No,70,4915,84.35,2265.40,4,Two Year,Bank Withdrawal,Offer D,Fiber Optic,No,Male,78,Yes,California,Mineral
8878-HMWBV,Churned,Yes,68,5598,49.15,301.42,1,Month-to-Month,Bank Withdrawal,Offer E,DSL,No,Male,47,No,California,Nice
8878-RYUKI,Stayed,No,40,6107,59.45,3530.94,3,Month-to-Month,Bank Withdrawal,No Offer,DSL,No,Female,30,No,California,Long Beach
8879-XUAHX,Stayed,No,47,6124,116.25,9004.24,3,Two Year,Bank Withdrawal,No Offer,Fiber Optic,Yes,Male,42,No,California,Irvine
8879-ZKJOF,Stayed,No,48,5556,79.85,4887.36,4,One Year,Bank Withdrawal,No Offer,DSL,Yes,Female,57,No,California,Gardena
8882-TLVRW,Stayed,No,53,5987,39.10,2779.50,3,Two Year,Credit Card,No Offer,DSL,Yes,Male,52,No,California,Big Creek
8883-ANODQ,Stayed,No,34,5045,84.40,7442.67,5,Two Year,Credit Card,No Offer,Fiber Optic,No,Female,44,No,California,Termo
8883-GRDWQ,Stayed,No,20,5090,54.00,1502.10,4,One Year,Credit Card,No Offer,DSL,Yes,Male,68,Yes,California,Stinson Beach
8884-ADFVN,Churned,Yes,74,2016,101.95,943.47,1,Month-to-Month,Bank Withdrawal,No Offer,Fiber Optic,No,Male,65,Yes,California,Roseville
8884-FEEWR,Stayed,No,70,2858,20.60,2224.70,4,One Year,Bank Withdrawal,Offer C,No Internet Service,No,Male,22,No,California,El Dorado Hills
8884-MRNSU,Stayed,No,63,3526,19.90,579.48,3,One Year,Bank Withdrawal,Offer D,No Internet Service,No,Male,61,No,California,Caruthers
8885-QSQBX,Joined,No,36,5277,49.55,60.38,4,Month-to-Month,Bank Withdrawal,No Offer,DSL,No,Female,45,No,California,Forest Falls
8887-IPQNC,Stayed,No,58,5014,44.25,533.46,5,Month-to-Month,Credit Card,No Offer,DSL,No,Female,61,No,California,Manhattan Beach
8894-JVDCV,Stayed,No,43,6494,115.05,9417.53,4,One Year,Credit Card,Offer B,Fiber Optic,Yes,Female,39,No,California,Riverside
8896-BQTTI,Joined,No,53,2371,25.00,28.39,3,Month-to-Month,Credit Card,Offer E,No Internet Service,No,Male,41,No,California,Cool
8896-RAZCR,Stayed,No,63,2809,19.90,1459.90,5,Two Year,Mailed Check,Offer B,No Internet Service,No,Female,42,No,California,Oro Grande
8898-KASCD,Stayed,No,76,3752,35.55,1309.15,3,One Year,Credit Card,No Offer,DSL,Yes,Male,41,No,California,Biggs
8901-HJXTF,Churned,Yes,94,3747,29.20,309.10,1,Month-to-Month,Mailed Check,No Offer,DSL,No,Female,46,No,California,San Diego
8901-UPRHR,Stayed,No,68,6130,109.20,10881.61,4,Two Year,Bank Withdrawal,Offer A,Fiber Optic,Yes,Female,40,No,California,La Grange
8902-ZEOVF,Stayed,No,64,5183,20.05,1257.52,5,One Year,Credit Card,Offer B,No Internet Service,No,Male,28,No,California,Chilcoot
8903-WMRNW,Stayed,No,50,2919,101.75,2031.20,3,Month-to-Month,Bank Withdrawal,No Offer,Fiber Optic,No,Female,55,No,California,Durham
8903-XEBGX,Joined,No,67,4594,55.30,196.51,3,Month-to-Month,Bank Withdrawal,Offer E,DSL,No,Male,22,No,California,Lancaster
8904-OPDCK,Stayed,No,56,4691,24.95,1364.75,3,Month-to-Month,Bank Withdrawal,Offer B,DSL,No,Male,76,Yes,California,Citrus Heights
8905-IAZPF,Stayed,No,45,5251,95.65,9978.23,3,One Year,Credit Card,No Offer,Fiber Optic,No,Female,32,No,California,Capistrano Beach
8908-NMQTX,Stayed,No,75,4369,65.60,4566.50,3,Two Year,Bank Withdrawal,No Offer,Cable,Yes,Male,36,No,California,Walnut Creek
8908-SLFCJ,Stayed,No,35,5422,20.85,902.03,3,Two Year,Credit Card,Offer D,No Internet Service,No,Female,40,No,California,Oroville
8909-BOLNL,Joined,No,29,2088,21.20,88.20,5,One Year,Credit Card,No Offer,No Internet Service,No,Male,40,No,California,San Francisco
8910-ICHIU,Stayed,No,54,4727,95.65,6071.80,3,One Year,Credit Card,Offer B,Fiber Optic,No,Female,27,No,California,Essex
8910-LEDAG,Stayed,No,72,3583,71.55,2868.67,3,Two Year,Credit Card,No Offer,Fiber Optic,No,Male,72,Yes,California,Prather
8914-RBTSB,Churned,Yes,79,4115,93.80,3135.22,1,Month-to-Month,Bank Withdrawal,No Offer,Fiber Optic,No,Male,62,No,California,Valley Village
8915-NNTRC,Stayed,No,55,4351,107.70,10939.48,4,Two Year,Credit Card,No Offer,Fiber Optic,Yes,Male,29,No,California,Lake Isabella
8917-FAEMR,Stayed,No,27,3408,19.85,1764.38,3,Two Year,Credit Card,No Offer,No Internet Service,No,Female,28,No,California,Vallejo
8917-SZTTJ,Stayed,No,50,6315,19.65,2480.55,5,Two Year,Credit Card,No Offer,No Internet Service,No,Male,31,No,California,Los Angeles
8919-FYFQZ,Churned,Yes,96,4829,30.35,1359.70,1,Month-to-Month,Bank Withdrawal,No Offer,Cable,No,Male,73,Yes,California,Livermore
8920-NAVAY,Stayed,No,43,5166,110.75,10016.95,5,One Year,Bank Withdrawal,No Offer,Fiber Optic,Yes,Male,66,Yes,California,Los Angeles
8922-LIEGH,Churned,Yes,82,4078,89.70,3073.22,3,Month-to-Month,Bank Withdrawal,No Offer,Fiber Optic,No,Female,72,Yes,California,Jolon
8922-NPKBJ,Stayed,No,21,3433,19.35,2309.16,4,Two Year,Mailed Check,No Offer,No Internet Service,No,Male,63,No,California,Manteca
8929-KSWIH,Stayed,No,23,3847,99.30,2637.00,4,Two Year,Bank Withdrawal,Offer C,Fiber Optic,Yes,Male,21,No,California,San Jose
8930-XOTDP,Stayed,No,76,2035,55.95,1415.26,4,Month-to-Month,Credit Card,No Offer,DSL,No,Female,33,No,California,North Hollywood
8931-GJJIQ,Churned,Yes,90,3520,83.30,1070.60,2,Month-to-Month,Bank Withdrawal,No Offer,Fiber Optic,No,Female,46,No,California,Burlingame
8932-CZHRQ,Stayed,No,33,5395,76.75,6612.97,4,One Year,Credit Card,Offer A,DSL,No,Male,40,No,California,Bell
8937-RDTHP,Churned,Yes,66,2484,84.60,111.45,2,Month-to-Month,Credit Card,No Offer,Fiber Optic,No,Male,40,No,California,Burbank
8938-UMKPI,Churned,Yes,91,4804,106.40,6818.54,1,Month-to-Month,Bank Withdrawal,Offer B,Fiber Optic,No,Female,42,No,California,Corona
8942-DBMHZ,Stayed,No,80,4883,20.45,748.67,5,Month-to-Month,Mailed Check,No Offer,No Internet Service,No,Male,26,No,California,San Francisco
8943-URTMR,Churned,Yes,91,5082,79.65,210.78,2,Month-to-Month,Mailed Check,Offer E,Fiber Optic,No,Female,56,No,California,Lawndale
8944-AILEF,Stayed,No,67,2483,19.45,938.45,5,Month-to-Month,Credit Card,Offer D,No Internet Service,No,Male,26,No,California,Keyes
8945-GRKHX,Churned,Yes,81,2728,78.65,124.74,1,Month-to-Month,Bank Withdrawal,Offer E,Fiber Optic,No,Female,41,No,California,Santa Barbara
8945-MUQUF,Churned,Yes,94,5074,94.80,7120.87,3,One Year,Bank Withdrawal,Offer B,Fiber Optic,No,Male,22,No,California,Fallbrook
8946-BFWSG,Stayed,No,39,6245,25.25,3116.55,5,Two Year,Credit Card,Offer B,No Internet Service,No,Male,19,No,California,Davis
8947-YRTDV,Stayed,No,52,5288,94.80,4559.39,4,One Year,Credit Card,No Offer,Fiber Optic,No,Male,42,No,California,Hoopa
8949-JTMAY,Churned,Yes,72,5144,98.60,3737.95,1,Month-to-Month,Credit Card,Offer C,Fiber Optic,No,Female,49,No,California,Mc Kittrick
8950-MTZNV,Joined,No,75,3256,44.95,58.58,5,Month-to-Month,Mailed Check,Offer E,DSL,No,Male,61,No,California,Carson
8952-WCVCD,Stayed,No,65,2719,104.45,4565.90,3,One Year,Bank Withdrawal,Offer B,Fiber Optic,No,Female,45,No,California,South Gate
8957-THMOA,Stayed,No,27,4263,20.15,1918.35,3,Two Year,Credit Card,No Offer,No Internet Service,No,Female,40,No,California,Big Bear City
8958-JPTRR,Stayed,No,33,5052,24.30,2449.46,5,One Year,Bank Withdrawal,No Offer,No Internet Service,No,Female,23,No,California,Calabasas
8961-QDZZJ,Stayed,No,70,6245,95.00,7940.06,5,One Year,Bank Withdrawal,Offer B,Fiber Optic,No,Female,35,No,California,Lake Arrowhead
8963-JLGJT,Joined,No,36,4648,55.90,257.39,4,Month-to-Month,Credit Card,Offer E,Cable,No,Male,20,No,California,Santa Barbara
8963-MQVYN,Stayed,No,44,3169,20.55,1437.19,3,Month-to-Month,Bank Withdrawal,Offer D,No Internet Service,No,Female,28,No,California,Lost Hills
8966-KZXXA,Stayed,No,45,3040,25.10,2183.39,3,Two Year,Credit Card,No Offer,No Internet Service,No,Male,48,No,California,Long Beach
8966-OIQHG,Stayed,No,59,2258,20.75,1450.05,4,One Year,Bank Withdrawal,No Offer,No Internet Service,No,Female,49,No,California,Stanton
8966-SNIZF,Stayed,No,57,5540,19.45,2935.41,4,Two Year,Bank Withdrawal,No Offer,No Internet Service,No,Female,26,No,California,Vista
8967-SZQAS,Stayed,No,48,3185,50.45,1454.53,5,Month-to-Month,Bank Withdrawal,Offer D,DSL,No,Female,25,No,California,Hornitos
8969-PRHFK,Stayed,No,32,4695,19.65,436.81,3,One Year,Credit Card,Offer D,No Internet Service,No,Male,32,No,California,Red Bluff
8970-ANWXO,Stayed,No,28,3483,73.75,2562.29,3,One Year,Credit Card,Offer D,DSL,Yes,Female,37,No,California,Sacramento
8972-HJWNV,Churned,Yes,80,5245,84.55,796.86,1,Month-to-Month,Bank Withdrawal,Offer E,Fiber Optic,No,Female,75,Yes,California,Huron
8974-OVACP,Joined,No,31,3167,20.15,47.74,4,Month-to-Month,Mailed Check,No Offer,No Internet Service,No,Female,40,No,California,Yermo
8975-SKGRX,Stayed,No,42,5027,116.10,10842.48,4,Two Year,Bank Withdrawal,No Offer,Fiber Optic,Yes,Male,29,No,California,Redwood City
8976-OQHGT,Churned,Yes,91,5758,56.50,405.94,2,Month-to-Month,Credit Card,No Offer,DSL,Yes,Female,38,No,California,Lomita
8979-CAMGB,Stayed,No,47,6100,102.10,7332.58,5,One Year,Bank Withdrawal,No Offer,Fiber Optic,Yes,Male,67,Yes,California,Vacaville
8980-WQFWL,Stayed,No,65,5315,62.10,2171.35,4,Month-to-Month,Bank Withdrawal,No Offer,DSL,No,Female,61,No,California,Ontario
8981-FJGLA,Stayed,No,23,4886,78.00,1370.12,5,Month-to-Month,Mailed Check,Offer D,Fiber Optic,No,Male,63,No,California,Hemet
8982-NHAVY,Stayed,No,50,5939,100.50,2982.67,3,One Year,Bank Withdrawal,Offer C,Fiber Optic,No,Male,23,No,California,Littlerock
8984-EYLLL,Stayed,No,72,5682,105.25,9371.25,4,Two Year,Bank Withdrawal,No Offer,Fiber Optic,Yes,Male,29,No,California,San Diego
8984-HPEMB,Stayed,No,73,4296,118.65,9748.50,3,Two Year,Bank Withdrawal,Offer A,Fiber Optic,Yes,Female,58,No,California,Lytle Creek
8985-OOPOS,Joined,No,23,2900,74.10,110.15,5,One Year,Credit Card,No Offer,DSL,Yes,Female,54,No,California,Occidental
8988-ECPJR,Churned,Yes,66,3980,79.60,3596.86,1,Month-to-Month,Credit Card,Offer C,Fiber Optic,No,Female,79,Yes,California,Van Nuys
8990-YOZLV,Stayed,No,68,5059,66.90,5537.69,3,Two Year,Credit Card,Offer A,Cable,Yes,Female,46,No,California,Hickman
8990-ZXLSU,Stayed,No,50,5121,69.05,920.33,3,Month-to-Month,Bank Withdrawal,Offer E,Fiber Optic,No,Female,63,No,California,Sun City
8992-CEUEN,Joined,No,37,5084,18.85,26.65,4,Month-to-Month,Bank Withdrawal,No Offer,No Internet Service,No,Female,59,No,California,Arnold
8992-JQYUN,Churned,Yes,65,4526,50.35,50.35,1,Month-to-Month,Bank Withdrawal,Offer E,DSL,No,Male,40,No,California,San Fernando
8992-OBVDG,Stayed,No,63,2926,61.65,2230.45,4,Month-to-Month,Credit Card,Offer D,DSL,No,Male,25,No,California,Desert Hot Springs
8992-VONJD,Stayed,No,22,5156,56.00,1116.07,3,Month-to-Month,Bank Withdrawal,No Offer,DSL,No,Female,63,No,California,Long Beach
8993-IZEUX,Stayed,No,20,4320,69.15,636.49,3,Month-to-Month,Bank Withdrawal,No Offer,Fiber Optic,No,Male,54,No,California,Adin
8993-PHFWD,Churned,Yes,76,2088,25.25,58.90,1,Month-to-Month,Bank Withdrawal,No Offer,DSL,No,Female,62,No,California,Old Station
8996-ZROXE,Stayed,No,58,5521,53.50,4656.88,4,One Year,Bank Withdrawal,Offer B,DSL,Yes,Male,78,Yes,California,Miranda
8999-BOHSE,Churned,Yes,89,2202,89.70,1091.26,2,Month-to-Month,Bank Withdrawal,No Offer,Fiber Optic,No,Female,68,Yes,California,Gilroy
8999-EXMNO,Stayed,No,26,4246,20.15,989.88,3,Two Year,Credit Card,Offer D,No Internet Service,No,Female,48,No,California,Dos Rios
8999-XXGNS,Stayed,No,53,5832,105.75,9016.65,5,One Year,Credit Card,Offer A,Fiber Optic,No,Female,70,Yes,California,Healdsburg
8999-YPYBV,Stayed,No,35,3403,84.35,5244.05,3,Two Year,Credit Card,Offer B,Cable,Yes,Male,63,No,California,Garden Valley
9000-PLFUZ,Stayed,No,61,4277,49.45,2947.55,3,Two Year,Credit Card,No Offer,DSL,No,Female,70,Yes,California,Merced
9003-CPATH,Stayed,No,70,2583,79.90,3687.25,4,Month-to-Month,Bank Withdrawal,No Offer,Fiber Optic,No,Male,53,No,California,Carson
9013-AQORL,Stayed,No,52,4106,45.55,2108.35,3,Month-to-Month,Credit Card,Offer B,DSL,No,Female,26,No,California,Ramona
9018-PCIOK,Stayed,No,36,4634,64.75,5102.10,3,Two Year,Mailed Check,Offer B,Cable,No,Female,63,No,California,Newark
9019-QVLZD,Churned,Yes,81,5082,79.55,121.68,2,Month-to-Month,Bank Withdrawal,No Offer,Fiber Optic,No,Female,58,No,California,Oakland
9025-AOMKI,Churned,Yes,71,5617,93.55,799.20,2,Month-to-Month,Bank Withdrawal,Offer E,Fiber Optic,No,Female,42,No,California,Carpinteria
9025-ZRPVR,Churned,Yes,78,5403,18.95,633.26,3,Month-to-Month,Credit Card,Offer E,No Internet Service,No,Male,59,No,California,Pacific Grove
9026-LHEVG,Stayed,No,24,2973,40.75,379.40,4,Month-to-Month,Bank Withdrawal,Offer E,DSL,No,Female,45,No,California,Boulevard
9026-RNUJS,Churned,Yes,81,4618,50.35,330.70,1,Month-to-Month,Bank Withdrawal,No Offer,DSL,No,Male,73,Yes,California,Van Nuys
9027-TMATR,Stayed,No,24,3972,78.80,5092.19,4,Two Year,Bank Withdrawal,No Offer,DSL,Yes,Female,42,No,California,Warner Springs
9027-YFHQJ,Stayed,No,54,4868,25.05,468.86,5,Month-to-Month,Bank Withdrawal,Offer E,No Internet Service,No,Male,26,No,California,San Francisco
9028-LIHRP,Stayed,No,55,5502,100.20,9600.99,3,Two Year,Credit Card,No Offer,Fiber Optic,Yes,Male,22,No,California,Burbank
9029-FEGVJ,Stayed,No,27,5242,79.30,2639.44,3,Two Year,Mailed Check,Offer C,Fiber Optic,No,Female,68,Yes,California,Escondido
9030-QGZNL,Stayed,No,23,4249,20.85,253.33,5,Two Year,Credit Card,No Offer,No Internet Service,No,Female,31,No,California,Corona
9031-ZVQPT,Stayed,No,57,4773,108.20,8862.28,4,Two Year,Bank Withdrawal,No Offer,Fiber Optic,Yes,Male,21,No,California,San Francisco
9033-EOXWV,Churned,Yes,94,4149,74.05,1335.00,3,One Year,Credit Card,No Offer,DSL,Yes,Female,57,No,California,Oakland
9036-CSKBW,Stayed,No,24,5446,107.45,6050.68,3,One Year,Bank Withdrawal,No Offer,Fiber Optic,No,Female,62,No,California,Los Gatos
9039-RBEEE,Churned,Yes,80,3080,48.95,1880.85,1,Month-to-Month,Credit Card,No Offer,Cable,Yes,Male,27,No,California,Santa Clara
9039-ZVJDC,Joined,No,68,4905,19.10,102.01,3,Month-to-Month,Credit Card,No Offer,No Internet Service,No,Male,49,No,California,Pauma Valley
9040-KZVWO,Stayed,No,43,5184,75.50,3048.48,4,One Year,Bank Withdrawal,Offer C,Fiber Optic,No,Male,59,No,California,Big Bear Lake
9046-DQMTP,Stayed,No,75,5876,20.75,1367.10,3,Month-to-Month,Bank Withdrawal,No Offer,No Internet Service,No,Male,49,No,California,Kyburz
9046-JBFWA,Stayed,No,51,4004,19.15,1357.07,3,Month-to-Month,Credit Card,No Offer,No Internet Service,No,Male,20,No,California,Port Costa
9048-JVYVF,Churned,Yes,91,3520,69.35,298.27,2,Month-to-Month,Bank Withdrawal,No Offer,Cable,Yes,Male,48,No,California,Fallbrook
9050-IKDZA,Joined,No,59,4267,81.50,212.45,4,Two Year,Credit Card,No Offer,Fiber Optic,No,Female,66,Yes,California,Clovis
9050-QLROH,Churned,Yes,89,2931,90.70,2111.87,1,Month-to-Month,Credit Card,No Offer,Fiber Optic,No,Male,26,No,California,San Diego
9052-DHNKM,Stayed,No,30,5156,61.55,2570.99,3,One Year,Bank Withdrawal,No Offer,DSL,No,Male,23,No,California,Redondo Beach
9052-VKDUW,Stayed,No,39,4452,109.40,8221.95,3,One Year,Credit Card,Offer B,Fiber Optic,No,Female,68,Yes,California,Pollock Pines
9053-EJUNL,Stayed,No,77,3259,89.20,5359.39,5,Month-to-Month,Bank Withdrawal,Offer B,Fiber Optic,No,Male,35,No,California,Mecca
9053-JZFKV,Churned,Yes,82,4495,116.20,10022.26,2,Two Year,Credit Card,Offer A,Fiber Optic,Yes,Male,25,No,California,Redway
9054-FOWNV,Stayed,No,48,5585,88.75,2135.73,4,Month-to-Month,Bank Withdrawal,Offer D,Fiber Optic,No,Male,53,No,California,Brentwood
9055-MOJJJ,Stayed,No,57,4754,65.80,5769.01,3,One Year,Mailed Check,Offer B,Cable,Yes,Female,39,No,California,Douglas City
9057-MSWCO,Churned,Yes,91,2927,30.75,945.10,1,Month-to-Month,Credit Card,No Offer,Cable,No,Male,71,Yes,California,San Diego
9057-SIHCH,Churned,Yes,72,3260,96.60,321.75,1,Month-to-Month,Bank Withdrawal,Offer E,Fiber Optic,No,Female,48,No,California,Twentynine Palms
9058-CBREO,Churned,Yes,95,3357,50.55,73.11,1,Month-to-Month,Credit Card,No Offer,Cable,No,Female,69,Yes,California,Winton
9058-HRZSV,Stayed,No,7,5348,94.40,8616.95,4,One Year,Bank Withdrawal,No Offer,Fiber Optic,No,Female,77,Yes,California,Baldwin Park
9058-MJLZC,Stayed,No,42,3667,94.60,3136.59,3,Month-to-Month,Bank Withdrawal,No Offer,Fiber Optic,No,Female,37,No,California,Yuba City
9060-HJJRW,Stayed,No,62,4380,56.40,2928.50,4,One Year,Credit Card,No Offer,DSL,No,Female,52,No,California,Culver City
9061-TIHDA,Churned,Yes,90,2982,95.25,1597.66,1,Month-to-Month,Bank Withdrawal,No Offer,Cable,No,Male,67,Yes,California,Murrieta
9063-ZGTUY,Churned,Yes,82,4221,19.40,4005.02,3,Month-to-Month,Credit Card,No Offer,No Internet Service,No,Female,22,No,California,Adelanto
9065-ZCPQX,Stayed,No,33,5091,78.85,8615.07,3,Two Year,Bank Withdrawal,Offer A,DSL,Yes,Male,24,No,California,San Jacinto
9066-QRSDU,Stayed,No,25,5418,26.30,3287.07,4,One Year,Bank Withdrawal,Offer A,No Internet Service,No,Female,23,No,California,Marina
9067-SQTNS,Stayed,No,44,2471,20.60,2463.36,5,One Year,Bank Withdrawal,No Offer,No Internet Service,No,Male,37,No,California,Salinas
9067-YGSCA,Stayed,No,21,4467,26.05,4049.50,5,One Year,Credit Card,No Offer,No Internet Service,No,Female,35,No,California,Salinas
9068-FHQHD,Stayed,No,29,3556,20.15,897.75,5,Two Year,Bank Withdrawal,No Offer,No Internet Service,No,Female,42,No,California,Petrolia
9068-VPWQQ,Stayed,No,35,6466,75.35,6486.10,4,Two Year,Credit Card,No Offer,Cable,Yes,Male,21,No,California,Tracy
9069-LGEUL,Stayed,No,42,5379,59.95,1603.86,4,Month-to-Month,Bank Withdrawal,No Offer,DSL,No,Male,25,No,California,San Diego
9070-BCKQP,Stayed,No,21,4498,110.15,9587.60,3,Two Year,Credit Card,Offer A,Fiber Optic,Yes,Female,20,No,California,Wilmington
9073-ZZIAY,Stayed,No,62,5769,86.10,7893.65,4,Two Year,Bank Withdrawal,No Offer,DSL,Yes,Male,51,No,California,Long Beach
9074-KGVOX,Stayed,No,27,6018,39.45,2021.35,3,Month-to-Month,Credit Card,No Offer,DSL,No,Male,44,No,California,Westport
9076-AXYIK,Stayed,No,28,6270,102.10,7830.61,4,Two Year,Bank Withdrawal,No Offer,Fiber Optic,Yes,Male,66,Yes,California,Nipton
9079-LWTFD,Stayed,No,27,2508,100.75,6912.51,3,Month-to-Month,Credit Card,No Offer,Fiber Optic,Yes,Male,50,No,California,Pioneertown
9079-YEXQJ,Churned,Yes,93,5527,111.10,8588.81,1,Month-to-Month,Bank Withdrawal,No Offer,Fiber Optic,Yes,Female,56,No,California,Chino
9081-WWXKP,Stayed,No,38,2070,20.25,2628.85,5,Two Year,Credit Card,No Offer,No Internet Service,No,Female,64,No,California,Soledad
9084-OAYKL,Stayed,No,80,4758,20.80,4055.41,4,Two Year,Credit Card,Offer B,No Internet Service,No,Male,29,No,California,Little River
9086-YJYXS,Stayed,No,58,3997,77.20,2937.06,5,One Year,Bank Withdrawal,Offer C,Cable,No,Male,23,No,California,San Martin
9087-EYCPR,Stayed,No,24,6355,25.00,3869.65,3,Two Year,Mailed Check,Offer B,No Internet Service,No,Female,63,No,California,Manteca
9089-UOWJG,Stayed,No,29,5068,58.35,836.19,4,Month-to-Month,Credit Card,No Offer,DSL,No,Female,51,No,California,Lotus
9090-SGQXL,Churned,Yes,79,6284,105.30,10507.21,3,Month-to-Month,Bank Withdrawal,No Offer,Fiber Optic,No,Male,70,Yes,California,Ben Lomond
9091-WTUUY,Stayed,No,25,4226,69.25,6095.11,4,Two Year,Mailed Check,No Offer,DSL,Yes,Male,30,No,California,Ripon
9092-GDZKO,Stayed,No,51,3534,24.85,977.42,4,Month-to-Month,Credit Card,Offer D,No Internet Service,No,Male,49,No,California,New Cuyama
9093-FPDLG,Stayed,No,52,2405,94.20,1104.62,3,Month-to-Month,Bank Withdrawal,No Offer,Fiber Optic,Yes,Female,54,No,California,Hilmar
9094-AZPHK,Stayed,No,65,2565,100.15,1896.05,3,Month-to-Month,Bank Withdrawal,Offer D,Fiber Optic,No,Female,64,No,California,San Bernardino
9095-HFAFX,Churned,Yes,96,3718,81.00,500.60,2,Month-to-Month,Credit Card,Offer E,Fiber Optic,No,Female,61,No,California,San Diego
9097-ZUBYC,Stayed,No,77,2168,48.80,963.16,5,Month-to-Month,Bank Withdrawal,Offer D,DSL,Yes,Male,39,No,California,North San Juan
9099-FTUHS,Stayed,No,22,2989,54.40,2367.74,3,Month-to-Month,Bank Withdrawal,No Offer,Cable,No,Female,40,No,California,Grass Valley
9101-BWFSS,Churned,Yes,82,4274,108.55,7082.20,2,One Year,Bank Withdrawal,Offer B,Fiber Optic,Yes,Female,58,No,California,Tollhouse
9101-NTIXF,Joined,No,56,3954,19.40,80.92,5,Month-to-Month,Credit Card,Offer E,No Internet Service,No,Male,32,No,California,Lompoc
9102-IAYHT,Churned,Yes,94,3670,85.45,2263.52,3,Month-to-Month,Bank Withdrawal,No Offer,Fiber Optic,No,Female,29,No,California,Salinas
9102-OXKFY,Stayed,No,64,4293,54.15,6035.47,3,Two Year,Credit Card,Offer B,Cable,No,Male,35,No,California,Camptonville
9103-CXVOK,Joined,No,27,3068,19.75,50.13,4,Month-to-Month,Bank Withdrawal,No Offer,No Internet Service,No,Male,31,No,California,Grover Beach
9103-TCIHJ,Churned,Yes,73,4519,55.70,1509.70,2,Month-to-Month,Mailed Check,Offer D,DSL,No,Female,60,No,California,Los Angeles
9107-UKCKY,Stayed,No,24,6432,79.80,6685.48,5,One Year,Bank Withdrawal,Offer B,DSL,No,Male,36,No,California,Carpinteria
9108-EJFJP,Joined,No,62,4504,53.55,69.61,4,Month-to-Month,Credit Card,Offer E,DSL,No,Female,21,No,California,Jacumba
9108-EQPNQ,Stayed,No,63,3179,26.10,411.25,5,Two Year,Credit Card,Offer D,No Internet Service,No,Female,27,No,California,San Leandro
9110-HSGTV,Stayed,No,80,4631,82.45,7315.29,3,Two Year,Credit Card,Offer A,DSL,Yes,Female,46,No,California,San Diego
9112-WSNPU,Stayed,No,45,5873,70.55,3010.85,4,Month-to-Month,Bank Withdrawal,No Offer,Fiber Optic,No,Female,65,Yes,California,Monterey
9114-AAFQH,Stayed,No,67,5427,65.65,5488.89,3,One Year,Bank Withdrawal,Offer B,DSL,No,Female,27,No,California,North Highlands
9114-DPSIA,Stayed,No,77,4237,81.00,5946.56,3,Two Year,Credit Card,No Offer,DSL,Yes,Male,22,No,California,Stockton
9114-VEPUF,Stayed,No,61,6139,96.10,7893.07,4,One Year,Bank Withdrawal,Offer B,Fiber Optic,No,Male,19,No,California,Redwood City
9115-YQHGA,Stayed,No,67,3355,51.10,3472.50,5,Month-to-Month,Bank Withdrawal,Offer B,DSL,Yes,Male,26,No,California,Lemoore
9117-SHLZX,Churned,Yes,72,3571,45.70,56.11,3,Month-to-Month,Mailed Check,No Offer,DSL,No,Male,36,No,California,Fremont
9121-PHQSR,Stayed,No,80,3739,85.05,2165.71,4,Two Year,Credit Card,Offer D,Fiber Optic,No,Male,69,Yes,California,Stratford
9122-UMROB,Joined,No,80,4270,20.30,31.14,4,Month-to-Month,Credit Card,No Offer,No Internet Service,No,Male,29,No,California,Los Angeles
9124-LHCJQ,Churned,Yes,91,2318,85.45,116.48,1,Month-to-Month,Credit Card,No Offer,Fiber Optic,No,Female,22,No,California,Los Angeles
9127-FHJBZ,Stayed,No,29,4558,114.00,10430.99,3,Two Year,Bank Withdrawal,No Offer,Fiber Optic,Yes,Male,60,No,California,Vallecito
9127-QRZMH,Stayed,No,35,5981,59.85,3378.79,3,One Year,Bank Withdrawal,No Offer,DSL,Yes,Male,39,No,California,Santa Ana
9128-CPXKI,Stayed,No,45,5470,95.80,7451.41,3,Two Year,Bank Withdrawal,No Offer,Fiber Optic,No,Female,36,No,California,Nicolaus
9129-UXERG,Stayed,No,73,2094,103.60,1839.21,4,Month-to-Month,Credit Card,No Offer,Fiber Optic,Yes,Female,65,Yes,California,Van Nuys
9133-AYJZG,Stayed,No,71,5781,98.70,2581.45,5,Month-to-Month,Credit Card,No Offer,Fiber Optic,No,Female,40,No,California,Mill Valley
9134-CEQMF,Churned,Yes,89,3077,89.50,772.11,2,Month-to-Month,Bank Withdrawal,Offer E,Fiber Optic,No,Male,75,Yes,California,Nice
9134-WYRVP,Stayed,No,74,5311,86.35,5659.45,3,One Year,Credit Card,Offer B,Fiber Optic,No,Male,51,No,California,Suisun City
9135-HSWOC,Stayed,No,79,5431,19.70,2229.57,5,Two Year,Bank Withdrawal,Offer B,No Internet Service,No,Male,28,No,California,Fremont
9135-MGVPY,Stayed,No,70,5345,84.70,9216.43,3,Two Year,Credit Card,No Offer,DSL,Yes,Male,41,No,California,Sanger
9136-ALYBR,Churned,Yes,65,2121,24.45,24.45,3,Month-to-Month,Mailed Check,No Offer,Cable,No,Male,44,No,California,Fontana
9137-NOQKA,Joined,No,24,4577,19.20,51.26,5,Two Year,Bank Withdrawal,No Offer,No Internet Service,No,Male,80,Yes,California,South San Francisco
9137-UIYPG,Stayed,No,80,5447,106.90,4785.13,3,Month-to-Month,Bank Withdrawal,No Offer,Fiber Optic,Yes,Female,33,No,California,Butte City
9138-EFSMO,Stayed,No,40,4237,78.95,2662.67,3,One Year,Bank Withdrawal,No Offer,Fiber Optic,No,Male,54,No,California,Orosi
9139-TWBAS,Stayed,No,79,4362,47.85,1270.50,4,One Year,Bank Withdrawal,No Offer,Cable,No,Female,34,No,California,Los Angeles
9139-WQQDY,Churned,Yes,90,4235,100.45,6233.93,3,One Year,Mailed Check,No Offer,Fiber Optic,No,Female,35,No,California,San Diego
9140-CZQZZ,Stayed,No,39,5601,79.60,8776.40,4,Two Year,Bank Withdrawal,Offer A,DSL,Yes,Female,38,No,California,Lee Vining
9142-KZXOP,Stayed,No,51,2053,68.85,3033.75,3,Month-to-Month,Credit Card,Offer B,Fiber Optic,No,Male,41,No,California,Sylmar
9142-XMYJH,Stayed,No,49,5227,19.35,681.64,5,Month-to-Month,Credit Card,No Offer,No Internet Service,No,Female,46,No,California,Fresno
9143-CANJF,Stayed,No,80,2200,55.15,1976.73,3,Month-to-Month,Bank Withdrawal,No Offer,DSL,Yes,Female,29,No,California,Topaz
9146-JRIOX,Stayed,No,65,2080,25.55,816.25,5,Month-to-Month,Credit Card,No Offer,No Internet Service,No,Female,47,No,California,Shaver Lake
9150-HEPMB,Stayed,No,63,4753,52.70,4229.86,3,One Year,Credit Card,No Offer,Cable,No,Male,57,No,California,Corona
9150-KPBJQ,Stayed,No,27,3945,19.65,291.39,5,Two Year,Credit Card,No Offer,No Internet Service,No,Female,43,No,California,Los Angeles
9152-AMKAK,Stayed,No,26,2706,80.25,631.10,5,Two Year,Credit Card,Offer E,Cable,Yes,Male,50,No,California,Coalinga
9153-BTBVV,Stayed,No,79,4066,25.00,5161.71,4,Two Year,Bank Withdrawal,Offer A,No Internet Service,No,Female,61,No,California,San Francisco
9154-QDGTH,Stayed,No,60,3927,104.30,5433.54,5,One Year,Credit Card,No Offer,Fiber Optic,Yes,Male,20,No,California,Kettleman City
9158-VCTQB,Churned,Yes,96,4963,113.60,4800.36,1,Month-to-Month,Bank Withdrawal,No Offer,Fiber Optic,Yes,Female,41,No,California,Los Angeles
9163-GHAYE,Stayed,No,62,5584,48.85,1212.00,5,Month-to-Month,Bank Withdrawal,No Offer,Cable,No,Female,34,No,California,Stockton
9167-APMXZ,Stayed,No,32,3549,84.15,2304.35,3,Month-to-Month,Bank Withdrawal,No Offer,Fiber Optic,No,Female,23,No,California,Long Beach
9168-INPSZ,Stayed,No,32,2944,104.15,5412.17,4,Two Year,Bank Withdrawal,No Offer,Fiber Optic,Yes,Female,75,Yes,California,Port Hueneme
9169-BSVIN,Stayed,No,40,3521,74.75,1049.29,5,Month-to-Month,Bank Withdrawal,No Offer,DSL,No,Male,21,No,California,Winchester
9170-ARBTB,Stayed,No,37,4848,19.60,1395.33,3,One Year,Credit Card,No Offer,No Internet Service,No,Female,41,No,California,Felton
9170-CCKOU,Churned,Yes,91,2026,90.20,1659.17,1,Month-to-Month,Credit Card,Offer D,Fiber Optic,No,Male,62,No,California,Fremont
9170-GYZJC,Churned,Yes,84,4734,79.90,5181.86,1,Month-to-Month,Credit Card,No Offer,Cable,Yes,Female,42,No,California,Vallecito
9172-ANCRX,Churned,Yes,68,5561,98.70,1346.85,1,Month-to-Month,Bank Withdrawal,Offer D,Fiber Optic,No,Female,35,No,California,Carson
9172-JITSM,Churned,Yes,75,2641,90.80,2761.42,1,Month-to-Month,Bank Withdrawal,No Offer,Fiber Optic,No,Female,47,No,California,Palm Desert
9173-IVZVP,Stayed,No,64,4254,20.90,3462.68,5,Two Year,Credit Card,No Offer,No Internet Service,No,Female,48,No,California,Sherman Oaks
9174-FKWZE,Churned,Yes,78,3848,19.45,42.37,1,Month-to-Month,Bank Withdrawal,No Offer,No Internet Service,No,Female,70,Yes,California,Sacramento
9174-IHETN,Stayed,No,50,5521,70.35,5339.10,3,Two Year,Credit Card,Offer B,Fiber Optic,No,Female,45,No,California,Goodyears Bar
9178-JHUVJ,Stayed,No,26,4634,24.10,614.76,3,Two Year,Bank Withdrawal,Offer C,No Internet Service,No,Male,19,No,California,Newbury Park
9184-GALIL,Stayed,No,43,5587,20.45,889.93,4,Month-to-Month,Credit Card,No Offer,No Internet Service,No,Female,26,No,California,Mccloud
9185-TQCVP,Churned,Yes,91,4550,85.15,1398.92,2,Month-to-Month,Bank Withdrawal,No Offer,Fiber Optic,No,Male,27,No,California,Albany
9189-JWSHV,Churned,Yes,91,4937,93.55,2585.17,2,Month-to-Month,Bank Withdrawal,No Offer,Fiber Optic,No,Female,69,Yes,California,Helm
9190-MFJLN,Churned,Yes,68,2851,95.90,2400.53,1,Month-to-Month,Credit Card,Offer D,Fiber Optic,No,Male,65,Yes,California,Vallecito
9191-MYQKX,Churned,Yes,70,3457,75.15,557.73,1,Month-to-Month,Bank Withdrawal,No Offer,Fiber Optic,No,Female,34,No,California,Lynwood
9194-GFVOI,Stayed,No,59,3363,84.35,3984.88,4,Two Year,Credit Card,No Offer,DSL,Yes,Female,25,No,California,Tahoma
9199-PWQVC,Stayed,No,30,4010,79.70,7908.19,3,One Year,Credit Card,Offer B,Cable,No,Female,38,No,California,San Francisco
9200-NLNPD,Stayed,No,27,6445,54.05,2999.80,4,One Year,Bank Withdrawal,No Offer,DSL,Yes,Male,20,No,California,Orland
9206-GVPEQ,Churned,Yes,88,5212,54.45,706.85,1,Month-to-Month,Bank Withdrawal,No Offer,Cable,Yes,Male,28,No,California,Fresno
9207-ZPANB,Stayed,No,37,5042,67.45,2925.78,3,One Year,Bank Withdrawal,Offer C,DSL,Yes,Male,42,No,California,Paradise
9208-OLGAQ,Stayed,No,74,3878,84.95,1971.49,4,Two Year,Bank Withdrawal,No Offer,Fiber Optic,No,Female,70,Yes,California,Berkeley
9209-NWPGU,Stayed,No,76,5827,65.40,4313.67,3,One Year,Bank Withdrawal,Offer B,Cable,Yes,Male,42,No,California,Niland
9210-IAHGH,Churned,Yes,84,2248,70.75,614.25,1,Month-to-Month,Credit Card,Offer E,DSL,Yes,Female,57,No,California,Wendel
9214-EKVXR,Joined,No,75,4138,44.00,70.15,4,Month-to-Month,Credit Card,No Offer,DSL,No,Female,51,No,California,San Francisco
9220-CXRSC,Stayed,No,80,5266,61.40,6755.68,3,Two Year,Credit Card,No Offer,DSL,Yes,Female,56,No,California,Heber
9220-ZNKJI,Stayed,No,73,4291,88.80,6631.85,3,Two Year,Credit Card,No Offer,Fiber Optic,Yes,Female,67,Yes,California,Cobb
9221-OTIVJ,Churned,Yes,86,2292,104.85,1950.84,1,Month-to-Month,Bank Withdrawal,No Offer,Fiber Optic,No,Female,80,Yes,California,Dunlap
9223-UCPVT,Churned,Yes,77,5764,94.40,112.74,3,Month-to-Month,Bank Withdrawal,No Offer,Fiber Optic,No,Female,49,No,California,Orland
9224-VTYID,Stayed,No,30,3413,90.50,4870.13,3,Two Year,Mailed Check,Offer B,DSL,Yes,Male,30,No,California,Walnut Grove
9225-BZLNZ,Stayed,No,52,6275,85.25,7276.86,3,Two Year,Bank Withdrawal,No Offer,DSL,No,Male,64,No,California,Los Angeles
9227-LUNBG,Churned,Yes,76,5768,24.60,24.60,2,Month-to-Month,Bank Withdrawal,No Offer,DSL,No,Female,39,No,California,Pescadero
9227-UAQFT,Stayed,No,53,4272,19.75,927.07,5,Two Year,Mailed Check,Offer D,No Internet Service,No,Male,40,No,California,North Hollywood
9227-YBAXE,Stayed,No,26,5314,82.50,5563.85,3,Two Year,Bank Withdrawal,Offer B,DSL,Yes,Female,23,No,California,Palm Desert
9229-RQABD,Stayed,No,70,3076,23.75,657.96,4,One Year,Credit Card,Offer D,No Internet Service,No,Male,45,No,California,Salton City
9231-ZJYAM,Churned,Yes,72,5301,78.85,440.52,3,Month-to-Month,Bank Withdrawal,No Offer,Fiber Optic,No,Female,65,Yes,California,Squaw Valley
9233-PSYHO,Stayed,No,21,2636,100.15,4770.30,4,One Year,Bank Withdrawal,Offer B,Fiber Optic,No,Female,68,Yes,California,Ontario
9236-NDUCW,Stayed,No,25,2991,35.10,770.40,4,Two Year,Credit Card,Offer D,DSL,Yes,Female,34,No,California,Bella Vista
9237-HQITU,Churned,Yes,67,2701,70.70,169.89,2,Month-to-Month,Bank Withdrawal,No Offer,Fiber Optic,No,Female,19,No,California,Los Angeles
9239-GZHZE,Stayed,No,79,6469,113.65,9913.40,3,Two Year,Credit Card,Offer A,Fiber Optic,Yes,Female,25,No,California,Carpinteria
9239-ZBZZV,Churned,Yes,80,2240,47.95,305.10,1,Month-to-Month,Bank Withdrawal,Offer E,DSL,No,Female,23,No,California,Los Angeles
9242-TKFSV,Stayed,No,30,4969,65.10,4754.30,4,Two Year,Credit Card,Offer A,DSL,Yes,Male,53,No,California,Browns Valley
9244-ZVAPM,Joined,No,50,2352,45.60,83.04,3,Month-to-Month,Credit Card,No Offer,DSL,No,Male,36,No,California,Garden Grove
9248-OJYKK,Churned,Yes,95,3763,76.45,90.29,3,Month-to-Month,Bank Withdrawal,No Offer,Fiber Optic,No,Male,74,Yes,California,San Diego
9249-FXSCK,Churned,Yes,90,4861,111.25,7667.06,1,One Year,Credit Card,Offer B,Fiber Optic,Yes,Female,20,No,California,Acampo
9250-WYPLL,Churned,Yes,79,4600,75.55,589.75,2,Month-to-Month,Bank Withdrawal,No Offer,Fiber Optic,No,Female,20,No,California,Fallbrook
9251-AWQGT,Stayed,No,50,2608,20.00,1404.86,5,Two Year,Credit Card,No Offer,No Internet Service,No,Female,19,No,California,Palmdale
9251-WNSOD,Stayed,No,25,4931,75.10,5380.02,4,One Year,Mailed Check,Offer A,DSL,No,Female,23,No,California,Bakersfield
9253-QXKBE,Churned,Yes,71,2233,94.45,2834.90,1,Month-to-Month,Bank Withdrawal,No Offer,Fiber Optic,No,Male,73,Yes,California,Morgan Hill
9253-VIFJQ,Stayed,No,52,5224,67.05,6876.40,3,One Year,Credit Card,Offer B,DSL,No,Male,50,No,California,Chualar
9254-RBFON,Churned,Yes,91,5160,98.60,1796.75,2,One Year,Bank Withdrawal,Offer D,Fiber Optic,Yes,Female,38,No,California,Klamath River
9256-JTBNZ,Stayed,No,72,4188,20.30,784.42,3,Month-to-Month,Bank Withdrawal,No Offer,No Internet Service,No,Female,40,No,California,Potter Valley
9257-AZMTZ,Stayed,No,71,4529,20.10,1188.58,4,Two Year,Bank Withdrawal,No Offer,No Internet Service,No,Female,22,No,California,Glendale
9258-CNWAC,Stayed,No,27,6208,113.65,8473.52,4,Two Year,Credit Card,Offer A,Fiber Optic,Yes,Female,23,No,California,Long Beach
9259-PACGQ,Churned,Yes,91,3918,62.65,3679.78,1,Month-to-Month,Bank Withdrawal,No Offer,Cable,Yes,Female,19,No,California,Los Angeles
9261-WDCAF,Joined,No,34,2168,54.65,289.69,5,Month-to-Month,Mailed Check,No Offer,DSL,No,Male,64,No,California,Bonita
9269-CQOOL,Churned,Yes,66,3335,54.70,178.09,1,Month-to-Month,Credit Card,Offer E,DSL,No,Male,58,No,California,Trinidad
9272-LSVYH,Stayed,No,78,3963,70.15,778.40,3,Month-to-Month,Credit Card,No Offer,Fiber Optic,No,Male,23,No,California,Courtland
9274-CNFMO,Churned,Yes,69,3716,74.95,421.14,2,Month-to-Month,Bank Withdrawal,No Offer,Fiber Optic,No,Male,76,Yes,California,Pacoima
9274-UARKJ,Stayed,No,36,4096,83.20,1286.45,3,Month-to-Month,Bank Withdrawal,No Offer,Fiber Optic,No,Female,60,No,California,Modesto
9277-JOOMO,Joined,No,56,5756,24.60,165.34,4,Month-to-Month,Credit Card,No Offer,No Internet Service,No,Female,27,No,California,Garberville
9278-VZKCD,Stayed,No,49,4428,109.10,5861.67,5,Two Year,Bank Withdrawal,No Offer,Fiber Optic,No,Female,67,Yes,California,Norco
9279-CJEOJ,Stayed,No,47,5691,95.40,2810.50,4,Month-to-Month,Bank Withdrawal,No Offer,Fiber Optic,No,Female,77,Yes,California,Anaheim
9281-CEDRU,Stayed,No,48,5553,64.10,4893.29,5,Two Year,Bank Withdrawal,No Offer,DSL,Yes,Female,23,No,California,Salton City
9281-OFDMF,Stayed,No,39,5028,90.70,4195.59,4,Two Year,Bank Withdrawal,No Offer,Fiber Optic,No,Male,76,Yes,California,Meadow Valley
9281-PKKZE,Stayed,No,47,4818,43.95,2007.85,3,Month-to-Month,Bank Withdrawal,No Offer,DSL,No,Female,47,No,California,Azusa
9282-IZGQK,Churned,Yes,80,5679,85.00,115.52,3,Month-to-Month,Bank Withdrawal,Offer E,Fiber Optic,No,Female,51,No,California,Irvine
9283-LZQOH,Churned,Yes,89,3687,74.40,934.71,1,Month-to-Month,Credit Card,No Offer,Fiber Optic,No,Male,36,No,California,Antelope
9286-BHDQG,Stayed,No,22,5041,45.25,3139.80,4,Two Year,Credit Card,Offer A,DSL,Yes,Male,46,No,California,Thousand Oaks
9286-DOJGF,Churned,Yes,82,5165,74.95,3469.49,1,Month-to-Month,Bank Withdrawal,No Offer,Fiber Optic,No,Female,66,Yes,California,Lotus
9289-LBQVU,Stayed,No,49,5037,70.15,6588.22,4,One Year,Credit Card,No Offer,DSL,Yes,Male,24,No,California,Hemet
9290-SHCMB,Stayed,No,28,3098,96.85,1582.39,4,Two Year,Bank Withdrawal,No Offer,Fiber Optic,No,Female,74,Yes,California,Brownsville
9294-TDIPC,Stayed,No,58,5169,20.20,144.85,5,Month-to-Month,Credit Card,Offer E,No Internet Service,No,Male,59,No,California,San Diego
9297-EONCV,Stayed,No,52,5378,91.35,9880.32,3,Two Year,Bank Withdrawal,Offer A,DSL,Yes,Female,47,No,California,Fremont
9297-FVVDH,Stayed,No,41,5928,84.50,5418.25,3,Two Year,Bank Withdrawal,Offer B,DSL,Yes,Female,33,No,California,Hemet
9298-WGMRW,Stayed,No,44,4697,115.50,10063.79,3,Two Year,Bank Withdrawal,Offer A,Fiber Optic,Yes,Female,26,No,California,Echo Lake
9300-AGZNL,Churned,Yes,67,4176,94.00,115.85,1,Month-to-Month,Bank Withdrawal,No Offer,Fiber Optic,No,Male,76,Yes,California,Elk Creek
9300-RENDD,Churned,Yes,91,4815,79.95,83.08,3,Month-to-Month,Bank Withdrawal,Offer E,Fiber Optic,No,Male,56,No,California,Cedar Glen
9305-CDSKC,Churned,Yes,86,5372,99.65,917.70,3,Month-to-Month,Bank Withdrawal,No Offer,Cable,No,Female,31,No,California,Los Angeles
9306-CPCBC,Churned,Yes,94,3207,74.25,316.92,3,Month-to-Month,Bank Withdrawal,No Offer,Fiber Optic,No,Female,44,No,California,Moreno Valley
9308-ANMVE,Stayed,No,52,5491,55.30,3840.80,3,Month-to-Month,Bank Withdrawal,Offer B,Cable,No,Male,52,No,California,Los Olivos
9309-BZGNT,Stayed,No,43,5681,29.80,2134.30,3,One Year,Credit Card,No Offer,DSL,No,Male,69,Yes,California,Pine Valley
9313-CDOGY,Stayed,No,34,3854,19.60,1635.38,3,Month-to-Month,Bank Withdrawal,No Offer,No Internet Service,No,Male,40,No,California,Imperial Beach
9313-QOLTZ,Stayed,No,51,5895,20.90,1343.28,3,Month-to-Month,Credit Card,Offer C,No Internet Service,No,Male,31,No,California,Chester
9314-IJWSQ,Stayed,No,80,2452,84.80,1576.02,3,Month-to-Month,Bank Withdrawal,Offer D,Fiber Optic,No,Female,46,No,California,Meridian
9314-QDMDW,Stayed,No,58,2738,61.25,1036.19,3,One Year,Bank Withdrawal,Offer D,Cable,No,Male,29,No,California,Los Alamos
9317-WZPGV,Churned,Yes,77,4038,79.75,248.66,3,Month-to-Month,Bank Withdrawal,Offer E,Fiber Optic,No,Female,74,Yes,California,Paskenta
9318-NKNFC,Churned,Yes,90,4132,18.85,59.34,1,Month-to-Month,Mailed Check,No Offer,No Internet Service,No,Male,53,No,California,Twain
9323-HGFWY,Stayed,No,69,3795,101.90,3221.69,3,One Year,Credit Card,Offer C,Fiber Optic,Yes,Female,55,No,California,Porter Ranch
9327-QSDED,Stayed,No,60,3266,43.55,401.56,5,Month-to-Month,Credit Card,No Offer,DSL,No,Male,44,No,California,Quincy
9330-DHBFL,Stayed,No,22,2072,66.25,1772.08,4,One Year,Credit Card,No Offer,DSL,Yes,Female,29,No,California,San Jose
9330-IJWIO,Churned,Yes,69,2008,100.35,1412.90,1,Month-to-Month,Bank Withdrawal,Offer D,Fiber Optic,No,Female,54,No,California,Kirkwood
9330-VOFSZ,Stayed,No,79,5942,110.80,8444.71,5,Two Year,Credit Card,Offer B,Fiber Optic,Yes,Female,34,No,California,Princeton
9332-GYWLO,Stayed,No,80,5729,54.85,496.97,3,Month-to-Month,Bank Withdrawal,No Offer,DSL,No,Female,23,No,California,Fall River Mills
9334-GWGOW,Stayed,No,44,2259,74.85,532.92,4,Month-to-Month,Bank Withdrawal,No Offer,Fiber Optic,No,Male,68,Yes,California,Mc Kittrick
9337-SRRNI,Stayed,No,56,6019,25.30,3245.26,4,Two Year,Credit Card,Offer A,No Internet Service,No,Male,64,No,California,Rio Oso
9339-FIIJL,Stayed,No,62,6450,85.95,6941.74,4,Two Year,Bank Withdrawal,Offer A,DSL,Yes,Male,57,No,California,Avenal
9342-VNIMQ,Stayed,No,58,5201,54.65,1860.23,3,Month-to-Month,Bank Withdrawal,Offer C,DSL,No,Male,62,No,California,La Honda
9347-AERRL,Stayed,No,68,2111,19.30,1317.42,5,One Year,Credit Card,No Offer,No Internet Service,No,Male,60,No,California,Desert Hot Springs
9348-ROUAI,Stayed,No,53,4617,90.30,7970.00,3,Two Year,Credit Card,Offer B,Cable,Yes,Female,50,No,California,Honeydew
9348-YVOMK,Stayed,No,39,5565,44.80,351.28,4,Month-to-Month,Credit Card,Offer E,DSL,No,Male,28,No,California,Anaheim
9350-VLHMB,Stayed,No,45,6111,89.55,6785.15,4,Month-to-Month,Bank Withdrawal,Offer A,Fiber Optic,No,Male,38,No,California,Volcano
9350-ZXYJC,Stayed,No,63,3808,25.30,155.95,3,Two Year,Credit Card,Offer E,No Internet Service,No,Female,24,No,California,La Crescenta
9351-HXDMR,Stayed,No,67,4938,110.90,11564.37,3,Two Year,Credit Card,Offer A,Fiber Optic,Yes,Male,37,No,California,Lytle Creek
9351-LZYGF,Stayed,No,38,3773,66.40,4254.50,3,Month-to-Month,Credit Card,No Offer,DSL,Yes,Female,56,No,California,Bodega
9355-NPPFS,Stayed,No,37,4509,78.80,2505.56,3,Month-to-Month,Bank Withdrawal,No Offer,Fiber Optic,No,Female,70,Yes,California,Fremont
9356-AXGMP,Stayed,No,60,5461,110.70,6027.64,3,One Year,Bank Withdrawal,Offer C,Fiber Optic,Yes,Male,59,No,California,Somerset
9357-UJRUN,Stayed,No,45,5428,58.35,2163.14,3,One Year,Bank Withdrawal,No Offer,Cable,Yes,Male,50,No,California,Carlotta
9359-JANWS,Stayed,No,50,5657,58.90,6087.25,4,Two Year,Credit Card,No Offer,DSL,Yes,Female,22,No,California,North Hills
9359-UGBTK,Stayed,No,50,4910,72.35,5352.63,3,One Year,Bank Withdrawal,No Offer,Cable,Yes,Female,63,No,California,Lockeford
9360-AHGNL,Churned,Yes,69,5863,109.55,5206.50,2,One Year,Credit Card,Offer B,Fiber Optic,Yes,Female,74,Yes,California,Concord
9360-OMDZZ,Stayed,No,69,3192,94.10,3162.93,3,Month-to-Month,Bank Withdrawal,Offer C,Fiber Optic,No,Male,60,No,California,Herald
9361-YNQWJ,Stayed,No,24,5887,24.40,2620.72,5,One Year,Bank Withdrawal,Offer B,No Internet Service,No,Female,36,No,California,Oakland
9362-MWODR,Stayed,No,79,5056,64.10,3265.55,3,Month-to-Month,Credit Card,No Offer,DSL,Yes,Female,63,No,California,San Mateo
9364-YKUVW,Stayed,No,73,2681,19.80,551.35,5,Month-to-Month,Mailed Check,No Offer,No Internet Service,No,Male,53,No,California,Valley Center
9365-CSLBQ,Stayed,No,60,4155,24.35,2001.79,4,Two Year,Credit Card,No Offer,No Internet Service,No,Male,36,No,California,Richgrove
9365-SRSZE,Stayed,No,65,2534,70.55,2737.14,3,Two Year,Bank Withdrawal,Offer C,Fiber Optic,No,Male,71,Yes,California,Los Angeles
9367-OIUXP,Stayed,No,76,4676,20.70,254.53,5,Month-to-Month,Credit Card,No Offer,No Internet Service,No,Male,28,No,California,Laton
9367-TCUYN,Stayed,No,32,5179,20.10,329.44,4,Month-to-Month,Credit Card,Offer D,No Internet Service,No,Female,25,No,California,Los Angeles
9367-WXLCH,Churned,Yes,86,2152,84.50,835.28,2,Month-to-Month,Bank Withdrawal,Offer E,Fiber Optic,No,Male,51,No,California,Glendale
9369-XFEHK,Churned,Yes,72,3601,80.60,3751.77,2,Month-to-Month,Bank Withdrawal,No Offer,Cable,No,Female,76,Yes,California,Pleasanton
9371-BITHB,Stayed,No,43,5432,19.85,1247.82,4,Two Year,Mailed Check,Offer B,No Internet Service,No,Female,27,No,California,Gustine
9372-TXXPS,Stayed,No,54,4029,59.85,5967.45,3,Two Year,Bank Withdrawal,Offer B,Cable,Yes,Female,49,No,California,Burson
9373-WSLOY,Stayed,No,65,5600,50.00,1750.85,3,Two Year,Bank Withdrawal,No Offer,DSL,Yes,Male,80,Yes,California,Carlsbad
9374-YOLBJ,Joined,No,27,2053,19.25,44.35,4,Month-to-Month,Bank Withdrawal,Offer E,No Internet Service,No,Female,29,No,California,Upper Lake
9375-MHRRS,Stayed,No,34,3929,50.05,466.41,5,Month-to-Month,Credit Card,Offer E,DSL,Yes,Male,37,No,California,San Jose
9378-FXTIZ,Churned,Yes,95,4596,70.15,5989.05,3,One Year,Credit Card,No Offer,DSL,No,Female,50,No,California,San Diego
9381-NDKME,Churned,Yes,85,3843,40.65,933.30,1,Month-to-Month,Credit Card,Offer C,Cable,No,Female,74,Yes,California,El Monte
9385-EHGDO,Stayed,No,46,4177,19.85,1053.46,3,Two Year,Credit Card,No Offer,No Internet Service,No,Female,37,No,California,Lakeside
9385-NXKDA,Stayed,No,42,4324,82.65,7163.51,3,Two Year,Credit Card,Offer A,DSL,No,Female,53,No,California,Hesperia
9386-LDCZR,Stayed,No,27,2496,90.65,5463.84,3,One Year,Credit Card,Offer B,Fiber Optic,Yes,Male,19,No,California,San Ardo
9388-ZEYVT,Stayed,No,42,2522,44.15,1931.30,4,One Year,Bank Withdrawal,Offer B,DSL,Yes,Male,63,No,California,Gardena
9389-ACWBI,Stayed,No,73,3850,69.95,327.30,3,Month-to-Month,Credit Card,No Offer,Fiber Optic,No,Female,47,No,California,Richvale
9391-DXGGG,Stayed,No,27,4368,89.15,5547.91,4,One Year,Credit Card,Offer B,Fiber Optic,No,Female,70,Yes,California,Sacramento
9391-EOYLI,Churned,Yes,69,5374,80.45,1033.84,2,Month-to-Month,Bank Withdrawal,Offer D,Fiber Optic,No,Male,77,Yes,California,Lewiston
9391-LMANN,Stayed,No,61,4523,95.95,6825.12,3,One Year,Bank Withdrawal,Offer B,Fiber Optic,No,Male,38,No,California,Pico Rivera
9391-TTOYH,Stayed,No,42,5652,19.50,791.74,4,Month-to-Month,Credit Card,Offer D,No Internet Service,No,Female,33,No,California,Oakland
9391-YZEJW,Stayed,No,25,4778,94.00,7759.18,3,One Year,Bank Withdrawal,Offer B,Fiber Optic,No,Female,42,No,California,Mountain View
9392-XBGTD,Stayed,No,56,2924,20.60,812.70,4,Two Year,Credit Card,No Offer,No Internet Service,No,Male,42,No,California,Aptos
9396-ZSFLL,Stayed,No,78,3762,48.85,803.01,4,Month-to-Month,Credit Card,No Offer,DSL,No,Female,64,No,California,Carpinteria
9397-TZSHA,Stayed,No,66,5294,24.60,4168.13,5,Two Year,Credit Card,Offer A,No Internet Service,No,Female,24,No,California,Watsonville
9398-MMQTO,Joined,No,61,3956,74.45,395.50,5,Month-to-Month,Credit Card,No Offer,Fiber Optic,No,Male,41,No,California,Borrego Springs
9399-APLBT,Churned,Yes,80,5980,74.70,96.61,1,Month-to-Month,Bank Withdrawal,No Offer,Fiber Optic,No,Female,52,No,California,Rialto
9402-CXWPL,Stayed,No,20,5980,98.90,7425.90,5,One Year,Bank Withdrawal,Offer A,Fiber Optic,No,Female,25,No,California,Birds Landing
9402-ORRAH,Stayed,No,41,4173,91.50,1945.19,3,Two Year,Bank Withdrawal,No Offer,Fiber Optic,No,Female,80,Yes,California,La Canada Flintridge
9402-ROUMJ,Stayed,No,64,5588,100.25,6892.68,3,One Year,Bank Withdrawal,Offer A,Fiber Optic,Yes,Female,52,No,California,La Habra
9405-GPBBG,Stayed,No,64,5718,110.50,7492.77,5,Two Year,Credit Card,No Offer,Fiber Optic,Yes,Female,42,No,California,Carmel By The Sea
9408-HRXRK,Stayed,No,22,5915,105.15,6867.50,4,Month-to-Month,Bank Withdrawal,No Offer,Fiber Optic,No,Female,63,No,California,Annapolis
9408-SSNVZ,Churned,Yes,67,2227,70.15,364.26,2,Month-to-Month,Bank Withdrawal,No Offer,Fiber Optic,No,Female,39,No,California,Stevenson Ranch
9411-TPQQV,Stayed,No,74,3533,54.55,2264.72,3,One Year,Bank Withdrawal,Offer B,DSL,Yes,Female,31,No,California,Santa Barbara
9412-ARGBX,Churned,Yes,90,2459,95.50,6045.77,2,Two Year,Credit Card,No Offer,Fiber Optic,Yes,Female,47,No,California,Downey
9412-GHEEC,Churned,Yes,88,3492,104.80,5555.15,1,Month-to-Month,Bank Withdrawal,No Offer,Fiber Optic,Yes,Male,55,No,California,Murrieta
9415-DPEWS,Churned,Yes,96,5727,88.35,1867.36,3,Month-to-Month,Bank Withdrawal,No Offer,Fiber Optic,Yes,Female,47,No,California,Carmichael
9415-TPKRV,Stayed,No,38,5681,55.75,546.08,4,Month-to-Month,Bank Withdrawal,Offer E,DSL,No,Female,62,No,California,Dos Rios
9415-ZNBSX,Stayed,No,46,5650,89.00,8620.00,3,Two Year,Bank Withdrawal,No Offer,DSL,Yes,Female,30,No,California,Cool
9418-RUKPH,Stayed,No,75,3614,19.95,2652.60,4,Two Year,Credit Card,Offer C,No Internet Service,No,Female,26,No,California,Newark
9419-IPPBE,Stayed,No,22,5692,90.15,5569.75,3,One Year,Bank Withdrawal,Offer B,Fiber Optic,No,Female,21,No,California,Solana Beach
9420-LOJKX,Churned,Yes,82,2966,99.10,1485.80,1,Month-to-Month,Credit Card,No Offer,Fiber Optic,No,Female,34,No,California,Los Angeles
9424-CMPOG,Stayed,No,65,4406,19.60,221.52,3,Two Year,Mailed Check,Offer E,No Internet Service,No,Male,53,No,California,Bakersfield
9426-SXNHE,Joined,No,23,5355,18.75,62.99,4,Month-to-Month,Bank Withdrawal,No Offer,No Internet Service,No,Female,23,No,California,Orleans
9430-FRQOC,Churned,Yes,80,5587,87.10,471.29,2,Month-to-Month,Mailed Check,No Offer,Fiber Optic,Yes,Female,33,No,California,San Diego
9430-NKQLY,Stayed,No,52,4185,25.10,3754.95,3,Two Year,Credit Card,Offer A,No Internet Service,No,Male,49,No,California,Arcadia
9432-RUVSL,Stayed,No,75,3262,102.50,5818.17,3,Two Year,Credit Card,Offer B,Fiber Optic,Yes,Female,43,No,California,Kirkwood
9432-VOFYX,Stayed,No,56,5420,70.80,1816.96,5,Month-to-Month,Bank Withdrawal,Offer D,Fiber Optic,No,Male,26,No,California,Delano
9435-JMLSX,Stayed,No,52,6286,86.10,6437.11,4,Two Year,Bank Withdrawal,Offer A,Cable,Yes,Male,39,No,California,Monte Rio
9436-ZBZCT,Churned,Yes,90,5463,89.95,1579.50,2,Month-to-Month,Bank Withdrawal,Offer D,Cable,Yes,Male,40,No,California,Inglewood
9441-QHEVC,Joined,No,30,2091,19.10,63.32,4,Month-to-Month,Credit Card,No Offer,No Internet Service,No,Male,61,No,California,San Diego
9442-JTWDL,Stayed,No,48,5355,20.05,533.05,4,One Year,Credit Card,No Offer,No Internet Service,No,Female,52,No,California,Heber
9443-JUBUO,Stayed,No,67,6412,65.25,4558.85,4,Two Year,Credit Card,Offer A,DSL,Yes,Male,24,No,California,Hoopa
9444-JTXHZ,Churned,Yes,83,5973,76.20,161.35,3,Month-to-Month,Bank Withdrawal,No Offer,Fiber Optic,No,Male,53,No,California,Tulare
9445-SZLCH,Churned,Yes,86,4544,97.35,4335.30,2,Month-to-Month,Bank Withdrawal,No Offer,Fiber Optic,No,Female,39,No,California,Santa Clara
9445-ZUEQE,Stayed,No,28,3796,85.20,3482.19,3,Month-to-Month,Credit Card,Offer C,Fiber Optic,Yes,Male,33,No,California,Buena Park
9447-YPTBX,Stayed,No,39,4358,19.85,2348.10,5,One Year,Bank Withdrawal,No Offer,No Internet Service,No,Female,30,No,California,Alhambra
9448-REEVD,Churned,Yes,74,3700,44.70,76.78,3,Month-to-Month,Credit Card,No Offer,DSL,No,Male,21,No,California,Concord
9450-TRJUU,Stayed,No,65,2332,83.15,4271.96,4,Month-to-Month,Bank Withdrawal,No Offer,Fiber Optic,No,Male,52,No,California,Bakersfield
9451-LPGOO,Churned,Yes,66,3780,86.80,834.62,2,Month-to-Month,Bank Withdrawal,Offer E,Fiber Optic,No,Male,22,No,California,Fallbrook
9451-WLYRI,Stayed,No,74,6160,19.05,3441.17,5,One Year,Credit Card,Offer B,No Internet Service,No,Female,50,No,California,Ranchita
9453-PATOS,Stayed,No,39,4147,85.10,7634.28,4,Two Year,Credit Card,Offer A,Cable,Yes,Female,24,No,California,Gualala
9462-MJUAW,Churned,Yes,92,4399,50.40,328.36,1,Month-to-Month,Credit Card,No Offer,Cable,No,Male,60,No,California,Berkeley
9465-RWMXL,Churned,Yes,90,5949,78.90,3170.19,3,Month-to-Month,Bank Withdrawal,Offer C,Fiber Optic,No,Male,62,No,California,San Diego
9467-ROOLM,Stayed,No,65,2692,19.05,1218.30,5,Month-to-Month,Mailed Check,Offer C,No Internet Service,No,Female,50,No,California,Gridley
9469-WEJBT,Stayed,No,76,3347,90.35,3827.93,3,Month-to-Month,Bank Withdrawal,No Offer,Fiber Optic,Yes,Male,56,No,California,Carnelian Bay
9470-RTWDV,Stayed,No,43,3973,82.00,2995.13,4,One Year,Credit Card,Offer C,DSL,Yes,Male,51,No,California,Tustin
9470-XCCEM,Stayed,No,34,2622,89.65,4884.40,3,Month-to-Month,Bank Withdrawal,No Offer,Fiber Optic,No,Male,41,No,California,Torrance
9470-YFUYI,Stayed,No,55,5247,71.00,5817.95,3,One Year,Bank Withdrawal,No Offer,DSL,Yes,Male,69,Yes,California,Redway
9473-CBZOP,Stayed,No,67,4891,59.00,2579.85,4,One Year,Credit Card,No Offer,Cable,No,Female,35,No,California,Avila Beach
9474-PHLYD,Churned,Yes,68,5129,59.45,1437.75,1,Month-to-Month,Bank Withdrawal,Offer D,DSL,No,Female,25,No,California,Sherman Oaks
9475-NNDGC,Stayed,No,75,4068,113.15,9881.61,3,One Year,Bank Withdrawal,No Offer,Fiber Optic,Yes,Male,50,No,California,Etna
9477-LGWQI,Stayed,No,70,5715,80.15,7285.75,3,Two Year,Credit Card,Offer A,DSL,No,Male,28,No,California,Darwin
9479-HYNYL,Stayed,No,24,5617,80.70,8801.36,5,Two Year,Credit Card,No Offer,Cable,Yes,Female,48,No,California,La Jolla
9480-BQJEI,Stayed,No,58,6468,92.30,7241.15,4,One Year,Bank Withdrawal,No Offer,Fiber Optic,No,Male,35,No,California,Sacramento
9481-IEBZY,Stayed,No,29,5569,112.90,10263.10,3,Two Year,Credit Card,Offer A,Fiber Optic,Yes,Male,69,Yes,California,Nuevo
9481-SFCQY,Stayed,No,51,5962,59.80,1442.81,4,Month-to-Month,Credit Card,Offer D,DSL,No,Female,44,No,California,Bass Lake
9481-WHGWY,Stayed,No,64,6477,75.35,8204.85,3,Two Year,Credit Card,Offer A,DSL,Yes,Female,35,No,California,Pleasanton
9483-GCPWE,Stayed,No,20,3444,20.10,436.31,4,One Year,Credit Card,No Offer,No Internet Service,No,Male,60,No,California,Earp
9488-FVZCC,Stayed,No,78,4390,79.50,8008.18,3,Two Year,Bank Withdrawal,Offer A,DSL,Yes,Female,35,No,California,Rialto
9488-FYQAU,Stayed,No,78,5700,109.25,7513.61,4,Two Year,Bank Withdrawal,No Offer,Fiber Optic,Yes,Female,64,No,California,Artesia
9488-HGMJH,Churned,Yes,85,5287,71.15,115.90,3,Month-to-Month,Bank Withdrawal,Offer E,Fiber Optic,No,Female,78,Yes,California,Indian Wells
9489-DEDVP,Stayed,No,25,4715,69.20,7008.95,3,Two Year,Credit Card,No Offer,DSL,No,Female,52,No,California,Los Angeles
9489-JMTTN,Stayed,No,60,5096,89.75,7717.66,3,Two Year,Credit Card,Offer A,DSL,Yes,Female,41,No,California,Hickman
9489-UTFKA,Stayed,No,27,2136,60.90,714.57,3,One Year,Bank Withdrawal,Offer E,DSL,No,Male,76,Yes,California,Travis Afb
9490-DFPMD,Churned,Yes,90,4871,84.65,3941.61,2,Month-to-Month,Bank Withdrawal,No Offer,Fiber Optic,No,Female,79,Yes,California,San Diego
9492-TOKRI,Churned,Yes,90,2708,90.00,1773.05,1,Month-to-Month,Credit Card,No Offer,Fiber Optic,No,Female,55,No,California,Dinuba
9494-BDNNC,Stayed,No,49,5706,95.30,7978.18,4,One Year,Bank Withdrawal,No Offer,Fiber Optic,No,Male,36,No,California,Los Angeles
9494-MRNYX,Stayed,No,23,3399,75.05,966.10,4,Month-to-Month,Bank Withdrawal,No Offer,Fiber Optic,No,Male,22,No,California,Meadow Valley
9495-REDIY,Stayed,No,29,5079,40.65,970.55,3,One Year,Credit Card,No Offer,DSL,No,Male,56,No,California,Calexico
9495-SKLKD,Stayed,No,63,5322,95.95,5460.60,5,Month-to-Month,Bank Withdrawal,No Offer,Fiber Optic,No,Male,54,No,California,Marysville
9496-IVVRP,Stayed,No,49,5777,51.00,1134.94,3,Month-to-Month,Bank Withdrawal,No Offer,DSL,No,Female,42,No,California,Lake Elsinore
9497-QCMMS,Churned,Yes,81,5536,93.55,123.72,1,Month-to-Month,Bank Withdrawal,Offer E,Fiber Optic,No,Male,73,Yes,California,San Diego
9498-FIMXL,Stayed,No,40,5272,19.20,410.11,4,One Year,Credit Card,Offer E,No Internet Service,No,Female,31,No,California,Oceanside
9499-XPZXM,Stayed,No,30,4675,64.75,5901.31,3,Two Year,Bank Withdrawal,No Offer,DSL,Yes,Female,45,No,California,Burnt Ranch
9500-IWPXQ,Stayed,No,74,4666,79.40,7289.83,3,One Year,Bank Withdrawal,Offer B,DSL,Yes,Female,52,No,California,West Sacramento
9500-LTVBP,Stayed,No,31,3999,80.05,3295.80,5,Month-to-Month,Credit Card,Offer C,Fiber Optic,Yes,Female,63,No,California,Rancho Palos Verdes
9500-WBGRP,Stayed,No,31,4535,19.10,4200.66,3,Two Year,Credit Card,Offer A,No Internet Service,No,Male,19,No,California,Danville
9501-UKKNL,Stayed,No,30,6107,51.70,3005.80,3,Month-to-Month,Bank Withdrawal,No Offer,DSL,Yes,Male,43,No,California,Diamond Bar
9503-XJUME,Stayed,No,34,4279,19.65,2106.20,4,One Year,Credit Card,No Offer,No Internet Service,No,Male,23,No,California,Bolinas
9504-DSHWM,Stayed,No,58,5924,59.20,1984.00,3,Month-to-Month,Bank Withdrawal,No Offer,DSL,Yes,Male,53,No,California,Litchfield
9504-YAZWB,Stayed,No,79,4218,20.25,2556.83,4,Two Year,Credit Card,No Offer,No Internet Service,No,Female,28,No,California,Mountain Center
9505-SQFSW,Joined,No,65,5651,40.30,92.50,4,Month-to-Month,Credit Card,Offer E,Cable,No,Female,59,No,California,Tehachapi
9506-UXUSK,Stayed,No,30,4599,70.15,1590.96,5,Month-to-Month,Bank Withdrawal,Offer D,Fiber Optic,No,Male,53,No,California,San Jose
9507-EXLTT,Churned,Yes,77,3492,79.35,102.98,2,Month-to-Month,Bank Withdrawal,Offer E,Fiber Optic,No,Female,30,No,California,Seaside
9507-HSMMZ,Stayed,No,41,6094,20.00,2623.85,3,Two Year,Credit Card,Offer B,No Internet Service,No,Male,48,No,California,Thousand Oaks
9508-ILZDG,Stayed,No,32,5425,96.35,3674.07,4,Two Year,Bank Withdrawal,No Offer,Fiber Optic,Yes,Female,79,Yes,California,Dillon Beach
9509-MPYOD,Stayed,No,67,4261,20.75,1942.95,4,One Year,Credit Card,Offer C,No Internet Service,No,Female,34,No,California,Newcastle
9512-PHSMG,Stayed,No,71,4907,20.55,356.95,3,Month-to-Month,Credit Card,No Offer,No Internet Service,No,Female,27,No,California,Merced
9512-UIBFX,Churned,Yes,68,4643,95.15,1796.96,3,Month-to-Month,Credit Card,No Offer,Fiber Optic,No,Male,52,No,California,West Covina
9513-DXHDA,Stayed,No,39,2445,81.70,3542.30,4,One Year,Bank Withdrawal,No Offer,DSL,Yes,Male,58,No,California,Auburn
9514-JDSKI,Churned,Yes,65,5828,40.20,40.20,2,Month-to-Month,Bank Withdrawal,Offer E,DSL,No,Male,77,Yes,California,El Monte
9518-IMLHK,Stayed,No,77,3175,72.45,3434.38,4,Month-to-Month,Bank Withdrawal,No Offer,DSL,Yes,Male,48,No,California,Sacramento
9518-RWHZL,Churned,Yes,69,5452,100.05,8054.52,1,One Year,Credit Card,No Offer,Fiber Optic,No,Female,39,No,California,Penryn
9518-XXBXE,Stayed,No,41,4254,75.30,971.75,4,Two Year,Bank Withdrawal,No Offer,Fiber Optic,No,Male,80,Yes,California,Patterson
9522-BNTHX,Stayed,No,32,5597,56.25,1765.95,3,Two Year,Bank Withdrawal,No Offer,DSL,No,Female,72,Yes,California,Caliente
9522-ZSINC,Stayed,No,24,2252,19.95,349.09,3,One Year,Bank Withdrawal,Offer D,No Internet Service,No,Male,34,No,California,Santa Rosa
9524-EGPJC,Churned,Yes,80,4260,90.10,2180.27,1,Month-to-Month,Bank Withdrawal,No Offer,Fiber Optic,Yes,Female,33,No,California,Walnut Creek
9526-BIHHD,Churned,Yes,74,3383,29.70,29.70,1,Month-to-Month,Mailed Check,Offer E,Cable,No,Male,30,No,California,San Jose
9526-JAWYF,Churned,Yes,71,3452,89.80,2497.54,1,Month-to-Month,Bank Withdrawal,Offer C,Fiber Optic,No,Male,49,No,California,San Diego
9529-OFXHY,Stayed,No,61,5415,87.75,1449.20,3,Month-to-Month,Bank Withdrawal,No Offer,Fiber Optic,No,Male,20,No,California,Elk Creek
9530-EHPOH,Churned,Yes,91,3407,53.75,773.33,1,Month-to-Month,Bank Withdrawal,Offer D,DSL,No,Male,60,No,California,San Diego
9530-GRMJG,Stayed,No,48,5568,84.10,8697.80,4,Two Year,Bank Withdrawal,No Offer,DSL,Yes,Male,63,No,California,Whittier
9531-NSBMR,Stayed,No,79,4904,19.25,2474.40,3,One Year,Bank Withdrawal,No Offer,No Internet Service,No,Female,44,No,California,Mendocino
9534-NSXEM,Stayed,No,79,2194,20.65,1415.28,3,One Year,Credit Card,Offer C,No Internet Service,No,Male,28,No,California,Watsonville
9537-JALFH,Stayed,No,54,6058,19.90,3301.81,3,Two Year,Bank Withdrawal,Offer A,No Internet Service,No,Male,49,No,California,Imperial
9537-VHDTA,Joined,No,51,3699,51.20,54.18,3,Month-to-Month,Credit Card,No Offer,Cable,No,Female,42,No,California,Corona
9540-JYROE,Churned,Yes,75,2899,70.10,665.67,1,Month-to-Month,Credit Card,No Offer,Fiber Optic,No,Male,30,No,California,Bonita
9541-PWTWO,Stayed,No,28,4924,80.95,6246.87,5,Two Year,Bank Withdrawal,Offer B,DSL,Yes,Female,32,No,California,Willow Creek
9541-ZPSEA,Stayed,No,33,5954,80.35,7012.59,3,Two Year,Credit Card,Offer A,Fiber Optic,No,Male,25,No,California,San Andreas
9544-PYPSJ,Stayed,No,37,5868,96.10,9006.47,4,Two Year,Credit Card,No Offer,Fiber Optic,No,Female,67,Yes,California,El Cajon
9546-CQJSU,Churned,Yes,80,5100,91.40,272.84,1,Month-to-Month,Bank Withdrawal,No Offer,Fiber Optic,No,Female,50,No,California,Soda Springs
9546-KDTRB,Stayed,No,46,3612,24.70,689.54,5,Month-to-Month,Bank Withdrawal,No Offer,No Internet Service,No,Female,62,No,California,Pasadena
9547-ITEFG,Stayed,No,32,4062,102.60,1108.53,5,Month-to-Month,Credit Card,Offer E,Fiber Optic,No,Male,32,No,California,San Diego
9548-LERKT,Stayed,No,34,3455,19.75,1123.71,3,Two Year,Credit Card,No Offer,No Internet Service,No,Male,32,No,California,Willows
9548-LIGTA,Stayed,No,20,4072,81.05,5988.39,3,Two Year,Credit Card,No Offer,Cable,Yes,Male,26,No,California,Tustin
9548-ZMVTX,Stayed,No,35,4461,90.45,7178.57,3,Two Year,Bank Withdrawal,Offer A,Fiber Optic,Yes,Male,31,No,California,Visalia
9552-TGUZV,Stayed,No,80,5413,75.00,823.46,3,Month-to-Month,Credit Card,Offer E,Fiber Optic,No,Male,57,No,California,Upland
9553-DLCLU,Stayed,No,27,5407,88.95,1643.14,3,Two Year,Credit Card,No Offer,DSL,Yes,Female,30,No,California,Stockton
9554-DFKIC,Stayed,No,38,2613,54.45,1963.40,4,Month-to-Month,Bank Withdrawal,No Offer,DSL,No,Male,50,No,California,Villa Park
9555-SAHUZ,Stayed,No,23,5499,54.50,3834.31,3,Month-to-Month,Bank Withdrawal,No Offer,Cable,No,Female,30,No,California,Kernville
9558-IHEZX,Stayed,No,32,5610,106.75,7491.28,3,Two Year,Credit Card,Offer A,Fiber Optic,No,Female,57,No,California,Litchfield
9560-ARGQJ,Churned,Yes,83,2335,81.00,1518.87,1,Month-to-Month,Bank Withdrawal,No Offer,Fiber Optic,No,Female,40,No,California,Quincy
9560-BBZXK,Stayed,No,54,4871,31.05,1126.35,4,Two Year,Bank Withdrawal,Offer C,Cable,No,Female,61,No,California,Whittier
9564-KCLHR,Churned,Yes,94,2180,51.25,57.69,1,Month-to-Month,Mailed Check,No Offer,DSL,Yes,Male,58,No,California,San Diego
9565-AXSMR,Stayed,No,78,4203,19.20,3174.27,5,Two Year,Credit Card,No Offer,No Internet Service,No,Male,19,No,California,Greenfield
9565-DJPIB,Churned,Yes,87,4689,89.60,512.69,1,Month-to-Month,Credit Card,Offer E,Fiber Optic,No,Female,64,No,California,Vallejo
9565-FLVCG,Stayed,No,74,5420,69.55,5568.49,3,Two Year,Mailed Check,Offer B,DSL,No,Male,40,No,California,Lamont
9565-JSNFM,Churned,Yes,82,5437,70.45,3878.58,3,One Year,Bank Withdrawal,No Offer,Fiber Optic,No,Male,39,No,California,Meadow Valley
9570-KYEUA,Stayed,No,59,5213,99.25,8888.01,4,Two Year,Credit Card,Offer B,Fiber Optic,Yes,Male,38,No,California,Casmalia
9571-EDEBV,Stayed,No,28,5101,98.65,9427.97,5,One Year,Credit Card,No Offer,Fiber Optic,No,Male,60,No,California,San Diego
9572-MTILT,Churned,Yes,81,4508,106.75,9202.19,1,Month-to-Month,Bank Withdrawal,No Offer,Fiber Optic,Yes,Male,47,No,California,Fullerton
9572-WUKSB,Joined,No,23,4416,29.90,92.25,3,Month-to-Month,Bank Withdrawal,No Offer,DSL,Yes,Male,22,No,California,South Pasadena
9574-BOSMD,Stayed,No,72,5668,25.40,2908.98,4,Two Year,Bank Withdrawal,No Offer,No Internet Service,No,Male,50,No,California,Arvin
9574-RKJIF,Churned,Yes,71,2792,94.40,3784.20,1,Month-to-Month,Bank Withdrawal,Offer C,Fiber Optic,No,Male,52,No,California,Trabuco Canyon
9575-IWCAZ,Stayed,No,31,5161,25.10,454.74,4,One Year,Mailed Check,No Offer,No Internet Service,No,Male,37,No,California,Valencia
9576-ANLXO,Churned,Yes,87,2876,69.55,301.08,1,Month-to-Month,Bank Withdrawal,No Offer,Fiber Optic,No,Female,30,No,California,Earlimart
9576-SYUHJ,Stayed,No,37,3194,91.15,3871.28,3,Month-to-Month,Bank Withdrawal,Offer C,Fiber Optic,No,Male,29,No,California,Long Beach
9577-WJVCQ,Stayed,No,24,5310,54.45,4048.15,3,Month-to-Month,Mailed Check,No Offer,DSL,No,Female,24,No,California,West Covina
9578-FOMUK,Stayed,No,57,3965,24.80,799.45,3,Month-to-Month,Bank Withdrawal,No Offer,No Internet Service,No,Male,53,No,California,Santa Clara
9578-VRMNM,Churned,Yes,73,4722,65.20,1802.55,1,Month-to-Month,Credit Card,No Offer,DSL,No,Female,48,No,California,Summerland
9581-GVBXT,Stayed,No,23,6300,34.80,1980.30,4,One Year,Credit Card,Offer B,DSL,No,Male,59,No,California,Santa Maria
9584-EXCDZ,Stayed,No,53,3650,70.50,1875.86,3,Month-to-Month,Bank Withdrawal,Offer D,Fiber Optic,No,Female,53,No,California,San Francisco
9585-KKMFD,Stayed,No,60,5743,20.00,1536.62,3,Two Year,Credit Card,No Offer,No Internet Service,No,Male,24,No,California,San Miguel
9586-JGQKH,Stayed,No,24,4512,105.40,9915.15,3,Two Year,Bank Withdrawal,Offer B,Fiber Optic,Yes,Female,61,No,California,Cathedral City
9588-OZDMQ,Joined,No,60,5225,45.00,120.75,4,Month-to-Month,Bank Withdrawal,Offer E,DSL,No,Female,38,No,California,Tollhouse
9588-YRFHY,Stayed,No,71,5240,19.90,1329.34,3,Two Year,Credit Card,Offer B,No Internet Service,No,Male,19,No,California,Santee
9589-ABEPT,Stayed,No,56,4452,92.45,6673.07,3,Two Year,Credit Card,No Offer,Fiber Optic,Yes,Male,47,No,California,El Segundo
9591-YVTEB,Stayed,No,49,5829,44.85,2479.05,3,Month-to-Month,Bank Withdrawal,Offer B,DSL,No,Male,77,Yes,California,National City
9592-ERDKV,Stayed,No,74,2322,79.25,3254.42,3,One Year,Credit Card,No Offer,DSL,No,Male,43,No,California,Mc Farland
9593-CVZKR,Stayed,No,52,5577,24.45,3151.53,3,Two Year,Credit Card,Offer B,No Internet Service,No,Female,20,No,California,Los Angeles
9600-NAXZN,Churned,Yes,90,3370,101.40,6662.52,1,Month-to-Month,Bank Withdrawal,No Offer,Fiber Optic,No,Male,39,No,California,San Diego
9600-UDOPK,Churned,Yes,68,4095,94.05,3181.45,3,Month-to-Month,Credit Card,Offer C,Fiber Optic,No,Male,33,No,California,San Francisco
9601-BRXPO,Churned,Yes,66,3642,104.95,2789.25,3,Month-to-Month,Bank Withdrawal,Offer C,Fiber Optic,Yes,Female,48,No,California,San Diego
9602-WCXPI,Stayed,No,29,5249,20.15,2075.05,5,One Year,Credit Card,No Offer,No Internet Service,No,Male,24,No,California,Hemet
9603-OAIHC,Joined,No,51,2469,70.05,73.02,3,Two Year,Bank Withdrawal,Offer E,Fiber Optic,No,Male,72,Yes,California,Palmdale
9605-WGJVW,Joined,No,47,2422,70.20,92.54,5,Month-to-Month,Bank Withdrawal,No Offer,Fiber Optic,No,Female,69,Yes,California,Stockton
9606-PBKBQ,Churned,Yes,94,4584,85.00,2784.16,1,Month-to-Month,Bank Withdrawal,No Offer,Fiber Optic,No,Male,69,Yes,California,Long Beach
9609-BENEA,Stayed,No,59,5283,69.00,4050.65,3,One Year,Bank Withdrawal,Offer C,DSL,Yes,Male,50,No,California,Chula Vista
9610-WCESF,Stayed,No,62,6344,43.90,3062.75,4,Two Year,Bank Withdrawal,No Offer,Cable,Yes,Male,44,No,California,Sacramento
9611-CTWIH,Churned,Yes,84,3591,89.45,288.90,3,Month-to-Month,Bank Withdrawal,No Offer,Fiber Optic,No,Female,56,No,California,Garden Grove
9614-RMGHA,Churned,Yes,82,5530,91.85,8329.60,3,Month-to-Month,Bank Withdrawal,No Offer,Fiber Optic,No,Male,29,No,California,San Diego
9617-INGJY,Joined,No,61,3530,70.60,106.72,3,Month-to-Month,Credit Card,No Offer,Fiber Optic,No,Male,31,No,California,Manhattan Beach
9617-UDPEU,Stayed,No,52,2691,19.25,1191.35,3,One Year,Credit Card,No Offer,No Internet Service,No,Female,50,No,California,Loyalton
9618-LFJRU,Stayed,No,40,4344,20.45,95.05,5,Month-to-Month,Credit Card,No Offer,No Internet Service,No,Female,31,No,California,Inglewood
9619-GSATL,Stayed,No,48,3350,55.45,2643.05,4,One Year,Bank Withdrawal,No Offer,DSL,Yes,Female,38,No,California,Dos Rios
9620-ENEJV,Stayed,No,52,4059,70.55,617.19,3,Month-to-Month,Credit Card,Offer E,Fiber Optic,No,Female,52,No,California,Vina
9620-QJREV,Stayed,No,56,3313,20.55,2998.80,5,One Year,Credit Card,Offer B,No Internet Service,No,Male,62,No,California,Weldon
9621-OUPYD,Stayed,No,23,4129,20.20,770.15,3,One Year,Bank Withdrawal,No Offer,No Internet Service,No,Female,21,No,California,Lancaster
9624-EGDEQ,Stayed,No,61,5336,19.80,2366.93,5,Two Year,Credit Card,No Offer,No Internet Service,No,Female,49,No,California,Palo Alto
9625-QNLUX,Stayed,No,22,4751,103.25,8560.88,4,Two Year,Credit Card,No Offer,Fiber Optic,No,Male,51,No,California,San Jose
9625-QSTYE,Churned,Yes,79,4806,81.15,1002.22,1,Month-to-Month,Bank Withdrawal,No Offer,Fiber Optic,No,Female,37,No,California,San Francisco
9625-RZFUK,Stayed,No,63,4235,19.70,1505.80,5,Two Year,Credit Card,No Offer,No Internet Service,No,Male,47,No,California,Alameda
9626-VFRGG,Stayed,No,27,5984,88.50,4412.57,3,Month-to-Month,Bank Withdrawal,No Offer,Fiber Optic,No,Female,33,No,California,Susanville
9626-WEQRM,Stayed,No,78,2657,29.15,120.05,4,Month-to-Month,Credit Card,No Offer,DSL,No,Female,53,No,California,Cedarville
9629-NHXFW,Joined,No,72,3160,19.40,68.19,5,Month-to-Month,Credit Card,No Offer,No Internet Service,No,Female,58,No,California,Downey
9631-RXVJM,Stayed,No,77,2682,19.25,826.30,4,Two Year,Credit Card,Offer C,No Internet Service,No,Male,33,No,California,San Francisco
9631-XEYKE,Joined,No,53,4639,50.40,226.47,5,Month-to-Month,Bank Withdrawal,No Offer,DSL,No,Male,28,No,California,Rialto
9633-DENPU,Stayed,No,33,2613,58.60,2873.80,4,Month-to-Month,Bank Withdrawal,No Offer,Cable,No,Female,53,No,California,Long Beach
9633-XQABV,Joined,No,46,2156,70.25,305.90,4,Month-to-Month,Bank Withdrawal,Offer E,Fiber Optic,No,Female,33,No,California,Los Banos
9637-CDTKZ,Stayed,No,61,4965,114.10,9761.84,3,Two Year,Credit Card,No Offer,Fiber Optic,Yes,Male,64,No,California,Fallbrook
9637-EIHEQ,Churned,Yes,68,4535,50.80,73.62,2,Month-to-Month,Bank Withdrawal,No Offer,Cable,Yes,Female,20,No,California,San Diego
9638-JIQYA,Joined,No,41,4033,24.90,59.70,3,Month-to-Month,Credit Card,No Offer,DSL,No,Male,22,No,California,Ballico
9639-BUJXT,Stayed,No,28,5997,20.50,3539.58,5,One Year,Credit Card,No Offer,No Internet Service,No,Male,50,No,California,Santee
9640-ZSLDC,Stayed,No,38,4854,60.60,4992.47,4,One Year,Credit Card,No Offer,DSL,No,Female,29,No,California,Lagunitas
9643-AVVWI,Joined,No,76,4264,80.00,298.84,3,Month-to-Month,Bank Withdrawal,No Offer,Fiber Optic,Yes,Female,49,No,California,Los Angeles
9643-YBLUR,Stayed,No,60,2907,69.05,888.22,4,Month-to-Month,Credit Card,Offer E,Cable,No,Male,27,No,California,West Covina
9644-KVCNC,Stayed,No,77,4928,92.15,7355.78,4,One Year,Bank Withdrawal,Offer A,Fiber Optic,No,Female,49,No,California,Fountain Valley
9644-UMGQA,Stayed,No,43,4076,49.15,503.85,3,Month-to-Month,Bank Withdrawal,Offer E,DSL,No,Male,48,No,California,Penn Valley
9646-NMHXE,Stayed,No,77,2021,19.65,1280.48,5,Two Year,Credit Card,No Offer,No Internet Service,No,Male,63,No,California,San Geronimo
9647-ERGBE,Churned,Yes,91,4664,100.05,4238.35,1,Month-to-Month,Bank Withdrawal,No Offer,Fiber Optic,No,Female,64,No,California,Turlock
9648-BCHKM,Stayed,No,78,5231,24.65,1257.77,3,Two Year,Credit Card,No Offer,No Internet Service,No,Female,22,No,California,Palmdale
9650-VBUOG,Stayed,No,73,3772,25.05,2221.75,3,Two Year,Credit Card,Offer C,No Internet Service,No,Male,44,No,California,Tranquillity
9651-GTSAQ,Churned,Yes,94,4471,106.10,7364.52,3,One Year,Bank Withdrawal,No Offer,Fiber Optic,No,Female,44,No,California,Corning
9658-WYUFB,Churned,Yes,66,2825,94.40,1988.44,1,Month-to-Month,Bank Withdrawal,Offer D,Fiber Optic,No,Female,57,No,California,Lathrop
9659-QEQSY,Stayed,No,75,3974,115.65,6643.35,3,Month-to-Month,Bank Withdrawal,No Offer,Fiber Optic,Yes,Female,26,No,California,Los Angeles
9659-ZTWSM,Stayed,No,53,4138,107.35,7531.53,4,One Year,Bank Withdrawal,No Offer,Fiber Optic,Yes,Male,71,Yes,California,Los Angeles
9661-ACXBS,Churned,Yes,89,2317,105.20,5765.92,1,Month-to-Month,Bank Withdrawal,Offer B,Fiber Optic,No,Female,26,No,California,San Rafael
9661-JALZV,Stayed,No,54,5138,24.70,4297.20,4,Two Year,Credit Card,Offer B,No Internet Service,No,Female,23,No,California,Atascadero
9661-MHUMO,Churned,Yes,84,4478,49.25,57.63,3,Month-to-Month,Credit Card,No Offer,DSL,Yes,Male,71,Yes,California,Mather
9667-EQRXU,Churned,Yes,94,3016,40.30,1272.95,2,Month-to-Month,Bank Withdrawal,No Offer,Cable,No,Female,74,Yes,California,Boron
9667-TKTVZ,Joined,No,71,4916,54.35,168.67,5,Month-to-Month,Credit Card,No Offer,Cable,Yes,Female,38,No,California,Los Osos
9668-PUGNU,Stayed,No,38,4058,24.50,4100.98,4,Two Year,Bank Withdrawal,No Offer,No Internet Service,No,Male,20,No,California,Escondido
9670-BPNXF,Stayed,No,80,2935,62.55,3174.45,3,One Year,Credit Card,Offer B,DSL,Yes,Female,48,No,California,Glennville
9674-EHPPG,Stayed,No,44,2519,40.40,1922.70,3,Two Year,Credit Card,Offer B,DSL,Yes,Male,63,No,California,Berkeley
9675-ICXCT,Stayed,No,75,4689,80.80,8253.59,5,Two Year,Bank Withdrawal,Offer A,Cable,Yes,Male,23,No,California,El Cajon
9677-AVKED,Stayed,No,60,4733,84.60,5220.37,5,One Year,Bank Withdrawal,No Offer,Cable,Yes,Female,55,No,California,La Verne
9680-NIAUV,Stayed,No,74,5945,109.70,9472.82,4,Two Year,Credit Card,Offer A,Fiber Optic,No,Female,42,No,California,West Hills
9681-KYGYB,Stayed,No,24,5987,88.20,5433.45,4,One Year,Bank Withdrawal,Offer B,Fiber Optic,No,Male,75,Yes,California,Kelseyville
9681-OXGVC,Churned,Yes,85,5180,100.50,655.00,3,Month-to-Month,Bank Withdrawal,No Offer,Fiber Optic,No,Female,54,No,California,Laytonville
9685-WKZGT,Churned,Yes,70,2075,74.95,1225.94,3,Month-to-Month,Bank Withdrawal,Offer D,Fiber Optic,No,Male,67,Yes,California,Carmichael
9688-YGXVR,Stayed,No,59,4112,88.15,5417.72,4,Month-to-Month,Credit Card,Offer B,Fiber Optic,No,Female,35,No,California,Salida
9689-PTNPG,Churned,Yes,80,5055,80.25,232.61,1,Month-to-Month,Bank Withdrawal,Offer E,Fiber Optic,No,Male,42,No,California,San Diego
9691-HKOVS,Stayed,No,77,4712,90.15,7527.25,3,One Year,Bank Withdrawal,Offer B,DSL,Yes,Female,20,No,California,San Jose
9692-TUSXH,Churned,Yes,90,5581,96.05,2383.30,1,Month-to-Month,Bank Withdrawal,Offer D,Fiber Optic,No,Female,23,No,California,Los Angeles
9693-XMUOB,Stayed,No,27,5546,50.25,2997.45,4,Month-to-Month,Bank Withdrawal,No Offer,Cable,No,Male,65,Yes,California,Palo Alto
9695-IDRZR,Stayed,No,46,5104,116.15,4880.88,4,Two Year,Credit Card,No Offer,Fiber Optic,Yes,Female,26,No,California,Greenville
9696-RMYBA,Stayed,No,22,5225,80.10,460.30,3,Month-to-Month,Credit Card,No Offer,Fiber Optic,No,Male,56,No,California,Los Angeles
9699-UBQFS,Stayed,No,32,4745,94.50,4314.18,3,Month-to-Month,Bank Withdrawal,No Offer,Fiber Optic,No,Female,76,Yes,California,Los Angeles
9700-ISPUP,Stayed,No,44,3137,65.50,875.80,5,Month-to-Month,Bank Withdrawal,Offer D,DSL,Yes,Female,59,No,California,Valley Center
9700-ZCLOT,Joined,No,77,3922,20.00,66.76,5,Month-to-Month,Credit Card,Offer E,No Internet Service,No,Male,46,No,California,Claremont
9701-CDXHR,Stayed,No,55,5187,69.15,6093.36,4,Month-to-Month,Credit Card,Offer B,Fiber Optic,No,Female,63,No,California,Fallbrook
9702-AIUJO,Stayed,No,44,6115,44.80,4025.13,5,One Year,Bank Withdrawal,No Offer,DSL,No,Male,22,No,California,Santa Paula
9705-IOVQQ,Stayed,No,20,5177,99.00,6223.24,5,One Year,Bank Withdrawal,No Offer,Fiber Optic,No,Male,80,Yes,California,Huntington Park
9705-ZJBCG,Stayed,No,43,4977,54.15,956.24,3,One Year,Bank Withdrawal,Offer D,DSL,Yes,Female,51,No,California,Frazier Park
9708-HPXWZ,Stayed,No,68,2599,45.40,214.75,5,Two Year,Credit Card,No Offer,DSL,Yes,Male,74,Yes,California,El Sobrante
9708-KFDBY,Joined,No,28,4801,20.55,27.87,4,Month-to-Month,Credit Card,Offer E,No Internet Service,No,Male,29,No,California,Oceanside
9710-NJERN,Stayed,No,44,2007,20.15,861.31,3,Two Year,Mailed Check,Offer C,No Internet Service,No,Female,30,No,California,Palm Desert
9710-ZUSHQ,Churned,Yes,92,5849,106.75,5605.20,1,Month-to-Month,Bank Withdrawal,Offer C,Fiber Optic,No,Female,77,Yes,California,Red Bluff
9711-FJTBX,Stayed,No,28,5058,85.85,5436.68,4,One Year,Credit Card,No Offer,Fiber Optic,Yes,Male,60,No,California,Pittsburg
9714-EDSUC,Stayed,No,22,3094,94.90,406.55,4,Month-to-Month,Credit Card,No Offer,Fiber Optic,Yes,Male,25,No,California,Alviso
9715-SBVSU,Stayed,No,22,3186,61.40,985.91,4,Two Year,Bank Withdrawal,No Offer,DSL,No,Male,20,No,California,Loma Linda
9715-WZCLW,Stayed,No,43,4603,97.20,9685.69,3,Two Year,Bank Withdrawal,Offer A,Fiber Optic,No,Male,28,No,California,Fontana
9717-IOAAF,Stayed,No,21,2682,25.85,860.10,5,Two Year,Credit Card,No Offer,No Internet Service,No,Male,54,No,California,Rocklin
9717-QEBGU,Joined,No,37,2980,70.30,147.14,4,Month-to-Month,Bank Withdrawal,Offer E,Fiber Optic,No,Male,51,No,California,Leggett
9720-JJJOR,Stayed,No,50,4565,60.30,2610.93,3,One Year,Bank Withdrawal,No Offer,DSL,No,Male,20,No,California,San Ysidro
9722-UJOJR,Churned,Yes,73,2663,70.75,2300.76,1,Month-to-Month,Bank Withdrawal,No Offer,Fiber Optic,No,Male,36,No,California,Blairsden Graeagle
9725-SCPZG,Churned,Yes,80,5086,90.85,91.98,3,Month-to-Month,Bank Withdrawal,Offer E,Fiber Optic,No,Male,47,No,California,South Lake Tahoe
9728-FTTVZ,Churned,Yes,82,4073,69.20,92.92,3,Month-to-Month,Bank Withdrawal,No Offer,Fiber Optic,No,Female,44,No,California,Williams
9730-DRTMJ,Stayed,No,78,3278,72.80,2826.17,5,One Year,Credit Card,No Offer,DSL,Yes,Male,26,No,California,Coarsegold
9732-EQMWY,Stayed,No,59,4725,99.40,5642.11,4,Month-to-Month,Bank Withdrawal,No Offer,Fiber Optic,No,Female,20,No,California,Concord
9732-KPKBW,Churned,Yes,90,2771,53.95,85.11,1,Month-to-Month,Bank Withdrawal,No Offer,DSL,Yes,Male,49,No,California,Oroville
9732-OUYRN,Stayed,No,39,4066,19.00,1562.07,3,One Year,Credit Card,Offer B,No Internet Service,No,Female,54,No,California,Union City
9734-UYXQI,Churned,Yes,90,5115,49.40,156.21,1,Month-to-Month,Bank Withdrawal,No Offer,Cable,No,Female,27,No,California,Fallbrook
9734-YWGEX,Churned,Yes,81,2954,98.30,1272.34,2,Month-to-Month,Credit Card,No Offer,Fiber Optic,No,Female,27,No,California,South San Francisco
9738-QLWTP,Stayed,No,46,3446,81.90,4589.82,4,One Year,Bank Withdrawal,No Offer,Fiber Optic,Yes,Male,47,No,California,Santa Ysabel
9739-JLPQJ,Stayed,No,47,6009,117.50,11025.19,4,Two Year,Credit Card,No Offer,Fiber Optic,Yes,Female,58,No,California,Long Beach
9741-YLNTD,Stayed,No,47,2684,87.95,782.57,3,Month-to-Month,Bank Withdrawal,No Offer,Fiber Optic,Yes,Male,37,No,California,Greenfield
9742-XOKTS,Stayed,No,69,6194,89.55,7230.22,3,One Year,Bank Withdrawal,Offer A,Fiber Optic,Yes,Male,60,No,California,Santa Clara
9743-DQKQW,Joined,No,58,2013,25.10,79.80,5,Month-to-Month,Bank Withdrawal,Offer E,DSL,No,Male,28,No,California,Escalon
9746-MDMBK,Stayed,No,35,3729,113.45,5749.73,3,One Year,Bank Withdrawal,No Offer,Fiber Optic,Yes,Male,58,No,California,Manton
9746-UGFAC,Stayed,No,67,3171,20.85,676.15,5,One Year,Bank Withdrawal,Offer D,No Internet Service,No,Female,50,No,California,Carlotta
9746-YKGXB,Stayed,No,30,6340,44.25,2252.60,3,One Year,Bank Withdrawal,No Offer,DSL,No,Male,48,No,California,Sacramento
9747-DDZOS,Churned,Yes,74,4378,73.50,77.34,2,Month-to-Month,Bank Withdrawal,No Offer,Fiber Optic,No,Female,50,No,California,Eldridge
9750-BOOHV,Stayed,No,60,3585,30.15,927.65,4,One Year,Credit Card,Offer C,DSL,No,Female,60,No,California,Torrance
9752-ZNQUT,Joined,No,24,3704,48.60,56.59,5,Month-to-Month,Bank Withdrawal,Offer E,Cable,No,Female,51,No,California,Visalia
9753-OYLBX,Joined,No,54,4454,20.50,29.06,5,Month-to-Month,Credit Card,No Offer,No Internet Service,No,Female,54,No,California,San Diego
9754-CLVZW,Stayed,No,43,3970,38.85,1055.15,4,Month-to-Month,Credit Card,Offer C,Cable,Yes,Female,40,No,California,Marysville
9755-JHNMN,Stayed,No,66,5075,67.40,4308.90,3,Two Year,Bank Withdrawal,No Offer,Cable,Yes,Female,37,No,California,Bakersfield
9758-MFWGD,Stayed,No,49,2617,29.90,1388.75,5,One Year,Bank Withdrawal,No Offer,DSL,No,Female,75,Yes,California,Hawthorne
9761-XUJWD,Stayed,No,65,5636,65.60,382.90,4,Month-to-Month,Bank Withdrawal,No Offer,DSL,Yes,Male,22,No,California,Fresno
9762-YAQAA,Stayed,No,22,4104,81.40,4654.02,4,One Year,Credit Card,Offer C,Fiber Optic,No,Male,54,No,California,Seal Beach
9763-GRSKD,Stayed,No,76,5764,49.95,1123.29,3,Month-to-Month,Mailed Check,Offer D,DSL,No,Male,37,No,California,Los Angeles
9763-PDTKK,Churned,Yes,74,4249,94.40,545.92,1,Month-to-Month,Bank Withdrawal,Offer E,Fiber Optic,Yes,Female,59,No,California,San Jose
9764-REAFF,Stayed,No,20,4375,18.40,2650.26,4,Two Year,Bank Withdrawal,Offer B,No Internet Service,No,Female,60,No,California,Stonyford
9766-HGEDE,Stayed,No,77,2185,19.35,324.31,5,One Year,Mailed Check,Offer D,No Internet Service,No,Female,33,No,California,Paradise
9767-FFLEM,Stayed,No,35,4591,69.50,3936.58,3,Month-to-Month,Credit Card,No Offer,Fiber Optic,No,Male,63,No,California,Westmorland
9769-TSBZE,Stayed,No,72,5265,66.00,6154.00,3,Two Year,Bank Withdrawal,No Offer,DSL,Yes,Female,54,No,California,Tupman
9770-KXGQU,Stayed,No,20,4635,98.60,6869.52,3,One Year,Credit Card,No Offer,Fiber Optic,No,Female,52,No,California,Moreno Valley
9770-LXDBK,Joined,No,21,5695,20.40,107.52,4,Month-to-Month,Credit Card,Offer E,No Internet Service,No,Female,42,No,California,Los Angeles
9773-PEQBZ,Stayed,No,65,5739,79.85,953.25,5,Month-to-Month,Bank Withdrawal,No Offer,Fiber Optic,No,Male,43,No,California,Lake Elsinore
9774-NRNAU,Stayed,No,75,5352,84.80,3215.94,3,One Year,Bank Withdrawal,No Offer,DSL,Yes,Male,77,Yes,California,Cabazon
9776-CLUJA,Churned,Yes,96,5748,77.50,4718.72,1,Month-to-Month,Bank Withdrawal,No Offer,Fiber Optic,No,Female,69,Yes,California,Sacramento
9776-OJUZI,Stayed,No,62,4168,95.45,8329.95,4,Two Year,Bank Withdrawal,No Offer,Fiber Optic,No,Female,69,Yes,California,Lost Hills
9777-IQHWP,Stayed,No,42,6249,93.40,7794.78,3,Two Year,Bank Withdrawal,No Offer,Fiber Optic,No,Male,53,No,California,Greenfield
9777-WJJPR,Stayed,No,48,4821,88.65,3606.07,4,Month-to-Month,Credit Card,No Offer,Fiber Optic,No,Male,46,No,California,Sacramento
9778-OGKQZ,Stayed,No,44,5883,92.00,7175.19,3,Two Year,Credit Card,No Offer,DSL,Yes,Male,55,No,California,Fresno
9779-DPNEJ,Stayed,No,42,4732,80.15,2526.77,5,Month-to-Month,Bank Withdrawal,Offer D,Fiber Optic,No,Female,59,No,California,Nipton
9780-FKVVF,Stayed,No,72,3613,59.15,457.36,3,Month-to-Month,Bank Withdrawal,Offer E,DSL,No,Male,60,No,California,Firebaugh
9782-LGXMC,Stayed,No,39,5511,61.75,4753.36,3,Month-to-Month,Bank Withdrawal,No Offer,DSL,Yes,Female,35,No,California,Walnut Creek
9786-IJYDL,Stayed,No,76,5723,113.20,4981.55,4,Two Year,Credit Card,No Offer,Fiber Optic,Yes,Female,49,No,California,Redway
9786-YWNHU,Stayed,No,48,5733,63.55,4178.54,3,Two Year,Credit Card,Offer B,DSL,Yes,Female,62,No,California,Fontana
9787-XVQIU,Churned,Yes,91,3596,75.30,114.74,3,Month-to-Month,Bank Withdrawal,Offer E,Fiber Optic,No,Male,38,No,California,Sugarloaf
9788-HNGUT,Stayed,No,78,5949,116.95,9881.04,3,Two Year,Credit Card,Offer A,Fiber Optic,Yes,Male,45,No,California,Cabazon
9788-YTFGE,Stayed,No,38,3331,19.95,244.52,3,Month-to-Month,Credit Card,No Offer,No Internet Service,No,Male,47,No,California,Fortuna
9793-WECQC,Stayed,No,68,5029,95.30,3301.73,3,Month-to-Month,Credit Card,No Offer,Fiber Optic,No,Male,53,No,California,Foresthill
9795-NREXC,Stayed,No,56,5472,85.00,6242.80,4,Two Year,Credit Card,Offer B,DSL,Yes,Female,41,No,California,Stockton
9795-SHUHB,Stayed,No,79,5313,58.20,5412.62,3,Two Year,Credit Card,No Offer,Cable,Yes,Female,26,No,California,The Sea Ranch
9795-VOWON,Stayed,No,26,4665,24.35,150.85,4,One Year,Credit Card,Offer E,Cable,No,Male,23,No,California,Los Angeles
9796-BPKIW,Stayed,No,47,2939,69.95,902.94,3,Two Year,Credit Card,No Offer,Fiber Optic,No,Male,67,Yes,California,Redwood City
9796-MVYXX,Stayed,No,47,3162,39.70,692.35,4,Two Year,Credit Card,Offer D,DSL,Yes,Female,75,Yes,California,Weldon
9798-DRYDS,Stayed,No,27,4759,61.95,1879.73,5,One Year,Mailed Check,No Offer,DSL,Yes,Female,52,No,California,Huntington Beach
9798-OPFEM,Stayed,No,37,4791,21.10,2444.98,5,Two Year,Bank Withdrawal,Offer B,No Internet Service,No,Female,42,No,California,Adin
9799-CAYJJ,Joined,No,58,2901,69.30,219.04,4,Two Year,Bank Withdrawal,Offer E,Fiber Optic,No,Female,79,Yes,California,West Hills
9800-ONTFE,Stayed,No,37,4479,75.80,1717.84,5,Month-to-Month,Bank Withdrawal,Offer D,Fiber Optic,No,Female,59,No,California,Brooks
9800-OUIGR,Stayed,No,74,5011,20.00,1890.98,3,Two Year,Credit Card,No Offer,No Internet Service,No,Male,61,No,California,Oakland
9801-GDWGV,Churned,Yes,83,4811,103.45,5349.31,2,Month-to-Month,Bank Withdrawal,Offer C,Fiber Optic,No,Female,52,No,California,Temecula
9801-NOSHQ,Stayed,No,49,3058,19.80,493.05,3,One Year,Credit Card,Offer D,No Internet Service,No,Male,50,No,California,Shingletown
9802-CAQUT,Stayed,No,27,5723,109.55,10411.33,4,Two Year,Credit Card,No Offer,Fiber Optic,No,Female,27,No,California,Coarsegold
9803-FTJCG,Stayed,No,26,4117,66.85,5093.05,4,One Year,Credit Card,Offer A,DSL,Yes,Male,50,No,California,Playa Del Rey
9804-ICWBG,Churned,Yes,88,3349,69.90,115.40,2,Month-to-Month,Bank Withdrawal,No Offer,Fiber Optic,No,Male,56,No,California,Pacific Palisades
9805-FILKB,Stayed,No,68,2325,20.20,1062.72,3,One Year,Bank Withdrawal,No Offer,No Internet Service,No,Male,44,No,California,Temecula
9809-IMGCQ,Churned,Yes,93,4458,96.70,3066.91,1,Month-to-Month,Bank Withdrawal,Offer D,Fiber Optic,No,Male,65,Yes,California,Canyon Dam
9812-GHVRI,Stayed,No,31,4294,83.85,4878.65,4,Month-to-Month,Bank Withdrawal,Offer B,Fiber Optic,No,Female,50,No,California,Clements
9814-AOUDH,Stayed,No,57,5625,19.50,2331.51,5,Two Year,Credit Card,Offer B,No Internet Service,No,Male,29,No,California,Arbuckle
9817-APLHW,Stayed,No,53,4408,25.00,343.68,4,Month-to-Month,Bank Withdrawal,Offer D,No Internet Service,No,Male,37,No,California,Los Angeles
9818-XQCUV,Joined,No,61,5994,20.35,97.14,3,Month-to-Month,Credit Card,No Offer,No Internet Service,No,Female,52,No,California,Dunsmuir
9819-FBNSV,Stayed,No,20,4121,72.25,3446.43,3,Two Year,Bank Withdrawal,No Offer,Fiber Optic,No,Male,75,Yes,California,El Cajon
9820-RMCQV,Churned,Yes,92,4444,48.55,840.11,1,Month-to-Month,Credit Card,No Offer,DSL,No,Female,43,No,California,San Marino
9821-BESNZ,Stayed,No,42,4915,104.25,8995.92,4,One Year,Bank Withdrawal,Offer A,Fiber Optic,Yes,Male,43,No,California,Northridge
9821-POOTN,Churned,Yes,94,4639,75.20,4272.65,2,Month-to-Month,Bank Withdrawal,Offer C,Fiber Optic,No,Male,48,No,California,San Dimas
9822-BIIGN,Stayed,No,52,4903,71.85,5288.58,4,Month-to-Month,Bank Withdrawal,Offer B,Cable,Yes,Male,61,No,California,Los Altos
9822-OAOVB,Joined,No,45,5286,55.45,71.88,4,Month-to-Month,Bank Withdrawal,Offer E,DSL,No,Female,63,No,California,Santa Maria
9822-WMWVG,Stayed,No,75,4434,106.50,5787.10,4,Month-to-Month,Bank Withdrawal,No Offer,Fiber Optic,Yes,Female,20,No,California,Grand Terrace
9823-EALYC,Stayed,No,51,6067,80.85,6397.05,3,Two Year,Bank Withdrawal,No Offer,DSL,Yes,Male,55,No,California,Bakersfield
9824-BEMCV,Churned,Yes,77,3368,69.00,1914.14,2,Month-to-Month,Bank Withdrawal,Offer D,Fiber Optic,No,Male,58,No,California,Modesto
9824-QCJPK,Stayed,No,60,4175,20.00,1450.47,3,One Year,Mailed Check,No Offer,No Internet Service,No,Male,47,No,California,Sacramento
9825-YCXWZ,Stayed,No,38,2227,101.10,4615.21,5,One Year,Bank Withdrawal,No Offer,Fiber Optic,Yes,Female,69,Yes,California,Loma Mar
9828-AOQLM,Churned,Yes,91,3187,45.70,58.50,1,Month-to-Month,Bank Withdrawal,No Offer,DSL,No,Female,37,No,California,San Diego
9828-QHFBK,Stayed,No,35,5796,51.15,2090.98,3,Month-to-Month,Bank Withdrawal,No Offer,DSL,No,Male,60,No,California,Montgomery Creek
9830-ECLEN,Stayed,No,45,4704,50.00,2919.85,4,One Year,Mailed Check,No Offer,Cable,No,Male,21,No,California,Winton
9831-BPFRI,Churned,Yes,65,3849,89.55,4851.93,2,One Year,Bank Withdrawal,No Offer,Fiber Optic,Yes,Female,50,No,California,Ferndale
9833-TGFHX,Stayed,No,71,2170,97.10,4675.85,3,One Year,Bank Withdrawal,No Offer,Fiber Optic,No,Male,62,No,California,San Diego
9835-ZIITK,Churned,Yes,74,4281,110.85,10717.17,1,One Year,Bank Withdrawal,No Offer,Fiber Optic,Yes,Male,66,Yes,California,Campbell
9837-BMCLM,Churned,Yes,71,3567,78.50,337.69,2,Month-to-Month,Bank Withdrawal,No Offer,Fiber Optic,No,Male,39,No,California,Stockton
9837-FWLCH,Stayed,No,73,3101,19.20,497.50,3,Month-to-Month,Bank Withdrawal,No Offer,No Internet Service,No,Male,39,No,California,Palm Springs
9838-BFCQT,Stayed,No,41,5475,26.10,4293.69,3,Two Year,Credit Card,No Offer,No Internet Service,No,Male,61,No,California,San Jose
9839-ETQOE,Stayed,No,72,3176,40.45,1912.85,3,Month-to-Month,Bank Withdrawal,No Offer,DSL,No,Male,41,No,California,Vista
9840-DVNDC,Churned,Yes,96,2181,80.50,511.45,2,Month-to-Month,Credit Card,No Offer,Fiber Optic,No,Male,45,No,California,Lancaster
9840-EFJQB,Joined,No,80,4237,74.35,98.76,4,Month-to-Month,Bank Withdrawal,No Offer,Fiber Optic,No,Female,43,No,California,Sylmar
9842-EFSYY,Stayed,No,26,2421,57.20,223.75,3,Month-to-Month,Credit Card,Offer E,Cable,No,Female,31,No,California,Markleeville
9844-FELAJ,Stayed,No,53,5899,107.90,8153.85,3,One Year,Bank Withdrawal,No Offer,Fiber Optic,Yes,Female,65,Yes,California,Sacramento
9845-PEEKO,Stayed,No,25,5400,79.20,4952.02,5,Two Year,Credit Card,No Offer,Fiber Optic,No,Female,71,Yes,California,Brookdale
9845-QOMAD,Stayed,No,58,3958,19.75,680.72,3,One Year,Credit Card,Offer D,No Internet Service,No,Male,38,No,California,Long Beach
9846-GKXAS,Churned,Yes,70,2578,90.80,821.81,3,Month-to-Month,Bank Withdrawal,Offer E,Fiber Optic,No,Female,53,No,California,Burlingame
9847-HNVGP,Stayed,No,76,2221,19.95,751.07,5,One Year,Credit Card,Offer D,No Internet Service,No,Male,23,No,California,Monterey Park
9848-JQJTX,Stayed,No,54,5781,100.90,9225.21,3,Two Year,Bank Withdrawal,Offer A,Fiber Optic,No,Male,52,No,California,Venice
9850-OWRHQ,Churned,Yes,69,5657,74.10,276.87,1,Month-to-Month,Credit Card,No Offer,Fiber Optic,No,Female,55,No,California,Torrance
9851-KIELU,Churned,Yes,76,5803,110.10,1223.60,1,Month-to-Month,Bank Withdrawal,No Offer,Fiber Optic,Yes,Male,53,No,California,Loma Mar
9851-QXEEQ,Churned,Yes,84,3316,104.70,6303.74,1,Month-to-Month,Bank Withdrawal,No Offer,Fiber Optic,No,Male,21,No,California,Bangor
9853-JFZDU,Stayed,No,46,3102,56.85,2588.75,4,Month-to-Month,Bank Withdrawal,No Offer,DSL,Yes,Female,20,No,California,Gold Run
9860-LISIZ,Stayed,No,68,2864,20.35,1922.70,5,Month-to-Month,Credit Card,No Offer,No Internet Service,No,Female,19,No,California,Palm Springs
9861-PDSZP,Stayed,No,28,5430,108.05,8530.20,3,Two Year,Credit Card,No Offer,Fiber Optic,Yes,Female,19,No,California,Delano
9862-KJTYK,Stayed,No,68,3072,25.35,566.10,4,Month-to-Month,Credit Card,Offer D,DSL,No,Male,19,No,California,Newport Beach
9863-JZAIC,Churned,Yes,91,2220,55.00,3723.10,1,Month-to-Month,Credit Card,No Offer,Cable,No,Male,60,No,California,Long Beach
9866-OCCKE,Stayed,No,34,6010,109.75,10598.23,4,Two Year,Mailed Check,Offer A,Fiber Optic,Yes,Female,73,Yes,California,San Diego
9866-QEVEE,Churned,Yes,91,4857,86.00,1950.24,1,Month-to-Month,Bank Withdrawal,Offer D,Fiber Optic,No,Male,58,No,California,Modesto
9867-JCZSP,Stayed,No,64,3646,20.75,566.83,4,One Year,Credit Card,Offer D,No Internet Service,No,Female,28,No,California,Los Angeles
9867-NNXLC,Stayed,No,44,5555,20.05,1216.44,5,Month-to-Month,Credit Card,Offer D,No Internet Service,No,Female,43,No,California,Pacific Grove
9867-XOBQA,Stayed,No,29,3461,53.15,1164.07,4,Two Year,Credit Card,No Offer,DSL,Yes,Female,59,No,California,Pasadena
9871-ELEYA,Stayed,No,40,4263,67.65,3044.80,3,Two Year,Credit Card,No Offer,DSL,Yes,Female,22,No,California,Del Rey
9873-MNDKV,Stayed,No,64,4492,44.65,793.01,3,Month-to-Month,Credit Card,Offer D,DSL,No,Female,59,No,California,San Gregorio
9874-QLCLH,Churned,Yes,79,2365,104.20,1826.97,1,Month-to-Month,Bank Withdrawal,Offer D,Fiber Optic,No,Female,38,No,California,Northridge
9878-TNQGW,Churned,Yes,65,3533,80.95,205.81,3,Month-to-Month,Bank Withdrawal,Offer E,Fiber Optic,No,Male,51,No,California,Davenport
9880-TDQAC,Stayed,No,43,5471,60.00,4238.33,4,Two Year,Bank Withdrawal,No Offer,DSL,Yes,Female,63,No,California,El Cajon
9881-VCZEP,Stayed,No,64,5701,54.10,1786.00,3,Month-to-Month,Bank Withdrawal,No Offer,Cable,No,Female,29,No,California,San Jose
9885-AIBVB,Stayed,No,70,2568,85.80,3735.75,3,Month-to-Month,Bank Withdrawal,No Offer,Fiber Optic,No,Male,62,No,California,Newcastle
9885-CSMWE,Churned,Yes,67,2139,78.45,96.82,1,Month-to-Month,Bank Withdrawal,Offer E,Fiber Optic,No,Female,65,Yes,California,Los Angeles
9885-MFVSU,Stayed,No,46,4577,46.35,1802.05,4,Two Year,Credit Card,Offer C,DSL,Yes,Female,59,No,California,Poway
9888-ZCUMM,Stayed,No,77,4120,60.05,3845.45,4,Two Year,Bank Withdrawal,No Offer,DSL,Yes,Male,48,No,California,Los Angeles
9889-TMAHG,Churned,Yes,74,5084,100.30,924.91,1,Month-to-Month,Credit Card,No Offer,Fiber Optic,Yes,Male,66,Yes,California,Fremont
9891-NQDBD,Stayed,No,39,3493,25.55,1886.28,3,One Year,Mailed Check,No Offer,No Internet Service,No,Female,22,No,California,Lake Forest
9894-EZEWG,Churned,Yes,69,5996,74.30,113.96,1,Month-to-Month,Credit Card,Offer E,Fiber Optic,No,Female,31,No,California,Walnut Grove
9894-QMIMJ,Stayed,No,20,2499,55.80,1535.77,3,One Year,Bank Withdrawal,Offer D,DSL,No,Female,55,No,California,North Hollywood
9895-VFOXH,Joined,No,61,5092,24.40,34.40,5,Month-to-Month,Credit Card,No Offer,DSL,No,Female,19,No,California,Scotia
9896-UYMIE,Stayed,No,52,5303,114.30,7668.82,3,One Year,Bank Withdrawal,Offer A,Fiber Optic,Yes,Male,27,No,California,Valley Ford
9897-KXHCM,Churned,Yes,72,3212,80.30,395.19,1,Month-to-Month,Bank Withdrawal,Offer E,Fiber Optic,No,Female,37,No,California,Modesto
9898-KZQDZ,Churned,Yes,95,5676,94.55,5620.45,1,Month-to-Month,Credit Card,No Offer,Fiber Optic,No,Female,65,Yes,California,Lee Vining
9903-LYSAB,Stayed,No,73,4283,73.15,1607.99,4,Month-to-Month,Bank Withdrawal,Offer D,Fiber Optic,No,Male,42,No,California,Studio City
9904-EHEVJ,Stayed,No,35,2965,91.35,3052.93,5,One Year,Credit Card,Offer C,Fiber Optic,No,Female,66,Yes,California,Bethel Island
9906-NHHVC,Stayed,No,76,5693,53.50,3517.90,3,Two Year,Bank Withdrawal,Offer B,Cable,No,Female,75,Yes,California,Macdoel
9907-SWKKF,Churned,Yes,65,4842,25.05,25.05,1,Month-to-Month,Credit Card,Offer E,DSL,No,Female,69,Yes,California,Twain
9909-DFRJA,Stayed,No,42,3834,95.85,3518.99,3,One Year,Bank Withdrawal,Offer C,Fiber Optic,Yes,Female,60,No,California,Goodyears Bar
9909-IDLEK,Stayed,No,26,3222,96.80,2667.90,4,Month-to-Month,Credit Card,Offer D,Fiber Optic,Yes,Male,32,No,California,Malibu
9912-GVSEQ,Churned,Yes,86,2591,93.85,2622.83,2,Month-to-Month,Bank Withdrawal,Offer C,Fiber Optic,No,Female,73,Yes,California,Napa
9912-OMZDS,Stayed,No,51,5096,106.15,8334.77,5,One Year,Bank Withdrawal,Offer B,Fiber Optic,No,Female,63,No,California,Playa Del Rey
9916-AYHTC,Stayed,No,38,3779,19.85,2453.92,5,Two Year,Credit Card,No Offer,No Internet Service,No,Male,63,No,California,Altadena
9917-KWRBE,Stayed,No,44,2894,78.35,3983.64,3,One Year,Credit Card,Offer B,Cable,No,Female,28,No,California,Anaheim
9919-FZDED,Stayed,No,63,4671,84.10,7227.25,3,Two Year,Credit Card,No Offer,DSL,No,Male,79,Yes,California,Yucca Valley
9919-KNPOO,Stayed,No,55,2058,94.30,2559.21,3,Month-to-Month,Bank Withdrawal,Offer D,Fiber Optic,No,Female,60,No,California,La Mirada
9919-YLNNG,Stayed,No,37,4005,103.80,6123.80,4,Month-to-Month,Bank Withdrawal,Offer B,Fiber Optic,Yes,Female,38,No,California,Malibu
9921-EZKBY,Stayed,No,38,3087,95.30,3617.03,4,Month-to-Month,Bank Withdrawal,Offer C,Fiber Optic,No,Male,55,No,California,Fallbrook
9921-QFQUL,Stayed,No,50,5110,90.15,2554.86,4,Month-to-Month,Credit Card,Offer D,Fiber Optic,No,Female,33,No,California,Garden Valley
9921-ZVRHG,Churned,Yes,94,4155,80.45,1088.66,1,Month-to-Month,Bank Withdrawal,No Offer,Fiber Optic,No,Female,44,No,California,Traver
9924-JPRMC,Stayed,No,55,4886,118.20,11174.43,3,Two Year,Bank Withdrawal,No Offer,Fiber Optic,Yes,Male,60,No,California,Lockeford
9926-PJHDQ,Stayed,No,34,5120,76.80,8688.29,3,Two Year,Bank Withdrawal,Offer A,Cable,No,Female,45,No,California,Kingsburg
9927-DSWDF,Stayed,No,68,2429,104.60,3273.07,3,Month-to-Month,Bank Withdrawal,Offer D,Fiber Optic,Yes,Male,53,No,California,Palos Verdes Peninsula
9928-BZVLZ,Stayed,No,20,3100,49.85,552.10,3,Two Year,Credit Card,Offer D,DSL,Yes,Female,58,No,California,Sunset Beach
9929-PLVPA,Stayed,No,65,4929,20.40,217.66,3,Month-to-Month,Credit Card,Offer E,No Internet Service,No,Female,51,No,California,Capitola
9931-DCEZH,Stayed,No,74,4711,54.40,2480.64,3,One Year,Credit Card,Offer C,DSL,Yes,Male,55,No,California,Roseville
9931-KGHOA,Stayed,No,40,5928,55.00,3042.86,3,Month-to-Month,Bank Withdrawal,No Offer,DSL,No,Female,48,No,California,Santa Barbara
9932-WBWIK,Stayed,No,46,5597,20.35,741.93,5,Month-to-Month,Credit Card,Offer D,No Internet Service,No,Male,43,No,California,Lake Isabella
9933-QRGTX,Stayed,No,48,4905,97.20,7561.75,4,Two Year,Bank Withdrawal,No Offer,Fiber Optic,Yes,Female,59,No,California,Windsor
9938-EKRGF,Stayed,No,46,4653,84.45,1422.40,3,Month-to-Month,Mailed Check,Offer D,Cable,Yes,Female,58,No,California,Lewiston
9938-PRCVK,Stayed,No,52,2902,19.70,1786.20,3,Two Year,Bank Withdrawal,No Offer,No Internet Service,No,Female,45,No,California,Stevenson Ranch
9938-TKDGL,Stayed,No,20,4319,99.55,9303.00,3,Two Year,Bank Withdrawal,Offer A,Fiber Optic,Yes,Male,38,No,California,Llano
9938-ZREHM,Stayed,No,50,2703,72.10,4212.69,3,One Year,Credit Card,No Offer,DSL,Yes,Female,41,No,California,Oxnard
9940-HPQPG,Churned,Yes,91,4176,91.75,1063.80,1,Month-to-Month,Bank Withdrawal,Offer E,Fiber Optic,No,Female,58,No,California,North Hollywood
9940-RHLFB,Churned,Yes,66,2176,75.30,101.36,1,Month-to-Month,Bank Withdrawal,Offer E,Fiber Optic,No,Female,53,No,California,Sunset Beach
9943-VSZUV,Stayed,No,30,5823,75.70,7733.48,4,Month-to-Month,Mailed Check,Offer A,Fiber Optic,No,Male,75,Yes,California,Alamo
9944-AEXBM,Stayed,No,26,2383,85.65,3849.58,3,Month-to-Month,Bank Withdrawal,No Offer,Fiber Optic,No,Male,51,No,California,Casmalia
9944-HKVVB,Churned,Yes,77,5861,95.10,450.26,1,Month-to-Month,Bank Withdrawal,Offer E,Cable,No,Female,55,No,California,King City
9945-PSVIP,Stayed,No,42,2289,18.70,454.15,4,Two Year,Credit Card,Offer C,No Internet Service,No,Female,36,No,California,Dulzura
9947-OTFQU,Churned,Yes,86,4616,74.40,1510.95,1,Month-to-Month,Bank Withdrawal,Offer D,Fiber Optic,No,Male,65,Yes,California,Covina
9948-YPTDG,Churned,Yes,85,2405,79.45,4396.87,1,Month-to-Month,Bank Withdrawal,No Offer,Fiber Optic,No,Male,44,No,California,San Rafael
9950-MTGYX,Stayed,No,73,2948,20.30,1024.99,3,Two Year,Credit Card,No Offer,No Internet Service,No,Male,30,No,California,San Jose
9953-ZMKSM,Stayed,No,79,4530,25.25,1811.93,4,Two Year,Mailed Check,Offer B,No Internet Service,No,Male,28,No,California,Pinole
9955-QOPOY,Stayed,No,63,5683,60.80,4263.40,4,One Year,Credit Card,No Offer,DSL,Yes,Male,23,No,California,Sunnyvale
9957-YODKZ,Stayed,No,68,5611,80.80,588.32,5,Two Year,Bank Withdrawal,No Offer,Fiber Optic,No,Male,75,Yes,California,Canby
9958-MEKUC,Stayed,No,26,4495,103.95,10824.66,3,Two Year,Credit Card,Offer A,Fiber Optic,Yes,Male,26,No,California,Pacifica
9959-WOFKT,Stayed,No,73,4479,106.70,8423.82,3,Two Year,Bank Withdrawal,No Offer,Fiber Optic,No,Male,61,No,California,Los Angeles
9961-JBNMK,Churned,Yes,87,4317,96.80,2907.77,1,Month-to-Month,Bank Withdrawal,No Offer,Fiber Optic,No,Male,79,Yes,California,Desert Center
9962-BFPDU,Joined,No,52,5811,20.05,36.07,5,Month-to-Month,Credit Card,No Offer,No Internet Service,No,Female,61,No,California,Kenwood
9964-WBQDJ,Stayed,No,56,4412,24.40,3480.52,5,Two Year,Credit Card,Offer A,No Internet Service,No,Female,19,No,California,West Hollywood
9965-YOKZB,Churned,Yes,71,3723,83.85,880.51,1,Month-to-Month,Bank Withdrawal,No Offer,Fiber Optic,No,Male,73,Yes,California,Grizzly Flats
9967-ATRFS,Stayed,No,21,3245,19.90,976.12,5,Month-to-Month,Credit Card,No Offer,No Internet Service,No,Female,47,No,California,Calipatria
9968-FFVVH,Stayed,No,40,5082,68.80,6528.66,3,One Year,Bank Withdrawal,No Offer,Cable,Yes,Male,20,No,California,Potter Valley
9970-QBCDA,Stayed,No,74,5387,19.70,315.67,5,Month-to-Month,Credit Card,Offer E,No Internet Service,No,Female,50,No,California,March Air Reserve Base
9971-ZWPBF,Stayed,No,24,5151,108.90,4054.36,3,Month-to-Month,Bank Withdrawal,No Offer,Fiber Optic,Yes,Male,70,Yes,California,Orinda
9972-EWRJS,Stayed,No,61,5154,19.25,4639.15,4,Two Year,Bank Withdrawal,Offer A,No Internet Service,No,Female,56,No,California,Meadow Valley
9972-NKTFD,Stayed,No,73,3185,54.65,2234.02,5,Month-to-Month,Bank Withdrawal,No Offer,Cable,Yes,Female,55,No,California,Forest Ranch
9972-VAFJJ,Stayed,No,73,6355,94.00,7396.37,3,One Year,Bank Withdrawal,No Offer,Fiber Optic,Yes,Female,77,Yes,California,San Diego
9974-JFBHQ,Stayed,No,52,4590,99.15,7605.44,5,Month-to-Month,Credit Card,Offer B,Fiber Optic,Yes,Male,31,No,California,Del Rey
9975-GPKZU,Stayed,No,56,2610,19.75,1209.32,4,Two Year,Credit Card,No Offer,No Internet Service,No,Male,62,No,California,Alameda
9975-SKRNR,Joined,No,69,4480,18.90,68.41,4,Month-to-Month,Credit Card,Offer E,No Internet Service,No,Male,24,No,California,Sierraville
9978-HYCIN,Stayed,No,68,3384,84.95,6085.68,3,One Year,Bank Withdrawal,No Offer,Fiber Optic,No,Male,72,Yes,California,Bakersfield
9979-RGMZT,Stayed,No,38,5545,94.05,888.88,3,One Year,Credit Card,Offer E,Fiber Optic,No,Female,20,No,California,Los Angeles
9985-MWVIX,Churned,Yes,90,5773,70.15,112.24,1,Month-to-Month,Credit Card,Offer E,Fiber Optic,No,Female,53,No,California,Hume
9986-BONCE,Churned,Yes,85,5822,20.95,93.54,1,Month-to-Month,Bank Withdrawal,No Offer,No Internet Service,No,Female,36,No,California,Fallbrook
9987-LUTYD,Stayed,No,59,3161,55.15,1349.74,4,One Year,Credit Card,Offer D,DSL,Yes,Female,20,No,California,La Mesa
9992-RRAMN,Churned,Yes,68,5248,85.10,2230.10,1,Month-to-Month,Bank Withdrawal,Offer D,Fiber Optic,No,Male,40,No,California,Riverbank
9992-UJOEL,Joined,No,33,5870,50.30,129.99,5,Month-to-Month,Credit Card,Offer E,DSL,No,Male,22,No,California,Elk
9993-LHIEB,Stayed,No,59,4792,67.85,4769.69,3,Two Year,Credit Card,Offer A,Cable,Yes,Male,21,No,California,Solana Beach
9995-HOTOH,Stayed,No,20,5639,59.00,3707.60,3,Two Year,Bank Withdrawal,No Offer,Cable,No,Male,36,No,California,Sierra City
