customer_id,segment_id,segment_name
0002-ORFBO,0,Segment 0 — Emerging Risk
0003-MKNFE,0,Segment 0 — Emerging Risk
0004-TLHLJ,0,Segment 0 — Emerging Risk
0011-IGKFF,0,Segment 0 — Emerging Risk
0013-EXCHZ,0,Segment 0 — Emerging Risk
0013-MHZWF,0,Segment 0 — Emerging Risk
0013-SMEOE,2,Segment 2 — High-Value At-Risk
0014-BMAQU,2,Segment 2 — High-Value At-Risk
0015-UOCOJ,0,Segment 0 — Emerging Risk
0016-QLJIS,2,Segment 2 — High-Value At-Risk
0017-DINOC,1,Segment 1 — High-Value Stable
0017-IUDMW,2,Segment 2 — High-Value At-Risk
0018-NYROU,0,Segment 0 — Emerging Risk
0019-EFAEP,2,Segment 2 — High-Value At-Risk
0019-GFNTW,0,Segment 0 — Emerging Risk
0020-INWCK,2,Segment 2 — High-Value At-Risk
0020-JDNXP,0,Segment 0 — Emerging Risk
0021-IKXGC,0,Segment 0 — Emerging Risk
0022-TCJCI,0,Segment 0 — Emerging Risk
0023-HGHWL,0,Segment 0 — Emerging Risk
0023-UYUPN,1,Segment 1 — High-Value Stable
0023-XUOPT,0,Segment 0 — Emerging Risk
0027-KWYKW,0,Segment 0 — Emerging Risk
0030-FNXPP,1,Segment 1 — High-Value Stable
0031-PVLZI,1,Segment 1 — High-Value Stable
0032-PGELS,0,Segment 0 — Emerging Risk
0036-IHMOT,2,Segment 2 — High-Value At-Risk
0040-HALCW,1,Segment 1 — High-Value Stable
0042-JVWOJ,1,Segment 1 — High-Value Stable
0042-RLHYP,1,Segment 1 — High-Value Stable
0048-LUMLS,2,Segment 2 — High-Value At-Risk
0048-PIHNL,1,Segment 1 — High-Value Stable
0052-DCKON,2,Segment 2 — High-Value At-Risk
0052-YNYOT,1,Segment 1 — High-Value Stable
0056-EPFBG,0,Segment 0 — Emerging Risk
0057-QBUQH,1,Segment 1 — High-Value Stable
0058-EVZWM,2,Segment 2 — High-Value At-Risk
0060-FUALY,2,Segment 2 — High-Value At-Risk
0064-SUDOG,1,Segment 1 — High-Value Stable
0064-YIJGF,0,Segment 0 — Emerging Risk
0067-DKWBL,0,Segment 0 — Emerging Risk
0068-FIGTF,2,Segment 2 — High-Value At-Risk
0071-NDAFP,1,Segment 1 — High-Value Stable
0074-HDKDG,0,Segment 0 — Emerging Risk
0076-LVEPS,0,Segment 0 — Emerging Risk
0078-XZMHT,2,Segment 2 — High-Value At-Risk
0080-EMYVY,0,Segment 0 — Emerging Risk
0080-OROZO,2,Segment 2 — High-Value At-Risk
0082-LDZUE,0,Segment 0 — Emerging Risk
0082-OQIQY,0,Segment 0 — Emerging Risk
0083-PIVIK,2,Segment 2 — High-Value At-Risk
0089-IIQKO,2,Segment 2 — High-Value At-Risk
0093-EXYQL,2,Segment 2 — High-Value At-Risk
0093-XWZFY,0,Segment 0 — Emerging Risk
0094-OIFMO,0,Segment 0 — Emerging Risk
0096-BXERS,0,Segment 0 — Emerging Risk
0096-FCPUF,0,Segment 0 — Emerging Risk
0098-BOWSO,1,Segment 1 — High-Value Stable
0100-DUVFC,2,Segment 2 — High-Value At-Risk
0103-CSITQ,2,Segment 2 — High-Value At-Risk
0104-PPXDV,2,Segment 2 — High-Value At-Risk
0106-GHRQR,0,Segment 0 — Emerging Risk
0106-UGRDO,2,Segment 2 — High-Value At-Risk
0107-WESLM,0,Segment 0 — Emerging Risk
0107-YHINA,0,Segment 0 — Emerging Risk
0111-KLBQG,2,Segment 2 — High-Value At-Risk
0112-QAWRZ,0,Segment 0 — Emerging Risk
0112-QWPNC,2,Segment 2 — High-Value At-Risk
0114-IGABW,2,Segment 2 — High-Value At-Risk
0114-PEGZZ,0,Segment 0 — Emerging Risk
0114-RSRRW,1,Segment 1 — High-Value Stable
0115-TFERT,0,Segment 0 — Emerging Risk
0117-LFRMW,0,Segment 0 — Emerging Risk
0118-JPNOY,0,Segment 0 — Emerging Risk
0121-SNYRK,0,Segment 0 — Emerging Risk
0122-OAHPZ,0,Segment 0 — Emerging Risk
0123-CRBRT,2,Segment 2 — High-Value At-Risk
0125-LZQXK,0,Segment 0 — Emerging Risk
0128-MKWSG,0,Segment 0 — Emerging Risk
0129-KPTWJ,2,Segment 2 — High-Value At-Risk
0129-QMPDR,1,Segment 1 — High-Value Stable
0130-SXOUN,2,Segment 2 — High-Value At-Risk
0133-BMFZO,0,Segment 0 — Emerging Risk
0134-XWXCE,0,Segment 0 — Emerging Risk
0135-NMXAP,0,Segment 0 — Emerging Risk
0136-IFMYD,2,Segment 2 — High-Value At-Risk
0137-OCGAB,0,Segment 0 — Emerging Risk
0137-UDEUO,1,Segment 1 — High-Value Stable
0139-IVFJG,0,Segment 0 — Emerging Risk
0141-YEAYS,0,Segment 0 — Emerging Risk
0142-GVYSN,1,Segment 1 — High-Value Stable
0147-ESWWR,2,Segment 2 — High-Value At-Risk
0148-DCDOS,0,Segment 0 — Emerging Risk
0151-ONTOV,0,Segment 0 — Emerging Risk
0156-FVPTA,0,Segment 0 — Emerging Risk
0164-APGRB,2,Segment 2 — High-Value At-Risk
0164-XAIRP,1,Segment 1 — High-Value Stable
0168-XZKBB,0,Segment 0 — Emerging Risk
0174-QRVVY,1,Segment 1 — High-Value Stable
0177-PXBAT,2,Segment 2 — High-Value At-Risk
0178-CIIKR,1,Segment 1 — High-Value Stable
0178-SZBHO,0,Segment 0 — Emerging Risk
0181-RITDD,2,Segment 2 — High-Value At-Risk
0186-CAERR,2,Segment 2 — High-Value At-Risk
0187-QSXOE,2,Segment 2 — High-Value At-Risk
0187-WZNAB,0,Segment 0 — Emerging Risk
0188-GWFLE,1,Segment 1 — High-Value Stable
0191-EQUUH,0,Segment 0 — Emerging Risk
0191-ZHSKZ,0,Segment 0 — Emerging Risk
0193-ESZXP,2,Segment 2 — High-Value At-Risk
0195-IESCP,0,Segment 0 — Emerging Risk
0196-JTUQI,0,Segment 0 — Emerging Risk
0196-VULGZ,0,Segment 0 — Emerging Risk
0197-PNKNK,2,Segment 2 — High-Value At-Risk
0201-MIBOL,2,Segment 2 — High-Value At-Risk
0201-OAMXR,2,Segment 2 — High-Value At-Risk
0203-HHYIJ,1,Segment 1 — High-Value Stable
0206-OYVOC,1,Segment 1 — High-Value Stable
0206-TBWLC,2,Segment 2 — High-Value At-Risk
0207-MDKNV,0,Segment 0 — Emerging Risk
0208-BPQEJ,1,Segment 1 — High-Value Stable
0212-ISBBF,0,Segment 0 — Emerging Risk
0214-JHPFW,2,Segment 2 — High-Value At-Risk
0215-BQKGS,0,Segment 0 — Emerging Risk
0218-QNVAS,2,Segment 2 — High-Value At-Risk
0219-QAERP,1,Segment 1 — High-Value Stable
0219-YTZUE,0,Segment 0 — Emerging Risk
0220-EBGCE,0,Segment 0 — Emerging Risk
0221-NAUXK,1,Segment 1 — High-Value Stable
0221-WMXNQ,0,Segment 0 — Emerging Risk
0222-CNVPT,2,Segment 2 — High-Value At-Risk
0224-HJAPT,0,Segment 0 — Emerging Risk
0224-NIJLP,1,Segment 1 — High-Value Stable
0224-RLWWD,0,Segment 0 — Emerging Risk
0225-ZORZP,0,Segment 0 — Emerging Risk
0228-MAUWC,0,Segment 0 — Emerging Risk
0229-LFJAF,2,Segment 2 — High-Value At-Risk
0230-UBYPQ,2,Segment 2 — High-Value At-Risk
0230-WEQUW,2,Segment 2 — High-Value At-Risk
0231-LXVAP,0,Segment 0 — Emerging Risk
0233-FTHAV,2,Segment 2 — High-Value At-Risk
0234-TEVTT,2,Segment 2 — High-Value At-Risk
0235-KGSLC,0,Segment 0 — Emerging Risk
0236-HFWSV,0,Segment 0 — Emerging Risk
0237-YFUTL,2,Segment 2 — High-Value At-Risk
0238-WHBIQ,2,Segment 2 — High-Value At-Risk
0239-OXEXL,2,Segment 2 — High-Value At-Risk
0244-LGNFY,2,Segment 2 — High-Value At-Risk
0247-SLUJI,1,Segment 1 — High-Value Stable
0248-IPDFW,0,Segment 0 — Emerging Risk
0248-PGHBZ,2,Segment 2 — High-Value At-Risk
0253-ZTEOB,2,Segment 2 — High-Value At-Risk
0254-FNMCI,2,Segment 2 — High-Value At-Risk
0254-KCJGT,2,Segment 2 — High-Value At-Risk
0254-WWRKD,2,Segment 2 — High-Value At-Risk
0256-LTHVJ,0,Segment 0 — Emerging Risk
0257-KXZGU,0,Segment 0 — Emerging Risk
0257-ZESQC,0,Segment 0 — Emerging Risk
0258-NOKBL,0,Segment 0 — Emerging Risk
0259-GBZSH,0,Segment 0 — Emerging Risk
0260-ZDLGK,0,Segment 0 — Emerging Risk
0263-FJTQO,2,Segment 2 — High-Value At-Risk
0264-CNITK,1,Segment 1 — High-Value Stable
0265-EDXBD,0,Segment 0 — Emerging Risk
0265-PSUAE,0,Segment 0 — Emerging Risk
0266-CLZKZ,2,Segment 2 — High-Value At-Risk
0266-GMEAO,2,Segment 2 — High-Value At-Risk
0268-QKIWO,1,Segment 1 — High-Value Stable
0269-XFESX,1,Segment 1 — High-Value Stable
0270-THENM,2,Segment 2 — High-Value At-Risk
0274-JKUJR,0,Segment 0 — Emerging Risk
0277-BKSQP,0,Segment 0 — Emerging Risk
0277-ORXQS,2,Segment 2 — High-Value At-Risk
0278-YXOOG,1,Segment 1 — High-Value Stable
0280-XJGEX,2,Segment 2 — High-Value At-Risk
0281-CNTZX,1,Segment 1 — High-Value Stable
0282-NVSJS,0,Segment 0 — Emerging Risk
0285-INHLN,0,Segment 0 — Emerging Risk
0289-IVARM,0,Segment 0 — Emerging Risk
0292-WEGCH,2,Segment 2 — High-Value At-Risk
0295-PPHDO,0,Segment 0 — Emerging Risk
0295-QVKPB,0,Segment 0 — Emerging Risk
0297-RBCSG,0,Segment 0 — Emerging Risk
0298-XACET,2,Segment 2 — High-Value At-Risk
0301-FIDRB,2,Segment 2 — High-Value At-Risk
0301-KOBTQ,1,Segment 1 — High-Value Stable
0302-JOIVN,0,Segment 0 — Emerging Risk
0303-UNCIP,2,Segment 2 — High-Value At-Risk
0303-WMMRN,1,Segment 1 — High-Value Stable
0305-SQECB,0,Segment 0 — Emerging Risk
0306-JAELE,0,Segment 0 — Emerging Risk
0307-BCOPK,1,Segment 1 — High-Value Stable
0308-GIQJT,2,Segment 2 — High-Value At-Risk
0308-IVGOK,0,Segment 0 — Emerging Risk
0310-MVLET,2,Segment 2 — High-Value At-Risk
0310-SUCIN,2,Segment 2 — High-Value At-Risk
0310-VQXAM,1,Segment 1 — High-Value Stable
0311-QYWSS,0,Segment 0 — Emerging Risk
0311-UNPFF,0,Segment 0 — Emerging Risk
0314-TKOSI,0,Segment 0 — Emerging Risk
0315-LVCRK,0,Segment 0 — Emerging Risk
0318-QUUOB,0,Segment 0 — Emerging Risk
0318-ZOPWS,1,Segment 1 — High-Value Stable
0319-QZTCO,0,Segment 0 — Emerging Risk
0320-DWVTU,2,Segment 2 — High-Value At-Risk
0320-JDNQG,0,Segment 0 — Emerging Risk
0322-CHQRU,0,Segment 0 — Emerging Risk
0322-YINQP,0,Segment 0 — Emerging Risk
0323-XWWTN,1,Segment 1 — High-Value Stable
0324-BRPCJ,2,Segment 2 — High-Value At-Risk
0325-XBFAC,0,Segment 0 — Emerging Risk
0326-VDYXE,2,Segment 2 — High-Value At-Risk
0327-WFZSY,2,Segment 2 — High-Value At-Risk
0328-GRPMV,0,Segment 0 — Emerging Risk
0329-GTIAJ,0,Segment 0 — Emerging Risk
0330-BGYZE,2,Segment 2 — High-Value At-Risk
0330-IVZHA,0,Segment 0 — Emerging Risk
0334-GDDSO,0,Segment 0 — Emerging Risk
0334-ZFJSR,2,Segment 2 — High-Value At-Risk
0336-KXKFK,2,Segment 2 — High-Value At-Risk
0336-PIKEI,2,Segment 2 — High-Value At-Risk
0337-CNPZE,0,Segment 0 — Emerging Risk
0343-QLUZP,2,Segment 2 — High-Value At-Risk
0345-HKJVM,0,Segment 0 — Emerging Risk
0345-XMMUG,2,Segment 2 — High-Value At-Risk
0347-UBKUZ,1,Segment 1 — High-Value Stable
0348-SDKOL,2,Segment 2 — High-Value At-Risk
0354-VXMJC,1,Segment 1 — High-Value Stable
0354-WYROK,0,Segment 0 — Emerging Risk
0356-ERHVT,0,Segment 0 — Emerging Risk
0356-OBMAC,2,Segment 2 — High-Value At-Risk
0357-NVCRI,1,Segment 1 — High-Value Stable
0361-HJRDX,2,Segment 2 — High-Value At-Risk
0362-RAOQO,1,Segment 1 — High-Value Stable
0362-ZBZWJ,0,Segment 0 — Emerging Risk
0363-QJVFX,0,Segment 0 — Emerging Risk
0363-SVHYR,2,Segment 2 — High-Value At-Risk
0365-BZUWY,0,Segment 0 — Emerging Risk
0365-GXEZS,0,Segment 0 — Emerging Risk
0365-TRTPY,0,Segment 0 — Emerging Risk
0366-NQSHS,1,Segment 1 — High-Value Stable
0369-ZGOVK,0,Segment 0 — Emerging Risk
0373-AIVNJ,0,Segment 0 — Emerging Risk
0374-AACSZ,0,Segment 0 — Emerging Risk
0374-FIUCA,1,Segment 1 — High-Value Stable
0374-IOEGQ,0,Segment 0 — Emerging Risk
0375-HVGXO,0,Segment 0 — Emerging Risk
0376-OIWME,0,Segment 0 — Emerging Risk
0376-YMCJC,0,Segment 0 — Emerging Risk
0377-JBKKT,0,Segment 0 — Emerging Risk
0378-CJKPV,2,Segment 2 — High-Value At-Risk
0378-NHQXU,0,Segment 0 — Emerging Risk
0378-TOVMS,0,Segment 0 — Emerging Risk
0378-XSZPU,2,Segment 2 — High-Value At-Risk
0379-DJQHR,2,Segment 2 — High-Value At-Risk
0380-NEAVX,2,Segment 2 — High-Value At-Risk
0380-ZCSBI,1,Segment 1 — High-Value Stable
0383-CLDDA,2,Segment 2 — High-Value At-Risk
0384-LPITE,0,Segment 0 — Emerging Risk
0384-RVBPI,0,Segment 0 — Emerging Risk
0386-CWRGM,1,Segment 1 — High-Value Stable
0388-EOPEX,0,Segment 0 — Emerging Risk
0390-DCFDQ,0,Segment 0 — Emerging Risk
0392-BZIUW,2,Segment 2 — High-Value At-Risk
0394-YONDK,1,Segment 1 — High-Value Stable
0396-HUJBP,1,Segment 1 — High-Value Stable
0396-UKGAI,0,Segment 0 — Emerging Risk
0396-YCHWO,2,Segment 2 — High-Value At-Risk
0397-GZBBC,0,Segment 0 — Emerging Risk
0397-ZXWQF,1,Segment 1 — High-Value Stable
0401-WDBXM,2,Segment 2 — High-Value At-Risk
0402-CQAJN,0,Segment 0 — Emerging Risk
0402-OAMEN,1,Segment 1 — High-Value Stable
0404-AHASP,1,Segment 1 — High-Value Stable
0404-SWRVG,0,Segment 0 — Emerging Risk
0406-BPDVR,2,Segment 2 — High-Value At-Risk
0407-BDJKB,2,Segment 2 — High-Value At-Risk
0409-WTMPL,2,Segment 2 — High-Value At-Risk
0410-IPFTY,0,Segment 0 — Emerging Risk
0411-EZJZE,0,Segment 0 — Emerging Risk
0412-UCCNP,2,Segment 2 — High-Value At-Risk
0415-MOSGF,0,Segment 0 — Emerging Risk
0419-YAAPX,2,Segment 2 — High-Value At-Risk
0420-BWTPW,0,Segment 0 — Emerging Risk
0420-HLGXF,0,Segment 0 — Emerging Risk
0420-TXVSG,2,Segment 2 — High-Value At-Risk
0422-OHQHQ,1,Segment 1 — High-Value Stable
0422-UXFAP,2,Segment 2 — High-Value At-Risk
0423-UDIJQ,0,Segment 0 — Emerging Risk
0426-TIRNE,1,Segment 1 — High-Value Stable
0428-AXXLJ,1,Segment 1 — High-Value Stable
0428-IKYCP,0,Segment 0 — Emerging Risk
0430-IHCDJ,0,Segment 0 — Emerging Risk
0431-APWVY,2,Segment 2 — High-Value At-Risk
0432-CAJZV,0,Segment 0 — Emerging Risk
0434-CSFON,2,Segment 2 — High-Value At-Risk
0436-TWFFZ,2,Segment 2 — High-Value At-Risk
0439-IFYUN,0,Segment 0 — Emerging Risk
0440-EKDCF,2,Segment 2 — High-Value At-Risk
0440-MOGPM,0,Segment 0 — Emerging Risk
0440-QEXBZ,0,Segment 0 — Emerging Risk
0440-UEDAI,2,Segment 2 — High-Value At-Risk
0442-TDYUO,1,Segment 1 — High-Value Stable
0442-ZXKVS,2,Segment 2 — High-Value At-Risk
0447-BEMNG,0,Segment 0 — Emerging Risk
0447-RXSGD,0,Segment 0 — Emerging Risk
0454-OKRCT,2,Segment 2 — High-Value At-Risk
0455-ENTCR,2,Segment 2 — High-Value At-Risk
0455-XFASS,0,Segment 0 — Emerging Risk
0458-HEUZG,0,Segment 0 — Emerging Risk
0459-SPZHJ,2,Segment 2 — High-Value At-Risk
0461-CVKMU,0,Segment 0 — Emerging Risk
0463-TXOAK,1,Segment 1 — High-Value Stable
0463-WZZKO,1,Segment 1 — High-Value Stable
0463-ZSDNT,0,Segment 0 — Emerging Risk
0464-WJTKO,1,Segment 1 — High-Value Stable
0468-YRPXN,0,Segment 0 — Emerging Risk
0471-ARVMX,2,Segment 2 — High-Value At-Risk
0471-LVHGK,0,Segment 0 — Emerging Risk
0475-RIJEP,2,Segment 2 — High-Value At-Risk
0479-HMSWA,2,Segment 2 — High-Value At-Risk
0480-BIXDE,0,Segment 0 — Emerging Risk
0480-KYJVA,1,Segment 1 — High-Value Stable
0481-SUMCB,2,Segment 2 — High-Value At-Risk
0484-FFVBJ,0,Segment 0 — Emerging Risk
0484-JPBRU,1,Segment 1 — High-Value Stable
0485-ZBSLN,1,Segment 1 — High-Value Stable
0486-HECZI,2,Segment 2 — High-Value At-Risk
0486-LGCCH,1,Segment 1 — High-Value Stable
0487-CRLZF,2,Segment 2 — High-Value At-Risk
0487-RPVUM,2,Segment 2 — High-Value At-Risk
0487-VVUVK,1,Segment 1 — High-Value Stable
0488-GSLFR,0,Segment 0 — Emerging Risk
0489-WMEMG,0,Segment 0 — Emerging Risk
0491-KAPQG,0,Segment 0 — Emerging Risk
0495-RVCBF,0,Segment 0 — Emerging Risk
0495-ZBNGW,0,Segment 0 — Emerging Risk
0496-AHOOK,2,Segment 2 — High-Value At-Risk
0504-HHAPI,0,Segment 0 — Emerging Risk
0505-SPOOW,1,Segment 1 — High-Value Stable
0506-LVNGN,0,Segment 0 — Emerging Risk
0506-YLVKJ,1,Segment 1 — High-Value Stable
0508-OOLTO,0,Segment 0 — Emerging Risk
0508-SQWPL,1,Segment 1 — High-Value Stable
0511-JTEOY,0,Segment 0 — Emerging Risk
0512-FLFDW,2,Segment 2 — High-Value At-Risk
0513-RBGPE,2,Segment 2 — High-Value At-Risk
0515-YPMCW,0,Segment 0 — Emerging Risk
0516-OOHAR,2,Segment 2 — High-Value At-Risk
0516-QREYC,1,Segment 1 — High-Value Stable
0516-UXRMT,2,Segment 2 — High-Value At-Risk
0516-VRYBW,1,Segment 1 — High-Value Stable
0516-WJVXC,0,Segment 0 — Emerging Risk
0519-DRGTI,1,Segment 1 — High-Value Stable
0519-XUZJU,0,Segment 0 — Emerging Risk
0520-FDVVT,2,Segment 2 — High-Value At-Risk
0523-VNGTF,0,Segment 0 — Emerging Risk
0524-IAVZO,0,Segment 0 — Emerging Risk
0526-SXDJP,2,Segment 2 — High-Value At-Risk
0529-ONKER,0,Segment 0 — Emerging Risk
0530-IJVDB,2,Segment 2 — High-Value At-Risk
0531-XBKMM,2,Segment 2 — High-Value At-Risk
0531-ZZJWQ,2,Segment 2 — High-Value At-Risk
0533-BNWKF,2,Segment 2 — High-Value At-Risk
0533-UCAAU,2,Segment 2 — High-Value At-Risk
0536-ACXIP,2,Segment 2 — High-Value At-Risk
0536-BGFMZ,1,Segment 1 — High-Value Stable
0536-ESJEP,2,Segment 2 — High-Value At-Risk
0537-QYZZN,0,Segment 0 — Emerging Risk
0541-FITGH,0,Segment 0 — Emerging Risk
0547-HURJB,1,Segment 1 — High-Value Stable
0549-CYCQN,2,Segment 2 — High-Value At-Risk
0550-DCXLH,0,Segment 0 — Emerging Risk
0556-FJEGU,2,Segment 2 — High-Value At-Risk
0557-ASKVU,0,Segment 0 — Emerging Risk
0559-CKHUS,1,Segment 1 — High-Value Stable
0562-FGDCR,2,Segment 2 — High-Value At-Risk
0562-HKHML,1,Segment 1 — High-Value Stable
0562-KBDVM,2,Segment 2 — High-Value At-Risk
0564-JJHGS,0,Segment 0 — Emerging Risk
0564-MUUQK,0,Segment 0 — Emerging Risk
0565-IYCGT,2,Segment 2 — High-Value At-Risk
0565-JUPYD,2,Segment 2 — High-Value At-Risk
0567-GGCAC,0,Segment 0 — Emerging Risk
0567-XRHCU,2,Segment 2 — High-Value At-Risk
0568-ONFPC,1,Segment 1 — High-Value Stable
0570-BFQHT,0,Segment 0 — Emerging Risk
0572-ZJKLT,2,Segment 2 — High-Value At-Risk
0575-CUQOV,2,Segment 2 — High-Value At-Risk
0576-WNXXC,0,Segment 0 — Emerging Risk
0577-WHMEV,0,Segment 0 — Emerging Risk
0578-SKVMF,0,Segment 0 — Emerging Risk
0580-PIQHM,2,Segment 2 — High-Value At-Risk
0581-BXBUB,0,Segment 0 — Emerging Risk
0581-MDMPW,0,Segment 0 — Emerging Risk
0582-AVCLN,1,Segment 1 — High-Value Stable
0584-BJQGZ,0,Segment 0 — Emerging Risk
0585-EGDDA,2,Segment 2 — High-Value At-Risk
0587-DMGBH,0,Segment 0 — Emerging Risk
0594-UFTUL,1,Segment 1 — High-Value Stable
0595-ITUDF,2,Segment 2 — High-Value At-Risk
0596-BQCEQ,2,Segment 2 — High-Value At-Risk
0599-XNYDO,0,Segment 0 — Emerging Risk
0601-WZHJF,0,Segment 0 — Emerging Risk
0602-DDUML,2,Segment 2 — High-Value At-Risk
0603-OLQDC,0,Segment 0 — Emerging Risk
0603-TPMIB,1,Segment 1 — High-Value Stable
0604-THJFP,2,Segment 2 — High-Value At-Risk
0607-DAAHE,1,Segment 1 — High-Value Stable
0607-MVMGC,2,Segment 2 — High-Value At-Risk
0608-JDVEC,1,Segment 1 — High-Value Stable
0611-DFXKO,0,Segment 0 — Emerging Risk
0612-RTZZA,0,Segment 0 — Emerging Risk
0613-WUXUM,1,Segment 1 — High-Value Stable
0616-ATFGB,0,Segment 0 — Emerging Risk
0617-AQNWT,2,Segment 2 — High-Value At-Risk
0617-FHSGK,0,Segment 0 — Emerging Risk
0618-XWMSS,0,Segment 0 — Emerging Risk
0619-OLYUR,2,Segment 2 — High-Value At-Risk
0620-DLSLK,0,Segment 0 — Emerging Risk
0620-XEFWH,1,Segment 1 — High-Value Stable
0621-CXBKL,1,Segment 1 — High-Value Stable
0621-HJWXJ,2,Segment 2 — High-Value At-Risk
0621-JFHOL,0,Segment 0 — Emerging Risk
0621-TSSMU,1,Segment 1 — High-Value Stable
0621-TWIEM,0,Segment 0 — Emerging Risk
0623-EJQEG,2,Segment 2 — High-Value At-Risk
0623-GDISB,0,Segment 0 — Emerging Risk
0623-IIHUG,0,Segment 0 — Emerging Risk
0625-AFOHS,1,Segment 1 — High-Value Stable
0626-QXNGV,1,Segment 1 — High-Value Stable
0628-CNQRM,0,Segment 0 — Emerging Risk
0634-SZPQA,0,Segment 0 — Emerging Risk
0635-WKOLD,2,Segment 2 — High-Value At-Risk
0637-KVDLV,0,Segment 0 — Emerging Risk
0637-UBJRP,0,Segment 0 — Emerging Risk
0637-YLETY,0,Segment 0 — Emerging Risk
0639-TSIQW,2,Segment 2 — High-Value At-Risk
0640-YJTPY,1,Segment 1 — High-Value Stable
0641-EVBOJ,0,Segment 0 — Emerging Risk
0643-OKLRP,2,Segment 2 — High-Value At-Risk
0644-OQMDK,0,Segment 0 — Emerging Risk
0650-BWOZN,0,Segment 0 — Emerging Risk
0654-HMSHN,0,Segment 0 — Emerging Risk
0654-PQKDW,2,Segment 2 — High-Value At-Risk
0655-RBDUG,0,Segment 0 — Emerging Risk
0655-YDGFJ,0,Segment 0 — Emerging Risk
0657-DOGUM,2,Segment 2 — High-Value At-Risk
0661-KBKPA,2,Segment 2 — High-Value At-Risk
0661-KQHNK,1,Segment 1 — High-Value Stable
0661-WCQNQ,0,Segment 0 — Emerging Risk
0661-XEYAN,0,Segment 0 — Emerging Risk
0665-XHDJU,2,Segment 2 — High-Value At-Risk
0666-UXTJO,0,Segment 0 — Emerging Risk
0667-NSRGI,2,Segment 2 — High-Value At-Risk
0668-OGMHD,0,Segment 0 — Emerging Risk
0670-ANMUU,2,Segment 2 — High-Value At-Risk
0670-KDOMA,1,Segment 1 — High-Value Stable
0673-IGUQO,1,Segment 1 — High-Value Stable
0674-DGMAQ,2,Segment 2 — High-Value At-Risk
0674-EYYZV,0,Segment 0 — Emerging Risk
0674-GCDXG,2,Segment 2 — High-Value At-Risk
0675-NCDYU,2,Segment 2 — High-Value At-Risk
0678-RLHVP,2,Segment 2 — High-Value At-Risk
0679-IDSTG,0,Segment 0 — Emerging Risk
0679-TDGAK,2,Segment 2 — High-Value At-Risk
0680-DFNNY,0,Segment 0 — Emerging Risk
0682-USIXD,0,Segment 0 — Emerging Risk
0684-AOSIH,0,Segment 0 — Emerging Risk
0685-MLYYM,0,Segment 0 — Emerging Risk
0687-ZVTHB,2,Segment 2 — High-Value At-Risk
0689-DSXGL,2,Segment 2 — High-Value At-Risk
0689-NKYLF,0,Segment 0 — Emerging Risk
0690-SRQID,1,Segment 1 — High-Value Stable
0691-IFBQW,0,Segment 0 — Emerging Risk
0691-JVSYA,2,Segment 2 — High-Value At-Risk
0691-NIKRI,2,Segment 2 — High-Value At-Risk
0696-UKTOX,0,Segment 0 — Emerging Risk
0697-ZMSWS,0,Segment 0 — Emerging Risk
0699-NDKJM,0,Segment 0 — Emerging Risk
0701-RFGFI,2,Segment 2 — High-Value At-Risk
0701-TJSEF,0,Segment 0 — Emerging Risk
0702-PGIBZ,0,Segment 0 — Emerging Risk
0704-VCUMB,1,Segment 1 — High-Value Stable
0707-HOVVN,2,Segment 2 — High-Value At-Risk
0708-LGSMF,0,Segment 0 — Emerging Risk
0708-SJDIS,0,Segment 0 — Emerging Risk
0709-TVGUR,0,Segment 0 — Emerging Risk
0716-BQNDX,2,Segment 2 — High-Value At-Risk
0719-SYFRB,0,Segment 0 — Emerging Risk
0722-SVSFK,0,Segment 0 — Emerging Risk
0722-TROQR,0,Segment 0 — Emerging Risk
0723-DRCLG,0,Segment 0 — Emerging Risk
0723-FDLAY,2,Segment 2 — High-Value At-Risk
0723-VSOBE,0,Segment 0 — Emerging Risk
0725-CXOTM,2,Segment 2 — High-Value At-Risk
0727-BMPLR,2,Segment 2 — High-Value At-Risk
0727-BNRLG,2,Segment 2 — High-Value At-Risk
0727-IWKVK,0,Segment 0 — Emerging Risk
0730-BGQGF,2,Segment 2 — High-Value At-Risk
0730-KOAVE,0,Segment 0 — Emerging Risk
0731-EBJQB,1,Segment 1 — High-Value Stable
0732-OCQOC,1,Segment 1 — High-Value Stable
0733-VUNUW,0,Segment 0 — Emerging Risk
0734-OXWBT,0,Segment 0 — Emerging Risk
0739-UUAJR,2,Segment 2 — High-Value At-Risk
0742-LAFQK,2,Segment 2 — High-Value At-Risk
0742-MOABM,0,Segment 0 — Emerging Risk
0742-NXBGR,0,Segment 0 — Emerging Risk
0743-HNPFG,2,Segment 2 — High-Value At-Risk
0743-HRVFF,2,Segment 2 — High-Value At-Risk
0744-BIKKF,2,Segment 2 — High-Value At-Risk
0744-GKNGE,2,Segment 2 — High-Value At-Risk
0746-JTRFU,0,Segment 0 — Emerging Risk
0748-RDGGM,2,Segment 2 — High-Value At-Risk
0749-IRGQE,0,Segment 0 — Emerging Risk
0750-EBAIU,2,Segment 2 — High-Value At-Risk
0750-EKNGL,1,Segment 1 — High-Value Stable
0754-EEBDC,1,Segment 1 — High-Value Stable
0754-UKWQP,0,Segment 0 — Emerging Risk
0756-MPZRL,1,Segment 1 — High-Value Stable
0757-WCUUZ,2,Segment 2 — High-Value At-Risk
0761-AETCS,1,Segment 1 — High-Value Stable
0769-MURVM,2,Segment 2 — High-Value At-Risk
0771-CHWSK,2,Segment 2 — High-Value At-Risk
0771-WLCLA,0,Segment 0 — Emerging Risk
0772-GYEQQ,0,Segment 0 — Emerging Risk
0774-IFUVM,0,Segment 0 — Emerging Risk
0774-RMNUW,2,Segment 2 — High-Value At-Risk
0778-NELLA,0,Segment 0 — Emerging Risk
0780-XNZFN,1,Segment 1 — High-Value Stable
0781-LKXBR,0,Segment 0 — Emerging Risk
0784-GTUUK,1,Segment 1 — High-Value Stable
0784-ZQJZX,1,Segment 1 — High-Value Stable
0786-IVLAW,2,Segment 2 — High-Value At-Risk
0786-VSSUD,0,Segment 0 — Emerging Risk
0787-LHDYT,1,Segment 1 — High-Value Stable
0788-DXBFY,1,Segment 1 — High-Value Stable
0793-TWELN,0,Segment 0 — Emerging Risk
0794-YVSGE,1,Segment 1 — High-Value Stable
0795-GMVQO,2,Segment 2 — High-Value At-Risk
0795-LAFGP,2,Segment 2 — High-Value At-Risk
0795-XCCTE,1,Segment 1 — High-Value Stable
0799-DDIHE,0,Segment 0 — Emerging Risk
0804-XBFBV,0,Segment 0 — Emerging Risk
0804-YGEQV,1,Segment 1 — High-Value Stable
0807-ZABDG,0,Segment 0 — Emerging Risk
0810-BDHAW,2,Segment 2 — High-Value At-Risk
0810-DHDBD,2,Segment 2 — High-Value At-Risk
0811-GSDTP,0,Segment 0 — Emerging Risk
0812-WUPTB,0,Segment 0 — Emerging Risk
0813-TAXXS,2,Segment 2 — High-Value At-Risk
0815-MFZGM,2,Segment 2 — High-Value At-Risk
0816-TSPHQ,1,Segment 1 — High-Value Stable
0817-HSUSE,0,Segment 0 — Emerging Risk
0818-OCPZO,0,Segment 0 — Emerging Risk
0820-FNRNX,0,Segment 0 — Emerging Risk
0822-GAVAP,0,Segment 0 — Emerging Risk
0822-QGCXA,0,Segment 0 — Emerging Risk
0823-HSCDJ,0,Segment 0 — Emerging Risk
0824-VWDPO,2,Segment 2 — High-Value At-Risk
0825-CPPQH,1,Segment 1 — High-Value Stable
0827-ITJPH,1,Segment 1 — High-Value Stable
0829-DDVLK,1,Segment 1 — High-Value Stable
0829-XXPLX,0,Segment 0 — Emerging Risk
0831-JNISG,1,Segment 1 — High-Value Stable
0835-DUUIQ,1,Segment 1 — High-Value Stable
0835-JKADZ,2,Segment 2 — High-Value At-Risk
0836-SEYLU,0,Segment 0 — Emerging Risk
0839-JTCUD,2,Segment 2 — High-Value At-Risk
0839-QNXME,1,Segment 1 — High-Value Stable
0840-DCNZE,2,Segment 2 — High-Value At-Risk
0840-DFEZH,0,Segment 0 — Emerging Risk
0841-NULXI,0,Segment 0 — Emerging Risk
0842-IWYCP,0,Segment 0 — Emerging Risk
0843-WTBXE,0,Segment 0 — Emerging Risk
0847-HGRML,1,Segment 1 — High-Value Stable
0848-SOMKO,2,Segment 2 — High-Value At-Risk
0848-ZGQIJ,0,Segment 0 — Emerging Risk
0851-DFJKB,0,Segment 0 — Emerging Risk
0853-NWIFK,2,Segment 2 — High-Value At-Risk
0853-TWRVK,2,Segment 2 — High-Value At-Risk
0854-UYHZD,1,Segment 1 — High-Value Stable
0856-NAOES,0,Segment 0 — Emerging Risk
0859-YGKFW,1,Segment 1 — High-Value Stable
0862-PRCBS,2,Segment 2 — High-Value At-Risk
0864-FVJNJ,2,Segment 2 — High-Value At-Risk
0866-QLSIR,0,Segment 0 — Emerging Risk
0867-LDTTC,0,Segment 0 — Emerging Risk
0867-MKZVY,0,Segment 0 — Emerging Risk
0868-VJRDR,2,Segment 2 — High-Value At-Risk
0869-PAPRP,2,Segment 2 — High-Value At-Risk
0870-VEMYL,0,Segment 0 — Emerging Risk
0871-OPBXW,1,Segment 1 — High-Value Stable
0871-URUWO,0,Segment 0 — Emerging Risk
0872-CASZJ,2,Segment 2 — High-Value At-Risk
0872-JCPIB,0,Segment 0 — Emerging Risk
0872-NXJYS,0,Segment 0 — Emerging Risk
0875-CABNR,0,Segment 0 — Emerging Risk
0876-WDUUZ,0,Segment 0 — Emerging Risk
0877-SDMBN,2,Segment 2 — High-Value At-Risk
0880-FVFWF,2,Segment 2 — High-Value At-Risk
0880-TKATG,0,Segment 0 — Emerging Risk
0883-EIBTI,1,Segment 1 — High-Value Stable
0885-HMGPY,2,Segment 2 — High-Value At-Risk
0886-QGENL,0,Segment 0 — Emerging Risk
0887-HJGAR,0,Segment 0 — Emerging Risk
0887-WBJVH,2,Segment 2 — High-Value At-Risk
0895-DQHEW,2,Segment 2 — High-Value At-Risk
0895-LMRSF,0,Segment 0 — Emerging Risk
0895-LNKRC,1,Segment 1 — High-Value Stable
0895-UADGO,0,Segment 0 — Emerging Risk
0897-FEGMU,0,Segment 0 — Emerging Risk
0898-XCGTF,2,Segment 2 — High-Value At-Risk
0899-LIIBW,2,Segment 2 — High-Value At-Risk
0899-WZRSD,2,Segment 2 — High-Value At-Risk
0902-RFHOF,1,Segment 1 — High-Value Stable
0902-XKXPN,1,Segment 1 — High-Value Stable
0906-QVPMS,2,Segment 2 — High-Value At-Risk
0907-HQNTS,2,Segment 2 — High-Value At-Risk
0909-SDHNU,0,Segment 0 — Emerging Risk
0909-SELIE,2,Segment 2 — High-Value At-Risk
0913-XWSCN,2,Segment 2 — High-Value At-Risk
0916-KNFAJ,2,Segment 2 — High-Value At-Risk
0916-QOFDP,0,Segment 0 — Emerging Risk
0917-EZOLA,2,Segment 2 — High-Value At-Risk
0921-OHLVP,0,Segment 0 — Emerging Risk
0923-PNFUB,0,Segment 0 — Emerging Risk
0924-BJCRC,2,Segment 2 — High-Value At-Risk
0925-VYDLG,0,Segment 0 — Emerging Risk
0927-CNGRH,1,Segment 1 — High-Value Stable
0927-LCSMG,0,Segment 0 — Emerging Risk
0928-JMXNP,0,Segment 0 — Emerging Risk
0928-XUTSN,0,Segment 0 — Emerging Risk
0929-HYQEW,0,Segment 0 — Emerging Risk
0929-PECLO,2,Segment 2 — High-Value At-Risk
0930-EHUZA,2,Segment 2 — High-Value At-Risk
0931-MHTEM,2,Segment 2 — High-Value At-Risk
0932-YIXYU,1,Segment 1 — High-Value Stable
0936-NQLJU,1,Segment 1 — High-Value Stable
0939-EREMR,0,Segment 0 — Emerging Risk
0939-YAPAF,0,Segment 0 — Emerging Risk
0940-OUQEC,0,Segment 0 — Emerging Risk
0942-KOWSM,2,Segment 2 — High-Value At-Risk
0943-ZQPXH,2,Segment 2 — High-Value At-Risk
0945-TSONX,2,Segment 2 — High-Value At-Risk
0946-CLJTI,2,Segment 2 — High-Value At-Risk
0946-FKYTX,1,Segment 1 — High-Value Stable
0947-IDHRQ,0,Segment 0 — Emerging Risk
0947-MUGVO,0,Segment 0 — Emerging Risk
0952-KMEEH,0,Segment 0 — Emerging Risk
0953-LGOVU,0,Segment 0 — Emerging Risk
0956-ACVZC,2,Segment 2 — High-Value At-Risk
0956-SYCWG,1,Segment 1 — High-Value Stable
0958-YHXGP,0,Segment 0 — Emerging Risk
0959-WHOKV,2,Segment 2 — High-Value At-Risk
0960-HUWBM,2,Segment 2 — High-Value At-Risk
0961-ZWLVI,2,Segment 2 — High-Value At-Risk
0962-CQPWQ,1,Segment 1 — High-Value Stable
0963-ZBDRN,0,Segment 0 — Emerging Risk
0967-BMLBD,1,Segment 1 — High-Value Stable
0968-GSIKN,0,Segment 0 — Emerging Risk
0969-RGKCU,1,Segment 1 — High-Value Stable
0970-ETWGE,0,Segment 0 — Emerging Risk
0970-QXPXW,1,Segment 1 — High-Value Stable
0971-QIFJK,1,Segment 1 — High-Value Stable
0973-KYVNF,2,Segment 2 — High-Value At-Risk
0975-UYDTX,2,Segment 2 — High-Value At-Risk
0975-VOOVL,0,Segment 0 — Emerging Risk
0979-MOZQI,2,Segment 2 — High-Value At-Risk
0979-PHULV,2,Segment 2 — High-Value At-Risk
0980-FEXWF,1,Segment 1 — High-Value Stable
0980-PVMRC,0,Segment 0 — Emerging Risk
0983-TATYJ,2,Segment 2 — High-Value At-Risk
0988-AADSA,2,Segment 2 — High-Value At-Risk
0988-JRWWP,0,Segment 0 — Emerging Risk
0991-BRRFB,0,Segment 0 — Emerging Risk
0993-OSGPT,2,Segment 2 — High-Value At-Risk
0997-YTLNY,0,Segment 0 — Emerging Risk
0999-QXNSA,0,Segment 0 — Emerging Risk
1000-AJSLD,1,Segment 1 — High-Value Stable
1004-NOZNR,2,Segment 2 — High-Value At-Risk
1009-IRMNA,1,Segment 1 — High-Value Stable
1010-DIAUQ,0,Segment 0 — Emerging Risk
1013-QCWAM,2,Segment 2 — High-Value At-Risk
1015-JPFYW,1,Segment 1 — High-Value Stable
1015-OWJKI,1,Segment 1 — High-Value Stable
1016-DJTSV,0,Segment 0 — Emerging Risk
1017-FBQMM,2,Segment 2 — High-Value At-Risk
1020-JPQOW,0,Segment 0 — Emerging Risk
1022-RKXDR,1,Segment 1 — High-Value Stable
1023-BQXZE,2,Segment 2 — High-Value At-Risk
1024-GUALD,0,Segment 0 — Emerging Risk
1024-KPRBB,0,Segment 0 — Emerging Risk
1024-VRZHF,0,Segment 0 — Emerging Risk
1025-FALIX,0,Segment 0 — Emerging Risk
1027-LKKQQ,2,Segment 2 — High-Value At-Risk
1028-FFNJK,0,Segment 0 — Emerging Risk
1029-QFBEN,1,Segment 1 — High-Value Stable
1031-IIDEO,0,Segment 0 — Emerging Risk
1032-MAELW,2,Segment 2 — High-Value At-Risk
1035-IPQPU,2,Segment 2 — High-Value At-Risk
1036-GUDCL,2,Segment 2 — High-Value At-Risk
1038-RQOST,1,Segment 1 — High-Value Stable
1038-ZAGBI,1,Segment 1 — High-Value Stable
1041-RXHRA,0,Segment 0 — Emerging Risk
1042-HFUCW,0,Segment 0 — Emerging Risk
1043-UXOVO,2,Segment 2 — High-Value At-Risk
1043-YCUTE,1,Segment 1 — High-Value Stable
1045-LTCYT,1,Segment 1 — High-Value Stable
1047-NNCBF,0,Segment 0 — Emerging Risk
1047-RNXZV,1,Segment 1 — High-Value Stable
1049-FYSYG,0,Segment 0 — Emerging Risk
1051-EQPZR,1,Segment 1 — High-Value Stable
1051-GEJLJ,1,Segment 1 — High-Value Stable
1052-QJIBV,1,Segment 1 — High-Value Stable
1053-MXTTK,2,Segment 2 — High-Value At-Risk
1057-FOGLZ,1,Segment 1 — High-Value Stable
1060-ENTOF,2,Segment 2 — High-Value At-Risk
1061-PNTHC,2,Segment 2 — High-Value At-Risk
1062-LHZOD,0,Segment 0 — Emerging Risk
1063-DHQJF,2,Segment 2 — High-Value At-Risk
1064-FBXNK,1,Segment 1 — High-Value Stable
1066-JKSGK,1,Segment 1 — High-Value Stable
1069-QJOEE,1,Segment 1 — High-Value Stable
1069-XAIEM,0,Segment 0 — Emerging Risk
1073-XXCZD,1,Segment 1 — High-Value Stable
1074-AMIOH,2,Segment 2 — High-Value At-Risk
1074-WVEVG,1,Segment 1 — High-Value Stable
1075-BGWOH,0,Segment 0 — Emerging Risk
1077-HUUJM,0,Segment 0 — Emerging Risk
1078-TDCRN,0,Segment 0 — Emerging Risk
1080-BWSYE,1,Segment 1 — High-Value Stable
1084-MNSMJ,2,Segment 2 — High-Value At-Risk
1084-UQCHV,0,Segment 0 — Emerging Risk
1085-LDWAM,1,Segment 1 — High-Value Stable
1086-LXKFY,0,Segment 0 — Emerging Risk
1087-GRUYI,1,Segment 1 — High-Value Stable
1087-UDSIH,1,Segment 1 — High-Value Stable
1088-AUUZZ,2,Segment 2 — High-Value At-Risk
1088-CNNKB,2,Segment 2 — High-Value At-Risk
1089-HDMKP,0,Segment 0 — Emerging Risk
1089-XZWHH,1,Segment 1 — High-Value Stable
1090-ESELR,2,Segment 2 — High-Value At-Risk
1090-PYKCI,2,Segment 2 — High-Value At-Risk
1091-SOZGA,2,Segment 2 — High-Value At-Risk
1092-GANHU,0,Segment 0 — Emerging Risk
1092-WPIVQ,1,Segment 1 — High-Value Stable
1093-YSWCA,1,Segment 1 — High-Value Stable
1094-BKOSX,2,Segment 2 — High-Value At-Risk
1095-JUDTC,0,Segment 0 — Emerging Risk
1095-WGNGG,2,Segment 2 — High-Value At-Risk
1096-ADRUX,2,Segment 2 — High-Value At-Risk
1097-FSPVW,0,Segment 0 — Emerging Risk
1098-KFQEC,1,Segment 1 — High-Value Stable
1098-TDVUQ,1,Segment 1 — High-Value Stable
1099-BTKWT,2,Segment 2 — High-Value At-Risk
1099-GODLO,1,Segment 1 — High-Value Stable
1100-DDVRV,0,Segment 0 — Emerging Risk
1101-SSWAG,0,Segment 0 — Emerging Risk
1104-FEJAM,0,Segment 0 — Emerging Risk
1104-TNLZA,0,Segment 0 — Emerging Risk
1106-HRLKZ,1,Segment 1 — High-Value Stable
1110-KYLGQ,2,Segment 2 — High-Value At-Risk
1112-CUNAO,0,Segment 0 — Emerging Risk
1113-IUJYX,2,Segment 2 — High-Value At-Risk
1114-CENIM,0,Segment 0 — Emerging Risk
1116-DXXDF,2,Segment 2 — High-Value At-Risk
1116-FRYVH,2,Segment 2 — High-Value At-Risk
1120-BMWUB,0,Segment 0 — Emerging Risk
1121-QSIVB,2,Segment 2 — High-Value At-Risk
1122-JWTJW,0,Segment 0 — Emerging Risk
1122-YJBCS,2,Segment 2 — High-Value At-Risk
1125-SNVCK,1,Segment 1 — High-Value Stable
1131-ALZWV,1,Segment 1 — High-Value Stable
1131-QQZEB,1,Segment 1 — High-Value Stable
1131-SUEKT,2,Segment 2 — High-Value At-Risk
1133-KXCGE,1,Segment 1 — High-Value Stable
1134-YWTYF,0,Segment 0 — Emerging Risk
1135-HIORI,2,Segment 2 — High-Value At-Risk
1135-LMECX,1,Segment 1 — High-Value Stable
1136-XGEQU,2,Segment 2 — High-Value At-Risk
1137-DGOWI,2,Segment 2 — High-Value At-Risk
1139-WUOAH,2,Segment 2 — High-Value At-Risk
1140-UKVZG,1,Segment 1 — High-Value Stable
1142-IHLOO,2,Segment 2 — High-Value At-Risk
1142-WACZW,0,Segment 0 — Emerging Risk
1143-NMNQJ,0,Segment 0 — Emerging Risk
1150-FTQGN,2,Segment 2 — High-Value At-Risk
1150-WFARN,2,Segment 2 — High-Value At-Risk
1153-GNOLC,0,Segment 0 — Emerging Risk
1154-HYWWO,2,Segment 2 — High-Value At-Risk
1156-ZFYDO,1,Segment 1 — High-Value Stable
1157-BQCUW,0,Segment 0 — Emerging Risk
1159-WFSGR,1,Segment 1 — High-Value Stable
1162-ECVII,2,Segment 2 — High-Value At-Risk
1163-ONYEY,2,Segment 2 — High-Value At-Risk
1163-VIPRI,2,Segment 2 — High-Value At-Risk
1166-PQLGG,1,Segment 1 — High-Value Stable
1167-OYZJF,1,Segment 1 — High-Value Stable
1169-SAOCL,2,Segment 2 — High-Value At-Risk
1169-WCVAK,0,Segment 0 — Emerging Risk
1170-SASML,2,Segment 2 — High-Value At-Risk
1171-TYKUR,1,Segment 1 — High-Value Stable
1172-VIYBP,2,Segment 2 — High-Value At-Risk
1173-NOEYG,0,Segment 0 — Emerging Risk
1173-XZPYF,0,Segment 0 — Emerging Risk
1174-FGIFN,2,Segment 2 — High-Value At-Risk
1177-XZBJL,2,Segment 2 — High-Value At-Risk
1178-PZGAB,1,Segment 1 — High-Value Stable
1179-INLAT,1,Segment 1 — High-Value Stable
1183-CANVH,0,Segment 0 — Emerging Risk
1184-PJVDB,0,Segment 0 — Emerging Risk
1187-WILMM,2,Segment 2 — High-Value At-Risk
1193-RTSLK,0,Segment 0 — Emerging Risk
1194-BHJYC,2,Segment 2 — High-Value At-Risk
1194-HVAIF,0,Segment 0 — Emerging Risk
1194-SPVSP,1,Segment 1 — High-Value Stable
1195-OIYEJ,0,Segment 0 — Emerging Risk
1196-AMORA,0,Segment 0 — Emerging Risk
1197-BVMVG,0,Segment 0 — Emerging Risk
1200-TUZHR,0,Segment 0 — Emerging Risk
1202-KKGFU,0,Segment 0 — Emerging Risk
1205-WNWPJ,0,Segment 0 — Emerging Risk
1206-EHBDD,2,Segment 2 — High-Value At-Risk
1207-BLKSA,1,Segment 1 — High-Value Stable
1208-DNHLN,0,Segment 0 — Emerging Risk
1208-NBVFH,0,Segment 0 — Emerging Risk
1209-VFFOC,2,Segment 2 — High-Value At-Risk
1212-GLHMD,0,Segment 0 — Emerging Risk
1213-NGCUN,0,Segment 0 — Emerging Risk
1215-EXRMO,1,Segment 1 — High-Value Stable
1215-FIGMP,2,Segment 2 — High-Value At-Risk
1215-VFYVK,0,Segment 0 — Emerging Risk
1216-BGTSP,0,Segment 0 — Emerging Risk
1216-JWVUX,0,Segment 0 — Emerging Risk
1217-VASWC,2,Segment 2 — High-Value At-Risk
1218-VKFPE,1,Segment 1 — High-Value Stable
1219-NNDDO,0,Segment 0 — Emerging Risk
1221-GHZEP,2,Segment 2 — High-Value At-Risk
1222-KJNZD,1,Segment 1 — High-Value Stable
1222-LRYKO,1,Segment 1 — High-Value Stable
1223-UNPKS,1,Segment 1 — High-Value Stable
1226-IENZN,0,Segment 0 — Emerging Risk
1226-JZNKR,1,Segment 1 — High-Value Stable
1226-UDFZR,0,Segment 0 — Emerging Risk
1227-UDMZR,2,Segment 2 — High-Value At-Risk
1228-FZFRV,2,Segment 2 — High-Value At-Risk
1228-ZLNBX,0,Segment 0 — Emerging Risk
1229-RCALF,2,Segment 2 — High-Value At-Risk
1230-QAJDW,0,Segment 0 — Emerging Risk
1231-YNDEK,1,Segment 1 — High-Value Stable
1236-WFCDV,0,Segment 0 — Emerging Risk
1237-WIYYZ,1,Segment 1 — High-Value Stable
1240-HCBOH,1,Segment 1 — High-Value Stable
1240-KNSEZ,1,Segment 1 — High-Value Stable
1241-EZFMJ,1,Segment 1 — High-Value Stable
1241-FPMOF,1,Segment 1 — High-Value Stable
1245-HARPS,1,Segment 1 — High-Value Stable
1247-QBVSH,0,Segment 0 — Emerging Risk
1248-DYXUB,1,Segment 1 — High-Value Stable
1251-KRREG,0,Segment 0 — Emerging Risk
1251-STYSZ,0,Segment 0 — Emerging Risk
1254-IZEYF,0,Segment 0 — Emerging Risk
1257-SXUXQ,1,Segment 1 — High-Value Stable
1258-YMZNM,2,Segment 2 — High-Value At-Risk
1260-TTRXI,0,Segment 0 — Emerging Risk
1261-FWTTE,0,Segment 0 — Emerging Risk
1262-OPMFY,0,Segment 0 — Emerging Risk
1264-BYWMS,2,Segment 2 — High-Value At-Risk
1264-FUHCX,2,Segment 2 — High-Value At-Risk
1265-BCFEO,2,Segment 2 — High-Value At-Risk
1265-HVPZB,2,Segment 2 — High-Value At-Risk
1265-XTECC,2,Segment 2 — High-Value At-Risk
1265-ZFOSD,2,Segment 2 — High-Value At-Risk
1266-NZYUI,2,Segment 2 — High-Value At-Risk
1268-ASBGA,0,Segment 0 — Emerging Risk
1269-FOYWN,1,Segment 1 — High-Value Stable
1270-XKUCC,1,Segment 1 — High-Value Stable
1271-SJBGZ,0,Segment 0 — Emerging Risk
1271-UODNO,0,Segment 0 — Emerging Risk
1272-ILHFG,1,Segment 1 — High-Value Stable
1273-MTETI,0,Segment 0 — Emerging Risk
1282-IHQAC,2,Segment 2 — High-Value At-Risk
1285-OKIPP,0,Segment 0 — Emerging Risk
1291-CUOCY,2,Segment 2 — High-Value At-Risk
1293-BSEUN,1,Segment 1 — High-Value Stable
1293-HHSHJ,1,Segment 1 — High-Value Stable
1297-VQDRP,2,Segment 2 — High-Value At-Risk
1298-PHBTI,2,Segment 2 — High-Value At-Risk
1299-AURJA,1,Segment 1 — High-Value Stable
1301-LOPVR,2,Segment 2 — High-Value At-Risk
1302-TPUBN,1,Segment 1 — High-Value Stable
1302-UHBDD,0,Segment 0 — Emerging Risk
1303-SRDOK,2,Segment 2 — High-Value At-Risk
1304-BCCFO,0,Segment 0 — Emerging Risk
1304-NECVQ,0,Segment 0 — Emerging Risk
1304-SEGFY,2,Segment 2 — High-Value At-Risk
1306-RPWXZ,1,Segment 1 — High-Value Stable
1307-ATKGB,0,Segment 0 — Emerging Risk
1307-TVUFB,0,Segment 0 — Emerging Risk
1309-BXVOQ,0,Segment 0 — Emerging Risk
1309-XGFSN,2,Segment 2 — High-Value At-Risk
1310-QRITU,0,Segment 0 — Emerging Risk
1319-YLZJG,0,Segment 0 — Emerging Risk
1320-GVNHT,2,Segment 2 — High-Value At-Risk
1320-HTRDR,0,Segment 0 — Emerging Risk
1320-REHCS,2,Segment 2 — High-Value At-Risk
1322-AGOQM,0,Segment 0 — Emerging Risk
1323-OOEPC,2,Segment 2 — High-Value At-Risk
1324-NLTJE,0,Segment 0 — Emerging Risk
1325-USMEC,2,Segment 2 — High-Value At-Risk
1328-EUZHC,1,Segment 1 — High-Value Stable
1329-VHWNP,0,Segment 0 — Emerging Risk
1333-PBMXB,1,Segment 1 — High-Value Stable
1334-FJSVR,0,Segment 0 — Emerging Risk
1334-PDUKM,2,Segment 2 — High-Value At-Risk
1335-HQMKX,2,Segment 2 — High-Value At-Risk
1335-MXCSE,2,Segment 2 — High-Value At-Risk
1335-NTIUC,0,Segment 0 — Emerging Risk
1336-EZFZY,1,Segment 1 — High-Value Stable
1337-BOZWO,0,Segment 0 — Emerging Risk
1338-CECEE,2,Segment 2 — High-Value At-Risk
1342-JPNKI,0,Segment 0 — Emerging Risk
1343-EHPYB,2,Segment 2 — High-Value At-Risk
1345-GKDZZ,1,Segment 1 — High-Value Stable
1345-ZUKID,1,Segment 1 — High-Value Stable
1346-PJWTK,2,Segment 2 — High-Value At-Risk
1346-UFHAX,0,Segment 0 — Emerging Risk
1347-KTTTA,2,Segment 2 — High-Value At-Risk
1349-WXNGG,1,Segment 1 — High-Value Stable
1352-HNSAW,2,Segment 2 — High-Value At-Risk
1352-VHKAJ,0,Segment 0 — Emerging Risk
1353-GHZOS,0,Segment 0 — Emerging Risk
1353-LJWEM,0,Segment 0 — Emerging Risk
1354-YZFNB,1,Segment 1 — High-Value Stable
1355-KUSBG,0,Segment 0 — Emerging Risk
1356-MKYSK,0,Segment 0 — Emerging Risk
1357-BIJKI,2,Segment 2 — High-Value At-Risk
1357-MVDOZ,0,Segment 0 — Emerging Risk
1360-JYXKQ,2,Segment 2 — High-Value At-Risk
1360-RCYRT,0,Segment 0 — Emerging Risk
1360-XFJMR,2,Segment 2 — High-Value At-Risk
1363-TXLSL,0,Segment 0 — Emerging Risk
1370-GGAWX,2,Segment 2 — High-Value At-Risk
1371-DWPAZ,0,Segment 0 — Emerging Risk
1371-OJCEK,1,Segment 1 — High-Value Stable
1371-WEPDS,2,Segment 2 — High-Value At-Risk
1373-ORVIZ,0,Segment 0 — Emerging Risk
1374-DMZUI,0,Segment 0 — Emerging Risk
1376-HHBDV,0,Segment 0 — Emerging Risk
1379-FRVEB,0,Segment 0 — Emerging Risk
1383-EZRWL,1,Segment 1 — High-Value Stable
1384-RCUXW,0,Segment 0 — Emerging Risk
1385-TQOZW,1,Segment 1 — High-Value Stable
1386-ZIKUV,1,Segment 1 — High-Value Stable
1389-CXMLU,0,Segment 0 — Emerging Risk
1389-WNUIB,2,Segment 2 — High-Value At-Risk
1391-UBDAR,0,Segment 0 — Emerging Risk
1393-IMKZG,0,Segment 0 — Emerging Risk
1394-SUIUH,2,Segment 2 — High-Value At-Risk
1395-OFUWC,0,Segment 0 — Emerging Risk
1395-WSWXR,1,Segment 1 — High-Value Stable
1396-QWFBJ,0,Segment 0 — Emerging Risk
1397-XKKWR,0,Segment 0 — Emerging Risk
1399-OUPJN,1,Segment 1 — High-Value Stable
1399-UBQIU,0,Segment 0 — Emerging Risk
1400-MMYXY,0,Segment 0 — Emerging Risk
1400-WIVLL,2,Segment 2 — High-Value At-Risk
1401-FTHFQ,1,Segment 1 — High-Value Stable
1402-PTHGN,2,Segment 2 — High-Value At-Risk
1403-GYAFU,1,Segment 1 — High-Value Stable
1403-LKLIK,1,Segment 1 — High-Value Stable
1406-PUQVY,0,Segment 0 — Emerging Risk
1407-DIGZV,1,Segment 1 — High-Value Stable
1409-PHXTF,2,Segment 2 — High-Value At-Risk
1410-RSCMR,0,Segment 0 — Emerging Risk
1414-YADCW,2,Segment 2 — High-Value At-Risk
1415-YFWLT,0,Segment 0 — Emerging Risk
1421-HCERK,0,Segment 0 — Emerging Risk
1422-DGUBX,2,Segment 2 — High-Value At-Risk
1423-BMPBQ,1,Segment 1 — High-Value Stable
1427-VERSM,2,Segment 2 — High-Value At-Risk
1428-GTBJJ,0,Segment 0 — Emerging Risk
1428-IEDPR,2,Segment 2 — High-Value At-Risk
1429-UYJSV,1,Segment 1 — High-Value Stable
1430-SFQSA,0,Segment 0 — Emerging Risk
1431-AIDJQ,2,Segment 2 — High-Value At-Risk
1431-CYWMH,1,Segment 1 — High-Value Stable
1432-FPAXX,0,Segment 0 — Emerging Risk
1436-ZMJAN,0,Segment 0 — Emerging Risk
1439-LCGVL,1,Segment 1 — High-Value Stable
1442-BQPVU,0,Segment 0 — Emerging Risk
1442-OKRJE,2,Segment 2 — High-Value At-Risk
1444-VVSGW,2,Segment 2 — High-Value At-Risk
1447-GIQMR,0,Segment 0 — Emerging Risk
1447-PJGGA,2,Segment 2 — High-Value At-Risk
1448-CYWKC,2,Segment 2 — High-Value At-Risk
1448-PWKYE,0,Segment 0 — Emerging Risk
1449-XQEMT,1,Segment 1 — High-Value Stable
1450-GALXR,0,Segment 0 — Emerging Risk
1450-SKCVI,2,Segment 2 — High-Value At-Risk
1452-KIOVK,0,Segment 0 — Emerging Risk
1452-UZOSF,2,Segment 2 — High-Value At-Risk
1452-VOQCH,0,Segment 0 — Emerging Risk
1452-XRSJV,0,Segment 0 — Emerging Risk
1453-RZFON,0,Segment 0 — Emerging Risk
1455-ESIQH,0,Segment 0 — Emerging Risk
1455-HFBXA,2,Segment 2 — High-Value At-Risk
1455-UGQVH,0,Segment 0 — Emerging Risk
1456-TWCGB,0,Segment 0 — Emerging Risk
1459-QNFQT,2,Segment 2 — High-Value At-Risk
1460-UZPRJ,1,Segment 1 — High-Value Stable
1465-LNTLJ,0,Segment 0 — Emerging Risk
1465-VINDH,0,Segment 0 — Emerging Risk
1465-WCZVT,1,Segment 1 — High-Value Stable
1468-DEFNC,1,Segment 1 — High-Value Stable
1469-LBJQJ,2,Segment 2 — High-Value At-Risk
1470-PSXNM,2,Segment 2 — High-Value At-Risk
1471-GIQKQ,0,Segment 0 — Emerging Risk
1472-TNCWL,0,Segment 0 — Emerging Risk
1474-JUWSM,2,Segment 2 — High-Value At-Risk
1475-VWVDO,0,Segment 0 — Emerging Risk
1478-VPOAD,0,Segment 0 — Emerging Risk
1480-BKXGA,2,Segment 2 — High-Value At-Risk
1480-IVEVR,0,Segment 0 — Emerging Risk
1481-ZUWZA,0,Segment 0 — Emerging Risk
1482-OXZSY,0,Segment 0 — Emerging Risk
1485-YDHMM,0,Segment 0 — Emerging Risk
1488-PBLJN,2,Segment 2 — High-Value At-Risk
1488-SYSFC,1,Segment 1 — High-Value Stable
1492-KGETH,2,Segment 2 — High-Value At-Risk
1492-QGCLU,2,Segment 2 — High-Value At-Risk
1493-AMTIE,0,Segment 0 — Emerging Risk
1494-EJZDW,1,Segment 1 — High-Value Stable
1496-GGSUK,0,Segment 0 — Emerging Risk
1498-DQNRX,1,Segment 1 — High-Value Stable
1498-NHTLT,2,Segment 2 — High-Value At-Risk
1501-SGHBW,0,Segment 0 — Emerging Risk
1502-XFCVR,2,Segment 2 — High-Value At-Risk
1506-YJTYT,2,Segment 2 — High-Value At-Risk
1508-DFXCU,0,Segment 0 — Emerging Risk
1513-XNPPH,0,Segment 0 — Emerging Risk
1518-OMDIK,0,Segment 0 — Emerging Risk
1518-VOWAV,0,Segment 0 — Emerging Risk
1522-VVDMG,0,Segment 0 — Emerging Risk
1525-LNLOJ,2,Segment 2 — High-Value At-Risk
1527-SXDPN,2,Segment 2 — High-Value At-Risk
1530-ZTDOZ,0,Segment 0 — Emerging Risk
1534-OULXE,2,Segment 2 — High-Value At-Risk
1535-VTJOQ,1,Segment 1 — High-Value Stable
1536-HBSWP,0,Segment 0 — Emerging Risk
1536-YHDOE,2,Segment 2 — High-Value At-Risk
1539-LNKHM,1,Segment 1 — High-Value Stable
1541-ETJZO,0,Segment 0 — Emerging Risk
1543-LLLFT,2,Segment 2 — High-Value At-Risk
1544-JJMYL,0,Segment 0 — Emerging Risk
1545-ACTAS,2,Segment 2 — High-Value At-Risk
1545-JFUML,2,Segment 2 — High-Value At-Risk
1548-ARAGG,0,Segment 0 — Emerging Risk
1548-FEHVL,2,Segment 2 — High-Value At-Risk
1550-EENBN,0,Segment 0 — Emerging Risk
1550-LOAHA,0,Segment 0 — Emerging Risk
1552-AAGRX,0,Segment 0 — Emerging Risk
1552-CZCLL,1,Segment 1 — High-Value Stable
1552-TKMXS,1,Segment 1 — High-Value Stable
1555-DJEQW,2,Segment 2 — High-Value At-Risk
1555-HAPSU,1,Segment 1 — High-Value Stable
1557-EMYVT,2,Segment 2 — High-Value At-Risk
1559-DTODC,0,Segment 0 — Emerging Risk
1561-BWHIN,1,Segment 1 — High-Value Stable
1563-IWQEX,1,Segment 1 — High-Value Stable
1564-HJUVY,0,Segment 0 — Emerging Risk
1564-NTYXF,0,Segment 0 — Emerging Risk
1565-RHDJD,0,Segment 0 — Emerging Risk
1567-DSCIC,0,Segment 0 — Emerging Risk
1568-BEKZM,2,Segment 2 — High-Value At-Risk
1568-LJSZU,2,Segment 2 — High-Value At-Risk
1569-TTNYJ,0,Segment 0 — Emerging Risk
1571-SAVHK,0,Segment 0 — Emerging Risk
1573-LGXBA,2,Segment 2 — High-Value At-Risk
1574-DYCWE,1,Segment 1 — High-Value Stable
1575-KRZZE,0,Segment 0 — Emerging Risk
1576-PFZIW,2,Segment 2 — High-Value At-Risk
1577-HKTFG,1,Segment 1 — High-Value Stable
1579-KLYDT,0,Segment 0 — Emerging Risk
1580-BMCMR,0,Segment 0 — Emerging Risk
1582-RAFML,0,Segment 0 — Emerging Risk
1583-IHQZE,0,Segment 0 — Emerging Risk
1585-MQSSU,0,Segment 0 — Emerging Risk
1587-FKLZB,2,Segment 2 — High-Value At-Risk
1589-AGTLK,0,Segment 0 — Emerging Risk
1591-MQJTP,2,Segment 2 — High-Value At-Risk
1591-NFNLQ,0,Segment 0 — Emerging Risk
1591-XWLGB,1,Segment 1 — High-Value Stable
1596-BBVTG,0,Segment 0 — Emerging Risk
1596-OQSPS,0,Segment 0 — Emerging Risk
1597-FZREH,0,Segment 0 — Emerging Risk
1597-LHYNC,0,Segment 0 — Emerging Risk
1599-EAHXY,1,Segment 1 — High-Value Stable
1599-MMYRQ,2,Segment 2 — High-Value At-Risk
1600-DILPE,0,Segment 0 — Emerging Risk
1602-IJQQE,0,Segment 0 — Emerging Risk
1608-GMEWB,2,Segment 2 — High-Value At-Risk
1612-EOHDH,0,Segment 0 — Emerging Risk
1614-JBEBI,1,Segment 1 — High-Value Stable
1618-CFHME,0,Segment 0 — Emerging Risk
1619-YWUBB,1,Segment 1 — High-Value Stable
1621-YNCJH,2,Segment 2 — High-Value At-Risk
1622-HSHSF,1,Segment 1 — High-Value Stable
1623-NLDOT,0,Segment 0 — Emerging Risk
1624-NALOJ,0,Segment 0 — Emerging Risk
1624-WOIWJ,0,Segment 0 — Emerging Risk
1625-JAIIY,2,Segment 2 — High-Value At-Risk
1626-ERCMM,0,Segment 0 — Emerging Risk
1627-AFWVJ,1,Segment 1 — High-Value Stable
1628-BIZYP,0,Segment 0 — Emerging Risk
1629-DQQVB,0,Segment 0 — Emerging Risk
1635-FJFCC,0,Segment 0 — Emerging Risk
1635-HDGFT,1,Segment 1 — High-Value Stable
1635-NZATJ,1,Segment 1 — High-Value Stable
1636-NTNCO,0,Segment 0 — Emerging Risk
1640-PLFMP,0,Segment 0 — Emerging Risk
1641-BYBTK,1,Segment 1 — High-Value Stable
1641-RQDAY,2,Segment 2 — High-Value At-Risk
1642-HMARX,2,Segment 2 — High-Value At-Risk
1644-IRKSF,2,Segment 2 — High-Value At-Risk
1656-DRSMG,2,Segment 2 — High-Value At-Risk
1657-DYMBM,1,Segment 1 — High-Value Stable
1658-BYGOY,0,Segment 0 — Emerging Risk
1658-TJVOA,0,Segment 0 — Emerging Risk
1658-XUHBX,2,Segment 2 — High-Value At-Risk
1660-HSOOQ,0,Segment 0 — Emerging Risk
1661-CZBAU,2,Segment 2 — High-Value At-Risk
1663-MHLHE,1,Segment 1 — High-Value Stable
1666-JXLKU,0,Segment 0 — Emerging Risk
1666-JZPZT,0,Segment 0 — Emerging Risk
1670-SVOWZ,0,Segment 0 — Emerging Risk
1676-MQAOA,2,Segment 2 — High-Value At-Risk
1678-FYZOW,0,Segment 0 — Emerging Risk
1679-JRFBR,2,Segment 2 — High-Value At-Risk
1680-VDCWW,1,Segment 1 — High-Value Stable
1682-VCOIO,1,Segment 1 — High-Value Stable
1684-FLBGS,0,Segment 0 — Emerging Risk
1685-BQULA,0,Segment 0 — Emerging Risk
1685-VAYJF,0,Segment 0 — Emerging Risk
1686-STUHN,1,Segment 1 — High-Value Stable
1689-MRZQR,0,Segment 0 — Emerging Risk
1689-YQBYY,0,Segment 0 — Emerging Risk
1696-HXOWK,2,Segment 2 — High-Value At-Risk
1696-MZVAU,0,Segment 0 — Emerging Risk
1697-BCSHV,2,Segment 2 — High-Value At-Risk
1697-LYYYX,1,Segment 1 — High-Value Stable
1697-NVVGY,0,Segment 0 — Emerging Risk
1698-XFZCI,2,Segment 2 — High-Value At-Risk
1699-HPSBG,0,Segment 0 — Emerging Risk
1699-TLDLZ,1,Segment 1 — High-Value Stable
1699-UOTXU,2,Segment 2 — High-Value At-Risk
1702-CCFNJ,2,Segment 2 — High-Value At-Risk
1703-MGIAB,0,Segment 0 — Emerging Risk
1704-NRWYE,0,Segment 0 — Emerging Risk
1705-GUHPV,1,Segment 1 — High-Value Stable
1707-HABPF,2,Segment 2 — High-Value At-Risk
1708-PBBOA,0,Segment 0 — Emerging Risk
1709-EJDOX,1,Segment 1 — High-Value Stable
1710-RCXUS,2,Segment 2 — High-Value At-Risk
1716-LSAMB,2,Segment 2 — High-Value At-Risk
1722-LDZJS,1,Segment 1 — High-Value Stable
1723-HKXJQ,0,Segment 0 — Emerging Risk
1724-BQUHA,0,Segment 0 — Emerging Risk
1724-IQWNM,1,Segment 1 — High-Value Stable
1725-IQNIY,2,Segment 2 — High-Value At-Risk
1725-MIMXW,1,Segment 1 — High-Value Stable
1728-BQDMA,0,Segment 0 — Emerging Risk
1728-CXQBE,2,Segment 2 — High-Value At-Risk
1729-VLAZJ,0,Segment 0 — Emerging Risk
1730-VFMWO,0,Segment 0 — Emerging Risk
1730-ZMAME,2,Segment 2 — High-Value At-Risk
1731-TVIUK,0,Segment 0 — Emerging Risk
1732-FEKLD,2,Segment 2 — High-Value At-Risk
1732-VHUBQ,0,Segment 0 — Emerging Risk
1734-ZMNTZ,1,Segment 1 — High-Value Stable
1735-XMJVH,1,Segment 1 — High-Value Stable
1740-CSDJP,0,Segment 0 — Emerging Risk
1741-WTPON,2,Segment 2 — High-Value At-Risk
1744-JHKYS,1,Segment 1 — High-Value Stable
1746-TGTWV,0,Segment 0 — Emerging Risk
1750-CSKKM,0,Segment 0 — Emerging Risk
1751-NCDLI,2,Segment 2 — High-Value At-Risk
1752-OZXFY,2,Segment 2 — High-Value At-Risk
1754-GKYPY,0,Segment 0 — Emerging Risk
1755-FZQEC,1,Segment 1 — High-Value Stable
1755-RMCXH,1,Segment 1 — High-Value Stable
1757-TCATG,1,Segment 1 — High-Value Stable
1760-CAZHT,1,Segment 1 — High-Value Stable
1761-AEZZR,0,Segment 0 — Emerging Risk
1763-KUAAW,1,Segment 1 — High-Value Stable
1763-WQFUK,0,Segment 0 — Emerging Risk
1764-VUUMT,1,Segment 1 — High-Value Stable
1766-GKNMI,0,Segment 0 — Emerging Risk
1767-CJKBA,1,Segment 1 — High-Value Stable
1767-TGTKO,0,Segment 0 — Emerging Risk
1768-HNVGJ,2,Segment 2 — High-Value At-Risk
1768-ZAIFU,0,Segment 0 — Emerging Risk
1769-GRUIK,0,Segment 0 — Emerging Risk
1771-OADNZ,0,Segment 0 — Emerging Risk
1775-KWJKQ,2,Segment 2 — High-Value At-Risk
1776-SPBWV,1,Segment 1 — High-Value Stable
1777-JYQPJ,0,Segment 0 — Emerging Risk
1779-PWPMG,2,Segment 2 — High-Value At-Risk
1784-BXEFA,1,Segment 1 — High-Value Stable
1784-EZDKJ,2,Segment 2 — High-Value At-Risk
1785-BPHTP,0,Segment 0 — Emerging Risk
1790-NESIO,1,Segment 1 — High-Value Stable
1791-PQHBB,0,Segment 0 — Emerging Risk
1792-UXAFY,0,Segment 0 — Emerging Risk
1794-HBQTJ,0,Segment 0 — Emerging Risk
1794-SWWKL,0,Segment 0 — Emerging Risk
1796-JANOW,1,Segment 1 — High-Value Stable
1803-BGNBD,0,Segment 0 — Emerging Risk
1809-DMJHQ,0,Segment 0 — Emerging Risk
1810-BOHSY,2,Segment 2 — High-Value At-Risk
1810-MVMAI,0,Segment 0 — Emerging Risk
1813-JLKWR,1,Segment 1 — High-Value Stable
1813-JYWTO,2,Segment 2 — High-Value At-Risk
1814-DKOLC,1,Segment 1 — High-Value Stable
1814-WFGVS,2,Segment 2 — High-Value At-Risk
1816-FLZDK,0,Segment 0 — Emerging Risk
1818-ESQMW,0,Segment 0 — Emerging Risk
1820-DJFPH,1,Segment 1 — High-Value Stable
1820-TQVEV,0,Segment 0 — Emerging Risk
1821-BUCWY,0,Segment 0 — Emerging Risk
1830-GGFNM,2,Segment 2 — High-Value At-Risk
1830-IPXVJ,1,Segment 1 — High-Value Stable
1832-PEUTS,2,Segment 2 — High-Value At-Risk
1833-TCXKK,2,Segment 2 — High-Value At-Risk
1833-VGRUM,0,Segment 0 — Emerging Risk
1834-ABKHQ,2,Segment 2 — High-Value At-Risk
1834-WULEG,1,Segment 1 — High-Value Stable
1837-YQUCE,2,Segment 2 — High-Value At-Risk
1839-FBNFR,1,Segment 1 — High-Value Stable
1839-UMACK,1,Segment 1 — High-Value Stable
1840-BIUOG,0,Segment 0 — Emerging Risk
1841-YSJGV,2,Segment 2 — High-Value At-Risk
1842-EZJMK,2,Segment 2 — High-Value At-Risk
1843-TLSGD,1,Segment 1 — High-Value Stable
1845-CSBRZ,2,Segment 2 — High-Value At-Risk
1845-ZLLIG,0,Segment 0 — Emerging Risk
1846-XWOQN,0,Segment 0 — Emerging Risk
1848-LBZHY,0,Segment 0 — Emerging Risk
1849-RJYIG,0,Segment 0 — Emerging Risk
1850-AKQEP,1,Segment 1 — High-Value Stable
1852-QSWCD,1,Segment 1 — High-Value Stable
1852-XEMDW,0,Segment 0 — Emerging Risk
1853-ARAAQ,0,Segment 0 — Emerging Risk
1853-UDXBW,0,Segment 0 — Emerging Risk
1855-AGAWH,2,Segment 2 — High-Value At-Risk
1855-CFULU,1,Segment 1 — High-Value Stable
1862-QRWPE,1,Segment 1 — High-Value Stable
1862-SKORY,0,Segment 0 — Emerging Risk
1866-DIOQZ,2,Segment 2 — High-Value At-Risk
1866-NXPSP,2,Segment 2 — High-Value At-Risk
1866-OBPNR,0,Segment 0 — Emerging Risk
1866-RZZQS,0,Segment 0 — Emerging Risk
1866-ZSLJM,1,Segment 1 — High-Value Stable
1867-BDVFH,0,Segment 0 — Emerging Risk
1867-TJHTS,0,Segment 0 — Emerging Risk
1871-MOWRM,0,Segment 0 — Emerging Risk
1872-EBWSC,1,Segment 1 — High-Value Stable
1875-QIVME,0,Segment 0 — Emerging Risk
1877-HKBQX,0,Segment 0 — Emerging Risk
1891-FZYSA,2,Segment 2 — High-Value At-Risk
1891-QRQSA,2,Segment 2 — High-Value At-Risk
1891-UAWWU,0,Segment 0 — Emerging Risk
1894-IGFSG,0,Segment 0 — Emerging Risk
1895-QTKDO,0,Segment 0 — Emerging Risk
1897-OKVMW,2,Segment 2 — High-Value At-Risk
1897-RCFUM,1,Segment 1 — High-Value Stable
1898-JSNDC,2,Segment 2 — High-Value At-Risk
1899-VXWXM,2,Segment 2 — High-Value At-Risk
1902-XBTFB,0,Segment 0 — Emerging Risk
1904-WAJAA,2,Segment 2 — High-Value At-Risk
1905-OEILC,1,Segment 1 — High-Value Stable
1907-UBQFC,0,Segment 0 — Emerging Risk
1907-YLNYW,0,Segment 0 — Emerging Risk
1910-FMXJM,2,Segment 2 — High-Value At-Risk
1915-IOFGU,0,Segment 0 — Emerging Risk
1915-OAKWD,1,Segment 1 — High-Value Stable
1918-ZBFQJ,0,Segment 0 — Emerging Risk
1919-RTPQD,0,Segment 0 — Emerging Risk
1921-KYSAY,2,Segment 2 — High-Value At-Risk
1925-GMVBW,1,Segment 1 — High-Value Stable
1925-LFCZZ,0,Segment 0 — Emerging Risk
1925-TIBLE,0,Segment 0 — Emerging Risk
1926-QUZNN,1,Segment 1 — High-Value Stable
1927-QEWMY,1,Segment 1 — High-Value Stable
1928-BXYIV,0,Segment 0 — Emerging Risk
1929-ZCBHE,2,Segment 2 — High-Value At-Risk
1930-BZLHI,1,Segment 1 — High-Value Stable
1930-QPBVZ,2,Segment 2 — High-Value At-Risk
1930-WNXSB,2,Segment 2 — High-Value At-Risk
1932-UEDCX,2,Segment 2 — High-Value At-Risk
1934-MKPXS,1,Segment 1 — High-Value Stable
1934-SJVJK,1,Segment 1 — High-Value Stable
1935-IMVBB,2,Segment 2 — High-Value At-Risk
1936-CZAKF,2,Segment 2 — High-Value At-Risk
1936-UAFEH,2,Segment 2 — High-Value At-Risk
1937-OTUKY,2,Segment 2 — High-Value At-Risk
1941-HOSAM,0,Segment 0 — Emerging Risk
1942-OQFRW,0,Segment 0 — Emerging Risk
1945-XISKS,1,Segment 1 — High-Value Stable
1950-KSVVJ,2,Segment 2 — High-Value At-Risk
1951-IEYXM,2,Segment 2 — High-Value At-Risk
1952-DVVSW,1,Segment 1 — High-Value Stable
1955-IBMMB,1,Segment 1 — High-Value Stable
1956-YIFGE,2,Segment 2 — High-Value At-Risk
1958-RNRKS,0,Segment 0 — Emerging Risk
1960-UOTYM,2,Segment 2 — High-Value At-Risk
1960-UYCNN,0,Segment 0 — Emerging Risk
1963-SVUCV,0,Segment 0 — Emerging Risk
1963-VAUKV,1,Segment 1 — High-Value Stable
1964-SVLEA,1,Segment 1 — High-Value Stable
1965-AKTSX,0,Segment 0 — Emerging Risk
1965-DDBWU,0,Segment 0 — Emerging Risk
1970-KKFWL,1,Segment 1 — High-Value Stable
1971-DTCZB,2,Segment 2 — High-Value At-Risk
1972-XMUWV,2,Segment 2 — High-Value At-Risk
1976-AZZPJ,0,Segment 0 — Emerging Risk
1976-CFOCS,0,Segment 0 — Emerging Risk
1977-STDKI,0,Segment 0 — Emerging Risk
1980-KXVPM,0,Segment 0 — Emerging Risk
1981-INRFU,0,Segment 0 — Emerging Risk
1982-FEBTD,1,Segment 1 — High-Value Stable
1984-FCOWB,2,Segment 2 — High-Value At-Risk
1984-GPTEH,1,Segment 1 — High-Value Stable
1985-MBRYP,1,Segment 1 — High-Value Stable
1986-PHGZF,0,Segment 0 — Emerging Risk
1987-AUELQ,1,Segment 1 — High-Value Stable
1989-PRJHP,0,Segment 0 — Emerging Risk
1991-VOPLL,1,Segment 1 — High-Value Stable
1996-DBMUS,2,Segment 2 — High-Value At-Risk
1998-VHJHK,1,Segment 1 — High-Value Stable
2000-DHJUY,2,Segment 2 — High-Value At-Risk
2000-MPKCA,2,Segment 2 — High-Value At-Risk
2001-EWBQU,2,Segment 2 — High-Value At-Risk
2001-MCUUW,2,Segment 2 — High-Value At-Risk
2002-MZHWP,1,Segment 1 — High-Value Stable
2003-CKLOR,2,Segment 2 — High-Value At-Risk
2004-OCQXK,0,Segment 0 — Emerging Risk
2005-DWQZJ,1,Segment 1 — High-Value Stable
2007-QVGAW,1,Segment 1 — High-Value Stable
2011-TRQYE,0,Segment 0 — Emerging Risk
2012-NWRPA,0,Segment 0 — Emerging Risk
2013-SGDXK,0,Segment 0 — Emerging Risk
2014-MKGMH,2,Segment 2 — High-Value At-Risk
2017-CCBLH,1,Segment 1 — High-Value Stable
2018-PZKMU,0,Segment 0 — Emerging Risk
2018-QKYGT,0,Segment 0 — Emerging Risk
2019-HDCZY,2,Segment 2 — High-Value At-Risk
2023-VQFDL,1,Segment 1 — High-Value Stable
2024-BASKD,0,Segment 0 — Emerging Risk
2025-JKFWI,0,Segment 0 — Emerging Risk
2026-TGDHM,0,Segment 0 — Emerging Risk
2027-CWDNU,0,Segment 0 — Emerging Risk
2027-DNKIV,2,Segment 2 — High-Value At-Risk
2027-FECZV,0,Segment 0 — Emerging Risk
2027-OAQQC,0,Segment 0 — Emerging Risk
2027-WKXMW,2,Segment 2 — High-Value At-Risk
2030-BTZRO,1,Segment 1 — High-Value Stable
2034-CGRHZ,0,Segment 0 — Emerging Risk
2034-GDRCN,0,Segment 0 — Emerging Risk
2037-SGXHH,0,Segment 0 — Emerging Risk
2037-XJFUP,2,Segment 2 — High-Value At-Risk
2038-LLMLM,0,Segment 0 — Emerging Risk
2038-OEQZH,0,Segment 0 — Emerging Risk
2038-YSEZE,0,Segment 0 — Emerging Risk
2039-JONDJ,0,Segment 0 — Emerging Risk
2040-LDIWQ,2,Segment 2 — High-Value At-Risk
2040-OBMLJ,2,Segment 2 — High-Value At-Risk
2040-VZIKE,2,Segment 2 — High-Value At-Risk
2040-XBAVJ,2,Segment 2 — High-Value At-Risk
2041-JIJCI,0,Segment 0 — Emerging Risk
2043-WVTQJ,0,Segment 0 — Emerging Risk
2045-BMBTJ,0,Segment 0 — Emerging Risk
2049-BAFNW,0,Segment 0 — Emerging Risk
2050-ONYDQ,1,Segment 1 — High-Value Stable
2054-PJOCK,2,Segment 2 — High-Value At-Risk
2055-BFOCC,2,Segment 2 — High-Value At-Risk
2055-PDADH,0,Segment 0 — Emerging Risk
2055-SIFSS,2,Segment 2 — High-Value At-Risk
2056-EVGZL,2,Segment 2 — High-Value At-Risk
2057-BOYKM,2,Segment 2 — High-Value At-Risk
2057-ZBLPD,0,Segment 0 — Emerging Risk
2058-DCJBE,0,Segment 0 — Emerging Risk
2061-VVFST,1,Segment 1 — High-Value Stable
2065-MMKGR,2,Segment 2 — High-Value At-Risk
2067-QYTCF,2,Segment 2 — High-Value At-Risk
2068-WWXQZ,1,Segment 1 — High-Value Stable
2070-FNEXE,0,Segment 0 — Emerging Risk
2070-XYMFH,0,Segment 0 — Emerging Risk
2072-ZVJJX,1,Segment 1 — High-Value Stable
2073-QBVBI,1,Segment 1 — High-Value Stable
2074-GKOWZ,0,Segment 0 — Emerging Risk
2074-GUHPQ,0,Segment 0 — Emerging Risk
2075-PUEPR,1,Segment 1 — High-Value Stable
2075-RMJIK,0,Segment 0 — Emerging Risk
2077-DDHJK,2,Segment 2 — High-Value At-Risk
2077-MPJQO,0,Segment 0 — Emerging Risk
2079-FBMZK,0,Segment 0 — Emerging Risk
2080-CAZNM,0,Segment 0 — Emerging Risk
2080-GKCWQ,0,Segment 0 — Emerging Risk
2080-SRCDE,1,Segment 1 — High-Value Stable
2081-KJSQF,1,Segment 1 — High-Value Stable
2081-VEYEH,0,Segment 0 — Emerging Risk
2082-CEFLT,0,Segment 0 — Emerging Risk
2082-OJVTK,0,Segment 0 — Emerging Risk
2085-BOJKI,0,Segment 0 — Emerging Risk
2085-JVGAD,1,Segment 1 — High-Value Stable
2087-QAREY,0,Segment 0 — Emerging Risk
2088-IEBAU,2,Segment 2 — High-Value At-Risk
2091-GPPIQ,2,Segment 2 — High-Value At-Risk
2091-MJTFX,0,Segment 0 — Emerging Risk
2091-RFFBA,0,Segment 0 — Emerging Risk
2096-XOTMO,1,Segment 1 — High-Value Stable
2097-YVPKN,1,Segment 1 — High-Value Stable
2100-BDNSN,0,Segment 0 — Emerging Risk
2101-RANCD,0,Segment 0 — Emerging Risk
2103-ZRXFN,0,Segment 0 — Emerging Risk
2105-PHWON,0,Segment 0 — Emerging Risk
2107-FBPTK,2,Segment 2 — High-Value At-Risk
2108-GLPQB,0,Segment 0 — Emerging Risk
2108-XWMPY,0,Segment 0 — Emerging Risk
2108-YKQTY,0,Segment 0 — Emerging Risk
2111-DWYHN,1,Segment 1 — High-Value Stable
2114-MGINA,0,Segment 0 — Emerging Risk
2115-BFTIW,0,Segment 0 — Emerging Risk
2120-SMPEX,1,Segment 1 — High-Value Stable
2121-JAFOM,2,Segment 2 — High-Value At-Risk
2122-SZZZD,1,Segment 1 — High-Value Stable
2122-YWVYA,0,Segment 0 — Emerging Risk
2123-AGEEN,0,Segment 0 — Emerging Risk
2123-VSCOT,2,Segment 2 — High-Value At-Risk
2126-GSEGL,2,Segment 2 — High-Value At-Risk
2129-ALKBS,1,Segment 1 — High-Value Stable
2133-TSRRM,2,Segment 2 — High-Value At-Risk
2135-DQWAQ,0,Segment 0 — Emerging Risk
2135-RXIHG,0,Segment 0 — Emerging Risk
2137-DQMEV,2,Segment 2 — High-Value At-Risk
2138-VFAPZ,1,Segment 1 — High-Value Stable
2139-FQHLM,0,Segment 0 — Emerging Risk
2141-RRYGO,0,Segment 0 — Emerging Risk
2143-LJULT,1,Segment 1 — High-Value Stable
2144-BFDSO,2,Segment 2 — High-Value At-Risk
2144-ESWKO,0,Segment 0 — Emerging Risk
2146-EGVDT,1,Segment 1 — High-Value Stable
2150-OEGBV,1,Segment 1 — High-Value Stable
2150-UWTFY,0,Segment 0 — Emerging Risk
2150-WLKUW,2,Segment 2 — High-Value At-Risk
2153-MREFK,2,Segment 2 — High-Value At-Risk
2154-KVJFF,0,Segment 0 — Emerging Risk
2155-AMQRX,0,Segment 0 — Emerging Risk
2157-MXBJS,0,Segment 0 — Emerging Risk
2159-TURXX,1,Segment 1 — High-Value Stable
2160-GPFXD,2,Segment 2 — High-Value At-Risk
2162-FRZAA,2,Segment 2 — High-Value At-Risk
2164-SOQXL,1,Segment 1 — High-Value Stable
2165-VOEGB,2,Segment 2 — High-Value At-Risk
2167-FQSTQ,2,Segment 2 — High-Value At-Risk
2169-RRLFW,1,Segment 1 — High-Value Stable
2171-UDMFD,1,Segment 1 — High-Value Stable
2172-EJXVF,2,Segment 2 — High-Value At-Risk
2176-LVPNX,2,Segment 2 — High-Value At-Risk
2176-OSJUV,2,Segment 2 — High-Value At-Risk
2178-PMGCJ,0,Segment 0 — Emerging Risk
2180-DXNEG,0,Segment 0 — Emerging Risk
2181-TIDSV,1,Segment 1 — High-Value Stable
2181-UAESM,0,Segment 0 — Emerging Risk
2186-QZEYA,0,Segment 0 — Emerging Risk
2187-LZGPL,0,Segment 0 — Emerging Risk
2187-PKZAY,0,Segment 0 — Emerging Risk
2188-SXWVT,1,Segment 1 — High-Value Stable
2189-UXTKY,0,Segment 0 — Emerging Risk
2189-WWOEW,0,Segment 0 — Emerging Risk
2190-BCXEC,2,Segment 2 — High-Value At-Risk
2190-PHBHR,2,Segment 2 — High-Value At-Risk
2192-CKRLV,2,Segment 2 — High-Value At-Risk
2192-OZITF,2,Segment 2 — High-Value At-Risk
2193-SFWQW,2,Segment 2 — High-Value At-Risk
2194-IIQOF,2,Segment 2 — High-Value At-Risk
2195-VVRJF,0,Segment 0 — Emerging Risk
2195-ZRVAX,2,Segment 2 — High-Value At-Risk
2197-OMWGI,2,Segment 2 — High-Value At-Risk
2200-DSAAL,2,Segment 2 — High-Value At-Risk
2202-CUYXZ,0,Segment 0 — Emerging Risk
2202-OUTMO,0,Segment 0 — Emerging Risk
2203-GHNWN,0,Segment 0 — Emerging Risk
2205-LPVGL,2,Segment 2 — High-Value At-Risk
2205-YMZZJ,0,Segment 0 — Emerging Risk
2207-NHRJK,0,Segment 0 — Emerging Risk
2207-OBZNX,0,Segment 0 — Emerging Risk
2207-QPJED,2,Segment 2 — High-Value At-Risk
2207-RYYRL,1,Segment 1 — High-Value Stable
2208-MPXIO,1,Segment 1 — High-Value Stable
2208-NKVVH,1,Segment 1 — High-Value Stable
2208-NQBCT,0,Segment 0 — Emerging Risk
2208-UGTGR,2,Segment 2 — High-Value At-Risk
2209-XADXF,0,Segment 0 — Emerging Risk
2211-RMNHO,2,Segment 2 — High-Value At-Risk
2212-LYASK,0,Segment 0 — Emerging Risk
2215-ZAFGX,0,Segment 0 — Emerging Risk
2219-MVUSO,0,Segment 0 — Emerging Risk
2220-IAHLS,1,Segment 1 — High-Value Stable
2223-GDSHL,2,Segment 2 — High-Value At-Risk
2223-KAGMX,1,Segment 1 — High-Value Stable
2225-ZRGSG,2,Segment 2 — High-Value At-Risk
2226-ICFDO,2,Segment 2 — High-Value At-Risk
2227-JRSJX,0,Segment 0 — Emerging Risk
2228-BZDEE,1,Segment 1 — High-Value Stable
2229-DPMBI,1,Segment 1 — High-Value Stable
2229-VWQJH,0,Segment 0 — Emerging Risk
2230-XTUWL,1,Segment 1 — High-Value Stable
2232-DMLXU,0,Segment 0 — Emerging Risk
2233-FAGXV,1,Segment 1 — High-Value Stable
2233-TXSIU,0,Segment 0 — Emerging Risk
2234-EOFPT,2,Segment 2 — High-Value At-Risk
2234-XADUH,2,Segment 2 — High-Value At-Risk
2235-DWLJU,0,Segment 0 — Emerging Risk
2235-EZAIK,2,Segment 2 — High-Value At-Risk
2235-ZGKPT,0,Segment 0 — Emerging Risk
2236-HILPA,1,Segment 1 — High-Value Stable
2237-ZFSMY,0,Segment 0 — Emerging Risk
2239-CFOUJ,1,Segment 1 — High-Value Stable
2239-CGBUZ,2,Segment 2 — High-Value At-Risk
2239-JALAW,2,Segment 2 — High-Value At-Risk
2240-HSJQD,0,Segment 0 — Emerging Risk
2242-MFOTG,0,Segment 0 — Emerging Risk
2243-FNMMI,1,Segment 1 — High-Value Stable
2245-ADZFJ,2,Segment 2 — High-Value At-Risk
2249-YPRNG,0,Segment 0 — Emerging Risk
2250-IVBWA,2,Segment 2 — High-Value At-Risk
2251-PYLPB,2,Segment 2 — High-Value At-Risk
2252-ISRNH,0,Segment 0 — Emerging Risk
2252-JHJGE,2,Segment 2 — High-Value At-Risk
2252-NKNSI,2,Segment 2 — High-Value At-Risk
2253-KPMNB,2,Segment 2 — High-Value At-Risk
2254-DLXRI,0,Segment 0 — Emerging Risk
2256-YLYLP,2,Segment 2 — High-Value At-Risk
2257-BOVXD,0,Segment 0 — Emerging Risk
2259-OUUSZ,0,Segment 0 — Emerging Risk
2260-USTRB,0,Segment 0 — Emerging Risk
2262-SLNVK,0,Segment 0 — Emerging Risk
2263-SFSQZ,1,Segment 1 — High-Value Stable
2265-CYWIV,0,Segment 0 — Emerging Risk
2266-FUBDZ,1,Segment 1 — High-Value Stable
2266-SJNAT,2,Segment 2 — High-Value At-Risk
2267-FPIMA,2,Segment 2 — High-Value At-Risk
2267-WTPYD,2,Segment 2 — High-Value At-Risk
2270-CHBFN,2,Segment 2 — High-Value At-Risk
2272-JKMSI,2,Segment 2 — High-Value At-Risk
2272-QAGFO,0,Segment 0 — Emerging Risk
2272-UOINI,0,Segment 0 — Emerging Risk
2272-WUSPA,2,Segment 2 — High-Value At-Risk
2273-QCKXA,0,Segment 0 — Emerging Risk
2274-XUATA,2,Segment 2 — High-Value At-Risk
2275-RBYQS,0,Segment 0 — Emerging Risk
2276-YDAVZ,0,Segment 0 — Emerging Risk
2277-AXSDC,1,Segment 1 — High-Value Stable
2277-BKJKN,2,Segment 2 — High-Value At-Risk
2277-DJJDL,2,Segment 2 — High-Value At-Risk
2277-VWCNI,0,Segment 0 — Emerging Risk
2279-AXJJK,2,Segment 2 — High-Value At-Risk
2282-YGNOR,0,Segment 0 — Emerging Risk
2284-VFLKH,2,Segment 2 — High-Value At-Risk
2292-XQWSV,2,Segment 2 — High-Value At-Risk
2293-IJWPS,2,Segment 2 — High-Value At-Risk
2294-DMMUS,2,Segment 2 — High-Value At-Risk
2294-SALNE,0,Segment 0 — Emerging Risk
2296-DKZFP,2,Segment 2 — High-Value At-Risk
2300-RQGOI,1,Segment 1 — High-Value Stable
2302-ANTDP,2,Segment 2 — High-Value At-Risk
2302-OUZXB,2,Segment 2 — High-Value At-Risk
2303-PJYHN,1,Segment 1 — High-Value Stable
2305-MRGLV,0,Segment 0 — Emerging Risk
2307-FYNNL,2,Segment 2 — High-Value At-Risk
2308-STERM,1,Segment 1 — High-Value Stable
2309-OSFEU,0,Segment 0 — Emerging Risk
2311-QYMUQ,0,Segment 0 — Emerging Risk
2314-TNDJQ,2,Segment 2 — High-Value At-Risk
2316-ESMLS,0,Segment 0 — Emerging Risk
2320-JRSDE,1,Segment 1 — High-Value Stable
2320-SLKMB,0,Segment 0 — Emerging Risk
2320-TZRRH,1,Segment 1 — High-Value Stable
2320-YKQBO,1,Segment 1 — High-Value Stable
2321-OMBXY,2,Segment 2 — High-Value At-Risk
2322-VCZHZ,0,Segment 0 — Emerging Risk
2323-ARSVR,2,Segment 2 — High-Value At-Risk
2324-AALNO,1,Segment 1 — High-Value Stable
2324-EFHVG,2,Segment 2 — High-Value At-Risk
2325-NBPZG,0,Segment 0 — Emerging Risk
2325-WINES,2,Segment 2 — High-Value At-Risk
2325-ZUSFD,2,Segment 2 — High-Value At-Risk
2330-PQGDQ,2,Segment 2 — High-Value At-Risk
2332-EFBJY,1,Segment 1 — High-Value Stable
2332-TODQS,1,Segment 1 — High-Value Stable
2333-KWEWW,1,Segment 1 — High-Value Stable
2335-GSODA,1,Segment 1 — High-Value Stable
2338-BQEZT,0,Segment 0 — Emerging Risk
2342-CKIAO,1,Segment 1 — High-Value Stable
2344-JMOGN,0,Segment 0 — Emerging Risk
2346-CZYIL,1,Segment 1 — High-Value Stable
2346-DJQTB,0,Segment 0 — Emerging Risk
2346-LOCWC,1,Segment 1 — High-Value Stable
2347-WKKAE,2,Segment 2 — High-Value At-Risk
2348-KCJLT,2,Segment 2 — High-Value At-Risk
2351-BKRZW,2,Segment 2 — High-Value At-Risk
2351-RRBUE,1,Segment 1 — High-Value Stable
2357-COQEK,0,Segment 0 — Emerging Risk
2359-KLTEK,2,Segment 2 — High-Value At-Risk
2359-KMGLI,0,Segment 0 — Emerging Risk
2359-QWQUL,2,Segment 2 — High-Value At-Risk
2360-RDGRO,2,Segment 2 — High-Value At-Risk
2361-FJWNO,0,Segment 0 — Emerging Risk
2361-UPSND,2,Segment 2 — High-Value At-Risk
2362-IBOOY,0,Segment 0 — Emerging Risk
2363-BJLSL,2,Segment 2 — High-Value At-Risk
2364-UFROM,0,Segment 0 — Emerging Risk
2368-GAKKQ,2,Segment 2 — High-Value At-Risk
2369-FEVNO,1,Segment 1 — High-Value Stable
2369-UAPKZ,0,Segment 0 — Emerging Risk
2371-JQHZZ,2,Segment 2 — High-Value At-Risk
2371-JUNGC,1,Segment 1 — High-Value Stable
2371-KFUOG,2,Segment 2 — High-Value At-Risk
2372-HWUHI,0,Segment 0 — Emerging Risk
2373-NTKOD,0,Segment 0 — Emerging Risk
2378-HTWFW,0,Segment 0 — Emerging Risk
2378-VTKDH,2,Segment 2 — High-Value At-Risk
2378-YIZKA,2,Segment 2 — High-Value At-Risk
2379-ENZGV,0,Segment 0 — Emerging Risk
2379-GYFLQ,2,Segment 2 — High-Value At-Risk
2380-DAMQP,2,Segment 2 — High-Value At-Risk
2382-BCKQJ,2,Segment 2 — High-Value At-Risk
2384-OVPSA,1,Segment 1 — High-Value Stable
2386-LAHRK,0,Segment 0 — Emerging Risk
2386-OWURY,2,Segment 2 — High-Value At-Risk
2387-KDZQY,1,Segment 1 — High-Value Stable
2388-LAESQ,2,Segment 2 — High-Value At-Risk
2391-IPLOP,2,Segment 2 — High-Value At-Risk
2391-SOORI,0,Segment 0 — Emerging Risk
2393-DIVAI,1,Segment 1 — High-Value Stable
2397-BRLOM,0,Segment 0 — Emerging Risk
2398-YPMUR,0,Segment 0 — Emerging Risk
2400-FEQME,1,Segment 1 — High-Value Stable
2400-XIWIO,2,Segment 2 — High-Value At-Risk
2402-TAIRZ,0,Segment 0 — Emerging Risk
2403-BCASL,2,Segment 2 — High-Value At-Risk
2404-JIBFC,2,Segment 2 — High-Value At-Risk
2405-LBMUW,2,Segment 2 — High-Value At-Risk
2408-PSJVE,2,Segment 2 — High-Value At-Risk
2408-TZMJL,2,Segment 2 — High-Value At-Risk
2408-WITXK,0,Segment 0 — Emerging Risk
2410-CIYFZ,1,Segment 1 — High-Value Stable
2418-TPEUN,1,Segment 1 — High-Value Stable
2419-FSORS,2,Segment 2 — High-Value At-Risk
2424-WVHPL,0,Segment 0 — Emerging Risk
2428-HYUNX,1,Segment 1 — High-Value Stable
2428-ZMCTB,1,Segment 1 — High-Value Stable
2429-AYKKO,1,Segment 1 — High-Value Stable
2430-RRYUW,2,Segment 2 — High-Value At-Risk
2430-USGXP,0,Segment 0 — Emerging Risk
2432-TFSMK,0,Segment 0 — Emerging Risk
2433-KMEAS,0,Segment 0 — Emerging Risk
2434-EEVDB,2,Segment 2 — High-Value At-Risk
2436-QBZFP,0,Segment 0 — Emerging Risk
2439-LYPMQ,2,Segment 2 — High-Value At-Risk
2439-QKJUL,1,Segment 1 — High-Value Stable
2446-BEGGB,0,Segment 0 — Emerging Risk
2446-PLQVO,0,Segment 0 — Emerging Risk
2446-ZKVAF,0,Segment 0 — Emerging Risk
2450-ZKEED,0,Segment 0 — Emerging Risk
2451-YMUXS,2,Segment 2 — High-Value At-Risk
2452-KDRRH,2,Segment 2 — High-Value At-Risk
2452-MRMZF,1,Segment 1 — High-Value Stable
2452-SNHFZ,2,Segment 2 — High-Value At-Risk
2453-SAFNS,2,Segment 2 — High-Value At-Risk
2454-RPBRZ,0,Segment 0 — Emerging Risk
2455-USLMV,0,Segment 0 — Emerging Risk
2458-EOMRE,0,Segment 0 — Emerging Risk
2460-FPSYH,0,Segment 0 — Emerging Risk
2460-NGXBJ,2,Segment 2 — High-Value At-Risk
2462-XIIJB,0,Segment 0 — Emerging Risk
2465-BLLEU,1,Segment 1 — High-Value Stable
2466-FCCPT,1,Segment 1 — High-Value Stable
2466-NEJOJ,1,Segment 1 — High-Value Stable
2468-SJFLM,0,Segment 0 — Emerging Risk
2469-DTSGX,2,Segment 2 — High-Value At-Risk
2472-OVKUP,0,Segment 0 — Emerging Risk
2474-BRUCM,0,Segment 0 — Emerging Risk
2474-LCNUE,0,Segment 0 — Emerging Risk
2475-MROZF,0,Segment 0 — Emerging Risk
2476-YGEFM,0,Segment 0 — Emerging Risk
2478-EEWWM,0,Segment 0 — Emerging Risk
2479-BRAMR,2,Segment 2 — High-Value At-Risk
2480-EJWYP,2,Segment 2 — High-Value At-Risk
2480-JZOSN,1,Segment 1 — High-Value Stable
2480-SQIOB,0,Segment 0 — Emerging Risk
2481-SBOYW,1,Segment 1 — High-Value Stable
2482-CZGBB,0,Segment 0 — Emerging Risk
2483-XSSMZ,0,Segment 0 — Emerging Risk
2484-DGXPZ,1,Segment 1 — High-Value Stable
2485-ITVKB,0,Segment 0 — Emerging Risk
2486-WYVVE,2,Segment 2 — High-Value At-Risk
2495-INZWQ,0,Segment 0 — Emerging Risk
2495-KZNFB,0,Segment 0 — Emerging Risk
2495-TTHBQ,1,Segment 1 — High-Value Stable
2498-XLDZR,2,Segment 2 — High-Value At-Risk
2499-AJYUA,2,Segment 2 — High-Value At-Risk
2501-XWWTZ,0,Segment 0 — Emerging Risk
2504-DSHIH,2,Segment 2 — High-Value At-Risk
2506-CLAKW,0,Segment 0 — Emerging Risk
2506-TNFCO,0,Segment 0 — Emerging Risk
2507-QZPQS,0,Segment 0 — Emerging Risk
2509-TFPJU,1,Segment 1 — High-Value Stable
2511-ALLCS,1,Segment 1 — High-Value Stable
2511-MORQY,2,Segment 2 — High-Value At-Risk
2514-GINMM,0,Segment 0 — Emerging Risk
2516-VQRRV,0,Segment 0 — Emerging Risk
2516-XSJKX,2,Segment 2 — High-Value At-Risk
2519-ERQOJ,0,Segment 0 — Emerging Risk
2519-FAKOD,0,Segment 0 — Emerging Risk
2519-LBNQL,2,Segment 2 — High-Value At-Risk
2519-TWKFS,2,Segment 2 — High-Value At-Risk
2520-SGTTA,1,Segment 1 — High-Value Stable
2521-NPUZR,2,Segment 2 — High-Value At-Risk
2522-AHJXR,2,Segment 2 — High-Value At-Risk
2522-WLNSF,0,Segment 0 — Emerging Risk
2523-EWWZL,0,Segment 0 — Emerging Risk
2525-GVKQU,1,Segment 1 — High-Value Stable
2528-HFYZX,0,Segment 0 — Emerging Risk
2530-ENDWQ,2,Segment 2 — High-Value At-Risk
2530-FMFXO,2,Segment 2 — High-Value At-Risk
2533-QVMSK,2,Segment 2 — High-Value At-Risk
2533-TIBIX,0,Segment 0 — Emerging Risk
2535-PBCGC,2,Segment 2 — High-Value At-Risk
2538-OIMXF,0,Segment 0 — Emerging Risk
2541-YGPKE,2,Segment 2 — High-Value At-Risk
2542-HYGIQ,1,Segment 1 — High-Value Stable
2545-EBUPK,0,Segment 0 — Emerging Risk
2545-LXYVJ,1,Segment 1 — High-Value Stable
2546-KZAAT,2,Segment 2 — High-Value At-Risk
2550-AEVRU,2,Segment 2 — High-Value At-Risk
2550-QHZGP,1,Segment 1 — High-Value Stable
2558-BUOZZ,2,Segment 2 — High-Value At-Risk
2560-PPCHE,2,Segment 2 — High-Value At-Risk
2560-QTSBS,1,Segment 1 — High-Value Stable
2560-WBWXF,1,Segment 1 — High-Value Stable
2565-JSLRY,1,Segment 1 — High-Value Stable
2568-BRGYX,0,Segment 0 — Emerging Risk
2568-OIADY,0,Segment 0 — Emerging Risk
2569-WGERO,1,Segment 1 — High-Value Stable
2573-GYRUU,2,Segment 2 — High-Value At-Risk
2575-GFSOE,0,Segment 0 — Emerging Risk
2576-HXMPA,1,Segment 1 — High-Value Stable
2577-GVSIL,2,Segment 2 — High-Value At-Risk
2578-JQPHZ,2,Segment 2 — High-Value At-Risk
2580-ASVVY,0,Segment 0 — Emerging Risk
2580-ATZSQ,2,Segment 2 — High-Value At-Risk
2581-VKIRT,2,Segment 2 — High-Value At-Risk
2582-FFFZR,0,Segment 0 — Emerging Risk
2585-KTFRE,0,Segment 0 — Emerging Risk
2586-CWXVV,0,Segment 0 — Emerging Risk
2587-EKXTS,2,Segment 2 — High-Value At-Risk
2587-YNLES,1,Segment 1 — High-Value Stable
2589-AYCRP,1,Segment 1 — High-Value Stable
2592-HODOV,1,Segment 1 — High-Value Stable
2592-SEIFQ,0,Segment 0 — Emerging Risk
2592-YKDIF,1,Segment 1 — High-Value Stable
2595-KIWPV,1,Segment 1 — High-Value Stable
2599-CIPQE,2,Segment 2 — High-Value At-Risk
2599-CZABP,0,Segment 0 — Emerging Risk
2603-HVKCG,0,Segment 0 — Emerging Risk
2604-IJPDU,0,Segment 0 — Emerging Risk
2604-XVDAM,0,Segment 0 — Emerging Risk
2606-PKWJB,0,Segment 0 — Emerging Risk
2606-RMDHZ,0,Segment 0 — Emerging Risk
2607-DHDAK,1,Segment 1 — High-Value Stable
2607-FBDFF,0,Segment 0 — Emerging Risk
2608-BHKFN,0,Segment 0 — Emerging Risk
2609-IAICY,0,Segment 0 — Emerging Risk
2612-PHGOX,2,Segment 2 — High-Value At-Risk
2612-RANWT,0,Segment 0 — Emerging Risk
2612-RRIDN,0,Segment 0 — Emerging Risk
2615-YVMYX,2,Segment 2 — High-Value At-Risk
2616-FLVQC,1,Segment 1 — High-Value Stable
2616-UUTFK,0,Segment 0 — Emerging Risk
2619-WFQWU,0,Segment 0 — Emerging Risk
2621-UDNLU,1,Segment 1 — High-Value Stable
2623-DRYAM,2,Segment 2 — High-Value At-Risk
2625-TRCZQ,0,Segment 0 — Emerging Risk
2626-URJFX,0,Segment 0 — Emerging Risk
2626-VEEWG,1,Segment 1 — High-Value Stable
2632-IVXVF,2,Segment 2 — High-Value At-Risk
2632-TACXW,1,Segment 1 — High-Value Stable
2632-UCGVD,2,Segment 2 — High-Value At-Risk
2634-HCZGT,2,Segment 2 — High-Value At-Risk
2636-ALXXZ,0,Segment 0 — Emerging Risk
2636-OHFMN,0,Segment 0 — Emerging Risk
2636-SJDOU,2,Segment 2 — High-Value At-Risk
2637-FKFSY,0,Segment 0 — Emerging Risk
2639-UGMAZ,2,Segment 2 — High-Value At-Risk
2640-LYMOV,1,Segment 1 — High-Value Stable
2640-PMGFL,0,Segment 0 — Emerging Risk
2642-DTVCO,0,Segment 0 — Emerging Risk
2642-MAWLJ,1,Segment 1 — High-Value Stable
2645-QTLMB,0,Segment 0 — Emerging Risk
2649-HWLYB,2,Segment 2 — High-Value At-Risk
2650-GYRYL,1,Segment 1 — High-Value Stable
2651-ZCBXV,2,Segment 2 — High-Value At-Risk
2654-VBVPB,1,Segment 1 — High-Value Stable
2656-FMOKZ,0,Segment 0 — Emerging Risk
2656-TABEH,0,Segment 0 — Emerging Risk
2657-ALMWY,0,Segment 0 — Emerging Risk
2657-VPXTA,0,Segment 0 — Emerging Risk
2659-VXMWZ,2,Segment 2 — High-Value At-Risk
2660-EMUBI,0,Segment 0 — Emerging Risk
2661-GKBTK,2,Segment 2 — High-Value At-Risk
2662-NNTDK,1,Segment 1 — High-Value Stable
2664-XJZNO,2,Segment 2 — High-Value At-Risk
2665-NPTGL,2,Segment 2 — High-Value At-Risk
2667-WYLWJ,1,Segment 1 — High-Value Stable
2668-TZSPS,1,Segment 1 — High-Value Stable
2669-OIDSD,2,Segment 2 — High-Value At-Risk
2669-QVCRG,0,Segment 0 — Emerging Risk
2672-DZUOY,0,Segment 0 — Emerging Risk
2672-HUYVI,0,Segment 0 — Emerging Risk
2672-OJQZP,0,Segment 0 — Emerging Risk
2672-TGEFF,0,Segment 0 — Emerging Risk
2673-CXQEU,2,Segment 2 — High-Value At-Risk
2673-ZALNP,1,Segment 1 — High-Value Stable
2674-MIAHT,0,Segment 0 — Emerging Risk
2674-MLXMN,2,Segment 2 — High-Value At-Risk
2675-DHUTR,2,Segment 2 — High-Value At-Risk
2675-IJRGJ,1,Segment 1 — High-Value Stable
2675-OTVVJ,2,Segment 2 — High-Value At-Risk
2676-ISHSF,1,Segment 1 — High-Value Stable
2676-OXPPQ,0,Segment 0 — Emerging Risk
2676-SSLTO,2,Segment 2 — High-Value At-Risk
2680-XKKNJ,0,Segment 0 — Emerging Risk
2682-KEVRP,1,Segment 1 — High-Value Stable
2683-BPJSO,0,Segment 0 — Emerging Risk
2683-JXWQQ,0,Segment 0 — Emerging Risk
2684-EIWEO,0,Segment 0 — Emerging Risk
2685-SREOM,0,Segment 0 — Emerging Risk
2688-BHGOG,0,Segment 0 — Emerging Risk
2690-DVRVK,1,Segment 1 — High-Value Stable
2691-NZETQ,0,Segment 0 — Emerging Risk
2692-AQCPF,2,Segment 2 — High-Value At-Risk
2692-BUCFV,0,Segment 0 — Emerging Risk
2692-PFYTJ,1,Segment 1 — High-Value Stable
2694-CIUMO,0,Segment 0 — Emerging Risk
2696-ECXKC,2,Segment 2 — High-Value At-Risk
2696-NARTR,0,Segment 0 — Emerging Risk
2696-RZVZW,1,Segment 1 — High-Value Stable
2697-NQBPF,0,Segment 0 — Emerging Risk
2700-LUEVA,1,Segment 1 — High-Value Stable
2703-AMTUL,1,Segment 1 — High-Value Stable
2706-QZIHY,1,Segment 1 — High-Value Stable
2709-UQGNP,0,Segment 0 — Emerging Risk
2710-WYVXG,0,Segment 0 — Emerging Risk
2712-SYWAY,1,Segment 1 — High-Value Stable
2716-GFZOR,2,Segment 2 — High-Value At-Risk
2717-HVIZY,1,Segment 1 — High-Value Stable
2718-GAXQD,0,Segment 0 — Emerging Risk
2718-YSKCS,1,Segment 1 — High-Value Stable
2719-BDAQO,0,Segment 0 — Emerging Risk
2720-FVBQP,0,Segment 0 — Emerging Risk
2720-WGKHP,0,Segment 0 — Emerging Risk
2722-JMONI,0,Segment 0 — Emerging Risk
2722-VOJQL,2,Segment 2 — High-Value At-Risk
2724-FJDYW,0,Segment 0 — Emerging Risk
2725-IWWBA,2,Segment 2 — High-Value At-Risk
2725-KXXWT,0,Segment 0 — Emerging Risk
2725-TTRIQ,2,Segment 2 — High-Value At-Risk
2729-VNVAP,1,Segment 1 — High-Value Stable
2731-GJRDG,2,Segment 2 — High-Value At-Risk
2732-ISEZX,1,Segment 1 — High-Value Stable
2737-WFVYW,0,Segment 0 — Emerging Risk
2737-YNGYW,0,Segment 0 — Emerging Risk
2739-CACDQ,0,Segment 0 — Emerging Risk
2739-CCZMB,1,Segment 1 — High-Value Stable
2740-JFBOK,1,Segment 1 — High-Value Stable
2740-TVLFN,0,Segment 0 — Emerging Risk
2746-DIJLO,2,Segment 2 — High-Value At-Risk
2748-MYRVK,2,Segment 2 — High-Value At-Risk
2749-CTKAJ,1,Segment 1 — High-Value Stable
2750-BJLSB,2,Segment 2 — High-Value At-Risk
2753-JMMCV,2,Segment 2 — High-Value At-Risk
2754-SDJRD,0,Segment 0 — Emerging Risk
2754-VDLTR,0,Segment 0 — Emerging Risk
2754-XBHTB,0,Segment 0 — Emerging Risk
2758-RNWXS,2,Segment 2 — High-Value At-Risk
2761-OCIAX,0,Segment 0 — Emerging Risk
2761-XECQW,0,Segment 0 — Emerging Risk
2770-NSVDG,0,Segment 0 — Emerging Risk
2773-MADBQ,0,Segment 0 — Emerging Risk
2773-OVBPK,2,Segment 2 — High-Value At-Risk
2774-LVQUS,0,Segment 0 — Emerging Risk
2775-SEFEE,0,Segment 0 — Emerging Risk
2777-PHDEI,0,Segment 0 — Emerging Risk
2778-OCLGR,0,Segment 0 — Emerging Risk
2782-JEEBU,0,Segment 0 — Emerging Risk
2782-LFZVW,0,Segment 0 — Emerging Risk
2786-GCDPI,2,Segment 2 — High-Value At-Risk
2788-CJQAQ,1,Segment 1 — High-Value Stable
2789-CZANW,2,Segment 2 — High-Value At-Risk
2789-HQBOU,0,Segment 0 — Emerging Risk
2790-XUYMV,2,Segment 2 — High-Value At-Risk
2791-SFVEW,1,Segment 1 — High-Value Stable
2792-LSHWX,0,Segment 0 — Emerging Risk
2792-VPPET,1,Segment 1 — High-Value Stable
2794-XIMMO,2,Segment 2 — High-Value At-Risk
2796-NNUFI,1,Segment 1 — High-Value Stable
2796-UUZZO,2,Segment 2 — High-Value At-Risk
2798-NYLMZ,2,Segment 2 — High-Value At-Risk
2799-ARNLO,0,Segment 0 — Emerging Risk
2799-TSLAG,1,Segment 1 — High-Value Stable
2800-QQUSO,0,Segment 0 — Emerging Risk
2800-VEQXM,0,Segment 0 — Emerging Risk
2801-NISEI,0,Segment 0 — Emerging Risk
2804-ETQDK,1,Segment 1 — High-Value Stable
2805-AUFQN,1,Segment 1 — High-Value Stable
2805-EDJPQ,2,Segment 2 — High-Value At-Risk
2806-MLNTI,2,Segment 2 — High-Value At-Risk
2808-CHTDM,1,Segment 1 — High-Value Stable
2809-ILCYT,1,Segment 1 — High-Value Stable
2809-ZMYOQ,0,Segment 0 — Emerging Risk
2810-FTLEM,0,Segment 0 — Emerging Risk
2811-POVEX,2,Segment 2 — High-Value At-Risk
2812-ENYMO,0,Segment 0 — Emerging Risk
2812-REYAT,1,Segment 1 — High-Value Stable
2812-SFXMJ,1,Segment 1 — High-Value Stable
2815-CPTUL,0,Segment 0 — Emerging Risk
2817-LVCPP,1,Segment 1 — High-Value Stable
2817-NTQDO,0,Segment 0 — Emerging Risk
2819-GWENI,1,Segment 1 — High-Value Stable
2821-WARNZ,1,Segment 1 — High-Value Stable
2823-LKABH,0,Segment 0 — Emerging Risk
2824-DXNKN,2,Segment 2 — High-Value At-Risk
2824-MYYBN,0,Segment 0 — Emerging Risk
2826-DXLQO,0,Segment 0 — Emerging Risk
2826-UWHIS,2,Segment 2 — High-Value At-Risk
2828-SLQPF,0,Segment 0 — Emerging Risk
2829-HYVZP,1,Segment 1 — High-Value Stable
2830-LEWOA,2,Segment 2 — High-Value At-Risk
2831-EBWRN,0,Segment 0 — Emerging Risk
2832-KJCRD,0,Segment 0 — Emerging Risk
2832-SCUCO,1,Segment 1 — High-Value Stable
2833-SLKDQ,0,Segment 0 — Emerging Risk
2834-JKOOW,0,Segment 0 — Emerging Risk
2834-JRTUA,2,Segment 2 — High-Value At-Risk
2834-SPCJV,2,Segment 2 — High-Value At-Risk
2839-RFSQE,1,Segment 1 — High-Value Stable
2840-XANRC,0,Segment 0 — Emerging Risk
2842-BCQGE,0,Segment 0 — Emerging Risk
2842-JTCCU,0,Segment 0 — Emerging Risk
2843-CQMEG,0,Segment 0 — Emerging Risk
2845-AFFTX,0,Segment 0 — Emerging Risk
2845-HSJCY,0,Segment 0 — Emerging Risk
2845-KDHVX,2,Segment 2 — High-Value At-Risk
2848-YXSMW,1,Segment 1 — High-Value Stable
2851-MMUTZ,0,Segment 0 — Emerging Risk
2851-STERV,0,Segment 0 — Emerging Risk
2853-CWQFQ,0,Segment 0 — Emerging Risk
2856-HYAPG,0,Segment 0 — Emerging Risk
2856-NNASM,0,Segment 0 — Emerging Risk
2858-EIMXH,2,Segment 2 — High-Value At-Risk
2858-MOFSQ,0,Segment 0 — Emerging Risk
2860-RANUS,0,Segment 0 — Emerging Risk
2862-JVEOY,1,Segment 1 — High-Value Stable
2862-PFNIK,0,Segment 0 — Emerging Risk
2863-IMQDR,2,Segment 2 — High-Value At-Risk
2865-TCHJW,0,Segment 0 — Emerging Risk
2866-IKBTM,1,Segment 1 — High-Value Stable
2867-UIMSS,0,Segment 0 — Emerging Risk
2868-LLSKM,2,Segment 2 — High-Value At-Risk
2868-MZAGQ,0,Segment 0 — Emerging Risk
2868-SNELZ,0,Segment 0 — Emerging Risk
2869-ADAWR,0,Segment 0 — Emerging Risk
2873-ZLIWT,0,Segment 0 — Emerging Risk
2874-YXVVA,0,Segment 0 — Emerging Risk
2876-GZYZC,0,Segment 0 — Emerging Risk
2876-VBBBL,1,Segment 1 — High-Value Stable
2877-VDUER,1,Segment 1 — High-Value Stable
2878-DHMIN,1,Segment 1 — High-Value Stable
2878-RMWXY,2,Segment 2 — High-Value At-Risk
2880-FPNAE,0,Segment 0 — Emerging Risk
2882-DDZPG,1,Segment 1 — High-Value Stable
2882-WDTBA,2,Segment 2 — High-Value At-Risk
2883-ILGWO,2,Segment 2 — High-Value At-Risk
2884-GBPFB,0,Segment 0 — Emerging Risk
2885-HIJDH,2,Segment 2 — High-Value At-Risk
2886-KEFUM,2,Segment 2 — High-Value At-Risk
2887-JPYLU,0,Segment 0 — Emerging Risk
2888-ADFAO,1,Segment 1 — High-Value Stable
2889-FPWRM,2,Segment 2 — High-Value At-Risk
2890-WFBHU,2,Segment 2 — High-Value At-Risk
2892-GESUL,1,Segment 1 — High-Value Stable
2894-QOJRX,0,Segment 0 — Emerging Risk
2896-TBNBE,2,Segment 2 — High-Value At-Risk
2897-DOVND,0,Segment 0 — Emerging Risk
2898-LSJGD,0,Segment 0 — Emerging Risk
2898-MRKPI,2,Segment 2 — High-Value At-Risk
2900-PHPLN,1,Segment 1 — High-Value Stable
2903-YYTBW,0,Segment 0 — Emerging Risk
2904-GGUAZ,2,Segment 2 — High-Value At-Risk
2905-KFQUV,0,Segment 0 — Emerging Risk
2907-ILJBN,1,Segment 1 — High-Value Stable
2908-WGAXL,1,Segment 1 — High-Value Stable
2908-ZTPNF,0,Segment 0 — Emerging Risk
2911-IJORQ,2,Segment 2 — High-Value At-Risk
2911-UREFD,0,Segment 0 — Emerging Risk
2911-WDXMV,0,Segment 0 — Emerging Risk
2916-BQZLN,0,Segment 0 — Emerging Risk
2919-HBCJO,0,Segment 0 — Emerging Risk
2920-RNCEZ,0,Segment 0 — Emerging Risk
2921-XWDJH,0,Segment 0 — Emerging Risk
2923-ARZLG,1,Segment 1 — High-Value Stable
2924-KHUVI,2,Segment 2 — High-Value At-Risk
2925-MXLSX,0,Segment 0 — Emerging Risk
2925-VDZHY,2,Segment 2 — High-Value At-Risk
2926-JEJJC,1,Segment 1 — High-Value Stable
2927-CVULT,2,Segment 2 — High-Value At-Risk
2927-QRRQV,2,Segment 2 — High-Value At-Risk
2928-HLDBA,1,Segment 1 — High-Value Stable
2929-ERCFZ,0,Segment 0 — Emerging Risk
2929-QNSRW,2,Segment 2 — High-Value At-Risk
2930-UOTMB,0,Segment 0 — Emerging Risk
2931-FSOHN,0,Segment 0 — Emerging Risk
2931-SVLTV,2,Segment 2 — High-Value At-Risk
2931-VUVJN,2,Segment 2 — High-Value At-Risk
2931-XIQBR,2,Segment 2 — High-Value At-Risk
2933-FILNV,0,Segment 0 — Emerging Risk
2933-XEUJM,2,Segment 2 — High-Value At-Risk
2937-FTHUR,0,Segment 0 — Emerging Risk
2946-KIQSP,0,Segment 0 — Emerging Risk
2947-DOMLJ,0,Segment 0 — Emerging Risk
2951-QOQTK,0,Segment 0 — Emerging Risk
2952-QAYZF,0,Segment 0 — Emerging Risk
2954-PIBKO,2,Segment 2 — High-Value At-Risk
2955-BJZHG,0,Segment 0 — Emerging Risk
2955-PSXOE,1,Segment 1 — High-Value Stable
2956-GGUCQ,0,Segment 0 — Emerging Risk
2957-JIRMN,2,Segment 2 — High-Value At-Risk
2957-LOLHO,0,Segment 0 — Emerging Risk
2958-NHPPS,1,Segment 1 — High-Value Stable
2959-EEXWB,0,Segment 0 — Emerging Risk
2959-FENLU,0,Segment 0 — Emerging Risk
2959-MJHIC,0,Segment 0 — Emerging Risk
2960-NKRSO,0,Segment 0 — Emerging Risk
2961-VNFKL,1,Segment 1 — High-Value Stable
2962-XPMCQ,0,Segment 0 — Emerging Risk
2967-MXRAV,1,Segment 1 — High-Value Stable
2968-SSGAA,0,Segment 0 — Emerging Risk
2969-QWUBZ,0,Segment 0 — Emerging Risk
2969-VAPYH,2,Segment 2 — High-Value At-Risk
2969-WGHQO,0,Segment 0 — Emerging Risk
2971-SGAFL,0,Segment 0 — Emerging Risk
2972-YDYUW,2,Segment 2 — High-Value At-Risk
2974-GGUXS,0,Segment 0 — Emerging Risk
2977-CEBSX,2,Segment 2 — High-Value At-Risk
2978-XXSOG,0,Segment 0 — Emerging Risk
2979-SXESE,0,Segment 0 — Emerging Risk
2982-IHMFT,0,Segment 0 — Emerging Risk
2982-VPSGI,0,Segment 0 — Emerging Risk
2983-ZANRP,0,Segment 0 — Emerging Risk
2984-AFWNC,0,Segment 0 — Emerging Risk
2984-MIIZL,0,Segment 0 — Emerging Risk
2984-RGEYA,1,Segment 1 — High-Value Stable
2984-TBYKU,2,Segment 2 — High-Value At-Risk
2985-FMWYF,0,Segment 0 — Emerging Risk
2985-JUUBZ,2,Segment 2 — High-Value At-Risk
2987-BJXIK,2,Segment 2 — High-Value At-Risk
2988-GBIVW,2,Segment 2 — High-Value At-Risk
2988-PLAHS,0,Segment 0 — Emerging Risk
2988-QRAJY,2,Segment 2 — High-Value At-Risk
2990-HWIML,0,Segment 0 — Emerging Risk
2990-IAJSV,2,Segment 2 — High-Value At-Risk
2990-OGYTD,2,Segment 2 — High-Value At-Risk
2995-UPRYS,2,Segment 2 — High-Value At-Risk
2995-YWTCD,1,Segment 1 — High-Value Stable
2996-XAUVF,2,Segment 2 — High-Value At-Risk
2999-AANRQ,0,Segment 0 — Emerging Risk
3001-CBHLQ,0,Segment 0 — Emerging Risk
3001-UNBTL,0,Segment 0 — Emerging Risk
3002-WQZWT,0,Segment 0 — Emerging Risk
3003-CMDUU,0,Segment 0 — Emerging Risk
3005-NFMTA,2,Segment 2 — High-Value At-Risk
3005-TYFRD,2,Segment 2 — High-Value At-Risk
3006-XIMLN,0,Segment 0 — Emerging Risk
3007-FDPEA,1,Segment 1 — High-Value Stable
3009-JWMPU,2,Segment 2 — High-Value At-Risk
3011-WQKSZ,1,Segment 1 — High-Value Stable
3012-VFFMN,1,Segment 1 — High-Value Stable
3014-WJKSM,0,Segment 0 — Emerging Risk
3016-KSVCP,0,Segment 0 — Emerging Risk
3018-TFTSU,0,Segment 0 — Emerging Risk
3021-VLNRJ,2,Segment 2 — High-Value At-Risk
3022-BEXHZ,2,Segment 2 — High-Value At-Risk
3023-GFLBR,0,Segment 0 — Emerging Risk
3026-ATZYV,2,Segment 2 — High-Value At-Risk
3027-YNWZU,1,Segment 1 — High-Value Stable
3027-ZTDHO,0,Segment 0 — Emerging Risk
3030-YDNRM,0,Segment 0 — Emerging Risk
3030-YZADT,0,Segment 0 — Emerging Risk
3030-ZKIWL,1,Segment 1 — High-Value Stable
3034-ZBEQN,0,Segment 0 — Emerging Risk
3038-PQIUY,0,Segment 0 — Emerging Risk
3039-MJSLN,1,Segment 1 — High-Value Stable
3043-SUDUA,1,Segment 1 — High-Value Stable
3043-TYBNO,0,Segment 0 — Emerging Risk
3045-XETSH,0,Segment 0 — Emerging Risk
3049-NDXFL,0,Segment 0 — Emerging Risk
3049-SOLAY,0,Segment 0 — Emerging Risk
3050-GBUSH,0,Segment 0 — Emerging Risk
3050-RLLXC,2,Segment 2 — High-Value At-Risk
3055-MJDSB,0,Segment 0 — Emerging Risk
3055-OYMSE,0,Segment 0 — Emerging Risk
3055-VTCGS,2,Segment 2 — High-Value At-Risk
3057-VJJQE,0,Segment 0 — Emerging Risk
3058-HJCUY,2,Segment 2 — High-Value At-Risk
3058-WQDRE,0,Segment 0 — Emerging Risk
3059-NGMXB,0,Segment 0 — Emerging Risk
3061-BCKYI,1,Segment 1 — High-Value Stable
3062-ICYZQ,2,Segment 2 — High-Value At-Risk
3063-QFSZL,0,Segment 0 — Emerging Risk
3066-RRJIO,0,Segment 0 — Emerging Risk
3067-SVMTC,2,Segment 2 — High-Value At-Risk
3068-OMWZA,0,Segment 0 — Emerging Risk
3069-SSVSN,0,Segment 0 — Emerging Risk
3070-BDOQC,2,Segment 2 — High-Value At-Risk
3070-DVEYC,0,Segment 0 — Emerging Risk
3070-FNFZQ,1,Segment 1 — High-Value Stable
3071-MVJCD,2,Segment 2 — High-Value At-Risk
3071-VBYPO,0,Segment 0 — Emerging Risk
3074-GQWYX,0,Segment 0 — Emerging Risk
3077-RSNTJ,1,Segment 1 — High-Value Stable
3078-ZKNTS,1,Segment 1 — High-Value Stable
3079-BCHLN,1,Segment 1 — High-Value Stable
3082-VQXNH,0,Segment 0 — Emerging Risk
3082-WQRVY,1,Segment 1 — High-Value Stable
3082-YVEKW,2,Segment 2 — High-Value At-Risk
3084-DOWLE,2,Segment 2 — High-Value At-Risk
3085-QUOZK,0,Segment 0 — Emerging Risk
3086-RUCRN,2,Segment 2 — High-Value At-Risk
3088-FVYWK,1,Segment 1 — High-Value Stable
3088-LHEFH,0,Segment 0 — Emerging Risk
3090-HAWSU,2,Segment 2 — High-Value At-Risk
3090-LETTY,0,Segment 0 — Emerging Risk
3090-QFUVD,1,Segment 1 — High-Value Stable
3091-FYHKI,0,Segment 0 — Emerging Risk
3092-IGHWF,2,Segment 2 — High-Value At-Risk
3094-JOJAI,0,Segment 0 — Emerging Risk
3096-GKWEB,0,Segment 0 — Emerging Risk
3096-IZETN,0,Segment 0 — Emerging Risk
3096-JRDSO,0,Segment 0 — Emerging Risk
3096-WPXBT,2,Segment 2 — High-Value At-Risk
3096-YXENJ,2,Segment 2 — High-Value At-Risk
3097-FQTVJ,1,Segment 1 — High-Value Stable
3097-IDVPU,0,Segment 0 — Emerging Risk
3097-NNSPB,0,Segment 0 — Emerging Risk
3097-NQYSN,0,Segment 0 — Emerging Risk
3097-PYWXL,1,Segment 1 — High-Value Stable
3099-OONVS,0,Segment 0 — Emerging Risk
3104-OWCGK,2,Segment 2 — High-Value At-Risk
3106-ULWFW,0,Segment 0 — Emerging Risk
3108-PCCGG,2,Segment 2 — High-Value At-Risk
3113-IWHLC,0,Segment 0 — Emerging Risk
3115-CZMZD,1,Segment 1 — High-Value Stable
3115-JPJDD,2,Segment 2 — High-Value At-Risk
3118-UHVVQ,1,Segment 1 — High-Value Stable
3120-FAZKD,1,Segment 1 — High-Value Stable
3125-RAHBV,1,Segment 1 — High-Value Stable
3126-WQMGH,2,Segment 2 — High-Value At-Risk
3128-YOVTD,2,Segment 2 — High-Value At-Risk
3129-AAQOU,1,Segment 1 — High-Value Stable
3130-ICDUP,0,Segment 0 — Emerging Risk
3131-NWVFJ,1,Segment 1 — High-Value Stable
3132-TVFDZ,0,Segment 0 — Emerging Risk
3133-PZNSR,2,Segment 2 — High-Value At-Risk
3134-DSHVC,2,Segment 2 — High-Value At-Risk
3137-LUPIX,0,Segment 0 — Emerging Risk
3137-NYQQI,0,Segment 0 — Emerging Risk
3138-BKYAV,0,Segment 0 — Emerging Risk
3143-ILDAL,2,Segment 2 — High-Value At-Risk
3143-JQEGI,0,Segment 0 — Emerging Risk
3144-AUDBS,0,Segment 0 — Emerging Risk
3144-KMTWZ,2,Segment 2 — High-Value At-Risk
3146-JTQHR,1,Segment 1 — High-Value Stable
3146-MSEGF,2,Segment 2 — High-Value At-Risk
3148-AOIQT,1,Segment 1 — High-Value Stable
3148-BLQJT,1,Segment 1 — High-Value Stable
3154-CFSZG,2,Segment 2 — High-Value At-Risk
3154-HMWUU,1,Segment 1 — High-Value Stable
3156-QLHBO,1,Segment 1 — High-Value Stable
3158-MOERK,0,Segment 0 — Emerging Risk
3160-TYXLT,0,Segment 0 — Emerging Risk
3161-GETRM,2,Segment 2 — High-Value At-Risk
3161-ONRWK,2,Segment 2 — High-Value At-Risk
3162-KKZXO,2,Segment 2 — High-Value At-Risk
3162-ZJZFU,2,Segment 2 — High-Value At-Risk
3164-AALRN,0,Segment 0 — Emerging Risk
3164-YAXFY,0,Segment 0 — Emerging Risk
3165-HDOEW,0,Segment 0 — Emerging Risk
3166-PNEOF,2,Segment 2 — High-Value At-Risk
3167-SNQPL,2,Segment 2 — High-Value At-Risk
3170-GWYKC,2,Segment 2 — High-Value At-Risk
3170-NMYVV,1,Segment 1 — High-Value Stable
3173-NVMPX,0,Segment 0 — Emerging Risk
3173-WSSUE,1,Segment 1 — High-Value Stable
3174-AKMAS,2,Segment 2 — High-Value At-Risk
3174-RKMOW,2,Segment 2 — High-Value At-Risk
3177-LASXD,0,Segment 0 — Emerging Risk
3178-CIFOT,1,Segment 1 — High-Value Stable
3178-FESZO,0,Segment 0 — Emerging Risk
3179-GBRWV,2,Segment 2 — High-Value At-Risk
3181-MIZBN,1,Segment 1 — High-Value Stable
3181-VTHOE,2,Segment 2 — High-Value At-Risk
3186-AJIEK,2,Segment 2 — High-Value At-Risk
3186-BAXNB,0,Segment 0 — Emerging Risk
3190-FZATL,1,Segment 1 — High-Value Stable
3190-ITQXP,1,Segment 1 — High-Value Stable
3190-XFANI,2,Segment 2 — High-Value At-Risk
3191-CSNMG,0,Segment 0 — Emerging Risk
3192-LNKRK,0,Segment 0 — Emerging Risk
3192-NQECA,2,Segment 2 — High-Value At-Risk
3194-ORPIK,0,Segment 0 — Emerging Risk
3195-TQDZX,1,Segment 1 — High-Value Stable
3196-NVXLZ,0,Segment 0 — Emerging Risk
3197-ARFOY,0,Segment 0 — Emerging Risk
3197-NNYNB,2,Segment 2 — High-Value At-Risk
3198-VELRD,0,Segment 0 — Emerging Risk
3199-NPKCN,2,Segment 2 — High-Value At-Risk
3199-XGZCY,0,Segment 0 — Emerging Risk
3200-MNQTF,2,Segment 2 — High-Value At-Risk
3205-MXZRA,0,Segment 0 — Emerging Risk
3207-OYBWH,2,Segment 2 — High-Value At-Risk
3208-YPIOE,0,Segment 0 — Emerging Risk
3209-ZPKFI,2,Segment 2 — High-Value At-Risk
3211-AAPKX,0,Segment 0 — Emerging Risk
3211-ILJTT,0,Segment 0 — Emerging Risk
3212-KXOCR,1,Segment 1 — High-Value Stable
3213-VVOLG,1,Segment 1 — High-Value Stable
3214-IYUUQ,2,Segment 2 — High-Value At-Risk
3217-FZDMN,0,Segment 0 — Emerging Risk
3219-JQRSL,2,Segment 2 — High-Value At-Risk
3221-CJMSG,0,Segment 0 — Emerging Risk
3223-DWFIO,0,Segment 0 — Emerging Risk
3223-WZWJM,0,Segment 0 — Emerging Risk
3224-DFQNQ,2,Segment 2 — High-Value At-Risk
3227-WLKLI,2,Segment 2 — High-Value At-Risk
3229-USWAR,0,Segment 0 — Emerging Risk
3230-IUALN,2,Segment 2 — High-Value At-Risk
3230-JCNZS,2,Segment 2 — High-Value At-Risk
3230-WYKIR,0,Segment 0 — Emerging Risk
3234-VKACU,0,Segment 0 — Emerging Risk
3235-ETOOB,0,Segment 0 — Emerging Risk
3237-AJGEH,0,Segment 0 — Emerging Risk
3239-TPHPZ,1,Segment 1 — High-Value Stable
3243-ZHOHY,1,Segment 1 — High-Value Stable
3244-CQPHU,2,Segment 2 — High-Value At-Risk
3244-DCJWY,0,Segment 0 — Emerging Risk
3247-MHJKM,1,Segment 1 — High-Value Stable
3247-ZVOUO,0,Segment 0 — Emerging Risk
3249-VHRIP,2,Segment 2 — High-Value At-Risk
3249-ZPQRG,0,Segment 0 — Emerging Risk
3251-YMVWZ,1,Segment 1 — High-Value Stable
3253-HKOKL,2,Segment 2 — High-Value At-Risk
3254-YRILK,0,Segment 0 — Emerging Risk
3255-GRXMG,0,Segment 0 — Emerging Risk
3256-EZDBI,0,Segment 0 — Emerging Risk
3258-SANFR,0,Segment 0 — Emerging Risk
3258-SYSWS,2,Segment 2 — High-Value At-Risk
3258-ZKPAI,2,Segment 2 — High-Value At-Risk
3259-FDWOY,2,Segment 2 — High-Value At-Risk
3259-KNMRR,2,Segment 2 — High-Value At-Risk
3259-QMXUN,2,Segment 2 — High-Value At-Risk
3261-CQXOL,1,Segment 1 — High-Value Stable
3262-EIDHV,2,Segment 2 — High-Value At-Risk
3266-FTKHB,1,Segment 1 — High-Value Stable
3269-ATYWD,0,Segment 0 — Emerging Risk
3272-VUHPV,0,Segment 0 — Emerging Risk
3274-NSDWE,1,Segment 1 — High-Value Stable
3275-RHRNE,2,Segment 2 — High-Value At-Risk
3276-HDUEG,0,Segment 0 — Emerging Risk
3278-FSIXX,0,Segment 0 — Emerging Risk
3279-DYZQM,1,Segment 1 — High-Value Stable
3280-MRDOF,0,Segment 0 — Emerging Risk
3280-NMUVX,1,Segment 1 — High-Value Stable
3282-ZISZV,2,Segment 2 — High-Value At-Risk
3283-WCWXT,1,Segment 1 — High-Value Stable
3284-SVCRO,1,Segment 1 — High-Value Stable
3285-UCQVC,0,Segment 0 — Emerging Risk
3292-PBZEJ,0,Segment 0 — Emerging Risk
3295-YVUSR,0,Segment 0 — Emerging Risk
3296-SILRA,0,Segment 0 — Emerging Risk
3298-QEICA,1,Segment 1 — High-Value Stable
3301-LSLWQ,0,Segment 0 — Emerging Risk
3301-VKTGC,2,Segment 2 — High-Value At-Risk
3307-TLCUD,0,Segment 0 — Emerging Risk
3308-DGHKL,1,Segment 1 — High-Value Stable
3308-JSGML,2,Segment 2 — High-Value At-Risk
3308-MHOOC,1,Segment 1 — High-Value Stable
3312-UUMZW,2,Segment 2 — High-Value At-Risk
3312-ZWLGF,0,Segment 0 — Emerging Risk
3313-QKNKB,2,Segment 2 — High-Value At-Risk
3315-IKYZQ,0,Segment 0 — Emerging Risk
3315-TOTBP,0,Segment 0 — Emerging Risk
3316-UWXUY,2,Segment 2 — High-Value At-Risk
3317-HRTNN,0,Segment 0 — Emerging Risk
3317-VLGQT,0,Segment 0 — Emerging Risk
3318-ISQFQ,1,Segment 1 — High-Value Stable
3318-NMQXL,0,Segment 0 — Emerging Risk
3318-OSATS,0,Segment 0 — Emerging Risk
3319-DWOEP,0,Segment 0 — Emerging Risk
3320-VEOYC,0,Segment 0 — Emerging Risk
3323-CPBWR,0,Segment 0 — Emerging Risk
3324-OIRTO,2,Segment 2 — High-Value At-Risk
3325-FUYCG,0,Segment 0 — Emerging Risk
3327-YBAKM,2,Segment 2 — High-Value At-Risk
3329-WDIOK,0,Segment 0 — Emerging Risk
3331-HQDTW,0,Segment 0 — Emerging Risk
3334-CTHOL,0,Segment 0 — Emerging Risk
3336-JORSO,0,Segment 0 — Emerging Risk
3338-CVVEH,0,Segment 0 — Emerging Risk
3339-EAQNV,2,Segment 2 — High-Value At-Risk
3340-QBBFM,2,Segment 2 — High-Value At-Risk
3345-JHUEO,1,Segment 1 — High-Value Stable
3345-PBBFH,0,Segment 0 — Emerging Risk
3346-BRMIS,0,Segment 0 — Emerging Risk
3347-YJZZE,0,Segment 0 — Emerging Risk
3348-CFRNX,0,Segment 0 — Emerging Risk
3349-ANQNH,2,Segment 2 — High-Value At-Risk
3351-NGXYI,0,Segment 0 — Emerging Risk
3351-NQLDI,2,Segment 2 — High-Value At-Risk
3352-ALMCK,0,Segment 0 — Emerging Risk
3352-RICWQ,1,Segment 1 — High-Value Stable
3354-OADJP,0,Segment 0 — Emerging Risk
3359-DSRKA,1,Segment 1 — High-Value Stable
3363-DTIVD,2,Segment 2 — High-Value At-Risk
3363-EWLGO,1,Segment 1 — High-Value Stable
3365-SAIGS,0,Segment 0 — Emerging Risk
3370-GQEAL,0,Segment 0 — Emerging Risk
3370-HXOPH,0,Segment 0 — Emerging Risk
3372-CDXFJ,1,Segment 1 — High-Value Stable
3372-KWFBM,0,Segment 0 — Emerging Risk
3373-DIUUN,1,Segment 1 — High-Value Stable
3373-YZZYM,1,Segment 1 — High-Value Stable
3374-LXDEV,0,Segment 0 — Emerging Risk
3374-PZLXD,1,Segment 1 — High-Value Stable
3374-TTZTK,2,Segment 2 — High-Value At-Risk
3376-BMGFE,0,Segment 0 — Emerging Risk
3378-AJRAO,1,Segment 1 — High-Value Stable
3384-CTMSF,2,Segment 2 — High-Value At-Risk
3387-PLKUI,1,Segment 1 — High-Value Stable
3387-VATUS,0,Segment 0 — Emerging Risk
3389-KTRXV,1,Segment 1 — High-Value Stable
3389-YGYAI,0,Segment 0 — Emerging Risk
3391-JSQEW,0,Segment 0 — Emerging Risk
3392-EHMNK,2,Segment 2 — High-Value At-Risk
3393-FMZPV,0,Segment 0 — Emerging Risk
3396-DKDEL,2,Segment 2 — High-Value At-Risk
3397-AVTKU,2,Segment 2 — High-Value At-Risk
3398-FSHON,0,Segment 0 — Emerging Risk
3398-GCPMU,2,Segment 2 — High-Value At-Risk
3398-ZOUAA,0,Segment 0 — Emerging Risk
3399-BMLVW,2,Segment 2 — High-Value At-Risk
3400-ESFUW,2,Segment 2 — High-Value At-Risk
3401-URHDA,2,Segment 2 — High-Value At-Risk
3402-XRIUO,0,Segment 0 — Emerging Risk
3404-JNXAX,2,Segment 2 — High-Value At-Risk
3407-JMJQQ,2,Segment 2 — High-Value At-Risk
3407-QGWLG,1,Segment 1 — High-Value Stable
3410-MHHUM,2,Segment 2 — High-Value At-Risk
3410-YOQBQ,2,Segment 2 — High-Value At-Risk
3411-WLRSQ,0,Segment 0 — Emerging Risk
3413-BMNZE,0,Segment 0 — Emerging Risk
3413-CSSTH,0,Segment 0 — Emerging Risk
3413-DHLPB,2,Segment 2 — High-Value At-Risk
3415-TAILE,0,Segment 0 — Emerging Risk
3417-TSCIC,0,Segment 0 — Emerging Risk
3419-SNJJD,2,Segment 2 — High-Value At-Risk
3420-YJLQT,0,Segment 0 — Emerging Risk
3420-ZDBMA,0,Segment 0 — Emerging Risk
3422-GALYP,0,Segment 0 — Emerging Risk
3422-LYEPQ,0,Segment 0 — Emerging Risk
3422-WJOYD,2,Segment 2 — High-Value At-Risk
3423-HHXAO,1,Segment 1 — High-Value Stable
3424-NMNBO,2,Segment 2 — High-Value At-Risk
3426-NIYYL,0,Segment 0 — Emerging Risk
3427-GGZZI,0,Segment 0 — Emerging Risk
3428-MMGUB,2,Segment 2 — High-Value At-Risk
3428-XZMAZ,0,Segment 0 — Emerging Risk
3429-IFLEM,2,Segment 2 — High-Value At-Risk
3439-GVUSX,0,Segment 0 — Emerging Risk
3440-JPSCL,0,Segment 0 — Emerging Risk
3441-CGZJH,2,Segment 2 — High-Value At-Risk
3442-ZHHCC,2,Segment 2 — High-Value At-Risk
3445-HXXGF,0,Segment 0 — Emerging Risk
3446-QDSZF,0,Segment 0 — Emerging Risk
3450-WXOAT,0,Segment 0 — Emerging Risk
3451-VAWLI,1,Segment 1 — High-Value Stable
3452-ABWRL,2,Segment 2 — High-Value At-Risk
3452-FLHYD,1,Segment 1 — High-Value Stable
3452-GWUIN,2,Segment 2 — High-Value At-Risk
3452-SRFEG,0,Segment 0 — Emerging Risk
3453-RTHJQ,0,Segment 0 — Emerging Risk
3454-JFUBC,1,Segment 1 — High-Value Stable
3457-PQBYH,1,Segment 1 — High-Value Stable
3458-IDMFK,1,Segment 1 — High-Value Stable
3460-TJBWI,1,Segment 1 — High-Value Stable
3462-BJQQA,0,Segment 0 — Emerging Risk
3466-BYAVD,0,Segment 0 — Emerging Risk
3466-RITXD,0,Segment 0 — Emerging Risk
3466-WAESX,0,Segment 0 — Emerging Risk
3468-DRVQJ,0,Segment 0 — Emerging Risk
3470-BTGQO,0,Segment 0 — Emerging Risk
3470-OBUET,2,Segment 2 — High-Value At-Risk
3472-OAOOR,0,Segment 0 — Emerging Risk
3472-QPRCH,1,Segment 1 — High-Value Stable
3473-XIIIT,0,Segment 0 — Emerging Risk
3474-BAFSJ,2,Segment 2 — High-Value At-Risk
3481-JHUZH,2,Segment 2 — High-Value At-Risk
3482-ABPKK,0,Segment 0 — Emerging Risk
3486-HOOGQ,2,Segment 2 — High-Value At-Risk
3486-KHMLI,1,Segment 1 — High-Value Stable
3486-NPGST,1,Segment 1 — High-Value Stable
3487-EARAT,2,Segment 2 — High-Value At-Risk
3488-PGMQJ,0,Segment 0 — Emerging Risk
3489-HHPFY,0,Segment 0 — Emerging Risk
3489-VSFRD,2,Segment 2 — High-Value At-Risk
3494-JCHRQ,0,Segment 0 — Emerging Risk
3496-LFSZU,0,Segment 0 — Emerging Risk
3498-LZGQZ,1,Segment 1 — High-Value Stable
3500-NSDOA,2,Segment 2 — High-Value At-Risk
3500-RMZLT,0,Segment 0 — Emerging Risk
3503-TYDAY,2,Segment 2 — High-Value At-Risk
3506-LCJDC,1,Segment 1 — High-Value Stable
3506-OVLKD,1,Segment 1 — High-Value Stable
3507-GASNP,1,Segment 1 — High-Value Stable
3508-CFVZL,2,Segment 2 — High-Value At-Risk
3508-VLHCZ,2,Segment 2 — High-Value At-Risk
3509-GWQGF,0,Segment 0 — Emerging Risk
3511-APPBJ,2,Segment 2 — High-Value At-Risk
3511-BFTJW,2,Segment 2 — High-Value At-Risk
3512-IZIKN,2,Segment 2 — High-Value At-Risk
3518-FSTWG,2,Segment 2 — High-Value At-Risk
3518-PZXZQ,0,Segment 0 — Emerging Risk
3519-ZKXGG,0,Segment 0 — Emerging Risk
3520-FJGCV,2,Segment 2 — High-Value At-Risk
3521-HTQTV,1,Segment 1 — High-Value Stable
3521-MNKLV,0,Segment 0 — Emerging Risk
3521-SYVOR,0,Segment 0 — Emerging Risk
3522-CDKHF,0,Segment 0 — Emerging Risk
3523-BRGUW,1,Segment 1 — High-Value Stable
3523-QRQLL,2,Segment 2 — High-Value At-Risk
3524-WQDSG,0,Segment 0 — Emerging Risk
3525-DVKFN,1,Segment 1 — High-Value Stable
3528-HFRIQ,2,Segment 2 — High-Value At-Risk
3530-CRZSB,1,Segment 1 — High-Value Stable
3530-VWVGU,1,Segment 1 — High-Value Stable
3533-UVMOM,2,Segment 2 — High-Value At-Risk
3536-IQCTX,0,Segment 0 — Emerging Risk
3537-HPKQT,2,Segment 2 — High-Value At-Risk
3537-RYBHH,2,Segment 2 — High-Value At-Risk
3538-WZPHD,0,Segment 0 — Emerging Risk
3540-RZJYU,0,Segment 0 — Emerging Risk
3541-ZNUHK,2,Segment 2 — High-Value At-Risk
3544-FBCAS,2,Segment 2 — High-Value At-Risk
3545-CNWRG,2,Segment 2 — High-Value At-Risk
3546-GHEAE,1,Segment 1 — High-Value Stable
3547-LQRIK,1,Segment 1 — High-Value Stable
3549-ZTMNH,1,Segment 1 — High-Value Stable
3550-SAHFP,0,Segment 0 — Emerging Risk
3551-GAEGL,0,Segment 0 — Emerging Risk
3551-HUAZH,0,Segment 0 — Emerging Risk
3552-CTCYF,2,Segment 2 — High-Value At-Risk
3556-BVQGL,1,Segment 1 — High-Value Stable
3557-HTYWR,2,Segment 2 — High-Value At-Risk
3563-SVYLG,2,Segment 2 — High-Value At-Risk
3565-UNOCC,0,Segment 0 — Emerging Risk
3566-CAAYU,2,Segment 2 — High-Value At-Risk
3566-HJGPK,0,Segment 0 — Emerging Risk
3566-VVORZ,0,Segment 0 — Emerging Risk
3567-PQTSO,2,Segment 2 — High-Value At-Risk
3569-EDBPQ,0,Segment 0 — Emerging Risk
3569-JFODW,2,Segment 2 — High-Value At-Risk
3569-VLDHH,2,Segment 2 — High-Value At-Risk
3570-YUEKJ,0,Segment 0 — Emerging Risk
3571-DPYUH,2,Segment 2 — High-Value At-Risk
3571-RFHAR,2,Segment 2 — High-Value At-Risk
3572-UOLYZ,0,Segment 0 — Emerging Risk
3572-UUHRS,1,Segment 1 — High-Value Stable
3577-AMVUX,0,Segment 0 — Emerging Risk
3580-GICBM,1,Segment 1 — High-Value Stable
3580-HYCSP,2,Segment 2 — High-Value At-Risk
3580-REOAC,0,Segment 0 — Emerging Risk
3583-EKAPL,0,Segment 0 — Emerging Risk
3583-KRKMD,0,Segment 0 — Emerging Risk
3584-WKTTW,2,Segment 2 — High-Value At-Risk
3585-ISXZP,0,Segment 0 — Emerging Risk
3585-YNADK,2,Segment 2 — High-Value At-Risk
3587-PMCOY,0,Segment 0 — Emerging Risk
3588-WSTTJ,0,Segment 0 — Emerging Risk
3589-PPVKW,0,Segment 0 — Emerging Risk
3590-TCXTB,1,Segment 1 — High-Value Stable
3594-BDSOA,1,Segment 1 — High-Value Stable
3594-IVHJZ,1,Segment 1 — High-Value Stable
3594-KADLU,0,Segment 0 — Emerging Risk
3594-UVONA,0,Segment 0 — Emerging Risk
3597-MVHJT,0,Segment 0 — Emerging Risk
3597-YASZG,2,Segment 2 — High-Value At-Risk
3604-WLABM,0,Segment 0 — Emerging Risk
3605-JISKB,2,Segment 2 — High-Value At-Risk
3606-SBKRY,0,Segment 0 — Emerging Risk
3606-TWKGI,0,Segment 0 — Emerging Risk
3612-YUNGG,2,Segment 2 — High-Value At-Risk
3612-YVGSJ,1,Segment 1 — High-Value Stable
3617-XLSGQ,2,Segment 2 — High-Value At-Risk
3620-EHIMZ,1,Segment 1 — High-Value Stable
3620-MWJNE,0,Segment 0 — Emerging Risk
3621-CEOVK,0,Segment 0 — Emerging Risk
3621-CHYVB,0,Segment 0 — Emerging Risk
3623-FQBOX,1,Segment 1 — High-Value Stable
3627-FCRDW,0,Segment 0 — Emerging Risk
3627-FHKBK,0,Segment 0 — Emerging Risk
3629-WEAAM,0,Segment 0 — Emerging Risk
3629-ZNKXA,0,Segment 0 — Emerging Risk
3633-CDBUW,2,Segment 2 — High-Value At-Risk
3635-JBPSG,0,Segment 0 — Emerging Risk
3635-QQRQD,1,Segment 1 — High-Value Stable
3638-DIMPH,0,Segment 0 — Emerging Risk
3638-VBZTA,2,Segment 2 — High-Value At-Risk
3638-WEABW,2,Segment 2 — High-Value At-Risk
3639-XJHKQ,0,Segment 0 — Emerging Risk
3640-JQGJG,0,Segment 0 — Emerging Risk
3640-PHQXK,0,Segment 0 — Emerging Risk
3642-BYHDO,1,Segment 1 — High-Value Stable
3642-GKTCT,2,Segment 2 — High-Value At-Risk
3643-AHCFP,0,Segment 0 — Emerging Risk
3644-QXEHN,0,Segment 0 — Emerging Risk
3645-DEYGF,1,Segment 1 — High-Value Stable
3646-ITDGM,1,Segment 1 — High-Value Stable
3647-GMGDH,0,Segment 0 — Emerging Risk
3648-GZPHF,0,Segment 0 — Emerging Risk
3649-JPUGY,2,Segment 2 — High-Value At-Risk
3653-NCRDJ,1,Segment 1 — High-Value Stable
3654-ARMGP,2,Segment 2 — High-Value At-Risk
3655-SNQYZ,2,Segment 2 — High-Value At-Risk
3656-TKRVZ,0,Segment 0 — Emerging Risk
3657-COGMW,2,Segment 2 — High-Value At-Risk
3658-KIBGF,0,Segment 0 — Emerging Risk
3658-QQJYD,2,Segment 2 — High-Value At-Risk
3662-FXJFO,1,Segment 1 — High-Value Stable
3663-MITLP,0,Segment 0 — Emerging Risk
3665-JATSN,0,Segment 0 — Emerging Risk
3668-QPYBK,0,Segment 0 — Emerging Risk
3669-LVWZB,0,Segment 0 — Emerging Risk
3669-OYSJI,0,Segment 0 — Emerging Risk
3669-WHAFY,2,Segment 2 — High-Value At-Risk
3671-SHRSP,0,Segment 0 — Emerging Risk
3672-YITQD,0,Segment 0 — Emerging Risk
3675-EQOZA,1,Segment 1 — High-Value Stable
3675-YDUPJ,1,Segment 1 — High-Value Stable
3677-IYRBF,0,Segment 0 — Emerging Risk
3677-TNKIO,0,Segment 0 — Emerging Risk
3678-MNGZX,1,Segment 1 — High-Value Stable
3679-XASPY,1,Segment 1 — High-Value Stable
3680-CTHUH,2,Segment 2 — High-Value At-Risk
3682-YEUWS,1,Segment 1 — High-Value Stable
3683-QKIUE,0,Segment 0 — Emerging Risk
3685-YLCMQ,2,Segment 2 — High-Value At-Risk
3688-FTHLT,0,Segment 0 — Emerging Risk
3689-MOZGR,0,Segment 0 — Emerging Risk
3692-JHONH,2,Segment 2 — High-Value At-Risk
3694-DELSO,0,Segment 0 — Emerging Risk
3694-GLTJM,1,Segment 1 — High-Value Stable
3696-DFHHB,1,Segment 1 — High-Value Stable
3696-XRIEN,2,Segment 2 — High-Value At-Risk
3701-SFMUH,0,Segment 0 — Emerging Risk
3703-KBKZP,0,Segment 0 — Emerging Risk
3703-TTEPD,0,Segment 0 — Emerging Risk
3703-VAVCL,0,Segment 0 — Emerging Risk
3704-IEAXF,2,Segment 2 — High-Value At-Risk
3705-PSNGL,1,Segment 1 — High-Value Stable
3705-RHRFR,2,Segment 2 — High-Value At-Risk
3707-GNWHM,0,Segment 0 — Emerging Risk
3707-LRWZD,0,Segment 0 — Emerging Risk
3709-OIJEA,2,Segment 2 — High-Value At-Risk
3712-PKXZA,1,Segment 1 — High-Value Stable
3714-JTVOV,0,Segment 0 — Emerging Risk
3714-NTNFO,2,Segment 2 — High-Value At-Risk
3714-XPXBW,0,Segment 0 — Emerging Risk
3716-BDVDB,0,Segment 0 — Emerging Risk
3716-LRGXK,2,Segment 2 — High-Value At-Risk
3716-UVSPD,0,Segment 0 — Emerging Risk
3717-FDJFU,1,Segment 1 — High-Value Stable
3717-LNXKW,0,Segment 0 — Emerging Risk
3717-OEAUQ,0,Segment 0 — Emerging Risk
3717-OFRTN,1,Segment 1 — High-Value Stable
3719-TDVQB,1,Segment 1 — High-Value Stable
3720-DBRWL,2,Segment 2 — High-Value At-Risk
3721-CNEYS,0,Segment 0 — Emerging Risk
3721-CNZHX,1,Segment 1 — High-Value Stable
3721-WKIIL,1,Segment 1 — High-Value Stable
3722-WPXTK,0,Segment 0 — Emerging Risk
3723-BFBGR,0,Segment 0 — Emerging Risk
3724-BSCVH,1,Segment 1 — High-Value Stable
3724-UCSHY,1,Segment 1 — High-Value Stable
3726-TBHQT,2,Segment 2 — High-Value At-Risk
3727-JEZTU,1,Segment 1 — High-Value Stable
3727-OVPRY,1,Segment 1 — High-Value Stable
3727-OWVYD,0,Segment 0 — Emerging Risk
3727-RJMEO,0,Segment 0 — Emerging Risk
3729-OWRVL,2,Segment 2 — High-Value At-Risk
3733-LSYCE,0,Segment 0 — Emerging Risk
3733-UOCWF,2,Segment 2 — High-Value At-Risk
3733-ZEECP,0,Segment 0 — Emerging Risk
3736-BLEPA,0,Segment 0 — Emerging Risk
3737-GCSPV,0,Segment 0 — Emerging Risk
3737-XBQDD,0,Segment 0 — Emerging Risk
3739-YBWAB,1,Segment 1 — High-Value Stable
3740-RLMVT,2,Segment 2 — High-Value At-Risk
3744-ZBHON,1,Segment 1 — High-Value Stable
3744-ZRRDZ,0,Segment 0 — Emerging Risk
3745-HRPHI,2,Segment 2 — High-Value At-Risk
3746-EUBYR,0,Segment 0 — Emerging Risk
3748-FVMZZ,0,Segment 0 — Emerging Risk
3750-CKVKH,0,Segment 0 — Emerging Risk
3750-RNQKR,1,Segment 1 — High-Value Stable
3750-YHRYO,1,Segment 1 — High-Value Stable
3751-KTZEL,0,Segment 0 — Emerging Risk
3752-CQSJI,1,Segment 1 — High-Value Stable
3753-TSEMP,0,Segment 0 — Emerging Risk
3754-DXMRT,0,Segment 0 — Emerging Risk
3755-JBMNH,0,Segment 0 — Emerging Risk
3756-VNWDH,2,Segment 2 — High-Value At-Risk
3757-NJYBX,0,Segment 0 — Emerging Risk
3758-CKOQL,2,Segment 2 — High-Value At-Risk
3761-FLYZI,2,Segment 2 — High-Value At-Risk
3763-GCZHZ,2,Segment 2 — High-Value At-Risk
3764-MNMOI,1,Segment 1 — High-Value Stable
3765-JXVKY,0,Segment 0 — Emerging Risk
3766-EJLFL,2,Segment 2 — High-Value At-Risk
3768-NLUBH,2,Segment 2 — High-Value At-Risk
3768-VHXQO,1,Segment 1 — High-Value Stable
3769-MHZNV,1,Segment 1 — High-Value Stable
3771-PZOBW,0,Segment 0 — Emerging Risk
3774-VBNXY,1,Segment 1 — High-Value Stable
3776-EKTKM,0,Segment 0 — Emerging Risk
3777-XROBG,1,Segment 1 — High-Value Stable
3778-FOAQW,1,Segment 1 — High-Value Stable
3779-OSWCF,2,Segment 2 — High-Value At-Risk
3780-DDGSE,2,Segment 2 — High-Value At-Risk
3780-YVMFA,0,Segment 0 — Emerging Risk
3785-KTYSH,1,Segment 1 — High-Value Stable
3785-NRHYR,1,Segment 1 — High-Value Stable
3786-WOVKF,2,Segment 2 — High-Value At-Risk
3787-TRIAL,0,Segment 0 — Emerging Risk
3791-LGQCY,2,Segment 2 — High-Value At-Risk
3793-MMFUH,0,Segment 0 — Emerging Risk
3794-NFNCH,0,Segment 0 — Emerging Risk
3795-CAWEX,2,Segment 2 — High-Value At-Risk
3795-GWTRD,2,Segment 2 — High-Value At-Risk
3796-ENZGF,2,Segment 2 — High-Value At-Risk
3797-FKOGQ,0,Segment 0 — Emerging Risk
3797-VTIDR,0,Segment 0 — Emerging Risk
3798-EPWRR,0,Segment 0 — Emerging Risk
3799-ISUZQ,0,Segment 0 — Emerging Risk
3800-LYTRK,0,Segment 0 — Emerging Risk
3801-HMYNL,0,Segment 0 — Emerging Risk
3803-KMQFW,1,Segment 1 — High-Value Stable
3804-RVTGV,2,Segment 2 — High-Value At-Risk
3806-DXQOM,0,Segment 0 — Emerging Risk
3806-YAZOV,1,Segment 1 — High-Value Stable
3807-BPOMJ,2,Segment 2 — High-Value At-Risk
3807-XHCJH,1,Segment 1 — High-Value Stable
3808-HFKDE,0,Segment 0 — Emerging Risk
3810-DVDQQ,2,Segment 2 — High-Value At-Risk
3810-PJUHR,1,Segment 1 — High-Value Stable
3811-VBYBZ,0,Segment 0 — Emerging Risk
3812-LRZIR,1,Segment 1 — High-Value Stable
3813-DHBBB,2,Segment 2 — High-Value At-Risk
3814-MLAXC,0,Segment 0 — Emerging Risk
3815-SLMEF,0,Segment 0 — Emerging Risk
3823-KYNQY,1,Segment 1 — High-Value Stable
3824-RHKVR,1,Segment 1 — High-Value Stable
3831-YCPUO,2,Segment 2 — High-Value At-Risk
3834-XUIFC,0,Segment 0 — Emerging Risk
3836-FZSDJ,1,Segment 1 — High-Value Stable
3838-OZURD,2,Segment 2 — High-Value At-Risk
3841-CONLJ,0,Segment 0 — Emerging Risk
3841-NFECX,2,Segment 2 — High-Value At-Risk
3842-IYKUE,0,Segment 0 — Emerging Risk
3842-QTGDL,0,Segment 0 — Emerging Risk
3845-FXCYS,1,Segment 1 — High-Value Stable
3845-JHAMY,0,Segment 0 — Emerging Risk
3847-BAERP,1,Segment 1 — High-Value Stable
3850-OKINF,2,Segment 2 — High-Value At-Risk
3853-LYGAM,0,Segment 0 — Emerging Risk
3855-ONCAR,0,Segment 0 — Emerging Risk
3858-VOBET,0,Segment 0 — Emerging Risk
3858-XHYJO,2,Segment 2 — High-Value At-Risk
3859-CVCET,0,Segment 0 — Emerging Risk
3863-IUBJR,0,Segment 0 — Emerging Risk
3863-QSTYI,0,Segment 0 — Emerging Risk
3865-QBWSJ,2,Segment 2 — High-Value At-Risk
3865-YIOTT,2,Segment 2 — High-Value At-Risk
3865-ZFZIB,1,Segment 1 — High-Value Stable
3865-ZYKAD,2,Segment 2 — High-Value At-Risk
3866-MDTUB,0,Segment 0 — Emerging Risk
3870-MQAMG,2,Segment 2 — High-Value At-Risk
3870-SPZSI,2,Segment 2 — High-Value At-Risk
3871-IKPYH,0,Segment 0 — Emerging Risk
3873-NFTGI,0,Segment 0 — Emerging Risk
3873-WOSBC,1,Segment 1 — High-Value Stable
3874-EQOEP,0,Segment 0 — Emerging Risk
3877-JRJIP,0,Segment 0 — Emerging Risk
3878-AVSOQ,0,Segment 0 — Emerging Risk
3882-IYOIJ,2,Segment 2 — High-Value At-Risk
3884-HCSWG,0,Segment 0 — Emerging Risk
3884-UEBXB,2,Segment 2 — High-Value At-Risk
3886-CERTZ,2,Segment 2 — High-Value At-Risk
3887-PBQAO,1,Segment 1 — High-Value Stable
3889-VWBID,2,Segment 2 — High-Value At-Risk
3890-RTCMS,0,Segment 0 — Emerging Risk
3891-NLXJB,0,Segment 0 — Emerging Risk
3891-PUQOD,0,Segment 0 — Emerging Risk
3892-NXAZG,2,Segment 2 — High-Value At-Risk
3893-JRNFS,0,Segment 0 — Emerging Risk
3896-RCYYE,0,Segment 0 — Emerging Risk
3896-ZVNET,1,Segment 1 — High-Value Stable
3898-BSJYF,0,Segment 0 — Emerging Risk
3898-GUYTS,2,Segment 2 — High-Value At-Risk
3900-AQPHZ,1,Segment 1 — High-Value Stable
3902-FOIGH,0,Segment 0 — Emerging Risk
3902-MIVLE,2,Segment 2 — High-Value At-Risk
3904-UKFRE,0,Segment 0 — Emerging Risk
3908-BLSYF,0,Segment 0 — Emerging Risk
3908-MKIMJ,2,Segment 2 — High-Value At-Risk
3910-MRQOY,1,Segment 1 — High-Value Stable
3911-RSNHI,2,Segment 2 — High-Value At-Risk
3913-FCUUW,2,Segment 2 — High-Value At-Risk
3913-RDSJZ,1,Segment 1 — High-Value Stable
3914-FDRHP,0,Segment 0 — Emerging Risk
3915-ODIYG,2,Segment 2 — High-Value At-Risk
3916-NRPAP,0,Segment 0 — Emerging Risk
3920-HIHMQ,0,Segment 0 — Emerging Risk
3923-CSIHK,0,Segment 0 — Emerging Risk
3926-CUQZX,0,Segment 0 — Emerging Risk
3926-YZVVX,0,Segment 0 — Emerging Risk
3927-NLNRY,2,Segment 2 — High-Value At-Risk
3930-ZGWVE,1,Segment 1 — High-Value Stable
3932-CMDTD,0,Segment 0 — Emerging Risk
3932-IJWDZ,2,Segment 2 — High-Value At-Risk
3933-DQPWX,1,Segment 1 — High-Value Stable
3934-HXCFZ,0,Segment 0 — Emerging Risk
3935-TBRZZ,1,Segment 1 — High-Value Stable
3936-QQFLL,1,Segment 1 — High-Value Stable
3938-YFPXD,2,Segment 2 — High-Value At-Risk
3941-XTSKM,2,Segment 2 — High-Value At-Risk
3943-KDREE,0,Segment 0 — Emerging Risk
3945-GFWQL,0,Segment 0 — Emerging Risk
3946-JEWRQ,2,Segment 2 — High-Value At-Risk
3946-MHCZW,0,Segment 0 — Emerging Risk
3948-FVVRP,0,Segment 0 — Emerging Risk
3948-KXDUF,2,Segment 2 — High-Value At-Risk
3948-XHGNA,0,Segment 0 — Emerging Risk
3950-VPYJB,2,Segment 2 — High-Value At-Risk
3951-NJCVI,2,Segment 2 — High-Value At-Risk
3955-JBZZM,0,Segment 0 — Emerging Risk
3956-CJUST,0,Segment 0 — Emerging Risk
3956-MGXOG,0,Segment 0 — Emerging Risk
3957-HHLMR,2,Segment 2 — High-Value At-Risk
3957-LXOLK,0,Segment 0 — Emerging Risk
3957-SQXML,1,Segment 1 — High-Value Stable
3961-SXAXY,0,Segment 0 — Emerging Risk
3963-RYFNS,2,Segment 2 — High-Value At-Risk
3966-HRMZA,0,Segment 0 — Emerging Risk
3967-KXAPS,2,Segment 2 — High-Value At-Risk
3967-VQOGC,1,Segment 1 — High-Value Stable
3969-GYXEL,0,Segment 0 — Emerging Risk
3969-JQABI,2,Segment 2 — High-Value At-Risk
3970-XGJDU,1,Segment 1 — High-Value Stable
3973-SKMLN,1,Segment 1 — High-Value Stable
3976-BWUCK,0,Segment 0 — Emerging Risk
3976-HXHCE,1,Segment 1 — High-Value Stable
3976-NLDEZ,1,Segment 1 — High-Value Stable
3977-QCRSL,1,Segment 1 — High-Value Stable
3978-YNKDD,1,Segment 1 — High-Value Stable
3981-QSVQI,1,Segment 1 — High-Value Stable
3982-DQLUS,2,Segment 2 — High-Value At-Risk
3982-JGSFD,1,Segment 1 — High-Value Stable
3982-XWFZQ,0,Segment 0 — Emerging Risk
3985-HOYPM,1,Segment 1 — High-Value Stable
3987-KQDDU,0,Segment 0 — Emerging Risk
3988-RQIXO,0,Segment 0 — Emerging Risk
3990-QYKBE,0,Segment 0 — Emerging Risk
3992-YWPKO,0,Segment 0 — Emerging Risk
3995-WFCSM,0,Segment 0 — Emerging Risk
3996-ZNWYK,1,Segment 1 — High-Value Stable
3999-QGRJH,0,Segment 0 — Emerging Risk
3999-WRNGR,0,Segment 0 — Emerging Risk
4000-VGMQP,2,Segment 2 — High-Value At-Risk
4001-TSBTV,2,Segment 2 — High-Value At-Risk
4002-BQWPQ,0,Segment 0 — Emerging Risk
4003-FUSHP,0,Segment 0 — Emerging Risk
4003-OCTMP,2,Segment 2 — High-Value At-Risk
4006-HKYHO,2,Segment 2 — High-Value At-Risk
4007-NHVHI,2,Segment 2 — High-Value At-Risk
4009-ALQFH,0,Segment 0 — Emerging Risk
4010-YLMVT,2,Segment 2 — High-Value At-Risk
4011-ARPHK,0,Segment 0 — Emerging Risk
4012-YCFAI,2,Segment 2 — High-Value At-Risk
4012-ZTHBR,0,Segment 0 — Emerging Risk
4013-GUXND,1,Segment 1 — High-Value Stable
4013-TLDHQ,0,Segment 0 — Emerging Risk
4013-UBXWQ,0,Segment 0 — Emerging Risk
4016-BJKTZ,2,Segment 2 — High-Value At-Risk
4018-KJYUY,1,Segment 1 — High-Value Stable
4018-PPNDW,1,Segment 1 — High-Value Stable
4020-KIUDI,1,Segment 1 — High-Value Stable
4021-RQSNY,0,Segment 0 — Emerging Risk
4023-RTIQM,0,Segment 0 — Emerging Risk
4024-CSNBY,2,Segment 2 — High-Value At-Risk
4026-SKKHW,0,Segment 0 — Emerging Risk
4029-HPFVY,0,Segment 0 — Emerging Risk
4030-VPZBD,0,Segment 0 — Emerging Risk
4032-RMHCI,1,Segment 1 — High-Value Stable
4039-HEUNW,0,Segment 0 — Emerging Risk
4039-PIMHX,1,Segment 1 — High-Value Stable
4043-MKDTV,2,Segment 2 — High-Value At-Risk
4049-ZPALD,2,Segment 2 — High-Value At-Risk
4054-CUMIA,1,Segment 1 — High-Value Stable
4056-QHXHZ,2,Segment 2 — High-Value At-Risk
4057-FKCZK,2,Segment 2 — High-Value At-Risk
4059-IIEBK,0,Segment 0 — Emerging Risk
4060-LDNLU,0,Segment 0 — Emerging Risk
4061-UKJWL,0,Segment 0 — Emerging Risk
4062-HBMOS,2,Segment 2 — High-Value At-Risk
4063-EIKNQ,1,Segment 1 — High-Value Stable
4065-JJAVA,0,Segment 0 — Emerging Risk
4067-HLYQI,0,Segment 0 — Emerging Risk
4070-OKWVH,2,Segment 2 — High-Value At-Risk
4072-IPYLT,0,Segment 0 — Emerging Risk
4074-SJFFA,0,Segment 0 — Emerging Risk
4075-JFPGR,2,Segment 2 — High-Value At-Risk
4075-WKNIU,0,Segment 0 — Emerging Risk
4077-CROMM,0,Segment 0 — Emerging Risk
4077-HWUYD,2,Segment 2 — High-Value At-Risk
4078-SAYYN,0,Segment 0 — Emerging Risk
4079-ULGFR,1,Segment 1 — High-Value Stable
4079-VTGLK,2,Segment 2 — High-Value At-Risk
4079-WWQQQ,2,Segment 2 — High-Value At-Risk
4080-IIARD,0,Segment 0 — Emerging Risk
4080-OGPJL,0,Segment 0 — Emerging Risk
4081-DYXAV,0,Segment 0 — Emerging Risk
4083-BFNYK,2,Segment 2 — High-Value At-Risk
4083-EUGRJ,1,Segment 1 — High-Value Stable
4086-ATNFV,2,Segment 2 — High-Value At-Risk
4086-WITJG,1,Segment 1 — High-Value Stable
4086-YQSNZ,0,Segment 0 — Emerging Risk
4088-YLDSU,2,Segment 2 — High-Value At-Risk
4090-KPJIP,0,Segment 0 — Emerging Risk
4091-TVOCN,2,Segment 2 — High-Value At-Risk
4092-OFQZS,1,Segment 1 — High-Value Stable
4094-NSEDU,0,Segment 0 — Emerging Risk
4097-YODCF,2,Segment 2 — High-Value At-Risk
4098-NAUKP,2,Segment 2 — High-Value At-Risk
4102-HLENU,2,Segment 2 — High-Value At-Risk
4102-OQUPX,0,Segment 0 — Emerging Risk
4104-PVRPS,0,Segment 0 — Emerging Risk
4106-HADHQ,2,Segment 2 — High-Value At-Risk
4109-CYRBD,2,Segment 2 — High-Value At-Risk
4110-PFEUZ,0,Segment 0 — Emerging Risk
4111-BNXIF,2,Segment 2 — High-Value At-Risk
4112-LUEIZ,0,Segment 0 — Emerging Risk
4114-QMKVN,2,Segment 2 — High-Value At-Risk
4115-BNPJY,2,Segment 2 — High-Value At-Risk
4115-NZRKS,0,Segment 0 — Emerging Risk
4115-UMJFQ,0,Segment 0 — Emerging Risk
4116-IQRFR,1,Segment 1 — High-Value Stable
4116-TZAQJ,0,Segment 0 — Emerging Risk
4118-CEVPF,2,Segment 2 — High-Value At-Risk
4119-ZYPZY,2,Segment 2 — High-Value At-Risk
4121-AGSIN,1,Segment 1 — High-Value Stable
4123-DVHPH,0,Segment 0 — Emerging Risk
4123-FCVCB,0,Segment 0 — Emerging Risk
4124-MMETB,0,Segment 0 — Emerging Risk
4128-ETESU,0,Segment 0 — Emerging Risk
4129-LYCOI,2,Segment 2 — High-Value At-Risk
4130-MZLCC,0,Segment 0 — Emerging Risk
4132-KALRO,0,Segment 0 — Emerging Risk
4132-POCZS,0,Segment 0 — Emerging Risk
4134-BSXLX,0,Segment 0 — Emerging Risk
4135-FRWKJ,2,Segment 2 — High-Value At-Risk
4137-BTIKL,0,Segment 0 — Emerging Risk
4137-JOPHL,2,Segment 2 — High-Value At-Risk
4138-NAXED,0,Segment 0 — Emerging Risk
4139-DETXS,2,Segment 2 — High-Value At-Risk
4139-JPIAM,0,Segment 0 — Emerging Risk
4139-SUGLD,0,Segment 0 — Emerging Risk
4140-MUHUG,0,Segment 0 — Emerging Risk
4140-WJAWW,1,Segment 1 — High-Value Stable
4143-HHPMK,2,Segment 2 — High-Value At-Risk
4143-OOBWZ,0,Segment 0 — Emerging Risk
4145-UQXUQ,0,Segment 0 — Emerging Risk
4146-SVFUD,0,Segment 0 — Emerging Risk
4154-AQUGT,0,Segment 0 — Emerging Risk
4159-NAAIX,2,Segment 2 — High-Value At-Risk
4160-AMJTL,1,Segment 1 — High-Value Stable
4163-HFTUK,1,Segment 1 — High-Value Stable
4163-KIUHY,1,Segment 1 — High-Value Stable
4163-NCJAK,1,Segment 1 — High-Value Stable
4174-LPGTI,2,Segment 2 — High-Value At-Risk
4176-FXYBO,2,Segment 2 — High-Value At-Risk
4176-RELJR,1,Segment 1 — High-Value Stable
4177-JPDFU,0,Segment 0 — Emerging Risk
4178-EGMON,2,Segment 2 — High-Value At-Risk
4182-BGSIQ,1,Segment 1 — High-Value Stable
4183-MYFRB,0,Segment 0 — Emerging Risk
4183-WCSEP,0,Segment 0 — Emerging Risk
4184-TJFAN,0,Segment 0 — Emerging Risk
4184-VODJZ,2,Segment 2 — High-Value At-Risk
4186-ZBUEW,0,Segment 0 — Emerging Risk
4187-CINZD,0,Segment 0 — Emerging Risk
4188-FRABG,2,Segment 2 — High-Value At-Risk
4188-PCPIG,2,Segment 2 — High-Value At-Risk
4189-NAKJS,0,Segment 0 — Emerging Risk
4190-MFLUW,0,Segment 0 — Emerging Risk
4191-XOVOM,2,Segment 2 — High-Value At-Risk
4192-GORJT,0,Segment 0 — Emerging Risk
4193-IBKSW,1,Segment 1 — High-Value Stable
4193-ORFCL,0,Segment 0 — Emerging Risk
4194-FJARJ,2,Segment 2 — High-Value At-Risk
4194-WHFCB,2,Segment 2 — High-Value At-Risk
4195-NZGTA,0,Segment 0 — Emerging Risk
4195-PNGZS,1,Segment 1 — High-Value Stable
4195-SMMNX,1,Segment 1 — High-Value Stable
4198-VFOEA,0,Segment 0 — Emerging Risk
4199-QHJNM,2,Segment 2 — High-Value At-Risk
4201-JMNGR,0,Segment 0 — Emerging Risk
4203-QGNZA,1,Segment 1 — High-Value Stable
4208-UFFGW,0,Segment 0 — Emerging Risk
4210-QFJMF,0,Segment 0 — Emerging Risk
4211-MMAZN,1,Segment 1 — High-Value Stable
4213-HKBJO,1,Segment 1 — High-Value Stable
4220-TINQT,2,Segment 2 — High-Value At-Risk
4223-BKEOR,0,Segment 0 — Emerging Risk
4223-WOZCM,0,Segment 0 — Emerging Risk
4226-KKDON,0,Segment 0 — Emerging Risk
4227-OJHAL,2,Segment 2 — High-Value At-Risk
4228-ZGYUW,0,Segment 0 — Emerging Risk
4229-CZMLL,0,Segment 0 — Emerging Risk
4231-LZUYM,1,Segment 1 — High-Value Stable
4232-JGKIY,1,Segment 1 — High-Value Stable
4234-XTNEA,0,Segment 0 — Emerging Risk
4236-UJPWO,0,Segment 0 — Emerging Risk
4236-XPXAV,0,Segment 0 — Emerging Risk
4237-CLSMM,1,Segment 1 — High-Value Stable
4237-RLAQD,0,Segment 0 — Emerging Risk
4238-HFHSN,2,Segment 2 — High-Value At-Risk
4238-JSSWH,2,Segment 2 — High-Value At-Risk
4248-HCETZ,0,Segment 0 — Emerging Risk
4248-QPAVC,0,Segment 0 — Emerging Risk
4250-FDVOU,0,Segment 0 — Emerging Risk
4250-WAROZ,2,Segment 2 — High-Value At-Risk
4250-ZBWLV,2,Segment 2 — High-Value At-Risk
4254-QPEDE,2,Segment 2 — High-Value At-Risk
4255-DDUOU,1,Segment 1 — High-Value Stable
4256-ZWTZI,0,Segment 0 — Emerging Risk
4257-GAESD,0,Segment 0 — Emerging Risk
4273-MBHYA,0,Segment 0 — Emerging Risk
4274-DRSQT,2,Segment 2 — High-Value At-Risk
4274-OWWYO,0,Segment 0 — Emerging Risk
4277-BWBML,1,Segment 1 — High-Value Stable
4277-PVRAN,0,Segment 0 — Emerging Risk
4277-UDIEF,0,Segment 0 — Emerging Risk
4280-DLSHD,0,Segment 0 — Emerging Risk
4282-ACRXS,0,Segment 0 — Emerging Risk
4282-MSACW,2,Segment 2 — High-Value At-Risk
4282-YMKNA,0,Segment 0 — Emerging Risk
4283-FUTGF,0,Segment 0 — Emerging Risk
4283-IVYCI,0,Segment 0 — Emerging Risk
4285-GYRQC,0,Segment 0 — Emerging Risk
4289-DTDKW,0,Segment 0 — Emerging Risk
4290-BSXUX,0,Segment 0 — Emerging Risk
4291-HPAXL,1,Segment 1 — High-Value Stable
4291-HYEBC,0,Segment 0 — Emerging Risk
4291-SHSBH,0,Segment 0 — Emerging Risk
4291-TPNFG,2,Segment 2 — High-Value At-Risk
4291-YZODP,1,Segment 1 — High-Value Stable
4293-ETKAP,2,Segment 2 — High-Value At-Risk
4295-YURET,2,Segment 2 — High-Value At-Risk
4298-OYIFC,0,Segment 0 — Emerging Risk
4299-OPXEJ,1,Segment 1 — High-Value Stable
4299-SIMNS,0,Segment 0 — Emerging Risk
4301-VVZKA,0,Segment 0 — Emerging Risk
4302-ZYFEL,1,Segment 1 — High-Value Stable
4304-TSPVK,2,Segment 2 — High-Value At-Risk
4304-XUMGI,2,Segment 2 — High-Value At-Risk
4307-KTUMW,2,Segment 2 — High-Value At-Risk
4307-KWMXE,0,Segment 0 — Emerging Risk
4310-KEDTB,0,Segment 0 — Emerging Risk
4311-QTTAI,1,Segment 1 — High-Value Stable
4312-GVYNH,2,Segment 2 — High-Value At-Risk
4312-KFRXN,1,Segment 1 — High-Value Stable
4315-MURBD,0,Segment 0 — Emerging Risk
4316-XCSLJ,0,Segment 0 — Emerging Risk
4317-VTEOA,0,Segment 0 — Emerging Risk
4318-RAJVY,1,Segment 1 — High-Value Stable
4320-QMLLA,0,Segment 0 — Emerging Risk
4322-RCYMT,2,Segment 2 — High-Value At-Risk
4323-ELYYB,1,Segment 1 — High-Value Stable
4323-OHFOW,2,Segment 2 — High-Value At-Risk
4323-SADQS,0,Segment 0 — Emerging Risk
4324-AHJKS,0,Segment 0 — Emerging Risk
4324-BZCKL,0,Segment 0 — Emerging Risk
4325-NFSKC,0,Segment 0 — Emerging Risk
4328-VUFWD,0,Segment 0 — Emerging Risk
4329-YPDDQ,0,Segment 0 — Emerging Risk
4332-MUOEZ,0,Segment 0 — Emerging Risk
4334-HOWRP,2,Segment 2 — High-Value At-Risk
4335-BSMJS,1,Segment 1 — High-Value Stable
4335-UPJSI,1,Segment 1 — High-Value Stable
4338-EYCER,0,Segment 0 — Emerging Risk
4342-HENTK,0,Segment 0 — Emerging Risk
4342-HFXWS,2,Segment 2 — High-Value At-Risk
4343-EJVQB,0,Segment 0 — Emerging Risk
4349-GFQHK,0,Segment 0 — Emerging Risk
4350-ZTLPI,2,Segment 2 — High-Value At-Risk
4351-QLCSU,0,Segment 0 — Emerging Risk
4353-HYOJD,0,Segment 0 — Emerging Risk
4355-CVPVS,2,Segment 2 — High-Value At-Risk
4355-HBJHH,2,Segment 2 — High-Value At-Risk
4359-INNWN,1,Segment 1 — High-Value Stable
4360-PNRQB,0,Segment 0 — Emerging Risk
4360-QRAVE,0,Segment 0 — Emerging Risk
4361-BKAXE,2,Segment 2 — High-Value At-Risk
4361-FEBGN,1,Segment 1 — High-Value Stable
4361-JEIVL,0,Segment 0 — Emerging Risk
4365-MSDYN,1,Segment 1 — High-Value Stable
4366-CTOUZ,2,Segment 2 — High-Value At-Risk
4367-NHWMM,0,Segment 0 — Emerging Risk
4367-NUYAO,1,Segment 1 — High-Value Stable
4369-HTUIF,0,Segment 0 — Emerging Risk
4369-NYSCF,2,Segment 2 — High-Value At-Risk
4373-MAVJG,0,Segment 0 — Emerging Risk
4373-VVHQL,0,Segment 0 — Emerging Risk
4374-YMUSQ,2,Segment 2 — High-Value At-Risk
4376-KFVRS,2,Segment 2 — High-Value At-Risk
4377-VDHYI,2,Segment 2 — High-Value At-Risk
4378-BZYFP,1,Segment 1 — High-Value Stable
4378-MYPGO,2,Segment 2 — High-Value At-Risk
4381-MHQDC,2,Segment 2 — High-Value At-Risk
4385-GZQXV,0,Segment 0 — Emerging Risk
4385-ZKVNW,2,Segment 2 — High-Value At-Risk
4389-UEFCZ,2,Segment 2 — High-Value At-Risk
4390-KYULV,1,Segment 1 — High-Value Stable
4391-LNRXK,0,Segment 0 — Emerging Risk
4391-RESHN,0,Segment 0 — Emerging Risk
4393-GEADV,2,Segment 2 — High-Value At-Risk
4393-OBCRR,1,Segment 1 — High-Value Stable
4393-RYCRE,2,Segment 2 — High-Value At-Risk
4395-PZMSN,0,Segment 0 — Emerging Risk
4396-KLSEH,1,Segment 1 — High-Value Stable
4397-FRLTA,1,Segment 1 — High-Value Stable
4398-HSCJH,0,Segment 0 — Emerging Risk
4402-FTBXC,2,Segment 2 — High-Value At-Risk
4403-BWPAY,1,Segment 1 — High-Value Stable
4404-HIBDJ,0,Segment 0 — Emerging Risk
4412-YLTKF,0,Segment 0 — Emerging Risk
4415-IJZTP,0,Segment 0 — Emerging Risk
4415-WNGVR,0,Segment 0 — Emerging Risk
4418-LZMSV,0,Segment 0 — Emerging Risk
4419-UJMUS,2,Segment 2 — High-Value At-Risk
4422-QVIJA,0,Segment 0 — Emerging Risk
4423-JWZJN,2,Segment 2 — High-Value At-Risk
4423-YLHDV,0,Segment 0 — Emerging Risk
4424-TKOPW,0,Segment 0 — Emerging Risk
4425-OWHWB,1,Segment 1 — High-Value Stable
4429-WYGFR,0,Segment 0 — Emerging Risk
4430-UZIPO,0,Segment 0 — Emerging Risk
4430-YHXGG,1,Segment 1 — High-Value Stable
4431-EDMIQ,0,Segment 0 — Emerging Risk
4432-ADRLB,0,Segment 0 — Emerging Risk
4433-JCGCG,0,Segment 0 — Emerging Risk
4439-JMPMT,0,Segment 0 — Emerging Risk
4439-YRNVD,0,Segment 0 — Emerging Risk
4441-NIHPT,0,Segment 0 — Emerging Risk
4443-EMBNA,1,Segment 1 — High-Value Stable
4445-KWOKW,2,Segment 2 — High-Value At-Risk
4445-ZJNMU,0,Segment 0 — Emerging Risk
4446-BZKHU,2,Segment 2 — High-Value At-Risk
4450-DLLMH,0,Segment 0 — Emerging Risk
4450-MDZFX,2,Segment 2 — High-Value At-Risk
4450-YOOHP,0,Segment 0 — Emerging Risk
4451-RWASJ,1,Segment 1 — High-Value Stable
4452-QIIEB,0,Segment 0 — Emerging Risk
4452-ROHMO,1,Segment 1 — High-Value Stable
4455-BFSPD,2,Segment 2 — High-Value At-Risk
4456-RHSNB,0,Segment 0 — Emerging Risk
4458-KVRBJ,1,Segment 1 — High-Value Stable
4459-BBGHE,0,Segment 0 — Emerging Risk
4462-CYWMH,2,Segment 2 — High-Value At-Risk
4464-JCOLN,1,Segment 1 — High-Value Stable
4465-VDKIQ,0,Segment 0 — Emerging Risk
4468-KAZHE,0,Segment 0 — Emerging Risk
4468-YDOVK,0,Segment 0 — Emerging Risk
4471-KXAUH,0,Segment 0 — Emerging Risk
4472-LVYGI,0,Segment 0 — Emerging Risk
4472-VESGY,2,Segment 2 — High-Value At-Risk
4475-NVTLU,1,Segment 1 — High-Value Stable
4476-OSWTN,2,Segment 2 — High-Value At-Risk
4480-MBMLB,2,Segment 2 — High-Value At-Risk
4480-QQRHC,0,Segment 0 — Emerging Risk
4482-EWFMI,0,Segment 0 — Emerging Risk
4482-FTFFX,0,Segment 0 — Emerging Risk
4484-CGXFK,0,Segment 0 — Emerging Risk
4484-GLZOU,2,Segment 2 — High-Value At-Risk
4486-EFAEB,1,Segment 1 — High-Value Stable
4487-ZYJZK,1,Segment 1 — High-Value Stable
4488-KQFDT,2,Segment 2 — High-Value At-Risk
4488-PSYCG,1,Segment 1 — High-Value Stable
4489-SNOJF,0,Segment 0 — Emerging Risk
4495-LHSSK,0,Segment 0 — Emerging Risk
4500-HKANN,1,Segment 1 — High-Value Stable
4501-EQDRN,0,Segment 0 — Emerging Risk
4501-UYKBC,2,Segment 2 — High-Value At-Risk
4501-VCPFK,0,Segment 0 — Emerging Risk
4503-BDXBD,0,Segment 0 — Emerging Risk
4504-YOULA,0,Segment 0 — Emerging Risk
4505-EXZHB,0,Segment 0 — Emerging Risk
4508-OEBEY,2,Segment 2 — High-Value At-Risk
4510-HIMLV,0,Segment 0 — Emerging Risk
4510-PYUSH,0,Segment 0 — Emerging Risk
4512-ZUIYL,0,Segment 0 — Emerging Risk
4513-CXYIX,2,Segment 2 — High-Value At-Risk
4514-GFCFI,0,Segment 0 — Emerging Risk
4518-FZBSX,1,Segment 1 — High-Value Stable
4521-WFJAI,1,Segment 1 — High-Value Stable
4521-YEEHE,0,Segment 0 — Emerging Risk
4522-AKYLR,0,Segment 0 — Emerging Risk
4522-XRWWI,2,Segment 2 — High-Value At-Risk
4523-WXCEF,2,Segment 2 — High-Value At-Risk
4524-QCSSM,0,Segment 0 — Emerging Risk
4525-VZCZG,2,Segment 2 — High-Value At-Risk
4526-EXKKN,1,Segment 1 — High-Value Stable
4526-RMTLL,0,Segment 0 — Emerging Risk
4526-ZJJTM,2,Segment 2 — High-Value At-Risk
4529-CKBCL,0,Segment 0 — Emerging Risk
4530-NDRKU,1,Segment 1 — High-Value Stable
4531-AUZNK,2,Segment 2 — High-Value At-Risk
4534-WGCIR,1,Segment 1 — High-Value Stable
4536-PLEQY,0,Segment 0 — Emerging Risk
4537-CIBHB,1,Segment 1 — High-Value Stable
4537-DKTAL,0,Segment 0 — Emerging Risk
4538-WNTMJ,1,Segment 1 — High-Value Stable
4541-RMRLG,1,Segment 1 — High-Value Stable
4544-RXFMG,0,Segment 0 — Emerging Risk
4546-FOKWR,0,Segment 0 — Emerging Risk
4547-FZJWE,2,Segment 2 — High-Value At-Risk
4547-KQRTM,0,Segment 0 — Emerging Risk
4547-LYTDD,0,Segment 0 — Emerging Risk
4548-SDBKE,0,Segment 0 — Emerging Risk
4549-ZDQYY,2,Segment 2 — High-Value At-Risk
4550-EVXNY,0,Segment 0 — Emerging Risk
4550-VBOFE,2,Segment 2 — High-Value At-Risk
4553-DVPZG,2,Segment 2 — High-Value At-Risk
4554-YGZIH,2,Segment 2 — High-Value At-Risk
4558-CGYCZ,1,Segment 1 — High-Value Stable
4558-FANTW,0,Segment 0 — Emerging Risk
4559-UWIHT,0,Segment 0 — Emerging Risk
4560-WQAQW,2,Segment 2 — High-Value At-Risk
4565-EVZMJ,2,Segment 2 — High-Value At-Risk
4565-NLZBV,1,Segment 1 — High-Value Stable
4566-GOLUK,2,Segment 2 — High-Value At-Risk
4566-NECEV,0,Segment 0 — Emerging Risk
4566-QVRRW,0,Segment 0 — Emerging Risk
4567-AKPIA,2,Segment 2 — High-Value At-Risk
4568-KNYWR,2,Segment 2 — High-Value At-Risk
4568-TTZRT,1,Segment 1 — High-Value Stable
4570-QHXHL,0,Segment 0 — Emerging Risk
4572-DVCGN,0,Segment 0 — Emerging Risk
4573-JKNAE,1,Segment 1 — High-Value Stable
4576-CSAJH,0,Segment 0 — Emerging Risk
4578-PHJYZ,2,Segment 2 — High-Value At-Risk
4580-TMHJU,0,Segment 0 — Emerging Risk
4581-LNWUM,0,Segment 0 — Emerging Risk
4581-SSPWD,0,Segment 0 — Emerging Risk
4583-PARNH,0,Segment 0 — Emerging Risk
4584-LBNMK,1,Segment 1 — High-Value Stable
4585-HETAI,0,Segment 0 — Emerging Risk
4587-NUKOX,0,Segment 0 — Emerging Risk
4587-VVTOX,0,Segment 0 — Emerging Risk
4588-YBNIB,1,Segment 1 — High-Value Stable
4589-IUAJB,1,Segment 1 — High-Value Stable
4592-IWTJI,0,Segment 0 — Emerging Risk
4597-ELFTS,1,Segment 1 — High-Value Stable
4597-NUCQV,0,Segment 0 — Emerging Risk
4598-XLKNJ,0,Segment 0 — Emerging Risk
4598-ZADCK,0,Segment 0 — Emerging Risk
4603-JANFB,0,Segment 0 — Emerging Risk
4607-CHPCA,2,Segment 2 — High-Value At-Risk
4608-LCIMN,0,Segment 0 — Emerging Risk
4609-KNNWG,1,Segment 1 — High-Value Stable
4611-ANLQC,2,Segment 2 — High-Value At-Risk
4612-SSVHJ,0,Segment 0 — Emerging Risk
4612-THJBS,2,Segment 2 — High-Value At-Risk
4614-NUVZD,0,Segment 0 — Emerging Risk
4615-PIVVU,2,Segment 2 — High-Value At-Risk
4616-EWBNJ,1,Segment 1 — High-Value Stable
4616-ULAOA,2,Segment 2 — High-Value At-Risk
4619-EVPHY,2,Segment 2 — High-Value At-Risk
4622-YNKIJ,2,Segment 2 — High-Value At-Risk
4623-ZKHLY,1,Segment 1 — High-Value Stable
4625-EWPTF,0,Segment 0 — Emerging Risk
4625-LAMOB,1,Segment 1 — High-Value Stable
4625-XMOYM,1,Segment 1 — High-Value Stable
4626-GYCZP,0,Segment 0 — Emerging Risk
4626-OZDTJ,2,Segment 2 — High-Value At-Risk
4627-MIHJH,2,Segment 2 — High-Value At-Risk
4628-CTTLA,0,Segment 0 — Emerging Risk
4628-WQCQQ,0,Segment 0 — Emerging Risk
4629-NRXKX,0,Segment 0 — Emerging Risk
4631-OACRM,0,Segment 0 — Emerging Risk
4632-PAOYU,1,Segment 1 — High-Value Stable
4632-XJMEX,2,Segment 2 — High-Value At-Risk
4633-MKHYU,0,Segment 0 — Emerging Risk
4634-JLRJT,1,Segment 1 — High-Value Stable
4635-EJYPD,1,Segment 1 — High-Value Stable
4636-JGAAI,0,Segment 0 — Emerging Risk
4636-OLWOE,2,Segment 2 — High-Value At-Risk
4636-QRJKY,0,Segment 0 — Emerging Risk
4636-TVXVG,1,Segment 1 — High-Value Stable
4640-UHDOS,0,Segment 0 — Emerging Risk
4641-FROLU,1,Segment 1 — High-Value Stable
4644-OBGFZ,1,Segment 1 — High-Value Stable
4644-PIZRT,0,Segment 0 — Emerging Risk
4646-QZXTF,0,Segment 0 — Emerging Risk
4647-MUZON,0,Segment 0 — Emerging Risk
4647-XXZAM,0,Segment 0 — Emerging Risk
4648-YPBTM,2,Segment 2 — High-Value At-Risk
4652-NNHNY,0,Segment 0 — Emerging Risk
4652-ODEVH,1,Segment 1 — High-Value Stable
4654-DLAMQ,2,Segment 2 — High-Value At-Risk
4654-GGUII,0,Segment 0 — Emerging Risk
4654-ULTTN,2,Segment 2 — High-Value At-Risk
4656-CAURT,1,Segment 1 — High-Value Stable
4657-FWVFY,2,Segment 2 — High-Value At-Risk
4658-HCOHW,0,Segment 0 — Emerging Risk
4659-NZRUF,0,Segment 0 — Emerging Risk
4660-IRIBM,0,Segment 0 — Emerging Risk
4661-NJEUX,1,Segment 1 — High-Value Stable
4662-EKDPQ,0,Segment 0 — Emerging Risk
4664-NJCMS,2,Segment 2 — High-Value At-Risk
4667-OHGKG,1,Segment 1 — High-Value Stable
4667-QONEA,2,Segment 2 — High-Value At-Risk
4670-TABXH,2,Segment 2 — High-Value At-Risk
4671-LXRDQ,0,Segment 0 — Emerging Risk
4671-VJLCL,2,Segment 2 — High-Value At-Risk
4672-FOTSD,0,Segment 0 — Emerging Risk
4673-KKSLS,0,Segment 0 — Emerging Risk
4674-HGNUA,2,Segment 2 — High-Value At-Risk
4676-MQUEA,2,Segment 2 — High-Value At-Risk
4676-WLUHT,2,Segment 2 — High-Value At-Risk
4678-DVQEO,0,Segment 0 — Emerging Risk
4680-KUTAJ,0,Segment 0 — Emerging Risk
4682-BLBUC,2,Segment 2 — High-Value At-Risk
4683-WYDOU,2,Segment 2 — High-Value At-Risk
4685-ERGHK,2,Segment 2 — High-Value At-Risk
4685-TFLLS,1,Segment 1 — High-Value Stable
4686-GEFRM,2,Segment 2 — High-Value At-Risk
4686-UXDML,0,Segment 0 — Emerging Risk
4690-LLKUA,0,Segment 0 — Emerging Risk
4690-PKDQG,0,Segment 0 — Emerging Risk
4692-NNQRU,0,Segment 0 — Emerging Risk
4693-VWVBO,1,Segment 1 — High-Value Stable
4694-PHWFW,1,Segment 1 — High-Value Stable
4695-VADHF,0,Segment 0 — Emerging Risk
4695-WJZUE,0,Segment 0 — Emerging Risk
4697-LUPSU,1,Segment 1 — High-Value Stable
4698-KVLLG,1,Segment 1 — High-Value Stable
4700-UBQMV,2,Segment 2 — High-Value At-Risk
4701-AHWMW,0,Segment 0 — Emerging Risk
4701-LKOZD,2,Segment 2 — High-Value At-Risk
4701-MLJPN,0,Segment 0 — Emerging Risk
4702-HDRKD,2,Segment 2 — High-Value At-Risk
4702-IOQDC,0,Segment 0 — Emerging Risk
4703-MQYKT,1,Segment 1 — High-Value Stable
4704-ERYFC,0,Segment 0 — Emerging Risk
4706-AXVKM,0,Segment 0 — Emerging Risk
4706-DGAHW,0,Segment 0 — Emerging Risk
4707-MAXGU,1,Segment 1 — High-Value Stable
4707-YNOQA,1,Segment 1 — High-Value Stable
4709-LKHYG,1,Segment 1 — High-Value Stable
4710-FDUIZ,2,Segment 2 — High-Value At-Risk
4710-NKCAW,0,Segment 0 — Emerging Risk
4712-AUQZO,0,Segment 0 — Emerging Risk
4712-UYOOI,1,Segment 1 — High-Value Stable
4713-LZDRV,0,Segment 0 — Emerging Risk
4713-ZBURT,2,Segment 2 — High-Value At-Risk
4716-HHKQH,2,Segment 2 — High-Value At-Risk
4716-MRVEN,1,Segment 1 — High-Value Stable
4717-GHADL,2,Segment 2 — High-Value At-Risk
4718-DHSMV,0,Segment 0 — Emerging Risk
4718-WXBGI,2,Segment 2 — High-Value At-Risk
4719-UMSIY,1,Segment 1 — High-Value Stable
4720-VSTSI,0,Segment 0 — Emerging Risk
4723-BEGSG,2,Segment 2 — High-Value At-Risk
4724-WXVWF,0,Segment 0 — Emerging Risk
4726-DLWQN,2,Segment 2 — High-Value At-Risk
4727-MCYZG,0,Segment 0 — Emerging Risk
4729-XKASR,0,Segment 0 — Emerging Risk
4730-AWNAU,2,Segment 2 — High-Value At-Risk
4732-RRJZC,1,Segment 1 — High-Value Stable
4735-ASGMA,0,Segment 0 — Emerging Risk
4735-BJKOU,1,Segment 1 — High-Value Stable
4737-AQCPU,2,Segment 2 — High-Value At-Risk
4737-HOBAX,2,Segment 2 — High-Value At-Risk
4741-WWJQZ,0,Segment 0 — Emerging Risk
4742-DRORA,2,Segment 2 — High-Value At-Risk
4742-TXUEX,1,Segment 1 — High-Value Stable
4745-LSPLO,1,Segment 1 — High-Value Stable
4747-LCAQL,0,Segment 0 — Emerging Risk
4749-OJKQU,0,Segment 0 — Emerging Risk
4749-VFKVB,0,Segment 0 — Emerging Risk
4750-UKWJK,1,Segment 1 — High-Value Stable
4750-ZRXIU,0,Segment 0 — Emerging Risk
4751-ERMAN,2,Segment 2 — High-Value At-Risk
4753-PADAS,2,Segment 2 — High-Value At-Risk
4759-PXTAN,2,Segment 2 — High-Value At-Risk
4759-TRPLW,0,Segment 0 — Emerging Risk
4760-THGOT,2,Segment 2 — High-Value At-Risk
4760-XOHVN,1,Segment 1 — High-Value Stable
4763-PGDPO,0,Segment 0 — Emerging Risk
4765-OXPPD,0,Segment 0 — Emerging Risk
4767-HZZHQ,0,Segment 0 — Emerging Risk
4770-QAZXN,1,Segment 1 — High-Value Stable
4770-UEZOX,0,Segment 0 — Emerging Risk
4774-HHGGS,1,Segment 1 — High-Value Stable
4776-XSKYQ,1,Segment 1 — High-Value Stable
4778-IZARL,2,Segment 2 — High-Value At-Risk
4779-ZGICK,1,Segment 1 — High-Value Stable
4781-ZXYGU,1,Segment 1 — High-Value Stable
4782-OSFXZ,2,Segment 2 — High-Value At-Risk
4785-FCIFB,1,Segment 1 — High-Value Stable
4785-NKHCX,1,Segment 1 — High-Value Stable
4785-QRJHC,2,Segment 2 — High-Value At-Risk
4786-UKSNZ,1,Segment 1 — High-Value Stable
4789-KWMXN,2,Segment 2 — High-Value At-Risk
4791-QRGMF,2,Segment 2 — High-Value At-Risk
4795-KTRTH,0,Segment 0 — Emerging Risk
4795-UXVCJ,1,Segment 1 — High-Value Stable
4795-WRNVT,0,Segment 0 — Emerging Risk
4797-AXPXK,0,Segment 0 — Emerging Risk
4797-MIWUM,1,Segment 1 — High-Value Stable
4800-CZMPC,2,Segment 2 — High-Value At-Risk
4800-VHZKI,1,Segment 1 — High-Value Stable
4801-JZAZL,0,Segment 0 — Emerging Risk
4801-KFYKL,1,Segment 1 — High-Value Stable
4803-AXVYP,0,Segment 0 — Emerging Risk
4803-LBYPN,1,Segment 1 — High-Value Stable
4804-NCPET,1,Segment 1 — High-Value Stable
4806-DXQCE,2,Segment 2 — High-Value At-Risk
4806-HIPDW,0,Segment 0 — Emerging Risk
4806-KEXQR,0,Segment 0 — Emerging Risk
4807-IZYOZ,1,Segment 1 — High-Value Stable
4808-YNLEU,2,Segment 2 — High-Value At-Risk
4811-JBUVU,0,Segment 0 — Emerging Risk
4813-HQMGZ,0,Segment 0 — Emerging Risk
4815-GBTCD,0,Segment 0 — Emerging Risk
4815-TUMEQ,1,Segment 1 — High-Value Stable
4815-YOSUK,2,Segment 2 — High-Value At-Risk
4816-JBHOV,0,Segment 0 — Emerging Risk
4816-LXZYW,0,Segment 0 — Emerging Risk
4816-OKWNX,2,Segment 2 — High-Value At-Risk
4817-KEQSP,1,Segment 1 — High-Value Stable
4817-QRJSX,0,Segment 0 — Emerging Risk
4817-VYYWS,0,Segment 0 — Emerging Risk
4818-DRBQT,0,Segment 0 — Emerging Risk
4818-QIUFN,0,Segment 0 — Emerging Risk
4819-HJPIW,0,Segment 0 — Emerging Risk
4821-SJHJV,2,Segment 2 — High-Value At-Risk
4821-WQOYN,1,Segment 1 — High-Value Stable
4822-LPTYJ,2,Segment 2 — High-Value At-Risk
4822-NGOCH,0,Segment 0 — Emerging Risk
4822-RVYBB,0,Segment 0 — Emerging Risk
4822-YCXMX,0,Segment 0 — Emerging Risk
4824-GUCBY,0,Segment 0 — Emerging Risk
4825-FUREZ,1,Segment 1 — High-Value Stable
4825-XJGDM,2,Segment 2 — High-Value At-Risk
4826-DXMUP,2,Segment 2 — High-Value At-Risk
4826-TZEVA,0,Segment 0 — Emerging Risk
4826-XTSOH,0,Segment 0 — Emerging Risk
4827-DPADN,2,Segment 2 — High-Value At-Risk
4827-LTQRJ,2,Segment 2 — High-Value At-Risk
4827-USJHP,0,Segment 0 — Emerging Risk
4828-FAZPK,0,Segment 0 — Emerging Risk
4829-AUOAX,0,Segment 0 — Emerging Risk
4829-ZLJTK,2,Segment 2 — High-Value At-Risk
4830-FAXFM,1,Segment 1 — High-Value Stable
4831-EOBFE,0,Segment 0 — Emerging Risk
4832-VRBMR,2,Segment 2 — High-Value At-Risk
4833-QTJNO,2,Segment 2 — High-Value At-Risk
4835-YSJMR,0,Segment 0 — Emerging Risk
4836-WNFNO,1,Segment 1 — High-Value Stable
4837-PZTIC,0,Segment 0 — Emerging Risk
4837-QUSFT,2,Segment 2 — High-Value At-Risk
4840-ORQXB,2,Segment 2 — High-Value At-Risk
4844-JJWUY,0,Segment 0 — Emerging Risk
4846-WHAFZ,0,Segment 0 — Emerging Risk
4847-QNOKA,0,Segment 0 — Emerging Risk
4847-TAJYI,0,Segment 0 — Emerging Risk
4849-PYRLQ,2,Segment 2 — High-Value At-Risk
4851-BQDNX,2,Segment 2 — High-Value At-Risk
4853-OITSN,0,Segment 0 — Emerging Risk
4853-RULSV,2,Segment 2 — High-Value At-Risk
4854-CIDCF,0,Segment 0 — Emerging Risk
4854-SSLTN,0,Segment 0 — Emerging Risk
4855-SNKMY,0,Segment 0 — Emerging Risk
4859-ZSRDZ,2,Segment 2 — High-Value At-Risk
4860-IJUDE,0,Segment 0 — Emerging Risk
4860-YZGZM,1,Segment 1 — High-Value Stable
4868-AADLV,2,Segment 2 — High-Value At-Risk
4869-EPIUS,2,Segment 2 — High-Value At-Risk
4871-JTKJF,0,Segment 0 — Emerging Risk
4872-JCVCA,2,Segment 2 — High-Value At-Risk
4872-VXRIL,2,Segment 2 — High-Value At-Risk
4873-ILOLJ,0,Segment 0 — Emerging Risk
4877-EVATK,1,Segment 1 — High-Value Stable
4877-TSOFF,2,Segment 2 — High-Value At-Risk
4878-BUNFV,1,Segment 1 — High-Value Stable
4879-GZLFH,2,Segment 2 — High-Value At-Risk
4881-GQJTW,1,Segment 1 — High-Value Stable
4881-JVQOD,0,Segment 0 — Emerging Risk
4883-KCPZJ,1,Segment 1 — High-Value Stable
4883-QICIH,0,Segment 0 — Emerging Risk
4884-LEVMQ,1,Segment 1 — High-Value Stable
4884-TVUQF,2,Segment 2 — High-Value At-Risk
4884-ZTHVF,0,Segment 0 — Emerging Risk
4890-VMUAV,2,Segment 2 — High-Value At-Risk
4891-NLUBA,2,Segment 2 — High-Value At-Risk
4892-VLANZ,1,Segment 1 — High-Value Stable
4893-GYUJU,1,Segment 1 — High-Value Stable
4895-TMWIR,1,Segment 1 — High-Value Stable
4896-CPRPF,1,Segment 1 — High-Value Stable
4897-QSUYC,1,Segment 1 — High-Value Stable
4900-MSOMT,2,Segment 2 — High-Value At-Risk
4902-OHLSK,0,Segment 0 — Emerging Risk
4903-CNOZC,0,Segment 0 — Emerging Risk
4903-UYAVB,1,Segment 1 — High-Value Stable
4905-JEFDW,0,Segment 0 — Emerging Risk
4906-ZHGPK,2,Segment 2 — High-Value At-Risk
4908-XAXAY,2,Segment 2 — High-Value At-Risk
4909-JOUPP,2,Segment 2 — High-Value At-Risk
4910-AQFFX,0,Segment 0 — Emerging Risk
4910-GMJOT,0,Segment 0 — Emerging Risk
4911-BANWH,0,Segment 0 — Emerging Risk
4912-PIGUY,0,Segment 0 — Emerging Risk
4913-EHYUI,2,Segment 2 — High-Value At-Risk
4915-BFSXL,2,Segment 2 — High-Value At-Risk
4918-FYJNT,2,Segment 2 — High-Value At-Risk
4918-QLLIW,0,Segment 0 — Emerging Risk
4919-IKATY,0,Segment 0 — Emerging Risk
4919-MOAVT,0,Segment 0 — Emerging Risk
4922-CVPDX,2,Segment 2 — High-Value At-Risk
4923-ADWXJ,0,Segment 0 — Emerging Risk
4925-LMHOK,0,Segment 0 — Emerging Risk
4926-UMJZD,0,Segment 0 — Emerging Risk
4927-WWOOZ,0,Segment 0 — Emerging Risk
4929-BSTRX,0,Segment 0 — Emerging Risk
4929-ROART,0,Segment 0 — Emerging Risk
4929-XIHVW,0,Segment 0 — Emerging Risk
4931-TRZWN,0,Segment 0 — Emerging Risk
4933-BSAIP,1,Segment 1 — High-Value Stable
4933-IKULF,1,Segment 1 — High-Value Stable
4936-YPJNK,1,Segment 1 — High-Value Stable
4937-QPZPO,2,Segment 2 — High-Value At-Risk
4939-KYYPY,0,Segment 0 — Emerging Risk
4940-KHCWD,2,Segment 2 — High-Value At-Risk
4942-VZZOM,2,Segment 2 — High-Value At-Risk
4945-RVMTE,0,Segment 0 — Emerging Risk
4946-EDSEW,1,Segment 1 — High-Value Stable
4947-DSMXK,2,Segment 2 — High-Value At-Risk
4948-WBBKL,2,Segment 2 — High-Value At-Risk
4950-BDEUX,0,Segment 0 — Emerging Risk
4950-HKQTE,1,Segment 1 — High-Value Stable
4951-UKAAQ,0,Segment 0 — Emerging Risk
4952-YSOGZ,0,Segment 0 — Emerging Risk
4955-VCWBI,1,Segment 1 — High-Value Stable
4957-SREEC,1,Segment 1 — High-Value Stable
4957-TIALW,0,Segment 0 — Emerging Risk
4957-TREIR,0,Segment 0 — Emerging Risk
4958-GZWIY,0,Segment 0 — Emerging Risk
4958-XCBDQ,0,Segment 0 — Emerging Risk
4959-JOSRX,0,Segment 0 — Emerging Risk
4962-CHQPW,1,Segment 1 — High-Value Stable
4967-WPNCF,2,Segment 2 — High-Value At-Risk
4971-PUYQO,0,Segment 0 — Emerging Risk
4973-MGTON,2,Segment 2 — High-Value At-Risk
4973-RLZVI,0,Segment 0 — Emerging Risk
4976-LNFVV,0,Segment 0 — Emerging Risk
4979-HPRFL,1,Segment 1 — High-Value Stable
4980-URKXC,1,Segment 1 — High-Value Stable
4981-FLTMF,0,Segment 0 — Emerging Risk
4983-CCWMC,0,Segment 0 — Emerging Risk
4983-CLMLV,2,Segment 2 — High-Value At-Risk
4986-MXSFP,1,Segment 1 — High-Value Stable
4987-GQWPO,0,Segment 0 — Emerging Risk
4988-IQIGL,0,Segment 0 — Emerging Risk
4989-LIXVT,2,Segment 2 — High-Value At-Risk
4990-ALDGW,1,Segment 1 — High-Value Stable
4992-LTJNE,2,Segment 2 — High-Value At-Risk
4993-JCRGJ,0,Segment 0 — Emerging Risk
4994-OBRSZ,0,Segment 0 — Emerging Risk
4998-IKFSE,0,Segment 0 — Emerging Risk
4999-IEZLT,1,Segment 1 — High-Value Stable
5002-GCQFH,2,Segment 2 — High-Value At-Risk
5003-OKNNK,1,Segment 1 — High-Value Stable
5003-XZWWO,2,Segment 2 — High-Value At-Risk
5006-MXVRN,1,Segment 1 — High-Value Stable
5010-IPEAQ,2,Segment 2 — High-Value At-Risk
5012-YSPJJ,0,Segment 0 — Emerging Risk
5013-SBUIH,2,Segment 2 — High-Value At-Risk
5014-GSOUQ,1,Segment 1 — High-Value Stable
5014-WUQMG,2,Segment 2 — High-Value At-Risk
5016-ETTFF,0,Segment 0 — Emerging Risk
5016-IBERQ,0,Segment 0 — Emerging Risk
5016-LIPDW,1,Segment 1 — High-Value Stable
5018-GWURO,2,Segment 2 — High-Value At-Risk
5018-HEKFO,1,Segment 1 — High-Value Stable
5018-LXQQG,0,Segment 0 — Emerging Risk
5019-GQVCR,0,Segment 0 — Emerging Risk
5020-ZSTTY,2,Segment 2 — High-Value At-Risk
5022-JNQEQ,0,Segment 0 — Emerging Risk
5022-KVDQT,0,Segment 0 — Emerging Risk
5025-GOOKI,1,Segment 1 — High-Value Stable
5027-QPKTE,0,Segment 0 — Emerging Risk
5027-XWQHA,0,Segment 0 — Emerging Risk
5027-YOCXN,2,Segment 2 — High-Value At-Risk
5028-GZLDO,0,Segment 0 — Emerging Risk
5028-HTLJB,1,Segment 1 — High-Value Stable
5032-MIYKT,0,Segment 0 — Emerging Risk
5032-USPKF,2,Segment 2 — High-Value At-Risk
5035-BVCXS,0,Segment 0 — Emerging Risk
5035-PGZXH,2,Segment 2 — High-Value At-Risk
5038-ETMLM,2,Segment 2 — High-Value At-Risk
5039-LZRQT,1,Segment 1 — High-Value Stable
5043-TRZWM,0,Segment 0 — Emerging Risk
5044-LRQAQ,0,Segment 0 — Emerging Risk
5044-XDPYX,1,Segment 1 — High-Value Stable
5046-NUHWD,0,Segment 0 — Emerging Risk
5047-LHVLY,0,Segment 0 — Emerging Risk
5049-GLYVG,1,Segment 1 — High-Value Stable
5049-MUBWG,2,Segment 2 — High-Value At-Risk
5052-PNLOS,0,Segment 0 — Emerging Risk
5054-IEXZT,0,Segment 0 — Emerging Risk
5055-BRMNE,2,Segment 2 — High-Value At-Risk
5055-MGMGF,2,Segment 2 — High-Value At-Risk
5056-FIMPT,2,Segment 2 — High-Value At-Risk
5057-LCOUI,0,Segment 0 — Emerging Risk
5057-RKGLH,1,Segment 1 — High-Value Stable
5060-TQUQN,0,Segment 0 — Emerging Risk
5061-PBXFW,0,Segment 0 — Emerging Risk
5062-CJJKH,2,Segment 2 — High-Value At-Risk
5063-IUOKK,1,Segment 1 — High-Value Stable
5066-GFJMM,1,Segment 1 — High-Value Stable
5067-DGXLL,1,Segment 1 — High-Value Stable
5067-WJEUN,2,Segment 2 — High-Value At-Risk
5067-XJQFU,2,Segment 2 — High-Value At-Risk
5071-FBJFS,0,Segment 0 — Emerging Risk
5073-RZGBK,2,Segment 2 — High-Value At-Risk
5073-WXOYN,0,Segment 0 — Emerging Risk
5074-FBGHB,2,Segment 2 — High-Value At-Risk
5075-JSDKI,1,Segment 1 — High-Value Stable
5076-YVXCM,2,Segment 2 — High-Value At-Risk
5077-DXTCG,0,Segment 0 — Emerging Risk
5081-NWSUP,0,Segment 0 — Emerging Risk
5084-OOVCJ,0,Segment 0 — Emerging Risk
5087-SUURX,0,Segment 0 — Emerging Risk
5088-QZLRL,1,Segment 1 — High-Value Stable
5089-IFSDP,2,Segment 2 — High-Value At-Risk
5090-EMGTC,2,Segment 2 — High-Value At-Risk
5091-HFAZW,0,Segment 0 — Emerging Risk
5092-STPKP,0,Segment 0 — Emerging Risk
5093-FEGLU,1,Segment 1 — High-Value Stable
5095-AESKG,0,Segment 0 — Emerging Risk
5095-ETBRJ,2,Segment 2 — High-Value At-Risk
5099-BAILX,2,Segment 2 — High-Value At-Risk
5103-MHMHY,0,Segment 0 — Emerging Risk
5108-ADXWO,0,Segment 0 — Emerging Risk
5110-CHOPY,0,Segment 0 — Emerging Risk
5115-GZDEL,2,Segment 2 — High-Value At-Risk
5115-SQAAU,1,Segment 1 — High-Value Stable
5117-IFGPS,2,Segment 2 — High-Value At-Risk
5117-ZSMHQ,2,Segment 2 — High-Value At-Risk
5118-MUEYH,2,Segment 2 — High-Value At-Risk
5119-KEPFY,0,Segment 0 — Emerging Risk
5119-NZPTV,0,Segment 0 — Emerging Risk
5120-ZBLAI,2,Segment 2 — High-Value At-Risk
5122-CYFXA,0,Segment 0 — Emerging Risk
5124-EOGYE,1,Segment 1 — High-Value Stable
5125-CNDSP,2,Segment 2 — High-Value At-Risk
5126-RCXYW,2,Segment 2 — High-Value At-Risk
5127-BZENZ,2,Segment 2 — High-Value At-Risk
5129-HHMZC,2,Segment 2 — High-Value At-Risk
5129-JLPIS,0,Segment 0 — Emerging Risk
5130-IEKQT,0,Segment 0 — Emerging Risk
5130-YPIRV,2,Segment 2 — High-Value At-Risk
5131-PONJI,2,Segment 2 — High-Value At-Risk
5133-POWUA,0,Segment 0 — Emerging Risk
5133-VRSAB,0,Segment 0 — Emerging Risk
5134-IKDAY,0,Segment 0 — Emerging Risk
5135-GRQJV,2,Segment 2 — High-Value At-Risk
5135-RDDQL,2,Segment 2 — High-Value At-Risk
5136-GFPMB,2,Segment 2 — High-Value At-Risk
5136-KCKGI,2,Segment 2 — High-Value At-Risk
5136-RGMZO,0,Segment 0 — Emerging Risk
5138-WVKYJ,0,Segment 0 — Emerging Risk
5140-FOMCQ,2,Segment 2 — High-Value At-Risk
5141-ZUVBH,0,Segment 0 — Emerging Risk
5143-EGQFK,0,Segment 0 — Emerging Risk
5143-WMWOG,1,Segment 1 — High-Value Stable
5144-PQCDZ,1,Segment 1 — High-Value Stable
5144-TVGLP,2,Segment 2 — High-Value At-Risk
5146-CBVOE,0,Segment 0 — Emerging Risk
5146-YYFRZ,1,Segment 1 — High-Value Stable
5148-HKFIR,1,Segment 1 — High-Value Stable
5148-ORICT,2,Segment 2 — High-Value At-Risk
5149-CUZUJ,2,Segment 2 — High-Value At-Risk
5149-QYTTU,2,Segment 2 — High-Value At-Risk
5149-TGWDZ,2,Segment 2 — High-Value At-Risk
5150-ITWWB,0,Segment 0 — Emerging Risk
5150-LJNSR,2,Segment 2 — High-Value At-Risk
5151-HQRDG,0,Segment 0 — Emerging Risk
5153-LXKDT,2,Segment 2 — High-Value At-Risk
5153-RTHKF,0,Segment 0 — Emerging Risk
5154-VEKBL,0,Segment 0 — Emerging Risk
5155-AZQPB,0,Segment 0 — Emerging Risk
5156-UMKOW,0,Segment 0 — Emerging Risk
5158-RIVOP,1,Segment 1 — High-Value Stable
5159-YFPKQ,0,Segment 0 — Emerging Risk
5160-UXJED,0,Segment 0 — Emerging Risk
5161-UBZXI,2,Segment 2 — High-Value At-Risk
5161-XEUVX,2,Segment 2 — High-Value At-Risk
5167-GBFRE,0,Segment 0 — Emerging Risk
5167-ZFFMM,0,Segment 0 — Emerging Risk
5168-MQQCA,2,Segment 2 — High-Value At-Risk
5168-MSWXT,0,Segment 0 — Emerging Risk
5170-PTRKA,0,Segment 0 — Emerging Risk
5171-EPLKN,1,Segment 1 — High-Value Stable
5172-MIGPM,0,Segment 0 — Emerging Risk
5172-RKOCB,2,Segment 2 — High-Value At-Risk
5173-WXOQV,0,Segment 0 — Emerging Risk
5173-ZXXXL,1,Segment 1 — High-Value Stable
5174-ITUMV,2,Segment 2 — High-Value At-Risk
5174-RNGBH,0,Segment 0 — Emerging Risk
5175-AOBHI,0,Segment 0 — Emerging Risk
5175-WLYXL,0,Segment 0 — Emerging Risk
5176-LDKUH,2,Segment 2 — High-Value At-Risk
5176-LMJXE,1,Segment 1 — High-Value Stable
5176-OLSKT,2,Segment 2 — High-Value At-Risk
5177-RVZNU,1,Segment 1 — High-Value Stable
5178-LMXOP,0,Segment 0 — Emerging Risk
5180-UCIIQ,0,Segment 0 — Emerging Risk
5181-OABFK,2,Segment 2 — High-Value At-Risk
5183-KLYEM,2,Segment 2 — High-Value At-Risk
5183-SNMJQ,0,Segment 0 — Emerging Risk
5186-EJEGL,0,Segment 0 — Emerging Risk
5186-PEIZU,1,Segment 1 — High-Value Stable
5186-SAMNZ,0,Segment 0 — Emerging Risk
5188-HGMLP,2,Segment 2 — High-Value At-Risk
5192-EBGOV,0,Segment 0 — Emerging Risk
5193-QLVZB,2,Segment 2 — High-Value At-Risk
5195-KPUNQ,2,Segment 2 — High-Value At-Risk
5196-SGOAK,0,Segment 0 — Emerging Risk
5196-WPYOW,2,Segment 2 — High-Value At-Risk
5197-LQXXH,2,Segment 2 — High-Value At-Risk
5197-PYEPU,2,Segment 2 — High-Value At-Risk
5197-YPYBZ,1,Segment 1 — High-Value Stable
5198-EFNBM,2,Segment 2 — High-Value At-Risk
5198-HQAEN,2,Segment 2 — High-Value At-Risk
5199-FPUSP,1,Segment 1 — High-Value Stable
5201-CBWYG,1,Segment 1 — High-Value Stable
5201-FRKKS,0,Segment 0 — Emerging Risk
5201-USSQZ,0,Segment 0 — Emerging Risk
5202-IVJNU,0,Segment 0 — Emerging Risk
5203-XEHAX,2,Segment 2 — High-Value At-Risk
5204-HMGYF,2,Segment 2 — High-Value At-Risk
5204-QZXPU,0,Segment 0 — Emerging Risk
5206-HPJKM,0,Segment 0 — Emerging Risk
5206-XZZQI,2,Segment 2 — High-Value At-Risk
5207-PLSTK,0,Segment 0 — Emerging Risk
5208-FVQKB,2,Segment 2 — High-Value At-Risk
5208-HFSBT,0,Segment 0 — Emerging Risk
5213-TWWJU,0,Segment 0 — Emerging Risk
5214-CHIWJ,1,Segment 1 — High-Value Stable
5214-NLTIT,2,Segment 2 — High-Value At-Risk
5215-LNLDJ,0,Segment 0 — Emerging Risk
5216-WASFJ,2,Segment 2 — High-Value At-Risk
5219-YIPTK,0,Segment 0 — Emerging Risk
5220-AGAAX,1,Segment 1 — High-Value Stable
5222-IMUKT,0,Segment 0 — Emerging Risk
5222-JCXZT,1,Segment 1 — High-Value Stable
5223-UZAVK,2,Segment 2 — High-Value At-Risk
5226-NOZFC,0,Segment 0 — Emerging Risk
5227-JSCFE,2,Segment 2 — High-Value At-Risk
5228-EXCET,0,Segment 0 — Emerging Risk
5229-DTFYB,2,Segment 2 — High-Value At-Risk
5229-PRWKT,0,Segment 0 — Emerging Risk
5231-FIQPA,1,Segment 1 — High-Value Stable
5232-NXPAY,2,Segment 2 — High-Value At-Risk
5233-AOZUF,0,Segment 0 — Emerging Risk
5233-GEEAX,0,Segment 0 — Emerging Risk
5236-PERKL,2,Segment 2 — High-Value At-Risk
5236-XMZJY,0,Segment 0 — Emerging Risk
5240-CAOYT,2,Segment 2 — High-Value At-Risk
5240-IJOQT,0,Segment 0 — Emerging Risk
5242-UOWHD,1,Segment 1 — High-Value Stable
5243-SAOTC,0,Segment 0 — Emerging Risk
5244-IRFIH,0,Segment 0 — Emerging Risk
5245-VDBUR,1,Segment 1 — High-Value Stable
5248-KWLAR,2,Segment 2 — High-Value At-Risk
5248-RPYWW,2,Segment 2 — High-Value At-Risk
5248-YGIJN,2,Segment 2 — High-Value At-Risk
5249-QYHEX,1,Segment 1 — High-Value Stable
5256-SKJGO,2,Segment 2 — High-Value At-Risk
5260-UMPWX,1,Segment 1 — High-Value Stable
5261-QSHQM,0,Segment 0 — Emerging Risk
5266-PFRQK,1,Segment 1 — High-Value Stable
5268-DSMNQ,2,Segment 2 — High-Value At-Risk
5269-NRGDP,2,Segment 2 — High-Value At-Risk
5271-DBYSJ,0,Segment 0 — Emerging Risk
5271-YNWVR,2,Segment 2 — High-Value At-Risk
5274-XHAKY,2,Segment 2 — High-Value At-Risk
5275-PMFUT,2,Segment 2 — High-Value At-Risk
5275-SQEIZ,0,Segment 0 — Emerging Risk
5276-KQWHG,0,Segment 0 — Emerging Risk
5277-ZLOOR,0,Segment 0 — Emerging Risk
5278-PNYOX,2,Segment 2 — High-Value At-Risk
5281-BUZGT,0,Segment 0 — Emerging Risk
5285-MVEHD,2,Segment 2 — High-Value At-Risk
5286-YHCVC,2,Segment 2 — High-Value At-Risk
5287-QWLKY,2,Segment 2 — High-Value At-Risk
5288-AHOUP,0,Segment 0 — Emerging Risk
5293-WXJAK,0,Segment 0 — Emerging Risk
5294-CDGWY,2,Segment 2 — High-Value At-Risk
5294-DMSFH,0,Segment 0 — Emerging Risk
5294-IMHHT,2,Segment 2 — High-Value At-Risk
5295-PCJOO,0,Segment 0 — Emerging Risk
5296-BFCYD,1,Segment 1 — High-Value Stable
5296-PSYVW,1,Segment 1 — High-Value Stable
5297-MDOIR,2,Segment 2 — High-Value At-Risk
5298-GSTLM,2,Segment 2 — High-Value At-Risk
5299-RULOA,0,Segment 0 — Emerging Risk
5299-SJCZT,0,Segment 0 — Emerging Risk
5301-GAUUY,0,Segment 0 — Emerging Risk
5302-BDJNT,0,Segment 0 — Emerging Risk
5304-EFJLP,2,Segment 2 — High-Value At-Risk
5306-BVTKJ,2,Segment 2 — High-Value At-Risk
5307-DZCVC,0,Segment 0 — Emerging Risk
5307-UVGNB,0,Segment 0 — Emerging Risk
5309-TAIKL,0,Segment 0 — Emerging Risk
5310-NOOVA,1,Segment 1 — High-Value Stable
5311-IHLEI,0,Segment 0 — Emerging Risk
5312-IRCFR,2,Segment 2 — High-Value At-Risk
5312-TSZVC,1,Segment 1 — High-Value Stable
5312-UXESG,2,Segment 2 — High-Value At-Risk
5313-FPXWG,1,Segment 1 — High-Value Stable
5315-CKEQK,0,Segment 0 — Emerging Risk
5317-FLPJF,2,Segment 2 — High-Value At-Risk
5318-IXUZF,0,Segment 0 — Emerging Risk
5318-YKDPV,2,Segment 2 — High-Value At-Risk
5320-BRKGK,2,Segment 2 — High-Value At-Risk
5321-NTRKC,2,Segment 2 — High-Value At-Risk
5322-TEUJK,2,Segment 2 — High-Value At-Risk
5322-ZSMZY,1,Segment 1 — High-Value Stable
5324-KTGCG,1,Segment 1 — High-Value Stable
5325-UWTWJ,0,Segment 0 — Emerging Risk
5327-CNLUQ,2,Segment 2 — High-Value At-Risk
5327-XOKKY,2,Segment 2 — High-Value At-Risk
5329-KRDTM,2,Segment 2 — High-Value At-Risk
5331-RGMTT,2,Segment 2 — High-Value At-Risk
5334-AFQJB,1,Segment 1 — High-Value Stable
5334-JLAXU,2,Segment 2 — High-Value At-Risk
5336-UFNZP,2,Segment 2 — High-Value At-Risk
5337-IIWKZ,0,Segment 0 — Emerging Risk
5338-YHWYT,2,Segment 2 — High-Value At-Risk
5339-PXDVH,0,Segment 0 — Emerging Risk
5339-TJFEK,2,Segment 2 — High-Value At-Risk
5343-SGUBI,2,Segment 2 — High-Value At-Risk
5345-BMKWB,1,Segment 1 — High-Value Stable
5346-BZCHP,1,Segment 1 — High-Value Stable
5348-CAGXB,0,Segment 0 — Emerging Risk
5349-AZPEW,0,Segment 0 — Emerging Risk
5349-IECLD,0,Segment 0 — Emerging Risk
5351-QESIO,0,Segment 0 — Emerging Risk
5353-WILCI,0,Segment 0 — Emerging Risk
5356-CSVSQ,0,Segment 0 — Emerging Risk
5356-KZCKT,1,Segment 1 — High-Value Stable
5356-RHIPP,1,Segment 1 — High-Value Stable
5357-TZHPP,0,Segment 0 — Emerging Risk
5360-LJCNJ,2,Segment 2 — High-Value At-Risk
5360-XGYAZ,2,Segment 2 — High-Value At-Risk
5364-EVNIB,0,Segment 0 — Emerging Risk
5364-XYIRR,0,Segment 0 — Emerging Risk
5365-LLFYV,0,Segment 0 — Emerging Risk
5366-IJEQJ,0,Segment 0 — Emerging Risk
5366-OBVMR,0,Segment 0 — Emerging Risk
5370-IIVVL,2,Segment 2 — High-Value At-Risk
5371-VYLSX,2,Segment 2 — High-Value At-Risk
5372-FBKBN,1,Segment 1 — High-Value Stable
5373-SFODM,0,Segment 0 — Emerging Risk
5375-XLDOF,2,Segment 2 — High-Value At-Risk
5376-DEQCP,0,Segment 0 — Emerging Risk
5376-PCKNB,2,Segment 2 — High-Value At-Risk
5377-NDTOU,2,Segment 2 — High-Value At-Risk
5378-IKEEG,0,Segment 0 — Emerging Risk
5380-AFSSK,0,Segment 0 — Emerging Risk
5380-WJKOV,0,Segment 0 — Emerging Risk
5380-XPJNZ,1,Segment 1 — High-Value Stable
5382-SOYZL,0,Segment 0 — Emerging Risk
5382-TEMLV,0,Segment 0 — Emerging Risk
5383-MMTWC,0,Segment 0 — Emerging Risk
5384-ZTTWP,1,Segment 1 — High-Value Stable
5385-SUIRI,2,Segment 2 — High-Value At-Risk
5386-THSLQ,2,Segment 2 — High-Value At-Risk
5387-ASZNZ,2,Segment 2 — High-Value At-Risk
5389-FFVKB,0,Segment 0 — Emerging Risk
5392-AKEMH,0,Segment 0 — Emerging Risk
5393-HJZSM,0,Segment 0 — Emerging Risk
5393-RXQSZ,0,Segment 0 — Emerging Risk
5394-MEITZ,2,Segment 2 — High-Value At-Risk
5394-SVGJV,0,Segment 0 — Emerging Risk
5396-IZEPB,1,Segment 1 — High-Value Stable
5397-NSKQG,2,Segment 2 — High-Value At-Risk
5397-TUPSH,2,Segment 2 — High-Value At-Risk
5399-ZIMKF,0,Segment 0 — Emerging Risk
5402-HTOTQ,0,Segment 0 — Emerging Risk
5404-GGUKR,0,Segment 0 — Emerging Risk
5405-ZMYXQ,0,Segment 0 — Emerging Risk
5406-KGRMX,1,Segment 1 — High-Value Stable
5414-OFQCB,2,Segment 2 — High-Value At-Risk
5419-CONWX,0,Segment 0 — Emerging Risk
5419-JKZNQ,0,Segment 0 — Emerging Risk
5419-JPRRN,0,Segment 0 — Emerging Risk
5419-KLXBN,0,Segment 0 — Emerging Risk
5423-BHIXO,0,Segment 0 — Emerging Risk
5424-RLQLC,0,Segment 0 — Emerging Risk
5429-LWCMV,0,Segment 0 — Emerging Risk
5433-KYGHE,0,Segment 0 — Emerging Risk
5438-QMDDL,0,Segment 0 — Emerging Risk
5439-WIKXB,2,Segment 2 — High-Value At-Risk
5440-FLBQG,2,Segment 2 — High-Value At-Risk
5440-VHLUL,2,Segment 2 — High-Value At-Risk
5442-BHQNG,0,Segment 0 — Emerging Risk
5442-BXVND,1,Segment 1 — High-Value Stable
5442-PPTJY,1,Segment 1 — High-Value Stable
5442-UTCVD,0,Segment 0 — Emerging Risk
5442-XSDCW,0,Segment 0 — Emerging Risk
5443-SCMKX,2,Segment 2 — High-Value At-Risk
5445-GLVOT,0,Segment 0 — Emerging Risk
5445-PZWGX,2,Segment 2 — High-Value At-Risk
5445-UTODQ,0,Segment 0 — Emerging Risk
5446-DKWYW,2,Segment 2 — High-Value At-Risk
5447-VYTKW,0,Segment 0 — Emerging Risk
5447-WZAFP,2,Segment 2 — High-Value At-Risk
5448-VWNAM,0,Segment 0 — Emerging Risk
5449-FIBXJ,0,Segment 0 — Emerging Risk
5451-MHQOF,1,Segment 1 — High-Value Stable
5451-YHYPW,2,Segment 2 — High-Value At-Risk
5453-AXEPF,0,Segment 0 — Emerging Risk
5453-YBTWV,2,Segment 2 — High-Value At-Risk
5456-ITGIC,2,Segment 2 — High-Value At-Risk
5457-COLHT,2,Segment 2 — High-Value At-Risk
5458-CQJTA,2,Segment 2 — High-Value At-Risk
5461-QKNTN,0,Segment 0 — Emerging Risk
5465-BUBFA,1,Segment 1 — High-Value Stable
5468-BPMMO,1,Segment 1 — High-Value Stable
5469-CTCWN,2,Segment 2 — High-Value At-Risk
5469-NUJUR,1,Segment 1 — High-Value Stable
5472-CVMDX,2,Segment 2 — High-Value At-Risk
5473-KHBPS,2,Segment 2 — High-Value At-Risk
5474-LAMUQ,1,Segment 1 — High-Value Stable
5478-JJVZK,0,Segment 0 — Emerging Risk
5480-HPRRX,0,Segment 0 — Emerging Risk
5480-TBGPH,0,Segment 0 — Emerging Risk
5480-XTFFL,1,Segment 1 — High-Value Stable
5481-NTDOH,2,Segment 2 — High-Value At-Risk
5482-NUPNA,0,Segment 0 — Emerging Risk
5482-PLVPE,0,Segment 0 — Emerging Risk
5482-VXSXJ,0,Segment 0 — Emerging Risk
5485-ITNPC,2,Segment 2 — High-Value At-Risk
5485-WUYWF,0,Segment 0 — Emerging Risk
5493-SDRDQ,0,Segment 0 — Emerging Risk
5494-HECPR,0,Segment 0 — Emerging Risk
5494-WOZRZ,2,Segment 2 — High-Value At-Risk
5495-GPSRW,1,Segment 1 — High-Value Stable
5498-IBWPI,2,Segment 2 — High-Value At-Risk
5498-TXHLF,0,Segment 0 — Emerging Risk
5499-ECUTN,2,Segment 2 — High-Value At-Risk
5501-TVMGM,0,Segment 0 — Emerging Risk
5502-RLUYV,2,Segment 2 — High-Value At-Risk
5504-WSIUR,2,Segment 2 — High-Value At-Risk
5505-OVWQW,1,Segment 1 — High-Value Stable
5510-BOIUJ,1,Segment 1 — High-Value Stable
5512-IDZEI,1,Segment 1 — High-Value Stable
5514-YQENT,2,Segment 2 — High-Value At-Risk
5515-AKOAJ,2,Segment 2 — High-Value At-Risk
5515-IDEJJ,1,Segment 1 — High-Value Stable
5515-RUGKN,0,Segment 0 — Emerging Risk
5519-NPHVG,0,Segment 0 — Emerging Risk
5519-TEEUH,1,Segment 1 — High-Value Stable
5519-YLDGW,0,Segment 0 — Emerging Risk
5520-FVEWJ,0,Segment 0 — Emerging Risk
5522-JBWMO,0,Segment 0 — Emerging Risk
5522-NYKPB,0,Segment 0 — Emerging Risk
5524-KHNJP,2,Segment 2 — High-Value At-Risk
5527-ACHSO,0,Segment 0 — Emerging Risk
5529-GIBVH,1,Segment 1 — High-Value Stable
5533-NHFRF,0,Segment 0 — Emerging Risk
5533-RJFTJ,0,Segment 0 — Emerging Risk
5536-RTPWK,2,Segment 2 — High-Value At-Risk
5536-SLHPM,0,Segment 0 — Emerging Risk
5537-UXXVS,1,Segment 1 — High-Value Stable
5539-HIVAK,1,Segment 1 — High-Value Stable
5539-TMZLF,0,Segment 0 — Emerging Risk
5542-DHSXL,0,Segment 0 — Emerging Risk
5542-NKVRU,1,Segment 1 — High-Value Stable
5542-TBBWB,0,Segment 0 — Emerging Risk
5543-QDCRY,0,Segment 0 — Emerging Risk
5546-BYZSM,1,Segment 1 — High-Value Stable
5546-QUERU,1,Segment 1 — High-Value Stable
5549-ZGHFB,1,Segment 1 — High-Value Stable
5550-VFRLC,0,Segment 0 — Emerging Risk
5552-ZNFSJ,0,Segment 0 — Emerging Risk
5553-AOINX,2,Segment 2 — High-Value At-Risk
5555-RNPGT,1,Segment 1 — High-Value Stable
5561-NWEVX,0,Segment 0 — Emerging Risk
5562-BETPV,1,Segment 1 — High-Value Stable
5562-YJQGT,1,Segment 1 — High-Value Stable
5564-NEMQO,0,Segment 0 — Emerging Risk
5565-FILXA,0,Segment 0 — Emerging Risk
5566-SOEZD,2,Segment 2 — High-Value At-Risk
5567-GZKQY,1,Segment 1 — High-Value Stable
5567-WSELE,0,Segment 0 — Emerging Risk
5568-DMXZS,0,Segment 0 — Emerging Risk
5569-IDSEY,2,Segment 2 — High-Value At-Risk
5569-KGJHX,0,Segment 0 — Emerging Risk
5569-OUICF,0,Segment 0 — Emerging Risk
5570-PTWEH,0,Segment 0 — Emerging Risk
5572-ZDXHY,0,Segment 0 — Emerging Risk
5574-NXZIU,2,Segment 2 — High-Value At-Risk
5575-GNVDE,0,Segment 0 — Emerging Risk
5575-TPIZQ,2,Segment 2 — High-Value At-Risk
5577-OTWWW,1,Segment 1 — High-Value Stable
5578-NKCXI,2,Segment 2 — High-Value At-Risk
5583-EJXRD,2,Segment 2 — High-Value At-Risk
5583-SXDAG,0,Segment 0 — Emerging Risk
5590-BYNII,0,Segment 0 — Emerging Risk
5590-YRFJT,0,Segment 0 — Emerging Risk
5590-ZSKRV,0,Segment 0 — Emerging Risk
5593-SUAOO,2,Segment 2 — High-Value At-Risk
5597-GLBUC,0,Segment 0 — Emerging Risk
5598-IKHQQ,1,Segment 1 — High-Value Stable
5599-HVLTW,0,Segment 0 — Emerging Risk
5600-KTXFM,0,Segment 0 — Emerging Risk
5600-PDUJF,0,Segment 0 — Emerging Risk
5602-BVFMK,1,Segment 1 — High-Value Stable
5605-IYGFG,0,Segment 0 — Emerging Risk
5605-XNWEN,1,Segment 1 — High-Value Stable
5606-AMZBO,0,Segment 0 — Emerging Risk
5609-CEBID,0,Segment 0 — Emerging Risk
5609-IMCGG,0,Segment 0 — Emerging Risk
5614-DNZCE,2,Segment 2 — High-Value At-Risk
5616-PRTNT,1,Segment 1 — High-Value Stable
5619-PTMIK,2,Segment 2 — High-Value At-Risk
5619-XZZKR,1,Segment 1 — High-Value Stable
5622-UEJFI,1,Segment 1 — High-Value Stable
5624-BQSSA,1,Segment 1 — High-Value Stable
5624-RYAMH,1,Segment 1 — High-Value Stable
5626-MGTUK,0,Segment 0 — Emerging Risk
5627-TVBPP,1,Segment 1 — High-Value Stable
5628-FCGYG,0,Segment 0 — Emerging Risk
5628-RKIFK,2,Segment 2 — High-Value At-Risk
5630-AHZIL,0,Segment 0 — Emerging Risk
5630-IXDXV,2,Segment 2 — High-Value At-Risk
5639-NTUPK,0,Segment 0 — Emerging Risk
5640-CAXOA,0,Segment 0 — Emerging Risk
5641-DMBFJ,2,Segment 2 — High-Value At-Risk
5642-MHDQT,1,Segment 1 — High-Value Stable
5644-PDMZC,0,Segment 0 — Emerging Risk
5647-FXOTP,2,Segment 2 — High-Value At-Risk
5647-URDKA,1,Segment 1 — High-Value Stable
5649-ANRML,0,Segment 0 — Emerging Risk
5649-RXQTV,2,Segment 2 — High-Value At-Risk
5649-TJHOV,0,Segment 0 — Emerging Risk
5649-VUKMC,0,Segment 0 — Emerging Risk
5650-VDUDS,0,Segment 0 — Emerging Risk
5650-YLIBA,0,Segment 0 — Emerging Risk
5651-CPDND,0,Segment 0 — Emerging Risk
5651-CRHKQ,2,Segment 2 — High-Value At-Risk
5651-WYIPH,0,Segment 0 — Emerging Risk
5651-YLPRD,2,Segment 2 — High-Value At-Risk
5652-MSDEY,0,Segment 0 — Emerging Risk
5655-JSMZM,2,Segment 2 — High-Value At-Risk
5656-JAMLX,1,Segment 1 — High-Value Stable
5656-MJEFC,2,Segment 2 — High-Value At-Risk
5663-QBGIS,2,Segment 2 — High-Value At-Risk
5666-CYCYZ,0,Segment 0 — Emerging Risk
5666-MBJPT,1,Segment 1 — High-Value Stable
5668-MEISB,2,Segment 2 — High-Value At-Risk
5669-SRAIP,0,Segment 0 — Emerging Risk
5671-RQRLP,2,Segment 2 — High-Value At-Risk
5671-UUNXD,2,Segment 2 — High-Value At-Risk
5673-FSSMF,0,Segment 0 — Emerging Risk
5673-TIYIB,0,Segment 0 — Emerging Risk
5676-CFLYY,2,Segment 2 — High-Value At-Risk
5678-VFNEQ,2,Segment 2 — High-Value At-Risk
5680-LQOGP,2,Segment 2 — High-Value At-Risk
5681-LLOEI,2,Segment 2 — High-Value At-Risk
5684-FJVYR,2,Segment 2 — High-Value At-Risk
5685-IIXLY,0,Segment 0 — Emerging Risk
5686-CMAWK,0,Segment 0 — Emerging Risk
5687-DKDTV,1,Segment 1 — High-Value Stable
5688-KZTSN,1,Segment 1 — High-Value Stable
5692-FPTAH,0,Segment 0 — Emerging Risk
5692-ICXLW,2,Segment 2 — High-Value At-Risk
5693-PIPCS,2,Segment 2 — High-Value At-Risk
5696-CEIQJ,2,Segment 2 — High-Value At-Risk
5696-EXCYS,1,Segment 1 — High-Value Stable
5696-JVVQY,2,Segment 2 — High-Value At-Risk
5696-QURRL,0,Segment 0 — Emerging Risk
5697-GOMBF,0,Segment 0 — Emerging Risk
5698-BQJOH,0,Segment 0 — Emerging Risk
5699-BNCAS,1,Segment 1 — High-Value Stable
5701-GUXDC,0,Segment 0 — Emerging Risk
5701-SVCWR,1,Segment 1 — High-Value Stable
5701-YVSVF,0,Segment 0 — Emerging Risk
5701-ZIKJE,0,Segment 0 — Emerging Risk
5702-KVQRD,2,Segment 2 — High-Value At-Risk
5702-SKUOB,1,Segment 1 — High-Value Stable
5707-ORNDZ,0,Segment 0 — Emerging Risk
5707-ZMDJP,2,Segment 2 — High-Value At-Risk
5708-EVONK,0,Segment 0 — Emerging Risk
5709-LVOEQ,0,Segment 0 — Emerging Risk
5712-AHQNN,0,Segment 0 — Emerging Risk
5712-PTIWW,0,Segment 0 — Emerging Risk
5712-VBOXD,1,Segment 1 — High-Value Stable
5716-EZXZN,2,Segment 2 — High-Value At-Risk
5716-LIBJC,0,Segment 0 — Emerging Risk
5724-BIDBU,2,Segment 2 — High-Value At-Risk
5726-CVNYA,1,Segment 1 — High-Value Stable
5727-MYATE,2,Segment 2 — High-Value At-Risk
5729-KLZAR,0,Segment 0 — Emerging Risk
5730-DBDSI,1,Segment 1 — High-Value Stable
5730-RIITO,0,Segment 0 — Emerging Risk
5732-IKGQH,2,Segment 2 — High-Value At-Risk
5734-EJKXG,2,Segment 2 — High-Value At-Risk
5736-YEJAX,2,Segment 2 — High-Value At-Risk
5740-YHGTW,2,Segment 2 — High-Value At-Risk
5743-KHMNA,1,Segment 1 — High-Value Stable
5747-PMBSQ,0,Segment 0 — Emerging Risk
5748-RNCJT,2,Segment 2 — High-Value At-Risk
5751-USDBL,2,Segment 2 — High-Value At-Risk
5753-QQWPW,0,Segment 0 — Emerging Risk
5756-JYOJT,0,Segment 0 — Emerging Risk
5756-OZRIO,2,Segment 2 — High-Value At-Risk
5759-RCVCB,0,Segment 0 — Emerging Risk
5760-FXFVO,0,Segment 0 — Emerging Risk
5760-IFJOZ,0,Segment 0 — Emerging Risk
5760-WRAHC,0,Segment 0 — Emerging Risk
5762-TJXGK,2,Segment 2 — High-Value At-Risk
5766-FTRTS,2,Segment 2 — High-Value At-Risk
5766-XQXMQ,0,Segment 0 — Emerging Risk
5766-ZJYBB,1,Segment 1 — High-Value Stable
5774-QPLTF,1,Segment 1 — High-Value Stable
5774-XZTQC,1,Segment 1 — High-Value Stable
5777-KJIRB,0,Segment 0 — Emerging Risk
5777-ZPQNC,1,Segment 1 — High-Value Stable
5778-BVOFB,0,Segment 0 — Emerging Risk
5780-INQIK,0,Segment 0 — Emerging Risk
5781-BKHOP,2,Segment 2 — High-Value At-Risk
5781-RFZRP,2,Segment 2 — High-Value At-Risk
5787-KXGIY,1,Segment 1 — High-Value Stable
5788-YPOEG,2,Segment 2 — High-Value At-Risk
5789-LDFXO,1,Segment 1 — High-Value Stable
5791-KAJFD,2,Segment 2 — High-Value At-Risk
5792-JALQC,2,Segment 2 — High-Value At-Risk
5793-YOLJN,1,Segment 1 — High-Value Stable
5795-BKOYE,2,Segment 2 — High-Value At-Risk
5795-KTGUD,2,Segment 2 — High-Value At-Risk
5797-APWZC,0,Segment 0 — Emerging Risk
5799-JRCZO,1,Segment 1 — High-Value Stable
5802-ADBRC,2,Segment 2 — High-Value At-Risk
5803-NQJZO,2,Segment 2 — High-Value At-Risk
5804-HYIEZ,2,Segment 2 — High-Value At-Risk
5804-JMYIO,1,Segment 1 — High-Value Stable
5804-LEPIM,0,Segment 0 — Emerging Risk
5808-TOTXO,1,Segment 1 — High-Value Stable
5811-IWXYM,2,Segment 2 — High-Value At-Risk
5813-UECBU,0,Segment 0 — Emerging Risk
5815-HGGHV,2,Segment 2 — High-Value At-Risk
5816-JMLGY,2,Segment 2 — High-Value At-Risk
5816-QVHRX,2,Segment 2 — High-Value At-Risk
5816-SCGFC,0,Segment 0 — Emerging Risk
5820-PTRYM,2,Segment 2 — High-Value At-Risk
5821-MMEIL,1,Segment 1 — High-Value Stable
5825-XJOCM,2,Segment 2 — High-Value At-Risk
5827-MWCZK,2,Segment 2 — High-Value At-Risk
5828-AVIPD,0,Segment 0 — Emerging Risk
5828-DWPIL,2,Segment 2 — High-Value At-Risk
5829-NVSQN,2,Segment 2 — High-Value At-Risk
5832-EXGTT,0,Segment 0 — Emerging Risk
5832-TRLPB,0,Segment 0 — Emerging Risk
5832-XKAES,0,Segment 0 — Emerging Risk
5834-ASPWA,0,Segment 0 — Emerging Risk
5835-BEQEU,0,Segment 0 — Emerging Risk
5837-LXSDN,0,Segment 0 — Emerging Risk
5839-SUYVZ,0,Segment 0 — Emerging Risk
5840-NVDCG,2,Segment 2 — High-Value At-Risk
5842-POCOP,0,Segment 0 — Emerging Risk
5843-TTHGI,0,Segment 0 — Emerging Risk
5844-QVTAT,2,Segment 2 — High-Value At-Risk
5845-BZZIB,1,Segment 1 — High-Value Stable
5846-ABOBJ,1,Segment 1 — High-Value Stable
5846-NEQVZ,2,Segment 2 — High-Value At-Risk
5846-QFDFI,0,Segment 0 — Emerging Risk
5847-MXBEO,1,Segment 1 — High-Value Stable
5848-FHRFC,1,Segment 1 — High-Value Stable
5849-ASHZJ,1,Segment 1 — High-Value Stable
5850-BDWCY,1,Segment 1 — High-Value Stable
5854-KSRBJ,1,Segment 1 — High-Value Stable
5855-EIBDE,2,Segment 2 — High-Value At-Risk
5857-TYBCJ,2,Segment 2 — High-Value At-Risk
5857-XRECV,1,Segment 1 — High-Value Stable
5858-EAFCZ,0,Segment 0 — Emerging Risk
5859-HZYLF,1,Segment 1 — High-Value Stable
5862-BRIXZ,2,Segment 2 — High-Value At-Risk
5863-OOKCL,1,Segment 1 — High-Value Stable
5868-CZJDR,0,Segment 0 — Emerging Risk
5868-YTYKS,1,Segment 1 — High-Value Stable
5868-YWPDW,0,Segment 0 — Emerging Risk
5871-DGTXZ,1,Segment 1 — High-Value Stable
5872-OEQNH,2,Segment 2 — High-Value At-Risk
5875-YPQFJ,0,Segment 0 — Emerging Risk
5876-HZVZM,0,Segment 0 — Emerging Risk
5876-QMYLD,1,Segment 1 — High-Value Stable
5879-HMFFH,2,Segment 2 — High-Value At-Risk
5879-SESNB,0,Segment 0 — Emerging Risk
5882-CMAZQ,0,Segment 0 — Emerging Risk
5883-GTGVD,0,Segment 0 — Emerging Risk
5884-FBCTL,1,Segment 1 — High-Value Stable
5884-GCYMI,0,Segment 0 — Emerging Risk
5886-VLQVU,0,Segment 0 — Emerging Risk
5887-IKKYO,2,Segment 2 — High-Value At-Risk
5889-JTMUL,2,Segment 2 — High-Value At-Risk
5889-LFOLL,0,Segment 0 — Emerging Risk
5893-KCLGT,1,Segment 1 — High-Value Stable
5893-PYOLZ,2,Segment 2 — High-Value At-Risk
5895-QSXOD,0,Segment 0 — Emerging Risk
5896-NPFWW,0,Segment 0 — Emerging Risk
5897-ZYEKH,2,Segment 2 — High-Value At-Risk
5898-IGSLP,0,Segment 0 — Emerging Risk
5899-MQZZL,0,Segment 0 — Emerging Risk
5899-OUVKV,0,Segment 0 — Emerging Risk
5902-WBLSE,1,Segment 1 — High-Value Stable
5906-BFOZT,1,Segment 1 — High-Value Stable
5906-CVLHP,2,Segment 2 — High-Value At-Risk
5906-DVAPM,2,Segment 2 — High-Value At-Risk
5908-QMGOE,0,Segment 0 — Emerging Risk
5909-ECHUI,0,Segment 0 — Emerging Risk
5913-INRQV,2,Segment 2 — High-Value At-Risk
5914-DVBWJ,0,Segment 0 — Emerging Risk
5914-GXMDA,1,Segment 1 — High-Value Stable
5914-XRFQB,2,Segment 2 — High-Value At-Risk
5915-ANOEI,2,Segment 2 — High-Value At-Risk
5915-DGNVC,2,Segment 2 — High-Value At-Risk
5916-QEWPT,0,Segment 0 — Emerging Risk
5917-HBSDW,1,Segment 1 — High-Value Stable
5917-RYRMG,1,Segment 1 — High-Value Stable
5918-VUKWP,1,Segment 1 — High-Value Stable
5919-TMRGD,0,Segment 0 — Emerging Risk
5919-VCZYM,1,Segment 1 — High-Value Stable
5921-NGYRH,2,Segment 2 — High-Value At-Risk
5922-ABDVO,0,Segment 0 — Emerging Risk
5923-GXUOC,0,Segment 0 — Emerging Risk
5924-IFQTT,0,Segment 0 — Emerging Risk
5924-SNGKP,1,Segment 1 — High-Value Stable
5928-QLDHB,0,Segment 0 — Emerging Risk
5930-GBIWP,2,Segment 2 — High-Value At-Risk
5931-FLJJF,0,Segment 0 — Emerging Risk
5934-RMPOV,0,Segment 0 — Emerging Risk
5934-TSSAU,0,Segment 0 — Emerging Risk
5935-FCCNB,0,Segment 0 — Emerging Risk
5937-EORGB,0,Segment 0 — Emerging Risk
5939-SXWHM,1,Segment 1 — High-Value Stable
5939-XAIXZ,0,Segment 0 — Emerging Risk
5940-AHUHD,0,Segment 0 — Emerging Risk
5940-NFXKV,0,Segment 0 — Emerging Risk
5944-UGLLK,2,Segment 2 — High-Value At-Risk
5945-AZYHT,2,Segment 2 — High-Value At-Risk
5947-SGKCL,0,Segment 0 — Emerging Risk
5948-UJZLF,0,Segment 0 — Emerging Risk
5949-EBSQK,0,Segment 0 — Emerging Risk
5949-HGVJL,0,Segment 0 — Emerging Risk
5949-XIKAE,0,Segment 0 — Emerging Risk
5950-AAAGJ,0,Segment 0 — Emerging Risk
5951-AOFIH,0,Segment 0 — Emerging Risk
5954-BDFSG,2,Segment 2 — High-Value At-Risk
5955-EPOAZ,1,Segment 1 — High-Value Stable
5955-ERIHD,0,Segment 0 — Emerging Risk
5956-VKDTT,0,Segment 0 — Emerging Risk
5956-YHHRX,0,Segment 0 — Emerging Risk
5959-BELXA,0,Segment 0 — Emerging Risk
5960-MVTUK,0,Segment 0 — Emerging Risk
5960-WPXQM,0,Segment 0 — Emerging Risk
5961-VUSRV,1,Segment 1 — High-Value Stable
5965-GGPRW,2,Segment 2 — High-Value At-Risk
5966-EMAZU,2,Segment 2 — High-Value At-Risk
5968-HYJRZ,1,Segment 1 — High-Value Stable
5968-VXZLG,0,Segment 0 — Emerging Risk
5968-XQIVE,2,Segment 2 — High-Value At-Risk
5970-GHJAW,1,Segment 1 — High-Value Stable
5973-EJGDP,0,Segment 0 — Emerging Risk
5975-BAICR,2,Segment 2 — High-Value At-Risk
5976-JCJRH,0,Segment 0 — Emerging Risk
5977-CKHON,2,Segment 2 — High-Value At-Risk
5980-BDHPY,2,Segment 2 — High-Value At-Risk
5980-NOPLP,0,Segment 0 — Emerging Risk
5981-ITEMU,0,Segment 0 — Emerging Risk
5981-ZVXOT,2,Segment 2 — High-Value At-Risk
5982-FPVQN,2,Segment 2 — High-Value At-Risk
5982-PSMKW,2,Segment 2 — High-Value At-Risk
5982-XMDEX,1,Segment 1 — High-Value Stable
5985-BEHZK,2,Segment 2 — High-Value At-Risk
5985-TBABQ,0,Segment 0 — Emerging Risk
5986-WWXDV,1,Segment 1 — High-Value Stable
5989-AXPUC,2,Segment 2 — High-Value At-Risk
5989-OMNJE,2,Segment 2 — High-Value At-Risk
5989-PGKJB,0,Segment 0 — Emerging Risk
5993-BQHEA,1,Segment 1 — High-Value Stable
5993-JSUWV,2,Segment 2 — High-Value At-Risk
5995-LFTLE,1,Segment 1 — High-Value Stable
5995-OIGLP,0,Segment 0 — Emerging Risk
5995-SNNEW,0,Segment 0 — Emerging Risk
5995-WWKKG,1,Segment 1 — High-Value Stable
5996-DAOQL,1,Segment 1 — High-Value Stable
5996-EBTKM,2,Segment 2 — High-Value At-Risk
5996-NRVXR,2,Segment 2 — High-Value At-Risk
5997-OPVFA,2,Segment 2 — High-Value At-Risk
5998-DZLYR,2,Segment 2 — High-Value At-Risk
5998-VVEJY,0,Segment 0 — Emerging Risk
5999-LCXAO,0,Segment 0 — Emerging Risk
6000-APYLU,0,Segment 0 — Emerging Risk
6000-UKLWI,1,Segment 1 — High-Value Stable
6005-OBZPH,0,Segment 0 — Emerging Risk
6007-TCTST,2,Segment 2 — High-Value At-Risk
6008-NAIXK,0,Segment 0 — Emerging Risk
6010-DDPPW,1,Segment 1 — High-Value Stable
6013-BHCAW,2,Segment 2 — High-Value At-Risk
6015-VVHHE,0,Segment 0 — Emerging Risk
6016-LVTJQ,1,Segment 1 — High-Value Stable
6016-NXBNJ,1,Segment 1 — High-Value Stable
6017-PPLPX,0,Segment 0 — Emerging Risk
6022-KOUQO,0,Segment 0 — Emerging Risk
6022-UGGSO,0,Segment 0 — Emerging Risk
6023-GSSXW,2,Segment 2 — High-Value At-Risk
6023-YEBUP,0,Segment 0 — Emerging Risk
6024-RUGGH,1,Segment 1 — High-Value Stable
6029-CSMJE,0,Segment 0 — Emerging Risk
6029-WTIPC,0,Segment 0 — Emerging Risk
6030-REHUX,2,Segment 2 — High-Value At-Risk
6032-IGALN,0,Segment 0 — Emerging Risk
6032-KRXXO,0,Segment 0 — Emerging Risk
6034-YMTOB,0,Segment 0 — Emerging Risk
6034-ZRYCV,2,Segment 2 — High-Value At-Risk
6035-BXTTY,0,Segment 0 — Emerging Risk
6035-RIIOM,2,Segment 2 — High-Value At-Risk
6036-TTFYU,1,Segment 1 — High-Value Stable
6038-GCYEC,0,Segment 0 — Emerging Risk
6040-CGACY,1,Segment 1 — High-Value Stable
6047-SUHPR,2,Segment 2 — High-Value At-Risk
6047-YHPVI,0,Segment 0 — Emerging Risk
6048-NJXHX,1,Segment 1 — High-Value Stable
6048-QBXKL,0,Segment 0 — Emerging Risk
6048-UWKAL,2,Segment 2 — High-Value At-Risk
6050-FFXES,2,Segment 2 — High-Value At-Risk
6050-IJRHS,2,Segment 2 — High-Value At-Risk
6051-PTVNS,1,Segment 1 — High-Value Stable
6060-DRTNL,0,Segment 0 — Emerging Risk
6060-QBMGV,1,Segment 1 — High-Value Stable
6061-GWWAV,2,Segment 2 — High-Value At-Risk
6061-PQHMK,1,Segment 1 — High-Value Stable
6064-PUPMC,2,Segment 2 — High-Value At-Risk
6064-ZATLR,0,Segment 0 — Emerging Risk
6067-NGCEU,2,Segment 2 — High-Value At-Risk
6072-NUQCB,1,Segment 1 — High-Value Stable
6075-QMNRR,2,Segment 2 — High-Value At-Risk
6075-SLNIL,0,Segment 0 — Emerging Risk
6077-BDPXA,0,Segment 0 — Emerging Risk
6078-VESFR,0,Segment 0 — Emerging Risk
6080-LNESI,1,Segment 1 — High-Value Stable
6080-TCMYC,0,Segment 0 — Emerging Risk
6082-GLJIX,1,Segment 1 — High-Value Stable
6082-OQFBA,1,Segment 1 — High-Value Stable
6086-ESGRL,0,Segment 0 — Emerging Risk
6087-MVHJH,0,Segment 0 — Emerging Risk
6087-YPWHO,2,Segment 2 — High-Value At-Risk
6088-BXMRG,0,Segment 0 — Emerging Risk
6092-QZVPP,0,Segment 0 — Emerging Risk
6094-ZIVKX,2,Segment 2 — High-Value At-Risk
6096-EGVTU,1,Segment 1 — High-Value Stable
6097-EQISJ,2,Segment 2 — High-Value At-Risk
6100-FJZDG,1,Segment 1 — High-Value Stable
6100-QQHEB,0,Segment 0 — Emerging Risk
6101-IMRMM,0,Segment 0 — Emerging Risk
6103-BOCOU,0,Segment 0 — Emerging Risk
6103-LIANB,2,Segment 2 — High-Value At-Risk
6103-QCKFX,2,Segment 2 — High-Value At-Risk
6108-OQZDQ,0,Segment 0 — Emerging Risk
6110-OHIHY,0,Segment 0 — Emerging Risk
6112-KTHFQ,1,Segment 1 — High-Value Stable
6114-TCFID,0,Segment 0 — Emerging Risk
6115-ZTBFQ,2,Segment 2 — High-Value At-Risk
6116-RFVHN,2,Segment 2 — High-Value At-Risk
6119-SPUDB,1,Segment 1 — High-Value Stable
6120-RJKLU,2,Segment 2 — High-Value At-Risk
6121-TNHBO,2,Segment 2 — High-Value At-Risk
6121-VZNQB,1,Segment 1 — High-Value Stable
6122-EFVKN,1,Segment 1 — High-Value Stable
6122-LJADA,2,Segment 2 — High-Value At-Risk
6124-ACRHJ,1,Segment 1 — High-Value Stable
6127-ISGTU,0,Segment 0 — Emerging Risk
6127-IYJOZ,0,Segment 0 — Emerging Risk
6128-AQBMT,2,Segment 2 — High-Value At-Risk
6128-CZOMY,0,Segment 0 — Emerging Risk
6128-DAFVY,0,Segment 0 — Emerging Risk
6131-FOYAS,0,Segment 0 — Emerging Risk
6131-IUNXN,1,Segment 1 — High-Value Stable
6131-JLWZM,1,Segment 1 — High-Value Stable
6133-OZILE,0,Segment 0 — Emerging Risk
6134-KWTBV,1,Segment 1 — High-Value Stable
6135-OZQVA,0,Segment 0 — Emerging Risk
6137-MFAJN,0,Segment 0 — Emerging Risk
6137-NICCO,0,Segment 0 — Emerging Risk
6139-ZZRBQ,1,Segment 1 — High-Value Stable
6140-QNRQQ,0,Segment 0 — Emerging Risk
6141-OOXUQ,1,Segment 1 — High-Value Stable
6142-VSJQO,0,Segment 0 — Emerging Risk
6143-JQKEA,0,Segment 0 — Emerging Risk
6145-NNPNO,0,Segment 0 — Emerging Risk
6147-CBCRA,1,Segment 1 — High-Value Stable
6152-ONASV,2,Segment 2 — High-Value At-Risk
6156-UZDLF,2,Segment 2 — High-Value At-Risk
6158-DWPZT,0,Segment 0 — Emerging Risk
6158-HDPXZ,0,Segment 0 — Emerging Risk
6161-ERDGD,2,Segment 2 — High-Value At-Risk
6161-UUUTA,0,Segment 0 — Emerging Risk
6164-HAQTX,2,Segment 2 — High-Value At-Risk
6164-HXUGH,1,Segment 1 — High-Value Stable
6166-ILMNY,0,Segment 0 — Emerging Risk
6166-YIPFO,2,Segment 2 — High-Value At-Risk
6168-WFVVF,0,Segment 0 — Emerging Risk
6168-YBYNP,2,Segment 2 — High-Value At-Risk
6169-PGNCD,2,Segment 2 — High-Value At-Risk
6169-PPETC,1,Segment 1 — High-Value Stable
6171-ZTVYB,0,Segment 0 — Emerging Risk
6172-FECYY,2,Segment 2 — High-Value At-Risk
6173-GOLSU,2,Segment 2 — High-Value At-Risk
6173-ITPWD,0,Segment 0 — Emerging Risk
6174-NRBTZ,0,Segment 0 — Emerging Risk
6175-IRFIT,0,Segment 0 — Emerging Risk
6176-YJWAS,2,Segment 2 — High-Value At-Risk
6177-PEVRA,1,Segment 1 — High-Value Stable
6178-KFNHS,0,Segment 0 — Emerging Risk
6179-GJPSO,0,Segment 0 — Emerging Risk
6180-YBIQI,0,Segment 0 — Emerging Risk
6181-AXXYF,1,Segment 1 — High-Value Stable
6184-DYUOB,1,Segment 1 — High-Value Stable
6185-TASNN,0,Segment 0 — Emerging Risk
6188-UXBBR,1,Segment 1 — High-Value Stable
6194-HBGQN,2,Segment 2 — High-Value At-Risk
6195-MELTI,2,Segment 2 — High-Value At-Risk
6196-HBOBZ,2,Segment 2 — High-Value At-Risk
6198-PNNSZ,2,Segment 2 — High-Value At-Risk
6198-RTPMF,0,Segment 0 — Emerging Risk
6198-ZFIOJ,0,Segment 0 — Emerging Risk
6199-IPCAO,1,Segment 1 — High-Value Stable
6199-IWKGC,2,Segment 2 — High-Value At-Risk
6202-DYYFX,0,Segment 0 — Emerging Risk
6202-JVYEU,1,Segment 1 — High-Value Stable
6203-HBZPA,2,Segment 2 — High-Value At-Risk
6204-IEUXJ,0,Segment 0 — Emerging Risk
6207-WIOLX,0,Segment 0 — Emerging Risk
6210-KBBPI,0,Segment 0 — Emerging Risk
6211-WHMYA,0,Segment 0 — Emerging Risk
6211-WWLTF,2,Segment 2 — High-Value At-Risk
6212-ATMLK,2,Segment 2 — High-Value At-Risk
6214-EDAKZ,0,Segment 0 — Emerging Risk
6215-NQCPY,0,Segment 0 — Emerging Risk
6217-KDYWC,1,Segment 1 — High-Value Stable
6217-TOWGS,0,Segment 0 — Emerging Risk
6218-KNUBD,0,Segment 0 — Emerging Risk
6221-AVQYL,0,Segment 0 — Emerging Risk
6223-DHJGV,1,Segment 1 — High-Value Stable
6227-FBDXH,2,Segment 2 — High-Value At-Risk
6227-HWPWX,0,Segment 0 — Emerging Risk
6229-LSCKB,0,Segment 0 — Emerging Risk
6229-UOLQL,2,Segment 2 — High-Value At-Risk
6230-BSUXY,0,Segment 0 — Emerging Risk
6231-WFGFH,1,Segment 1 — High-Value Stable
6233-HXJMX,2,Segment 2 — High-Value At-Risk
6234-PFPXL,0,Segment 0 — Emerging Risk
6234-RAAPL,2,Segment 2 — High-Value At-Risk
6235-VDHOM,0,Segment 0 — Emerging Risk
6240-EURKS,0,Segment 0 — Emerging Risk
6242-FEGFD,2,Segment 2 — High-Value At-Risk
6242-MBHPK,2,Segment 2 — High-Value At-Risk
6242-SGYTS,2,Segment 2 — High-Value At-Risk
6243-OZGFH,0,Segment 0 — Emerging Risk
6244-BESBM,2,Segment 2 — High-Value At-Risk
6248-BSHKG,1,Segment 1 — High-Value Stable
6248-TKCQV,2,Segment 2 — High-Value At-Risk
6250-CGGUN,2,Segment 2 — High-Value At-Risk
6252-DFGTK,2,Segment 2 — High-Value At-Risk
6253-GNHWH,2,Segment 2 — High-Value At-Risk
6253-WRFHY,0,Segment 0 — Emerging Risk
6257-DTAYD,2,Segment 2 — High-Value At-Risk
6257-RJOHI,0,Segment 0 — Emerging Risk
6258-NGCNG,1,Segment 1 — High-Value Stable
6258-PVZWJ,2,Segment 2 — High-Value At-Risk
6259-WJQLC,0,Segment 0 — Emerging Risk
6260-ONULR,0,Segment 0 — Emerging Risk
6260-XLACS,1,Segment 1 — High-Value Stable
6261-LHRTG,0,Segment 0 — Emerging Risk
6261-RCVNS,2,Segment 2 — High-Value At-Risk
6265-FRMTQ,1,Segment 1 — High-Value Stable
6265-SXWBU,2,Segment 2 — High-Value At-Risk
6266-QHOJZ,2,Segment 2 — High-Value At-Risk
6267-DCFFZ,2,Segment 2 — High-Value At-Risk
6270-OMFIW,2,Segment 2 — High-Value At-Risk
6275-YDUVO,0,Segment 0 — Emerging Risk
6278-FEPBZ,1,Segment 1 — High-Value Stable
6281-FKEWS,0,Segment 0 — Emerging Risk
6283-GITPX,2,Segment 2 — High-Value At-Risk
6284-AHOOQ,0,Segment 0 — Emerging Risk
6284-KMNUF,2,Segment 2 — High-Value At-Risk
6285-FTQBF,1,Segment 1 — High-Value Stable
6286-SUUWT,1,Segment 1 — High-Value Stable
6286-ZHAOK,1,Segment 1 — High-Value Stable
6288-CHQJB,2,Segment 2 — High-Value At-Risk
6288-LBEAR,0,Segment 0 — Emerging Risk
6289-CPNLD,2,Segment 2 — High-Value At-Risk
6292-TOSSS,1,Segment 1 — High-Value Stable
6295-OSINB,2,Segment 2 — High-Value At-Risk
6296-DDOOR,0,Segment 0 — Emerging Risk
6297-NOOPG,2,Segment 2 — High-Value At-Risk
6298-QDFNH,0,Segment 0 — Emerging Risk
6300-BWMJX,2,Segment 2 — High-Value At-Risk
6302-JGYRJ,0,Segment 0 — Emerging Risk
6303-KFWSL,0,Segment 0 — Emerging Risk
6304-IJFSQ,0,Segment 0 — Emerging Risk
6305-YLBMM,2,Segment 2 — High-Value At-Risk
6308-CQRBU,2,Segment 2 — High-Value At-Risk
6311-UEUME,0,Segment 0 — Emerging Risk
6313-GIDIT,0,Segment 0 — Emerging Risk
6317-YPKDH,0,Segment 0 — Emerging Risk
6319-IEJWJ,0,Segment 0 — Emerging Risk
6319-QSUSR,1,Segment 1 — High-Value Stable
6322-HRPFA,2,Segment 2 — High-Value At-Risk
6322-PJJDJ,2,Segment 2 — High-Value At-Risk
6323-AYBRX,1,Segment 1 — High-Value Stable
6326-MTTXK,0,Segment 0 — Emerging Risk
6328-ZPBGN,0,Segment 0 — Emerging Risk
6330-JKLPC,0,Segment 0 — Emerging Risk
6331-EWIEB,0,Segment 0 — Emerging Risk
6331-LWDTQ,0,Segment 0 — Emerging Risk
6332-FBZRI,2,Segment 2 — High-Value At-Risk
6333-YDVLT,2,Segment 2 — High-Value At-Risk
6338-AVWCY,0,Segment 0 — Emerging Risk
6339-DKLMK,0,Segment 0 — Emerging Risk
6339-RZCBJ,2,Segment 2 — High-Value At-Risk
6339-TBELP,2,Segment 2 — High-Value At-Risk
6339-YPSAH,0,Segment 0 — Emerging Risk
6340-DACFT,1,Segment 1 — High-Value Stable
6341-AEVKX,2,Segment 2 — High-Value At-Risk
6341-JVQGF,2,Segment 2 — High-Value At-Risk
6344-SFJVH,0,Segment 0 — Emerging Risk
6345-FZOQH,1,Segment 1 — High-Value Stable
6345-HOVES,0,Segment 0 — Emerging Risk
6345-ULYRW,2,Segment 2 — High-Value At-Risk
6347-DCUIK,0,Segment 0 — Emerging Risk
6348-SNFUS,2,Segment 2 — High-Value At-Risk
6349-JDHQP,1,Segment 1 — High-Value Stable
6350-XFYGW,0,Segment 0 — Emerging Risk
6351-SCJKT,0,Segment 0 — Emerging Risk
6352-GIGGQ,2,Segment 2 — High-Value At-Risk
6352-TWCAU,0,Segment 0 — Emerging Risk
6353-BRMMA,2,Segment 2 — High-Value At-Risk
6356-ELRKD,0,Segment 0 — Emerging Risk
6357-JJPQT,0,Segment 0 — Emerging Risk
6358-LYNGM,0,Segment 0 — Emerging Risk
6360-SVNWV,0,Segment 0 — Emerging Risk
6362-QHAFM,2,Segment 2 — High-Value At-Risk
6365-HITVU,2,Segment 2 — High-Value At-Risk
6365-MTGZX,0,Segment 0 — Emerging Risk
6366-XIVKZ,0,Segment 0 — Emerging Risk
6366-ZGQGL,0,Segment 0 — Emerging Risk
6368-NWMCE,0,Segment 0 — Emerging Risk
6368-TZZDT,1,Segment 1 — High-Value Stable
6369-MCAKO,2,Segment 2 — High-Value At-Risk
6370-ZVHDV,1,Segment 1 — High-Value Stable
6371-NZYEG,2,Segment 2 — High-Value At-Risk
6372-RFVNS,0,Segment 0 — Emerging Risk
6374-AFWOX,2,Segment 2 — High-Value At-Risk
6374-NTQLP,2,Segment 2 — High-Value At-Risk
6376-GAHQE,0,Segment 0 — Emerging Risk
6377-KSLXC,1,Segment 1 — High-Value Stable
6377-WHAOX,2,Segment 2 — High-Value At-Risk
6379-RXJRQ,0,Segment 0 — Emerging Risk
6380-ARCEH,1,Segment 1 — High-Value Stable
6383-ZTSIW,2,Segment 2 — High-Value At-Risk
6384-VMJHP,2,Segment 2 — High-Value At-Risk
6386-SZZKH,2,Segment 2 — High-Value At-Risk
6388-TABGU,2,Segment 2 — High-Value At-Risk
6390-DSAZX,0,Segment 0 — Emerging Risk
6393-WRYZE,0,Segment 0 — Emerging Risk
6394-HHHZM,1,Segment 1 — High-Value Stable
6394-MFYNG,0,Segment 0 — Emerging Risk
6397-JNZZG,0,Segment 0 — Emerging Risk
6400-BWQKW,0,Segment 0 — Emerging Risk
6402-EJMWF,0,Segment 0 — Emerging Risk
6402-SSEJG,0,Segment 0 — Emerging Risk
6402-ZFPPI,0,Segment 0 — Emerging Risk
6407-GSJNL,1,Segment 1 — High-Value Stable
6407-UTSLV,0,Segment 0 — Emerging Risk
6408-OTUBZ,2,Segment 2 — High-Value At-Risk
6408-WHTEF,2,Segment 2 — High-Value At-Risk
6410-LEFEN,0,Segment 0 — Emerging Risk
6413-XKKPU,0,Segment 0 — Emerging Risk
6416-JNVRK,1,Segment 1 — High-Value Stable
6416-TVAIH,0,Segment 0 — Emerging Risk
6416-YJTTB,0,Segment 0 — Emerging Risk
6418-HNFED,2,Segment 2 — High-Value At-Risk
6418-PIQSP,2,Segment 2 — High-Value At-Risk
6419-ZTTLE,1,Segment 1 — High-Value Stable
6421-SZVEM,2,Segment 2 — High-Value At-Risk
6424-ELEYH,0,Segment 0 — Emerging Risk
6425-JWTDV,1,Segment 1 — High-Value Stable
6425-YQLLO,2,Segment 2 — High-Value At-Risk
6427-FEFIG,2,Segment 2 — High-Value At-Risk
6429-SHBCB,0,Segment 0 — Emerging Risk
6432-TWQLB,0,Segment 0 — Emerging Risk
6434-TTGJP,0,Segment 0 — Emerging Risk
6435-SRWBJ,0,Segment 0 — Emerging Risk
6435-VWCCY,2,Segment 2 — High-Value At-Risk
6437-UDQJM,2,Segment 2 — High-Value At-Risk
6437-UKHMV,0,Segment 0 — Emerging Risk
6439-GTPCA,0,Segment 0 — Emerging Risk
6439-LAJXL,0,Segment 0 — Emerging Risk
6439-PKTRR,2,Segment 2 — High-Value At-Risk
6440-DKQGE,0,Segment 0 — Emerging Risk
6445-TNRXS,2,Segment 2 — High-Value At-Risk
6447-EGDIV,1,Segment 1 — High-Value Stable
6447-GORXK,0,Segment 0 — Emerging Risk
6457-GIRWB,0,Segment 0 — Emerging Risk
6457-USBER,0,Segment 0 — Emerging Risk
6458-CYIDZ,0,Segment 0 — Emerging Risk
6461-PPAXN,2,Segment 2 — High-Value At-Risk
6461-SZMCV,2,Segment 2 — High-Value At-Risk
6463-HHXJR,2,Segment 2 — High-Value At-Risk
6463-MVYRY,2,Segment 2 — High-Value At-Risk
6464-KEXXH,0,Segment 0 — Emerging Risk
6465-GSRCL,2,Segment 2 — High-Value At-Risk
6467-CHFZW,2,Segment 2 — High-Value At-Risk
6469-MRVET,1,Segment 1 — High-Value Stable
6469-QJKZW,1,Segment 1 — High-Value Stable
6473-ULUHT,0,Segment 0 — Emerging Risk
6474-FVJLC,0,Segment 0 — Emerging Risk
6475-VHUIZ,0,Segment 0 — Emerging Risk
6476-EPYZR,1,Segment 1 — High-Value Stable
6476-YHMGA,0,Segment 0 — Emerging Risk
6478-HRRCZ,2,Segment 2 — High-Value At-Risk
6479-OAUSD,1,Segment 1 — High-Value Stable
6479-SZPLM,1,Segment 1 — High-Value Stable
6479-VDGRK,2,Segment 2 — High-Value At-Risk
6480-YAGIY,2,Segment 2 — High-Value At-Risk
6481-ESCNL,0,Segment 0 — Emerging Risk
6481-LXPWL,0,Segment 0 — Emerging Risk
6481-OGDOO,2,Segment 2 — High-Value At-Risk
6483-OATDN,0,Segment 0 — Emerging Risk
6484-LATFU,1,Segment 1 — High-Value Stable
6485-QXWWE,1,Segment 1 — High-Value Stable
6486-LHTMA,2,Segment 2 — High-Value At-Risk
6490-FGZAT,1,Segment 1 — High-Value Stable
6496-JDSSB,0,Segment 0 — Emerging Risk
6496-SLWHQ,0,Segment 0 — Emerging Risk
6497-TILVL,0,Segment 0 — Emerging Risk
6500-JVEGC,2,Segment 2 — High-Value At-Risk
6502-HCJTI,0,Segment 0 — Emerging Risk
6502-KUGLL,0,Segment 0 — Emerging Risk
6502-MJQAE,0,Segment 0 — Emerging Risk
6504-VBLFL,2,Segment 2 — High-Value At-Risk
6505-OZNPG,0,Segment 0 — Emerging Risk
6506-EYCNH,1,Segment 1 — High-Value Stable
6507-DTJZV,0,Segment 0 — Emerging Risk
6507-ZJSUR,2,Segment 2 — High-Value At-Risk
6508-NJYRO,1,Segment 1 — High-Value Stable
6509-TSGWN,1,Segment 1 — High-Value Stable
6510-UPNKS,1,Segment 1 — High-Value Stable
6513-EECDB,0,Segment 0 — Emerging Risk
6516-NKQBO,2,Segment 2 — High-Value At-Risk
6518-KZXCB,1,Segment 1 — High-Value Stable
6518-LGAOV,0,Segment 0 — Emerging Risk
6518-PPLMZ,1,Segment 1 — High-Value Stable
6519-CFDBX,0,Segment 0 — Emerging Risk
6519-ZHPXP,2,Segment 2 — High-Value At-Risk
6521-YYTYI,0,Segment 0 — Emerging Risk
6522-OIQSX,2,Segment 2 — High-Value At-Risk
6522-YRBXD,2,Segment 2 — High-Value At-Risk
6527-PZFPV,1,Segment 1 — High-Value Stable
6532-YLWSI,1,Segment 1 — High-Value Stable
6537-OTKMY,0,Segment 0 — Emerging Risk
6537-QLGEX,0,Segment 0 — Emerging Risk
6538-POCHL,0,Segment 0 — Emerging Risk
6542-LWGXJ,0,Segment 0 — Emerging Risk
6543-CPZMK,0,Segment 0 — Emerging Risk
6543-JXSOO,0,Segment 0 — Emerging Risk
6543-XRMYR,0,Segment 0 — Emerging Risk
6546-OPBBH,1,Segment 1 — High-Value Stable
6549-BTYPG,2,Segment 2 — High-Value At-Risk
6549-NNDYT,0,Segment 0 — Emerging Risk
6549-YMFAW,1,Segment 1 — High-Value Stable
6551-GNYDG,0,Segment 0 — Emerging Risk
6551-VLJMV,1,Segment 1 — High-Value Stable
6551-ZCOTS,1,Segment 1 — High-Value Stable
6556-DBKZF,2,Segment 2 — High-Value At-Risk
6557-BZXLQ,0,Segment 0 — Emerging Risk
6559-ILWKJ,2,Segment 2 — High-Value At-Risk
6559-PDZLR,0,Segment 0 — Emerging Risk
6559-RAKOZ,2,Segment 2 — High-Value At-Risk
6563-VNPMN,0,Segment 0 — Emerging Risk
6563-VRERX,1,Segment 1 — High-Value Stable
6567-HOOPW,0,Segment 0 — Emerging Risk
6568-POCUI,2,Segment 2 — High-Value At-Risk
6569-KTMDU,1,Segment 1 — High-Value Stable
6572-ADKRS,2,Segment 2 — High-Value At-Risk
6574-MCOEH,2,Segment 2 — High-Value At-Risk
6575-SUVOI,2,Segment 2 — High-Value At-Risk
6576-FBXOJ,0,Segment 0 — Emerging Risk
6578-KRMAW,0,Segment 0 — Emerging Risk
6579-JPICP,1,Segment 1 — High-Value Stable
6581-NQCBA,0,Segment 0 — Emerging Risk
6582-OIVSP,0,Segment 0 — Emerging Risk
6582-PLFUU,1,Segment 1 — High-Value Stable
6583-KQJLK,2,Segment 2 — High-Value At-Risk
6583-QGCSI,2,Segment 2 — High-Value At-Risk
6583-SZVGP,2,Segment 2 — High-Value At-Risk
6584-VQMYT,0,Segment 0 — Emerging Risk
6585-WCEWR,1,Segment 1 — High-Value Stable
6586-MYGKD,2,Segment 2 — High-Value At-Risk
6586-PSJOX,0,Segment 0 — Emerging Risk
6591-QGOYB,0,Segment 0 — Emerging Risk
6595-COKXZ,0,Segment 0 — Emerging Risk
6595-YGXIT,0,Segment 0 — Emerging Risk
6598-KELSS,2,Segment 2 — High-Value At-Risk
6598-RFFVI,1,Segment 1 — High-Value Stable
6599-CEBNN,0,Segment 0 — Emerging Risk
6599-GZWCM,0,Segment 0 — Emerging Risk
6599-RCLCJ,2,Segment 2 — High-Value At-Risk
6599-SFQVE,0,Segment 0 — Emerging Risk
6603-QWSPR,2,Segment 2 — High-Value At-Risk
6603-YRDCJ,2,Segment 2 — High-Value At-Risk
6608-QQLVK,0,Segment 0 — Emerging Risk
6609-MXJHJ,1,Segment 1 — High-Value Stable
6614-FHDBO,2,Segment 2 — High-Value At-Risk
6614-VBEGU,0,Segment 0 — Emerging Risk
6614-YOLAC,2,Segment 2 — High-Value At-Risk
6614-YWYSC,1,Segment 1 — High-Value Stable
6615-NGGZJ,0,Segment 0 — Emerging Risk
6615-ZGEDR,1,Segment 1 — High-Value Stable
6616-AALSR,2,Segment 2 — High-Value At-Risk
6617-WLBQC,0,Segment 0 — Emerging Risk
6618-RYATB,0,Segment 0 — Emerging Risk
6619-RPLQZ,1,Segment 1 — High-Value Stable
6620-HVDUJ,0,Segment 0 — Emerging Risk
6620-JDYNW,0,Segment 0 — Emerging Risk
6621-NRZAK,1,Segment 1 — High-Value Stable
6621-YOBKI,1,Segment 1 — High-Value Stable
6624-JDRDS,0,Segment 0 — Emerging Risk
6625-FLENO,1,Segment 1 — High-Value Stable
6625-IUTTT,2,Segment 2 — High-Value At-Risk
6625-UTXEW,0,Segment 0 — Emerging Risk
6627-CFOSN,2,Segment 2 — High-Value At-Risk
6629-CZTTH,0,Segment 0 — Emerging Risk
6629-LADHQ,0,Segment 0 — Emerging Risk
6630-UJZMY,0,Segment 0 — Emerging Risk
6631-HMANX,2,Segment 2 — High-Value At-Risk
6633-MPWBS,0,Segment 0 — Emerging Risk
6633-SYEUS,0,Segment 0 — Emerging Risk
6635-CPNUN,2,Segment 2 — High-Value At-Risk
6635-MYYYZ,0,Segment 0 — Emerging Risk
6637-KYRCV,0,Segment 0 — Emerging Risk
6641-XRPSU,0,Segment 0 — Emerging Risk
6645-MXQJT,0,Segment 0 — Emerging Risk
6646-JPPHA,0,Segment 0 — Emerging Risk
6646-QVXLR,2,Segment 2 — High-Value At-Risk
6646-VRFOL,2,Segment 2 — High-Value At-Risk
6647-ZEDXT,2,Segment 2 — High-Value At-Risk
6648-INWPS,1,Segment 1 — High-Value Stable
6650-BWFRT,2,Segment 2 — High-Value At-Risk
6650-VJONK,0,Segment 0 — Emerging Risk
6651-AZVTJ,2,Segment 2 — High-Value At-Risk
6651-RLGGM,1,Segment 1 — High-Value Stable
6652-YFFJO,0,Segment 0 — Emerging Risk
6653-CBBOM,0,Segment 0 — Emerging Risk
6654-QGBZZ,1,Segment 1 — High-Value Stable
6655-LHBYW,2,Segment 2 — High-Value At-Risk
6656-GULJQ,2,Segment 2 — High-Value At-Risk
6656-JWRQX,0,Segment 0 — Emerging Risk
6661-EIPZC,0,Segment 0 — Emerging Risk
6661-HBGWL,0,Segment 0 — Emerging Risk
6663-JOCQO,2,Segment 2 — High-Value At-Risk
6664-FPDAC,2,Segment 2 — High-Value At-Risk
6668-CNMFP,2,Segment 2 — High-Value At-Risk
6670-MFRPK,2,Segment 2 — High-Value At-Risk
6671-NGWON,1,Segment 1 — High-Value Stable
6674-KVJHG,1,Segment 1 — High-Value Stable
6680-NENYN,2,Segment 2 — High-Value At-Risk
6680-WKXRZ,0,Segment 0 — Emerging Risk
6681-ZSEXG,2,Segment 2 — High-Value At-Risk
6682-QJDGB,0,Segment 0 — Emerging Risk
6682-VCIXC,2,Segment 2 — High-Value At-Risk
6683-VLCTZ,0,Segment 0 — Emerging Risk
6685-GBWJZ,2,Segment 2 — High-Value At-Risk
6685-XSHHU,1,Segment 1 — High-Value Stable
6686-YPGHK,0,Segment 0 — Emerging Risk
6688-UZPWD,0,Segment 0 — Emerging Risk
6689-KXGBO,0,Segment 0 — Emerging Risk
6689-TCZHQ,0,Segment 0 — Emerging Risk
6689-VRRTK,2,Segment 2 — High-Value At-Risk
6691-CCIHA,2,Segment 2 — High-Value At-Risk
6692-UDPJC,0,Segment 0 — Emerging Risk
6692-YQHXC,0,Segment 0 — Emerging Risk
6693-DJWTY,2,Segment 2 — High-Value At-Risk
6693-FRIRW,0,Segment 0 — Emerging Risk
6695-AMZUF,2,Segment 2 — High-Value At-Risk
6695-FRVEC,2,Segment 2 — High-Value At-Risk
6696-YDAYZ,1,Segment 1 — High-Value Stable
6698-OXETB,1,Segment 1 — High-Value Stable
6701-DHKWQ,2,Segment 2 — High-Value At-Risk
6701-YVNQG,2,Segment 2 — High-Value At-Risk
6702-OHFWR,0,Segment 0 — Emerging Risk
6704-UTUKK,0,Segment 0 — Emerging Risk
6705-LNMDD,0,Segment 0 — Emerging Risk
6705-LXORM,0,Segment 0 — Emerging Risk
6710-HSJRD,2,Segment 2 — High-Value At-Risk
6711-FLDFB,0,Segment 0 — Emerging Risk
6711-VTNRE,0,Segment 0 — Emerging Risk
6712-OAWRH,0,Segment 0 — Emerging Risk
6713-OKOMC,0,Segment 0 — Emerging Risk
6715-OFDBP,0,Segment 0 — Emerging Risk
6718-BDGHG,2,Segment 2 — High-Value At-Risk
6719-FGEDO,2,Segment 2 — High-Value At-Risk
6719-OXYBR,0,Segment 0 — Emerging Risk
6723-CEGQI,1,Segment 1 — High-Value Stable
6723-WSNTY,2,Segment 2 — High-Value At-Risk
6725-TPKJO,1,Segment 1 — High-Value Stable
6726-NNFWD,2,Segment 2 — High-Value At-Risk
6726-WEXXK,2,Segment 2 — High-Value At-Risk
6727-IOTLZ,0,Segment 0 — Emerging Risk
6728-CZFEI,0,Segment 0 — Emerging Risk
6728-DKUCO,2,Segment 2 — High-Value At-Risk
6728-VOIFY,2,Segment 2 — High-Value At-Risk
6728-WYQBC,1,Segment 1 — High-Value Stable
6729-FZWSY,1,Segment 1 — High-Value Stable
6729-GDNGC,0,Segment 0 — Emerging Risk
6732-FZUGP,2,Segment 2 — High-Value At-Risk
6732-VAILE,2,Segment 2 — High-Value At-Risk
6733-LRIZX,2,Segment 2 — High-Value At-Risk
6734-CKRSM,1,Segment 1 — High-Value Stable
6734-FQAJX,2,Segment 2 — High-Value At-Risk
6734-GMPVK,0,Segment 0 — Emerging Risk
6734-JDTTV,1,Segment 1 — High-Value Stable
6734-PSBAW,1,Segment 1 — High-Value Stable
6736-DHUQI,2,Segment 2 — High-Value At-Risk
6738-ISCBM,0,Segment 0 — Emerging Risk
6741-EGCBI,0,Segment 0 — Emerging Risk
6741-QRLUP,2,Segment 2 — High-Value At-Risk
6743-HHQPF,0,Segment 0 — Emerging Risk
6745-JEFZB,0,Segment 0 — Emerging Risk
6746-WAUWT,1,Segment 1 — High-Value Stable
6749-UTDVX,2,Segment 2 — High-Value At-Risk
6752-APNJL,0,Segment 0 — Emerging Risk
6754-LZUKA,2,Segment 2 — High-Value At-Risk
6754-WKSHP,1,Segment 1 — High-Value Stable
6762-NSODU,1,Segment 1 — High-Value Stable
6762-QVYJO,2,Segment 2 — High-Value At-Risk
6765-MBQNU,1,Segment 1 — High-Value Stable
6766-HFKLA,2,Segment 2 — High-Value At-Risk
6769-DCQLI,2,Segment 2 — High-Value At-Risk
6769-DYBQN,0,Segment 0 — Emerging Risk
6770-UAYGJ,1,Segment 1 — High-Value Stable
6770-XUAGN,1,Segment 1 — High-Value Stable
6771-XWBDM,2,Segment 2 — High-Value At-Risk
6772-KSATR,0,Segment 0 — Emerging Risk
6772-WFQRD,1,Segment 1 — High-Value Stable
6773-LQTVT,1,Segment 1 — High-Value Stable
6776-TLWOI,1,Segment 1 — High-Value Stable
6777-TGHTM,2,Segment 2 — High-Value At-Risk
6778-EICRF,2,Segment 2 — High-Value At-Risk
6778-JFCMK,0,Segment 0 — Emerging Risk
6778-YSNIH,0,Segment 0 — Emerging Risk
6784-XYJAE,2,Segment 2 — High-Value At-Risk
6786-OBWQR,0,Segment 0 — Emerging Risk
6789-HJBWG,0,Segment 0 — Emerging Risk
6791-YBNAK,0,Segment 0 — Emerging Risk
6794-HKIAJ,2,Segment 2 — High-Value At-Risk
6797-LNAQX,2,Segment 2 — High-Value At-Risk
6797-UCJHZ,2,Segment 2 — High-Value At-Risk
6804-GDMOI,2,Segment 2 — High-Value At-Risk
6806-YDEUL,1,Segment 1 — High-Value Stable
6807-SIWJI,0,Segment 0 — Emerging Risk
6810-VCAEX,1,Segment 1 — High-Value Stable
6813-GZQCG,1,Segment 1 — High-Value Stable
6814-ZPWFQ,1,Segment 1 — High-Value Stable
6815-ABQFQ,2,Segment 2 — High-Value At-Risk
6817-WTYHE,0,Segment 0 — Emerging Risk
6818-DJXAA,0,Segment 0 — Emerging Risk
6818-WOBHJ,2,Segment 2 — High-Value At-Risk
6821-BUXUX,0,Segment 0 — Emerging Risk
6821-JPCDC,2,Segment 2 — High-Value At-Risk
6823-SIDFQ,1,Segment 1 — High-Value Stable
6825-UYPFK,0,Segment 0 — Emerging Risk
6827-IEAUQ,2,Segment 2 — High-Value At-Risk
6828-HMKWP,1,Segment 1 — High-Value Stable
6833-JMZYP,0,Segment 0 — Emerging Risk
6834-NXDCA,0,Segment 0 — Emerging Risk
6837-BJYDQ,1,Segment 1 — High-Value Stable
6837-HAEVO,2,Segment 2 — High-Value At-Risk
6838-HVLXG,1,Segment 1 — High-Value Stable
6838-YAUVY,2,Segment 2 — High-Value At-Risk
6839-ITVZJ,0,Segment 0 — Emerging Risk
6840-RESVB,0,Segment 0 — Emerging Risk
6844-DZKRF,0,Segment 0 — Emerging Risk
6845-RGTYS,0,Segment 0 — Emerging Risk
6847-KJLTS,2,Segment 2 — High-Value At-Risk
6848-HJTXY,1,Segment 1 — High-Value Stable
6848-YLDFR,2,Segment 2 — High-Value At-Risk
6849-OYAMU,0,Segment 0 — Emerging Risk
6849-WLEYG,1,Segment 1 — High-Value Stable
6851-WEFYX,2,Segment 2 — High-Value At-Risk
6854-EXGSF,0,Segment 0 — Emerging Risk
6855-VLGOS,1,Segment 1 — High-Value Stable
6856-RAURS,0,Segment 0 — Emerging Risk
6857-TKDJV,1,Segment 1 — High-Value Stable
6857-VWJDT,0,Segment 0 — Emerging Risk
6859-QNXIQ,2,Segment 2 — High-Value At-Risk
6859-RKMZJ,0,Segment 0 — Emerging Risk
6860-YRJZP,0,Segment 0 — Emerging Risk
6861-OKBCE,1,Segment 1 — High-Value Stable
6861-XWTWQ,0,Segment 0 — Emerging Risk
6862-CQUMB,0,Segment 0 — Emerging Risk
6865-JZNKO,0,Segment 0 — Emerging Risk
6867-ACCZI,0,Segment 0 — Emerging Risk
6869-FGJJC,2,Segment 2 — High-Value At-Risk
6870-ECSHE,1,Segment 1 — High-Value Stable
6870-ZWMNX,2,Segment 2 — High-Value At-Risk
6872-HXFNF,2,Segment 2 — High-Value At-Risk
6873-UDNLD,0,Segment 0 — Emerging Risk
6874-SGLHU,0,Segment 0 — Emerging Risk
6876-ADESB,0,Segment 0 — Emerging Risk
6877-LGWXO,0,Segment 0 — Emerging Risk
6877-TJMBR,0,Segment 0 — Emerging Risk
6878-GGDWG,1,Segment 1 — High-Value Stable
6885-PKOAM,2,Segment 2 — High-Value At-Risk
6888-SBYAI,0,Segment 0 — Emerging Risk
6890-PFRQX,0,Segment 0 — Emerging Risk
6891-JPYFF,2,Segment 2 — High-Value At-Risk
6892-BOGQE,1,Segment 1 — High-Value Stable
6892-EZDTG,0,Segment 0 — Emerging Risk
6892-XPFPU,0,Segment 0 — Emerging Risk
6893-ODYYE,2,Segment 2 — High-Value At-Risk
6894-LFHLY,0,Segment 0 — Emerging Risk
6896-SRVYQ,2,Segment 2 — High-Value At-Risk
6897-RWMUB,2,Segment 2 — High-Value At-Risk
6897-UUBNU,0,Segment 0 — Emerging Risk
6898-MDLZW,0,Segment 0 — Emerging Risk
6898-RBTLU,2,Segment 2 — High-Value At-Risk
6899-PPEEA,0,Segment 0 — Emerging Risk
6900-PXRMS,0,Segment 0 — Emerging Risk
6900-RBKER,2,Segment 2 — High-Value At-Risk
6901-GOGZG,2,Segment 2 — High-Value At-Risk
6904-JLBGY,2,Segment 2 — High-Value At-Risk
6905-NIQIN,0,Segment 0 — Emerging Risk
6906-ANDWJ,0,Segment 0 — Emerging Risk
6906-MPARY,2,Segment 2 — High-Value At-Risk
6907-CQGPN,0,Segment 0 — Emerging Risk
6907-FLBER,0,Segment 0 — Emerging Risk
6907-NZZIJ,0,Segment 0 — Emerging Risk
6908-VVYHM,2,Segment 2 — High-Value At-Risk
6910-HADCM,0,Segment 0 — Emerging Risk
6916-HIJSE,2,Segment 2 — High-Value At-Risk
6917-FIJHC,1,Segment 1 — High-Value Stable
6917-IAYHD,0,Segment 0 — Emerging Risk
6917-YACBP,2,Segment 2 — High-Value At-Risk
6918-UMQCG,0,Segment 0 — Emerging Risk
6919-ELBGL,2,Segment 2 — High-Value At-Risk
6921-OZMFH,0,Segment 0 — Emerging Risk
6922-NCEDI,1,Segment 1 — High-Value Stable
6923-AQONU,1,Segment 1 — High-Value Stable
6923-EFPNL,0,Segment 0 — Emerging Risk
6923-JHPMP,0,Segment 0 — Emerging Risk
6924-TDGMT,1,Segment 1 — High-Value Stable
6925-BAYGL,1,Segment 1 — High-Value Stable
6927-WTFIV,0,Segment 0 — Emerging Risk
6928-ONTRW,1,Segment 1 — High-Value Stable
6933-FHBZC,0,Segment 0 — Emerging Risk
6933-VLYFX,2,Segment 2 — High-Value At-Risk
6937-GCDGQ,0,Segment 0 — Emerging Risk
6941-KXRRV,2,Segment 2 — High-Value At-Risk
6941-PMGEP,0,Segment 0 — Emerging Risk
6942-LBFDP,1,Segment 1 — High-Value Stable
6946-LMSQS,0,Segment 0 — Emerging Risk
6950-TWMYB,2,Segment 2 — High-Value At-Risk
6952-OMNWB,2,Segment 2 — High-Value At-Risk
6953-PBDIN,2,Segment 2 — High-Value At-Risk
6954-OOYZZ,0,Segment 0 — Emerging Risk
6956-SMUCM,0,Segment 0 — Emerging Risk
6959-GQEGV,0,Segment 0 — Emerging Risk
6959-UWKHF,0,Segment 0 — Emerging Risk
6960-HVYXR,0,Segment 0 — Emerging Risk
6961-MJKBO,1,Segment 1 — High-Value Stable
6961-VCPMC,2,Segment 2 — High-Value At-Risk
6963-EZQEE,2,Segment 2 — High-Value At-Risk
6963-KQYQB,1,Segment 1 — High-Value Stable
6967-PEJLL,0,Segment 0 — Emerging Risk
6967-QIQRV,2,Segment 2 — High-Value At-Risk
6968-GMKPR,2,Segment 2 — High-Value At-Risk
6968-MHOMU,0,Segment 0 — Emerging Risk
6968-URWQU,2,Segment 2 — High-Value At-Risk
6969-MVBAI,0,Segment 0 — Emerging Risk
6972-SNKKW,1,Segment 1 — High-Value Stable
6974-DAFLI,1,Segment 1 — High-Value Stable
6976-BWGLQ,1,Segment 1 — High-Value Stable
6979-TNDEU,1,Segment 1 — High-Value Stable
6979-ZNSFF,0,Segment 0 — Emerging Risk
6980-CDGFC,1,Segment 1 — High-Value Stable
6980-IMXXE,1,Segment 1 — High-Value Stable
6981-TDRFT,0,Segment 0 — Emerging Risk
6982-SSHFK,0,Segment 0 — Emerging Risk
6982-UQZLY,1,Segment 1 — High-Value Stable
6985-HAYWX,0,Segment 0 — Emerging Risk
6986-IJDHX,0,Segment 0 — Emerging Risk
6986-IXNDM,0,Segment 0 — Emerging Risk
6987-XQSJT,2,Segment 2 — High-Value At-Risk
6988-CJEYV,2,Segment 2 — High-Value At-Risk
6990-YNRIO,2,Segment 2 — High-Value At-Risk
6992-TKNYO,2,Segment 2 — High-Value At-Risk
6993-OHLXR,0,Segment 0 — Emerging Risk
6993-YCOBK,2,Segment 2 — High-Value At-Risk
6993-YGFJV,2,Segment 2 — High-Value At-Risk
6994-FGRHH,2,Segment 2 — High-Value At-Risk
6994-KERXL,0,Segment 0 — Emerging Risk
6994-ORCWG,0,Segment 0 — Emerging Risk
6996-KNSML,0,Segment 0 — Emerging Risk
6997-UVGOX,2,Segment 2 — High-Value At-Risk
6999-CHVCF,2,Segment 2 — High-Value At-Risk
7000-WCEVQ,0,Segment 0 — Emerging Risk
7005-CCBKV,0,Segment 0 — Emerging Risk
7005-CYUIL,2,Segment 2 — High-Value At-Risk
7008-LZVOZ,1,Segment 1 — High-Value Stable
7009-LGECI,0,Segment 0 — Emerging Risk
7009-PCARS,1,Segment 1 — High-Value Stable
7010-BRBUU,1,Segment 1 — High-Value Stable
7010-ZMVBF,1,Segment 1 — High-Value Stable
7011-CVEUC,0,Segment 0 — Emerging Risk
7013-PSXHK,2,Segment 2 — High-Value At-Risk
7014-ZZXAW,1,Segment 1 — High-Value Stable
7016-BPGEU,0,Segment 0 — Emerging Risk
7016-NVRIC,2,Segment 2 — High-Value At-Risk
7017-VFHAY,2,Segment 2 — High-Value At-Risk
7017-VFULY,1,Segment 1 — High-Value Stable
7018-FPXHH,2,Segment 2 — High-Value At-Risk
7018-WBJNK,0,Segment 0 — Emerging Risk
7020-OZKXZ,0,Segment 0 — Emerging Risk
7021-XSNYE,0,Segment 0 — Emerging Risk
7024-OHCCK,0,Segment 0 — Emerging Risk
7025-IWFHT,2,Segment 2 — High-Value At-Risk
7025-WCBNE,0,Segment 0 — Emerging Risk
7026-YMSBE,1,Segment 1 — High-Value Stable
7028-DVOIQ,0,Segment 0 — Emerging Risk
7029-IJEJK,0,Segment 0 — Emerging Risk
7029-RPUAV,0,Segment 0 — Emerging Risk
7030-FZTFM,2,Segment 2 — High-Value At-Risk
7030-NJVDP,0,Segment 0 — Emerging Risk
7032-LMBHI,2,Segment 2 — High-Value At-Risk
7033-CLAMM,1,Segment 1 — High-Value Stable
7036-TYDEC,2,Segment 2 — High-Value At-Risk
7036-ZZKBD,0,Segment 0 — Emerging Risk
7037-MTYVW,2,Segment 2 — High-Value At-Risk
7041-TXQJH,0,Segment 0 — Emerging Risk
7044-YAACC,0,Segment 0 — Emerging Risk
7047-FWEYA,2,Segment 2 — High-Value At-Risk
7047-YXDMZ,1,Segment 1 — High-Value Stable
7048-GXDAY,0,Segment 0 — Emerging Risk
7049-GKVZY,0,Segment 0 — Emerging Risk
7054-DMVAS,2,Segment 2 — High-Value At-Risk
7054-ENNGU,0,Segment 0 — Emerging Risk
7054-LGEQW,0,Segment 0 — Emerging Risk
7055-HNEOJ,0,Segment 0 — Emerging Risk
7055-JCGNI,2,Segment 2 — High-Value At-Risk
7055-VKGDA,2,Segment 2 — High-Value At-Risk
7056-IMHCC,2,Segment 2 — High-Value At-Risk
7061-OVMIM,1,Segment 1 — High-Value Stable
7064-FRRSW,2,Segment 2 — High-Value At-Risk
7064-JHXCE,1,Segment 1 — High-Value Stable
7065-YUNRY,0,Segment 0 — Emerging Risk
7067-KSAZT,2,Segment 2 — High-Value At-Risk
7072-MBHEV,0,Segment 0 — Emerging Risk
7073-QETQY,1,Segment 1 — High-Value Stable
7074-IEVOJ,0,Segment 0 — Emerging Risk
7074-STDCN,0,Segment 0 — Emerging Risk
7075-BNDVQ,0,Segment 0 — Emerging Risk
7077-XJMET,0,Segment 0 — Emerging Risk
7078-NVFAM,0,Segment 0 — Emerging Risk
7079-QRCBC,0,Segment 0 — Emerging Risk
7080-TNUWP,2,Segment 2 — High-Value At-Risk
7083-MIOPC,1,Segment 1 — High-Value Stable
7083-YNSKY,1,Segment 1 — High-Value Stable
7088-FBAWU,0,Segment 0 — Emerging Risk
7089-IVVAZ,0,Segment 0 — Emerging Risk
7089-RKVSZ,1,Segment 1 — High-Value Stable
7089-XXAYG,0,Segment 0 — Emerging Risk
7094-MSZAO,1,Segment 1 — High-Value Stable
7096-UCLNH,1,Segment 1 — High-Value Stable
7096-ZNBZI,1,Segment 1 — High-Value Stable
7100-FQPRV,2,Segment 2 — High-Value At-Risk
7101-HRBLJ,2,Segment 2 — High-Value At-Risk
7102-JJVTX,0,Segment 0 — Emerging Risk
7103-IPXPJ,2,Segment 2 — High-Value At-Risk
7103-ZGVNT,2,Segment 2 — High-Value At-Risk
7105-BENQF,0,Segment 0 — Emerging Risk
7105-MXJLL,0,Segment 0 — Emerging Risk
7107-UBYKY,1,Segment 1 — High-Value Stable
7108-DGVUU,0,Segment 0 — Emerging Risk
7109-CQYUZ,2,Segment 2 — High-Value At-Risk
7109-MFBYV,0,Segment 0 — Emerging Risk
7110-BDTWG,2,Segment 2 — High-Value At-Risk
7112-OPOTK,0,Segment 0 — Emerging Risk
7113-HIPFI,2,Segment 2 — High-Value At-Risk
7114-AEOZE,1,Segment 1 — High-Value Stable
7115-IRDHS,1,Segment 1 — High-Value Stable
7120-RFMVS,0,Segment 0 — Emerging Risk
7123-WQUHX,0,Segment 0 — Emerging Risk
7124-UGSUR,2,Segment 2 — High-Value At-Risk
7126-RBHSD,0,Segment 0 — Emerging Risk
7128-GGCNO,0,Segment 0 — Emerging Risk
7129-ACFOG,0,Segment 0 — Emerging Risk
7129-AZJDE,0,Segment 0 — Emerging Risk
7129-CAKJW,0,Segment 0 — Emerging Risk
7130-CTCUS,0,Segment 0 — Emerging Risk
7130-VTEWQ,0,Segment 0 — Emerging Risk
7130-YXBRO,2,Segment 2 — High-Value At-Risk
7131-ZQZNK,2,Segment 2 — High-Value At-Risk
7133-VBDCG,0,Segment 0 — Emerging Risk
7134-HBPBS,2,Segment 2 — High-Value At-Risk
7134-MJPDY,2,Segment 2 — High-Value At-Risk
7136-IHZJA,2,Segment 2 — High-Value At-Risk
7136-RVDTZ,0,Segment 0 — Emerging Risk
7137-NAXML,1,Segment 1 — High-Value Stable
7137-RYLPP,0,Segment 0 — Emerging Risk
7138-GIRSH,2,Segment 2 — High-Value At-Risk
7139-JZFVG,2,Segment 2 — High-Value At-Risk
7140-ADSMJ,1,Segment 1 — High-Value Stable
7142-HVGBG,0,Segment 0 — Emerging Risk
7143-BQIBA,0,Segment 0 — Emerging Risk
7145-FEJWU,0,Segment 0 — Emerging Risk
7147-AYBAA,0,Segment 0 — Emerging Risk
7148-XZPHA,2,Segment 2 — High-Value At-Risk
7153-CHRBV,2,Segment 2 — High-Value At-Risk
7153-OANIO,0,Segment 0 — Emerging Risk
7156-MHUGY,0,Segment 0 — Emerging Risk
7156-MXBJE,0,Segment 0 — Emerging Risk
7157-SMCFK,1,Segment 1 — High-Value Stable
7159-FVYPK,0,Segment 0 — Emerging Risk
7159-NOKYQ,2,Segment 2 — High-Value At-Risk
7161-DFHUF,1,Segment 1 — High-Value Stable
7162-WPHPM,2,Segment 2 — High-Value At-Risk
7163-OCEQI,2,Segment 2 — High-Value At-Risk
7164-BPTUT,2,Segment 2 — High-Value At-Risk
7167-PCEYD,1,Segment 1 — High-Value Stable
7168-HDQHG,1,Segment 1 — High-Value Stable
7169-YWAMK,2,Segment 2 — High-Value At-Risk
7173-TETGO,2,Segment 2 — High-Value At-Risk
7175-NTIXE,0,Segment 0 — Emerging Risk
7176-WIONM,0,Segment 0 — Emerging Risk
7176-WRTNX,2,Segment 2 — High-Value At-Risk
7180-PISOG,0,Segment 0 — Emerging Risk
7181-BQYBV,0,Segment 0 — Emerging Risk
7181-OQCUT,0,Segment 0 — Emerging Risk
7182-OVLBJ,2,Segment 2 — High-Value At-Risk
7184-LRUUR,0,Segment 0 — Emerging Risk
7188-CBBBA,2,Segment 2 — High-Value At-Risk
7190-XHTWJ,1,Segment 1 — High-Value Stable
7191-ADRGF,0,Segment 0 — Emerging Risk
7196-LIWRH,1,Segment 1 — High-Value Stable
7197-VOJMM,2,Segment 2 — High-Value At-Risk
7198-GLXTC,0,Segment 0 — Emerging Risk
7203-OYKCT,2,Segment 2 — High-Value At-Risk
7205-BAIAD,1,Segment 1 — High-Value Stable
7206-GZCDC,0,Segment 0 — Emerging Risk
7206-PQBBZ,0,Segment 0 — Emerging Risk
7207-RMRDB,2,Segment 2 — High-Value At-Risk
7208-PSIHR,2,Segment 2 — High-Value At-Risk
7209-JCUDS,0,Segment 0 — Emerging Risk
7216-EWTRS,0,Segment 0 — Emerging Risk
7216-KAOID,1,Segment 1 — High-Value Stable
7217-JYHOQ,0,Segment 0 — Emerging Risk
7218-HKQFK,0,Segment 0 — Emerging Risk
7219-TLZHO,1,Segment 1 — High-Value Stable
7225-CBZPL,2,Segment 2 — High-Value At-Risk
7225-IILWY,1,Segment 1 — High-Value Stable
7228-OMTPN,0,Segment 0 — Emerging Risk
7228-PAQPD,0,Segment 0 — Emerging Risk
7233-DRTRF,2,Segment 2 — High-Value At-Risk
7233-IOQNP,0,Segment 0 — Emerging Risk
7233-PAHHL,2,Segment 2 — High-Value At-Risk
7234-FECYN,0,Segment 0 — Emerging Risk
7234-KMNRQ,1,Segment 1 — High-Value Stable
7235-NXZCP,0,Segment 0 — Emerging Risk
7239-HZZCX,1,Segment 1 — High-Value Stable
7240-ETPTR,0,Segment 0 — Emerging Risk
7240-FQLHE,0,Segment 0 — Emerging Risk
7241-AJHFS,0,Segment 0 — Emerging Risk
7242-EDTYC,1,Segment 1 — High-Value Stable
7242-QZLXF,0,Segment 0 — Emerging Risk
7243-LCGGZ,1,Segment 1 — High-Value Stable
7244-KXYZN,1,Segment 1 — High-Value Stable
7244-QWYHG,2,Segment 2 — High-Value At-Risk
7245-JMTTQ,2,Segment 2 — High-Value At-Risk
7245-NIIWQ,0,Segment 0 — Emerging Risk
7246-ZGQDF,0,Segment 0 — Emerging Risk
7247-XOZPB,2,Segment 2 — High-Value At-Risk
7248-VZQLC,0,Segment 0 — Emerging Risk
7249-WBIYX,0,Segment 0 — Emerging Risk
7250-EQKIY,0,Segment 0 — Emerging Risk
7251-LJBQN,2,Segment 2 — High-Value At-Risk
7251-XFOIL,2,Segment 2 — High-Value At-Risk
7252-NTGSS,0,Segment 0 — Emerging Risk
7253-UVNDW,2,Segment 2 — High-Value At-Risk
7254-IQWOZ,0,Segment 0 — Emerging Risk
7255-SSFBC,2,Segment 2 — High-Value At-Risk
7266-GSSJX,1,Segment 1 — High-Value Stable
7267-FRMJW,1,Segment 1 — High-Value Stable
7268-IGMFD,0,Segment 0 — Emerging Risk
7268-WNTCP,1,Segment 1 — High-Value Stable
7269-JISCY,2,Segment 2 — High-Value At-Risk
7270-BDIOA,0,Segment 0 — Emerging Risk
7271-AJDTL,2,Segment 2 — High-Value At-Risk
7272-QDCKA,0,Segment 0 — Emerging Risk
7273-TEFQD,0,Segment 0 — Emerging Risk
7274-CGTOD,2,Segment 2 — High-Value At-Risk
7274-RTAPZ,0,Segment 0 — Emerging Risk
7277-KAMWT,1,Segment 1 — High-Value Stable
7277-OZCGZ,0,Segment 0 — Emerging Risk
7278-CKDNC,0,Segment 0 — Emerging Risk
7279-BUYWN,0,Segment 0 — Emerging Risk
7279-NMVJC,1,Segment 1 — High-Value Stable
7284-BUYEC,0,Segment 0 — Emerging Risk
7284-ZZLOH,2,Segment 2 — High-Value At-Risk
7285-KLOTR,0,Segment 0 — Emerging Risk
7291-CDTMJ,1,Segment 1 — High-Value Stable
7293-LSCDV,1,Segment 1 — High-Value Stable
7294-TMAOP,0,Segment 0 — Emerging Risk
7295-JOMMD,0,Segment 0 — Emerging Risk
7296-PIXQY,0,Segment 0 — Emerging Risk
7297-DVYGA,1,Segment 1 — High-Value Stable
7298-IZWLY,1,Segment 1 — High-Value Stable
7299-GNVPL,0,Segment 0 — Emerging Risk
7301-ABVAD,2,Segment 2 — High-Value At-Risk
7302-ZHMHP,1,Segment 1 — High-Value Stable
7305-ZWMAJ,1,Segment 1 — High-Value Stable
7306-YDSOI,2,Segment 2 — High-Value At-Risk
7310-EGVHZ,1,Segment 1 — High-Value Stable
7311-MQJCH,1,Segment 1 — High-Value Stable
7312-XSBAT,0,Segment 0 — Emerging Risk
7314-OXENN,0,Segment 0 — Emerging Risk
7315-WYOAW,0,Segment 0 — Emerging Risk
7317-GGVPB,2,Segment 2 — High-Value At-Risk
7318-EIVKO,0,Segment 0 — Emerging Risk
7319-VENRZ,0,Segment 0 — Emerging Risk
7319-ZNRTR,1,Segment 1 — High-Value Stable
7321-KKSDU,1,Segment 1 — High-Value Stable
7321-PKUYW,0,Segment 0 — Emerging Risk
7321-VGNKU,0,Segment 0 — Emerging Risk
7321-ZNSLA,0,Segment 0 — Emerging Risk
7322-OCWHC,2,Segment 2 — High-Value At-Risk
7325-ENZFI,0,Segment 0 — Emerging Risk
7326-RIGQZ,0,Segment 0 — Emerging Risk
7328-OWMOM,1,Segment 1 — High-Value Stable
7328-ZJAJO,1,Segment 1 — High-Value Stable
7330-WZLNC,0,Segment 0 — Emerging Risk
7336-RLLRH,2,Segment 2 — High-Value At-Risk
7337-CINUD,1,Segment 1 — High-Value Stable
7338-ERIVA,0,Segment 0 — Emerging Risk
7339-POGZN,0,Segment 0 — Emerging Risk
7340-KEFQE,2,Segment 2 — High-Value At-Risk
7341-LXCAF,0,Segment 0 — Emerging Risk
7343-EOBEU,1,Segment 1 — High-Value Stable
7346-MEDWM,2,Segment 2 — High-Value At-Risk
7349-ALMUX,2,Segment 2 — High-Value At-Risk
7351-KYHQH,0,Segment 0 — Emerging Risk
7351-MHQVU,0,Segment 0 — Emerging Risk
7353-YOWFP,1,Segment 1 — High-Value Stable
7354-OIJLX,0,Segment 0 — Emerging Risk
7356-AYNJP,1,Segment 1 — High-Value Stable
7356-IWLFW,0,Segment 0 — Emerging Risk
7359-PTSXY,0,Segment 0 — Emerging Risk
7359-SSBJK,2,Segment 2 — High-Value At-Risk
7359-WWYJV,2,Segment 2 — High-Value At-Risk
7361-YPXFS,0,Segment 0 — Emerging Risk
7363-QTBIW,0,Segment 0 — Emerging Risk
7365-BVCJH,0,Segment 0 — Emerging Risk
7369-TRPFD,1,Segment 1 — High-Value Stable
7375-WMVMT,2,Segment 2 — High-Value At-Risk
7377-DMMRI,0,Segment 0 — Emerging Risk
7379-FNIUJ,0,Segment 0 — Emerging Risk
7379-POKDZ,0,Segment 0 — Emerging Risk
7382-DFJTU,0,Segment 0 — Emerging Risk
7384-GHBPI,0,Segment 0 — Emerging Risk
7389-KBFIT,0,Segment 0 — Emerging Risk
7392-YYPYJ,0,Segment 0 — Emerging Risk
7394-FKDNK,0,Segment 0 — Emerging Risk
7394-LWLYN,0,Segment 0 — Emerging Risk
7395-IGJOS,0,Segment 0 — Emerging Risk
7395-XWZOY,0,Segment 0 — Emerging Risk
7396-VJUZB,0,Segment 0 — Emerging Risk
7398-HPYZQ,2,Segment 2 — High-Value At-Risk
7398-LXGYX,2,Segment 2 — High-Value At-Risk
7398-SKNQZ,0,Segment 0 — Emerging Risk
7399-QHBJS,2,Segment 2 — High-Value At-Risk
7401-JIXNM,2,Segment 2 — High-Value At-Risk
7401-RUBNK,0,Segment 0 — Emerging Risk
7402-EYFXX,0,Segment 0 — Emerging Risk
7402-PWYJJ,2,Segment 2 — High-Value At-Risk
7404-JLKQG,0,Segment 0 — Emerging Risk
7407-SUJIZ,1,Segment 1 — High-Value Stable
7408-OFWXJ,2,Segment 2 — High-Value At-Risk
7409-JURKQ,2,Segment 2 — High-Value At-Risk
7409-KIUTL,0,Segment 0 — Emerging Risk
7410-KTVFV,0,Segment 0 — Emerging Risk
7410-OIEDU,0,Segment 0 — Emerging Risk
7410-YTJIK,0,Segment 0 — Emerging Risk
7416-CKTEP,1,Segment 1 — High-Value Stable
7421-ZLUPA,0,Segment 0 — Emerging Risk
7422-WNBTY,0,Segment 0 — Emerging Risk
7426-GSWPO,2,Segment 2 — High-Value At-Risk
7426-RHZGU,0,Segment 0 — Emerging Risk
7426-WEIJX,2,Segment 2 — High-Value At-Risk
7427-AUFPY,1,Segment 1 — High-Value Stable
7432-FFVAR,2,Segment 2 — High-Value At-Risk
7434-SHXLS,1,Segment 1 — High-Value Stable
7435-ZNUYY,1,Segment 1 — High-Value Stable
7439-DKZTW,0,Segment 0 — Emerging Risk
7442-YGZFK,0,Segment 0 — Emerging Risk
7445-WMRBW,2,Segment 2 — High-Value At-Risk
7446-KQISO,2,Segment 2 — High-Value At-Risk
7446-SFAOA,1,Segment 1 — High-Value Stable
7446-YPODE,0,Segment 0 — Emerging Risk
7449-HVPIV,2,Segment 2 — High-Value At-Risk
7450-NWRTR,0,Segment 0 — Emerging Risk
7452-FOLON,1,Segment 1 — High-Value Stable
7459-IMVYU,0,Segment 0 — Emerging Risk
7459-RRWQZ,0,Segment 0 — Emerging Risk
7460-ITWWP,2,Segment 2 — High-Value At-Risk
7463-IFMQU,1,Segment 1 — High-Value Stable
7465-ZZRVX,0,Segment 0 — Emerging Risk
7469-LKBCI,1,Segment 1 — High-Value Stable
7470-DYNOE,2,Segment 2 — High-Value At-Risk
7470-MCQTK,0,Segment 0 — Emerging Risk
7471-MQPOS,2,Segment 2 — High-Value At-Risk
7471-WNSUF,1,Segment 1 — High-Value Stable
7472-EQOAV,2,Segment 2 — High-Value At-Risk
7473-ZBDSN,1,Segment 1 — High-Value Stable
7479-NITWS,0,Segment 0 — Emerging Risk
7480-QNVZJ,0,Segment 0 — Emerging Risk
7480-SPLEF,1,Segment 1 — High-Value Stable
7481-ATQQS,2,Segment 2 — High-Value At-Risk
7483-IQWIB,0,Segment 0 — Emerging Risk
7486-KSRVI,2,Segment 2 — High-Value At-Risk
7488-MXJIV,0,Segment 0 — Emerging Risk
7492-TAFJD,0,Segment 0 — Emerging Risk
7493-GVFIO,1,Segment 1 — High-Value Stable
7493-TPUWZ,0,Segment 0 — Emerging Risk
7495-OOKFY,0,Segment 0 — Emerging Risk
7501-IWUNG,2,Segment 2 — High-Value At-Risk
7501-VTYLJ,0,Segment 0 — Emerging Risk
7502-BNYGS,2,Segment 2 — High-Value At-Risk
7503-EPSZW,1,Segment 1 — High-Value Stable
7503-MIOGA,2,Segment 2 — High-Value At-Risk
7503-QQRVF,0,Segment 0 — Emerging Risk
7503-ZGUZJ,0,Segment 0 — Emerging Risk
7504-UWHNB,0,Segment 0 — Emerging Risk
7508-DQAKK,2,Segment 2 — High-Value At-Risk
7508-KBIMB,0,Segment 0 — Emerging Risk
7508-MYBOG,0,Segment 0 — Emerging Risk
7508-SMHXL,0,Segment 0 — Emerging Risk
7511-YMXVQ,0,Segment 0 — Emerging Risk
7515-LODFU,1,Segment 1 — High-Value Stable
7516-GMHUV,2,Segment 2 — High-Value At-Risk
7517-LDMPS,0,Segment 0 — Emerging Risk
7517-SAWMO,0,Segment 0 — Emerging Risk
7519-JTWQH,2,Segment 2 — High-Value At-Risk
7520-HQWJU,2,Segment 2 — High-Value At-Risk
7521-AFHAB,0,Segment 0 — Emerging Risk
7521-YXVZY,1,Segment 1 — High-Value Stable
7524-VRLPL,2,Segment 2 — High-Value At-Risk
7526-BEZQB,0,Segment 0 — Emerging Risk
7526-IVLYU,1,Segment 1 — High-Value Stable
7527-QNRUS,1,Segment 1 — High-Value Stable
7529-ZDFXI,2,Segment 2 — High-Value At-Risk
7530-HDYDS,0,Segment 0 — Emerging Risk
7531-GQHME,1,Segment 1 — High-Value Stable
7534-BFESC,0,Segment 0 — Emerging Risk
7537-CBQUZ,2,Segment 2 — High-Value At-Risk
7537-RBWEA,0,Segment 0 — Emerging Risk
7538-GWHML,0,Segment 0 — Emerging Risk
7541-YLXCL,2,Segment 2 — High-Value At-Risk
7542-CYDDM,1,Segment 1 — High-Value Stable
7544-ZVIKX,2,Segment 2 — High-Value At-Risk
7547-EKNFS,0,Segment 0 — Emerging Risk
7548-SEPYI,0,Segment 0 — Emerging Risk
7549-MYGPK,2,Segment 2 — High-Value At-Risk
7550-WIQVA,2,Segment 2 — High-Value At-Risk
7551-DACSP,0,Segment 0 — Emerging Risk
7551-JOHTI,1,Segment 1 — High-Value Stable
7552-KEYGT,1,Segment 1 — High-Value Stable
7554-AKDQF,0,Segment 0 — Emerging Risk
7554-NEWDD,1,Segment 1 — High-Value Stable
7558-IMLMT,1,Segment 1 — High-Value Stable
7560-QJAVJ,2,Segment 2 — High-Value At-Risk
7560-QRBXH,1,Segment 1 — High-Value Stable
7562-GSUHK,0,Segment 0 — Emerging Risk
7562-UXTPG,0,Segment 0 — Emerging Risk
7563-BIUPC,0,Segment 0 — Emerging Risk
7564-GHCVB,2,Segment 2 — High-Value At-Risk
7566-DSRLQ,2,Segment 2 — High-Value At-Risk
7567-ECMCM,0,Segment 0 — Emerging Risk
7568-PODML,0,Segment 0 — Emerging Risk
7569-NMZYQ,2,Segment 2 — High-Value At-Risk
7570-WELNY,2,Segment 2 — High-Value At-Risk
7571-YXDAD,0,Segment 0 — Emerging Risk
7572-KPVKK,2,Segment 2 — High-Value At-Risk
7576-ASEJU,2,Segment 2 — High-Value At-Risk
7576-JMYWV,2,Segment 2 — High-Value At-Risk
7576-OYWBN,0,Segment 0 — Emerging Risk
7577-SWIFR,0,Segment 0 — Emerging Risk
7579-KKLOE,2,Segment 2 — High-Value At-Risk
7579-OOPEC,0,Segment 0 — Emerging Risk
7580-UGXNC,0,Segment 0 — Emerging Risk
7581-EBBOU,2,Segment 2 — High-Value At-Risk
7586-ZATGZ,0,Segment 0 — Emerging Risk
7587-AOVVU,0,Segment 0 — Emerging Risk
7587-RZNME,0,Segment 0 — Emerging Risk
7590-VHVEG,0,Segment 0 — Emerging Risk
7593-JNWRU,0,Segment 0 — Emerging Risk
7593-XFKDI,0,Segment 0 — Emerging Risk
7594-LZNWR,0,Segment 0 — Emerging Risk
7594-RQHXR,0,Segment 0 — Emerging Risk
7595-EHCDL,0,Segment 0 — Emerging Risk
7595-EUIVN,0,Segment 0 — Emerging Risk
7596-IIWYC,1,Segment 1 — High-Value Stable
7596-LDUXP,0,Segment 0 — Emerging Risk
7596-ZYWBB,2,Segment 2 — High-Value At-Risk
7598-UAASY,0,Segment 0 — Emerging Risk
7599-FKVXZ,0,Segment 0 — Emerging Risk
7599-NTMDP,2,Segment 2 — High-Value At-Risk
7601-DHFWZ,1,Segment 1 — High-Value Stable
7601-GNDYK,1,Segment 1 — High-Value Stable
7601-WFVZV,1,Segment 1 — High-Value Stable
7602-DBTOU,1,Segment 1 — High-Value Stable
7602-MVRMB,2,Segment 2 — High-Value At-Risk
7603-USHJS,0,Segment 0 — Emerging Risk
7605-BDWDC,0,Segment 0 — Emerging Risk
7605-SNLQG,0,Segment 0 — Emerging Risk
7606-BPHHN,1,Segment 1 — High-Value Stable
7607-QKKTJ,2,Segment 2 — High-Value At-Risk
7608-RGIRO,1,Segment 1 — High-Value Stable
7609-NRNCA,1,Segment 1 — High-Value Stable
7609-YBPXG,2,Segment 2 — High-Value At-Risk
7610-TVOPG,1,Segment 1 — High-Value Stable
7611-YKYTC,0,Segment 0 — Emerging Risk
7613-LLQFO,0,Segment 0 — Emerging Risk
7614-QVWQL,0,Segment 0 — Emerging Risk
7615-ESMYF,0,Segment 0 — Emerging Risk
7617-EYGLW,1,Segment 1 — High-Value Stable
7619-ODSGN,0,Segment 0 — Emerging Risk
7619-PLRLP,2,Segment 2 — High-Value At-Risk
7621-VPNET,0,Segment 0 — Emerging Risk
7622-FWGEW,2,Segment 2 — High-Value At-Risk
7622-NXQZR,0,Segment 0 — Emerging Risk
7623-HKYRK,1,Segment 1 — High-Value Stable
7623-TRNQN,0,Segment 0 — Emerging Risk
7625-XCQRH,0,Segment 0 — Emerging Risk
7627-JKIAZ,0,Segment 0 — Emerging Risk
7629-WFGLW,2,Segment 2 — High-Value At-Risk
7629-WIXZF,0,Segment 0 — Emerging Risk
7632-MNYOY,2,Segment 2 — High-Value At-Risk
7632-YUTXB,1,Segment 1 — High-Value Stable
7633-MVPUY,2,Segment 2 — High-Value At-Risk
7634-HLQJR,1,Segment 1 — High-Value Stable
7634-WSWDB,0,Segment 0 — Emerging Risk
7636-OWBPG,0,Segment 0 — Emerging Risk
7636-PEPNS,2,Segment 2 — High-Value At-Risk
7636-XUHWW,1,Segment 1 — High-Value Stable
7638-QVMVY,0,Segment 0 — Emerging Risk
7639-LIAYI,2,Segment 2 — High-Value At-Risk
7639-OPLNG,2,Segment 2 — High-Value At-Risk
7639-SUPCW,0,Segment 0 — Emerging Risk
7641-EUYET,2,Segment 2 — High-Value At-Risk
7641-TQFHN,2,Segment 2 — High-Value At-Risk
7643-RCHXS,1,Segment 1 — High-Value Stable
7644-OMVMY,1,Segment 1 — High-Value Stable
7647-GYYKX,1,Segment 1 — High-Value Stable
7649-PHJVR,1,Segment 1 — High-Value Stable
7649-SIJJF,2,Segment 2 — High-Value At-Risk
7654-YWJUF,2,Segment 2 — High-Value At-Risk
7657-DYEPJ,0,Segment 0 — Emerging Risk
7658-UYUQS,0,Segment 0 — Emerging Risk
7660-HDPJV,0,Segment 0 — Emerging Risk
7661-CPURM,0,Segment 0 — Emerging Risk
7663-CUXZB,2,Segment 2 — High-Value At-Risk
7663-RGWBC,0,Segment 0 — Emerging Risk
7663-YJHSN,2,Segment 2 — High-Value At-Risk
7663-ZTEGJ,2,Segment 2 — High-Value At-Risk
7665-NKLAV,1,Segment 1 — High-Value Stable
7665-TOALD,0,Segment 0 — Emerging Risk
7665-VIGUD,1,Segment 1 — High-Value Stable
7666-WKRON,0,Segment 0 — Emerging Risk
7668-XCFYV,0,Segment 0 — Emerging Risk
7669-LCRSD,0,Segment 0 — Emerging Risk
7670-ZBPOQ,2,Segment 2 — High-Value At-Risk
7672-VFMXZ,0,Segment 0 — Emerging Risk
7673-BQGKU,1,Segment 1 — High-Value Stable
7673-LPRNY,0,Segment 0 — Emerging Risk
7674-YTAFD,0,Segment 0 — Emerging Risk
7675-OZCZG,0,Segment 0 — Emerging Risk
7677-SJJJK,1,Segment 1 — High-Value Stable
7682-AZNDK,0,Segment 0 — Emerging Risk
7683-CBDKJ,0,Segment 0 — Emerging Risk
7684-XSZIY,1,Segment 1 — High-Value Stable
7688-AWMDX,2,Segment 2 — High-Value At-Risk
7690-KPNCU,2,Segment 2 — High-Value At-Risk
7691-KGKGP,2,Segment 2 — High-Value At-Risk
7691-XVTZH,2,Segment 2 — High-Value At-Risk
7693-LCKZL,0,Segment 0 — Emerging Risk
7693-QPEFS,2,Segment 2 — High-Value At-Risk
7694-VLBWQ,2,Segment 2 — High-Value At-Risk
7695-PKLCZ,1,Segment 1 — High-Value Stable
7696-AMHOD,2,Segment 2 — High-Value At-Risk
7696-CFTAT,1,Segment 1 — High-Value Stable
7698-YFGEZ,1,Segment 1 — High-Value Stable
7703-ZEKEF,0,Segment 0 — Emerging Risk
7706-DZNKK,1,Segment 1 — High-Value Stable
7706-YLMQA,1,Segment 1 — High-Value Stable
7707-PYBBH,0,Segment 0 — Emerging Risk
7710-JSYOA,2,Segment 2 — High-Value At-Risk
7711-GQBZC,1,Segment 1 — High-Value Stable
7711-YIJWC,2,Segment 2 — High-Value At-Risk
7714-YXSMB,0,Segment 0 — Emerging Risk
7716-YTYHG,2,Segment 2 — High-Value At-Risk
7717-BICXI,1,Segment 1 — High-Value Stable
7718-RXDGG,0,Segment 0 — Emerging Risk
7718-UPSKJ,2,Segment 2 — High-Value At-Risk
7721-DVEKZ,1,Segment 1 — High-Value Stable
7721-JXEAW,0,Segment 0 — Emerging Risk
7722-CVFXN,2,Segment 2 — High-Value At-Risk
7722-VJRQD,2,Segment 2 — High-Value At-Risk
7727-SHVZV,1,Segment 1 — High-Value Stable
7729-JTEEC,0,Segment 0 — Emerging Risk
7729-XBTWX,1,Segment 1 — High-Value Stable
7730-CLDSV,2,Segment 2 — High-Value At-Risk
7730-IUTDZ,0,Segment 0 — Emerging Risk
7733-UDMTP,2,Segment 2 — High-Value At-Risk
7734-DBOAI,0,Segment 0 — Emerging Risk
7739-LAXOG,0,Segment 0 — Emerging Risk
7740-BTPUX,2,Segment 2 — High-Value At-Risk
7740-KKCXF,0,Segment 0 — Emerging Risk
7742-MYPGI,0,Segment 0 — Emerging Risk
7743-EXURX,0,Segment 0 — Emerging Risk
7746-AWNQW,0,Segment 0 — Emerging Risk
7746-QYVCO,0,Segment 0 — Emerging Risk
7748-UMTRK,2,Segment 2 — High-Value At-Risk
7750-EYXWZ,0,Segment 0 — Emerging Risk
7752-XUSCI,0,Segment 0 — Emerging Risk
7753-USQYQ,2,Segment 2 — High-Value At-Risk
7754-IXRMC,0,Segment 0 — Emerging Risk
7758-UJWYS,2,Segment 2 — High-Value At-Risk
7758-XKCBS,0,Segment 0 — Emerging Risk
7760-OYPDY,0,Segment 0 — Emerging Risk
7762-ONLJY,1,Segment 1 — High-Value Stable
7762-URZQH,2,Segment 2 — High-Value At-Risk
7764-BDPEE,1,Segment 1 — High-Value Stable
7765-LWVVH,2,Segment 2 — High-Value At-Risk
7766-CLTIC,0,Segment 0 — Emerging Risk
7767-UXAGJ,0,Segment 0 — Emerging Risk
7771-CFQRQ,2,Segment 2 — High-Value At-Risk
7771-ZONAT,0,Segment 0 — Emerging Risk
7774-OJSXI,2,Segment 2 — High-Value At-Risk
7776-QGYJC,2,Segment 2 — High-Value At-Risk
7776-QWNFX,0,Segment 0 — Emerging Risk
7777-UNYHB,1,Segment 1 — High-Value Stable
7779-LGOVN,0,Segment 0 — Emerging Risk
7779-ORAEL,2,Segment 2 — High-Value At-Risk
7780-OTDSO,0,Segment 0 — Emerging Risk
7781-EWARA,2,Segment 2 — High-Value At-Risk
7781-HVGMK,2,Segment 2 — High-Value At-Risk
7783-YKGDV,0,Segment 0 — Emerging Risk
7785-RDVIG,1,Segment 1 — High-Value Stable
7786-WBJYI,0,Segment 0 — Emerging Risk
7787-BNTZM,1,Segment 1 — High-Value Stable
7789-CRUVC,2,Segment 2 — High-Value At-Risk
7789-HKSBS,2,Segment 2 — High-Value At-Risk
7794-JASDG,0,Segment 0 — Emerging Risk
7795-CFOCW,0,Segment 0 — Emerging Risk
7797-EJMDP,0,Segment 0 — Emerging Risk
7798-JVXYM,0,Segment 0 — Emerging Risk
7799-DSEWS,0,Segment 0 — Emerging Risk
7799-LGRDP,1,Segment 1 — High-Value Stable
7801-CEDNV,1,Segment 1 — High-Value Stable
7801-KICAO,0,Segment 0 — Emerging Risk
7802-EFKNY,0,Segment 0 — Emerging Risk
7803-XOCCZ,2,Segment 2 — High-Value At-Risk
7808-DVWEP,1,Segment 1 — High-Value Stable
7811-JIVPF,0,Segment 0 — Emerging Risk
7812-FZHPE,1,Segment 1 — High-Value Stable
7813-TKCVO,1,Segment 1 — High-Value Stable
7813-ZGGAW,0,Segment 0 — Emerging Risk
7814-LEEVE,1,Segment 1 — High-Value Stable
7815-PDTHL,1,Segment 1 — High-Value Stable
7816-VGHTO,1,Segment 1 — High-Value Stable
7817-BOQPW,0,Segment 0 — Emerging Risk
7817-OMJNA,1,Segment 1 — High-Value Stable
7820-ZYGNY,2,Segment 2 — High-Value At-Risk
7821-DPRQE,2,Segment 2 — High-Value At-Risk
7823-JSOAG,0,Segment 0 — Emerging Risk
7824-PANSQ,2,Segment 2 — High-Value At-Risk
7825-ECJRF,0,Segment 0 — Emerging Risk
7825-GKXMW,0,Segment 0 — Emerging Risk
7826-VVKWT,2,Segment 2 — High-Value At-Risk
7831-QGOXH,0,Segment 0 — Emerging Risk
7833-PKIHD,2,Segment 2 — High-Value At-Risk
7838-LAZFO,2,Segment 2 — High-Value At-Risk
7839-NUIAA,2,Segment 2 — High-Value At-Risk
7839-QRKXN,1,Segment 1 — High-Value Stable
7841-FCRQD,0,Segment 0 — Emerging Risk
7841-TZDMQ,0,Segment 0 — Emerging Risk
7845-URHJN,1,Segment 1 — High-Value Stable
7850-THJMU,1,Segment 1 — High-Value Stable
7850-VWJUU,0,Segment 0 — Emerging Risk
7851-FLGGQ,0,Segment 0 — Emerging Risk
7851-WZEKY,0,Segment 0 — Emerging Risk
7852-LECYP,2,Segment 2 — High-Value At-Risk
7853-GVUDZ,1,Segment 1 — High-Value Stable
7853-OETYL,0,Segment 0 — Emerging Risk
7853-WNZSY,1,Segment 1 — High-Value Stable
7854-EDSSA,0,Segment 0 — Emerging Risk
7854-EKTJL,1,Segment 1 — High-Value Stable
7854-FOKSF,0,Segment 0 — Emerging Risk
7855-DIWPO,0,Segment 0 — Emerging Risk
7856-GANIL,2,Segment 2 — High-Value At-Risk
7858-GTZSP,0,Segment 0 — Emerging Risk
7860-KSUGX,2,Segment 2 — High-Value At-Risk
7860-UXCRM,2,Segment 2 — High-Value At-Risk
7861-UVUFT,0,Segment 0 — Emerging Risk
7868-BGSZA,2,Segment 2 — High-Value At-Risk
7868-TMWMZ,2,Segment 2 — High-Value At-Risk
7869-ZYDST,0,Segment 0 — Emerging Risk
7872-BAAZR,1,Segment 1 — High-Value Stable
7872-RDDLZ,2,Segment 2 — High-Value At-Risk
7873-CVMAW,2,Segment 2 — High-Value At-Risk
7874-ECPQJ,1,Segment 1 — High-Value Stable
7876-AEHIG,0,Segment 0 — Emerging Risk
7876-BEUTG,0,Segment 0 — Emerging Risk
7876-DNYAP,1,Segment 1 — High-Value Stable
7878-JGDKK,0,Segment 0 — Emerging Risk
7878-RTCZG,1,Segment 1 — High-Value Stable
7879-CGSFV,2,Segment 2 — High-Value At-Risk
7880-XSOJX,0,Segment 0 — Emerging Risk
7881-EVUAD,0,Segment 0 — Emerging Risk
7881-INRLC,2,Segment 2 — High-Value At-Risk
7883-ROJOC,0,Segment 0 — Emerging Risk
7890-VYYWG,0,Segment 0 — Emerging Risk
7892-POOKP,0,Segment 0 — Emerging Risk
7892-QVYKW,0,Segment 0 — Emerging Risk
7893-IXHRQ,1,Segment 1 — High-Value Stable
7895-VONWT,0,Segment 0 — Emerging Risk
7898-PDWQE,2,Segment 2 — High-Value At-Risk
7901-HXJVA,0,Segment 0 — Emerging Risk
7901-IIDQV,0,Segment 0 — Emerging Risk
7901-TBKJX,2,Segment 2 — High-Value At-Risk
7903-CMPEY,0,Segment 0 — Emerging Risk
7905-NJMXS,0,Segment 0 — Emerging Risk
7905-TVXTA,0,Segment 0 — Emerging Risk
7908-QCBCA,0,Segment 0 — Emerging Risk
7909-FIOIY,0,Segment 0 — Emerging Risk
7912-SYRQT,0,Segment 0 — Emerging Risk
7916-VCCPB,0,Segment 0 — Emerging Risk
7919-ZODZZ,0,Segment 0 — Emerging Risk
7921-BEPCI,2,Segment 2 — High-Value At-Risk
7921-LMDFQ,2,Segment 2 — High-Value At-Risk
7923-IYJWY,2,Segment 2 — High-Value At-Risk
7924-GJZFI,2,Segment 2 — High-Value At-Risk
7925-PNRGI,2,Segment 2 — High-Value At-Risk
7926-IJOOU,1,Segment 1 — High-Value Stable
7927-AUXBZ,0,Segment 0 — Emerging Risk
7928-VJYAB,0,Segment 0 — Emerging Risk
7929-DMBCV,0,Segment 0 — Emerging Risk
7929-SKFGK,2,Segment 2 — High-Value At-Risk
7931-PXHFC,2,Segment 2 — High-Value At-Risk
7932-WPTDS,0,Segment 0 — Emerging Risk
7938-OUHIO,0,Segment 0 — Emerging Risk
7940-UQQUG,2,Segment 2 — High-Value At-Risk
7941-RCJOW,1,Segment 1 — High-Value Stable
7943-RQCHR,0,Segment 0 — Emerging Risk
7945-HLKEA,2,Segment 2 — High-Value At-Risk
7945-PRBVF,1,Segment 1 — High-Value Stable
7950-XWOVN,0,Segment 0 — Emerging Risk
7951-QKZPL,1,Segment 1 — High-Value Stable
7951-VRDVK,2,Segment 2 — High-Value At-Risk
7952-OBOYL,0,Segment 0 — Emerging Risk
7954-MLBUN,0,Segment 0 — Emerging Risk
7956-XQWGU,1,Segment 1 — High-Value Stable
7957-RYHQD,0,Segment 0 — Emerging Risk
7963-GQRMY,0,Segment 0 — Emerging Risk
7963-SHNDT,0,Segment 0 — Emerging Risk
7964-VEXDG,0,Segment 0 — Emerging Risk
7964-YESJC,0,Segment 0 — Emerging Risk
7964-ZRKKG,2,Segment 2 — High-Value At-Risk
7966-YOTQW,0,Segment 0 — Emerging Risk
7967-HYCDE,0,Segment 0 — Emerging Risk
7968-QUXNS,1,Segment 1 — High-Value Stable
7969-AULMZ,0,Segment 0 — Emerging Risk
7969-FFOWG,1,Segment 1 — High-Value Stable
7971-HLVXI,2,Segment 2 — High-Value At-Risk
7973-DZRKH,2,Segment 2 — High-Value At-Risk
7975-JMZNT,2,Segment 2 — High-Value At-Risk
7975-TZMLR,2,Segment 2 — High-Value At-Risk
7976-CICYS,1,Segment 1 — High-Value Stable
7977-HXJKU,1,Segment 1 — High-Value Stable
7978-DKUQH,0,Segment 0 — Emerging Risk
7979-CORPM,0,Segment 0 — Emerging Risk
7980-MHFLQ,1,Segment 1 — High-Value Stable
7982-VCELR,0,Segment 0 — Emerging Risk
7989-AWGEH,0,Segment 0 — Emerging Risk
7989-CHGTL,1,Segment 1 — High-Value Stable
7989-VCQOH,0,Segment 0 — Emerging Risk
7993-NQLJE,0,Segment 0 — Emerging Risk
7993-PYKOF,0,Segment 0 — Emerging Risk
7994-UYIVZ,0,Segment 0 — Emerging Risk
7994-XIRTR,2,Segment 2 — High-Value At-Risk
7995-ZHHNZ,2,Segment 2 — High-Value At-Risk
7996-BPXHY,1,Segment 1 — High-Value Stable
7996-MHXLW,1,Segment 1 — High-Value Stable
7997-EASSD,2,Segment 2 — High-Value At-Risk
7998-WNZEM,2,Segment 2 — High-Value At-Risk
7998-ZLXWN,1,Segment 1 — High-Value Stable
8000-REIQB,0,Segment 0 — Emerging Risk
8003-EWNDZ,1,Segment 1 — High-Value Stable
8006-PYCSW,1,Segment 1 — High-Value Stable
8007-YYPWD,1,Segment 1 — High-Value Stable
8008-ESFLK,2,Segment 2 — High-Value At-Risk
8008-HAWED,0,Segment 0 — Emerging Risk
8008-OTEZX,1,Segment 1 — High-Value Stable
8010-EZLOU,0,Segment 0 — Emerging Risk
8012-SOUDQ,2,Segment 2 — High-Value At-Risk
8015-IHCGW,2,Segment 2 — High-Value At-Risk
8016-NCFVO,2,Segment 2 — High-Value At-Risk
8016-ZMGMO,2,Segment 2 — High-Value At-Risk
8017-LXHFA,0,Segment 0 — Emerging Risk
8017-UVSZU,2,Segment 2 — High-Value At-Risk
8019-ENHXU,2,Segment 2 — High-Value At-Risk
8020-BWHYL,0,Segment 0 — Emerging Risk
8022-BECSI,1,Segment 1 — High-Value Stable
8023-QHAIO,2,Segment 2 — High-Value At-Risk
8024-XNAFQ,2,Segment 2 — High-Value At-Risk
8028-PNXHQ,1,Segment 1 — High-Value Stable
8029-XYPWT,2,Segment 2 — High-Value At-Risk
8033-ATFAS,0,Segment 0 — Emerging Risk
8033-VCZGH,2,Segment 2 — High-Value At-Risk
8034-RYTVV,2,Segment 2 — High-Value At-Risk
8035-BUYVG,2,Segment 2 — High-Value At-Risk
8035-PWSEV,0,Segment 0 — Emerging Risk
8039-ACLPL,2,Segment 2 — High-Value At-Risk
8039-EQPIM,2,Segment 2 — High-Value At-Risk
8040-MNRTF,0,Segment 0 — Emerging Risk
8041-TMEID,2,Segment 2 — High-Value At-Risk
8042-JVNFH,0,Segment 0 — Emerging Risk
8042-RNLKO,1,Segment 1 — High-Value Stable
8043-PNYSD,1,Segment 1 — High-Value Stable
8044-BGWPI,1,Segment 1 — High-Value Stable
8046-DNVTL,2,Segment 2 — High-Value At-Risk
8048-DSDFQ,1,Segment 1 — High-Value Stable
8049-WJCLQ,0,Segment 0 — Emerging Risk
8050-DVOJX,2,Segment 2 — High-Value At-Risk
8050-WYBND,0,Segment 0 — Emerging Risk
8050-XGRVL,2,Segment 2 — High-Value At-Risk
8051-HJRLT,0,Segment 0 — Emerging Risk
8053-WWDRO,1,Segment 1 — High-Value Stable
8058-DMYRU,2,Segment 2 — High-Value At-Risk
8058-INTPH,0,Segment 0 — Emerging Risk
8058-JMEQO,0,Segment 0 — Emerging Risk
8059-UDZFY,2,Segment 2 — High-Value At-Risk
8060-HIWJJ,2,Segment 2 — High-Value At-Risk
8062-YBDOE,0,Segment 0 — Emerging Risk
8063-GBATB,0,Segment 0 — Emerging Risk
8063-RJYNF,0,Segment 0 — Emerging Risk
8064-RAVOH,0,Segment 0 — Emerging Risk
8065-BVEPF,2,Segment 2 — High-Value At-Risk
8065-QBYTO,2,Segment 2 — High-Value At-Risk
8065-YKXKD,0,Segment 0 — Emerging Risk
8066-POXGX,0,Segment 0 — Emerging Risk
8067-NIOYM,1,Segment 1 — High-Value Stable
8069-RHUXK,2,Segment 2 — High-Value At-Risk
8069-YQQAJ,0,Segment 0 — Emerging Risk
8070-AAWZP,1,Segment 1 — High-Value Stable
8071-SBTRN,2,Segment 2 — High-Value At-Risk
8073-IJDCM,1,Segment 1 — High-Value Stable
8075-GXIUB,1,Segment 1 — High-Value Stable
8076-FEZKJ,1,Segment 1 — High-Value Stable
8079-XRJRS,2,Segment 2 — High-Value At-Risk
8080-DDEMJ,0,Segment 0 — Emerging Risk
8080-POTJR,0,Segment 0 — Emerging Risk
8082-GHXOP,0,Segment 0 — Emerging Risk
8083-YTZES,0,Segment 0 — Emerging Risk
8084-OIVBS,1,Segment 1 — High-Value Stable
8085-MSNLK,2,Segment 2 — High-Value At-Risk
8086-OVPWV,0,Segment 0 — Emerging Risk
8087-LGYHQ,0,Segment 0 — Emerging Risk
8089-UZWLX,2,Segment 2 — High-Value At-Risk
8091-TTVAX,2,Segment 2 — High-Value At-Risk
8092-NLTGF,1,Segment 1 — High-Value Stable
8095-WANWK,0,Segment 0 — Emerging Risk
8096-LOIST,0,Segment 0 — Emerging Risk
8097-OMULG,2,Segment 2 — High-Value At-Risk
8097-VBQTZ,2,Segment 2 — High-Value At-Risk
8098-LLAZX,0,Segment 0 — Emerging Risk
8098-TDCBU,1,Segment 1 — High-Value Stable
8099-MZPUJ,2,Segment 2 — High-Value At-Risk
8100-HZZLJ,0,Segment 0 — Emerging Risk
8100-PNJMH,2,Segment 2 — High-Value At-Risk
8104-OSKWT,0,Segment 0 — Emerging Risk
8106-GWQOK,0,Segment 0 — Emerging Risk
8107-KNCIM,0,Segment 0 — Emerging Risk
8107-RZLNV,2,Segment 2 — High-Value At-Risk
8108-UXRQN,0,Segment 0 — Emerging Risk
8109-YUOHE,0,Segment 0 — Emerging Risk
8111-BKVDS,0,Segment 0 — Emerging Risk
8111-RKSPX,0,Segment 0 — Emerging Risk
8111-SLLHI,2,Segment 2 — High-Value At-Risk
8118-LSUEL,0,Segment 0 — Emerging Risk
8118-TJAFG,0,Segment 0 — Emerging Risk
8120-JDCAM,0,Segment 0 — Emerging Risk
8123-QBNAZ,2,Segment 2 — High-Value At-Risk
8124-NZVGJ,0,Segment 0 — Emerging Risk
8125-QPFJD,2,Segment 2 — High-Value At-Risk
8128-YVJRG,0,Segment 0 — Emerging Risk
8129-GMVGI,1,Segment 1 — High-Value Stable
8132-YPVBX,0,Segment 0 — Emerging Risk
8133-ANHHJ,2,Segment 2 — High-Value At-Risk
8138-EALND,1,Segment 1 — High-Value Stable
8143-ETQTI,1,Segment 1 — High-Value Stable
8144-DGHXP,2,Segment 2 — High-Value At-Risk
8146-QQKZH,2,Segment 2 — High-Value At-Risk
8148-BPLZQ,0,Segment 0 — Emerging Risk
8148-NLEGT,1,Segment 1 — High-Value Stable
8148-WOCMK,1,Segment 1 — High-Value Stable
8149-AIQCG,0,Segment 0 — Emerging Risk
8149-RSOUN,0,Segment 0 — Emerging Risk
8150-QUDFX,1,Segment 1 — High-Value Stable
8152-UOBNY,2,Segment 2 — High-Value At-Risk
8152-VETUR,2,Segment 2 — High-Value At-Risk
8155-IBNHG,0,Segment 0 — Emerging Risk
8158-WPEZG,0,Segment 0 — Emerging Risk
8160-HOWOX,0,Segment 0 — Emerging Risk
8161-QYMTT,0,Segment 0 — Emerging Risk
8164-OCKUJ,1,Segment 1 — High-Value Stable
8165-CBKXO,2,Segment 2 — High-Value At-Risk
8165-ZJRNM,1,Segment 1 — High-Value Stable
8166-ORCHU,2,Segment 2 — High-Value At-Risk
8166-ZZTFS,2,Segment 2 — High-Value At-Risk
8167-GJLRN,0,Segment 0 — Emerging Risk
8168-UQWWF,0,Segment 0 — Emerging Risk
8169-SAEJD,2,Segment 2 — High-Value At-Risk
8173-RXAYP,1,Segment 1 — High-Value Stable
8174-LNWMW,1,Segment 1 — High-Value Stable
8174-TBVCF,2,Segment 2 — High-Value At-Risk
8178-EYZUO,0,Segment 0 — Emerging Risk
8180-AKMJV,0,Segment 0 — Emerging Risk
8181-YHCMF,2,Segment 2 — High-Value At-Risk
8182-BJDSI,0,Segment 0 — Emerging Risk
8182-PNAGI,0,Segment 0 — Emerging Risk
8183-ONMXC,0,Segment 0 — Emerging Risk
8184-WMOFI,2,Segment 2 — High-Value At-Risk
8185-UPYBR,0,Segment 0 — Emerging Risk
8189-DUKMV,1,Segment 1 — High-Value Stable
8189-HBVRW,0,Segment 0 — Emerging Risk
8189-XRIKE,2,Segment 2 — High-Value At-Risk
8190-ZTQFB,0,Segment 0 — Emerging Risk
8191-XWSZG,1,Segment 1 — High-Value Stable
8194-PEEBY,1,Segment 1 — High-Value Stable
8197-BFWVU,2,Segment 2 — High-Value At-Risk
8198-RKSZG,0,Segment 0 — Emerging Risk
8199-ZLLSA,2,Segment 2 — High-Value At-Risk
8200-KLNYW,2,Segment 2 — High-Value At-Risk
8200-LGKSR,2,Segment 2 — High-Value At-Risk
8201-AAXCB,0,Segment 0 — Emerging Risk
8203-XJZRC,1,Segment 1 — High-Value Stable
8204-TIFGJ,1,Segment 1 — High-Value Stable
8204-YJCLA,2,Segment 2 — High-Value At-Risk
8205-MQUGY,0,Segment 0 — Emerging Risk
8205-OTCHB,0,Segment 0 — Emerging Risk
8205-VSLRB,2,Segment 2 — High-Value At-Risk
8207-DMRVL,2,Segment 2 — High-Value At-Risk
8207-VVMYB,1,Segment 1 — High-Value Stable
8208-EUMTE,0,Segment 0 — Emerging Risk
8212-CRQXP,0,Segment 0 — Emerging Risk
8212-DJRCH,0,Segment 0 — Emerging Risk
8213-TAZPM,2,Segment 2 — High-Value At-Risk
8215-NGSPE,1,Segment 1 — High-Value Stable
8216-AZUUZ,2,Segment 2 — High-Value At-Risk
8217-QYOHV,0,Segment 0 — Emerging Risk
8218-FFJDS,2,Segment 2 — High-Value At-Risk
8219-VYBVI,1,Segment 1 — High-Value Stable
8220-OCUFY,0,Segment 0 — Emerging Risk
8221-EQDGL,0,Segment 0 — Emerging Risk
8221-HVAYI,0,Segment 0 — Emerging Risk
8224-DWCKX,0,Segment 0 — Emerging Risk
8224-IVVPA,0,Segment 0 — Emerging Risk
8224-KDLKN,1,Segment 1 — High-Value Stable
8224-UAXBZ,2,Segment 2 — High-Value At-Risk
8225-BTJAU,0,Segment 0 — Emerging Risk
8226-BXGES,2,Segment 2 — High-Value At-Risk
8229-BUJHX,1,Segment 1 — High-Value Stable
8229-MYEJZ,0,Segment 0 — Emerging Risk
8229-TNIQA,0,Segment 0 — Emerging Risk
8231-BSWXX,2,Segment 2 — High-Value At-Risk
8232-CTLKO,2,Segment 2 — High-Value At-Risk
8232-UTFOZ,1,Segment 1 — High-Value Stable
8234-GSZYK,1,Segment 1 — High-Value Stable
8237-ULIXL,1,Segment 1 — High-Value Stable
8241-JUIQO,1,Segment 1 — High-Value Stable
8242-JSVBO,0,Segment 0 — Emerging Risk
8242-PDSGJ,2,Segment 2 — High-Value At-Risk
8242-SOQUO,0,Segment 0 — Emerging Risk
8245-UMPYT,0,Segment 0 — Emerging Risk
8246-SHFGA,1,Segment 1 — High-Value Stable
8249-THVEC,1,Segment 1 — High-Value Stable
8250-ZNGGW,0,Segment 0 — Emerging Risk
8257-RZAHR,0,Segment 0 — Emerging Risk
8258-GSTJK,0,Segment 0 — Emerging Risk
8259-DZLIZ,2,Segment 2 — High-Value At-Risk
8259-NFJTV,0,Segment 0 — Emerging Risk
8260-NGFNY,0,Segment 0 — Emerging Risk
8261-GWDBQ,2,Segment 2 — High-Value At-Risk
8262-COGGB,1,Segment 1 — High-Value Stable
8263-JQAIK,0,Segment 0 — Emerging Risk
8263-OKETD,0,Segment 0 — Emerging Risk
8263-QMNTJ,2,Segment 2 — High-Value At-Risk
8265-HKSOW,2,Segment 2 — High-Value At-Risk
8266-VBFQL,0,Segment 0 — Emerging Risk
8267-KFGYD,1,Segment 1 — High-Value Stable
8267-ZNYVZ,2,Segment 2 — High-Value At-Risk
8268-YDIXR,2,Segment 2 — High-Value At-Risk
8270-RKSAP,0,Segment 0 — Emerging Risk
8272-ONJLV,0,Segment 0 — Emerging Risk
8276-MQBYC,2,Segment 2 — High-Value At-Risk
8277-RVRSV,1,Segment 1 — High-Value Stable
8280-MQRQN,0,Segment 0 — Emerging Risk
8285-ABVLB,1,Segment 1 — High-Value Stable
8286-AFUYI,0,Segment 0 — Emerging Risk
8290-YWKHZ,0,Segment 0 — Emerging Risk
8292-FRFZQ,0,Segment 0 — Emerging Risk
8292-ITGYJ,1,Segment 1 — High-Value Stable
8292-TYSPY,0,Segment 0 — Emerging Risk
8294-UIMBA,0,Segment 0 — Emerging Risk
8295-FHIVV,1,Segment 1 — High-Value Stable
8295-KMENE,2,Segment 2 — High-Value At-Risk
8305-VHZBZ,1,Segment 1 — High-Value Stable
8309-IEYJD,0,Segment 0 — Emerging Risk
8309-PPCED,2,Segment 2 — High-Value At-Risk
8311-UEUAB,2,Segment 2 — High-Value At-Risk
8313-AFGBW,2,Segment 2 — High-Value At-Risk
8313-KTIHG,0,Segment 0 — Emerging Risk
8313-NDOIA,0,Segment 0 — Emerging Risk
8314-DPQHL,0,Segment 0 — Emerging Risk
8314-HTWVE,1,Segment 1 — High-Value Stable
8316-BBQAY,2,Segment 2 — High-Value At-Risk
8317-BVKSO,1,Segment 1 — High-Value Stable
8318-LCNBW,2,Segment 2 — High-Value At-Risk
8319-QBEHW,0,Segment 0 — Emerging Risk
8325-QRPZR,0,Segment 0 — Emerging Risk
8327-LZKAS,2,Segment 2 — High-Value At-Risk
8327-WKMIE,1,Segment 1 — High-Value Stable
8328-SKJNO,0,Segment 0 — Emerging Risk
8329-GWVPJ,2,Segment 2 — High-Value At-Risk
8329-IBCTI,1,Segment 1 — High-Value Stable
8329-UTMVM,0,Segment 0 — Emerging Risk
8331-ZXFOE,2,Segment 2 — High-Value At-Risk
8332-OSJDW,1,Segment 1 — High-Value Stable
8336-TAVKX,2,Segment 2 — High-Value At-Risk
8337-MSSXB,0,Segment 0 — Emerging Risk
8337-UPOAQ,0,Segment 0 — Emerging Risk
8338-QIUNR,2,Segment 2 — High-Value At-Risk
8344-WFMFH,0,Segment 0 — Emerging Risk
8345-MVDYC,2,Segment 2 — High-Value At-Risk
8347-GDTMP,1,Segment 1 — High-Value Stable
8348-HFYIV,0,Segment 0 — Emerging Risk
8348-JLBUG,2,Segment 2 — High-Value At-Risk
8350-NYMVI,0,Segment 0 — Emerging Risk
8356-WUAOJ,0,Segment 0 — Emerging Risk
8357-EQXFO,0,Segment 0 — Emerging Risk
8361-LBRDI,1,Segment 1 — High-Value Stable
8361-LTMKD,0,Segment 0 — Emerging Risk
8364-TRMMK,0,Segment 0 — Emerging Risk
8372-JUXUI,0,Segment 0 — Emerging Risk
8374-UULRV,2,Segment 2 — High-Value At-Risk
8374-XGEJJ,2,Segment 2 — High-Value At-Risk
8375-DKEBR,0,Segment 0 — Emerging Risk
8375-KVTHK,2,Segment 2 — High-Value At-Risk
8378-LKJAF,2,Segment 2 — High-Value At-Risk
8380-MQINP,1,Segment 1 — High-Value Stable
8380-PEFPE,0,Segment 0 — Emerging Risk
8382-SHQEH,0,Segment 0 — Emerging Risk
8383-SGHJU,0,Segment 0 — Emerging Risk
8384-FZBJK,2,Segment 2 — High-Value At-Risk
8387-MOJJT,0,Segment 0 — Emerging Risk
8387-UGUSU,1,Segment 1 — High-Value Stable
8388-DMKAE,1,Segment 1 — High-Value Stable
8388-FYNPZ,0,Segment 0 — Emerging Risk
8390-FESFV,2,Segment 2 — High-Value At-Risk
8393-DLHGA,0,Segment 0 — Emerging Risk
8393-JMVMB,1,Segment 1 — High-Value Stable
8395-ETZKQ,1,Segment 1 — High-Value Stable
8397-MVTAZ,0,Segment 0 — Emerging Risk
8398-TBIYD,2,Segment 2 — High-Value At-Risk
8399-YNDCH,0,Segment 0 — Emerging Risk
8400-WZICQ,2,Segment 2 — High-Value At-Risk
8401-EMUWF,2,Segment 2 — High-Value At-Risk
8402-EIVQS,2,Segment 2 — High-Value At-Risk
8402-OOOHJ,1,Segment 1 — High-Value Stable
8404-FYDIB,0,Segment 0 — Emerging Risk
8404-GFGCZ,0,Segment 0 — Emerging Risk
8404-VIOMB,2,Segment 2 — High-Value At-Risk
8404-VLQFB,1,Segment 1 — High-Value Stable
8405-IGQFX,2,Segment 2 — High-Value At-Risk
8406-LNMHF,2,Segment 2 — High-Value At-Risk
8409-WQJUX,0,Segment 0 — Emerging Risk
8410-BGQXN,1,Segment 1 — High-Value Stable
8413-VONUO,0,Segment 0 — Emerging Risk
8413-YNHNV,2,Segment 2 — High-Value At-Risk
8414-MYSHR,0,Segment 0 — Emerging Risk
8414-OOEEL,2,Segment 2 — High-Value At-Risk
8417-FMLZI,0,Segment 0 — Emerging Risk
8417-GSODA,2,Segment 2 — High-Value At-Risk
8421-WZOOW,2,Segment 2 — High-Value At-Risk
8429-XIBUM,0,Segment 0 — Emerging Risk
8430-TWCBX,1,Segment 1 — High-Value Stable
8433-WPJTV,2,Segment 2 — High-Value At-Risk
8433-WXGNA,0,Segment 0 — Emerging Risk
8434-PNQZX,2,Segment 2 — High-Value At-Risk
8434-VGEQQ,1,Segment 1 — High-Value Stable
8436-BJUMM,0,Segment 0 — Emerging Risk
8439-LTUGF,1,Segment 1 — High-Value Stable
8441-SHIPE,1,Segment 1 — High-Value Stable
8443-WVPSS,0,Segment 0 — Emerging Risk
8443-ZRDBZ,0,Segment 0 — Emerging Risk
8444-WRIDW,2,Segment 2 — High-Value At-Risk
8445-DNBAE,0,Segment 0 — Emerging Risk
8450-JOVAH,0,Segment 0 — Emerging Risk
8450-LUGUK,1,Segment 1 — High-Value Stable
8450-UYIBU,0,Segment 0 — Emerging Risk
8454-AATJP,2,Segment 2 — High-Value At-Risk
8455-HIRAQ,0,Segment 0 — Emerging Risk
8456-QDAVC,0,Segment 0 — Emerging Risk
8457-XIGKN,1,Segment 1 — High-Value Stable
8461-EFQYM,1,Segment 1 — High-Value Stable
8464-EETCQ,1,Segment 1 — High-Value Stable
8465-SBRXP,2,Segment 2 — High-Value At-Risk
8466-PZBLH,2,Segment 2 — High-Value At-Risk
8467-WYNSR,0,Segment 0 — Emerging Risk
8468-EHYJA,2,Segment 2 — High-Value At-Risk
8468-FZTOE,2,Segment 2 — High-Value At-Risk
8469-SNFFH,2,Segment 2 — High-Value At-Risk
8473-VUVJN,0,Segment 0 — Emerging Risk
8474-UMLNT,0,Segment 0 — Emerging Risk
8480-PPONV,2,Segment 2 — High-Value At-Risk
8481-YYXWG,0,Segment 0 — Emerging Risk
8485-GJCDN,0,Segment 0 — Emerging Risk
8486-AYEQH,0,Segment 0 — Emerging Risk
8490-BXHEO,0,Segment 0 — Emerging Risk
8495-LJDFO,2,Segment 2 — High-Value At-Risk
8495-PRWFH,0,Segment 0 — Emerging Risk
8496-DMZUK,0,Segment 0 — Emerging Risk
8496-EJAUI,0,Segment 0 — Emerging Risk
8498-XXGWA,2,Segment 2 — High-Value At-Risk
8499-BRXTD,1,Segment 1 — High-Value Stable
8510-AWCXC,0,Segment 0 — Emerging Risk
8510-BBWMU,1,Segment 1 — High-Value Stable
8510-TMWYB,2,Segment 2 — High-Value At-Risk
8512-WIWYV,1,Segment 1 — High-Value Stable
8513-OLYGY,2,Segment 2 — High-Value At-Risk
8514-VZHEB,1,Segment 1 — High-Value Stable
8515-OCTJS,1,Segment 1 — High-Value Stable
8519-IMDHU,0,Segment 0 — Emerging Risk
8519-QJGJD,0,Segment 0 — Emerging Risk
8532-UEFWH,1,Segment 1 — High-Value Stable
8535-SFUTN,2,Segment 2 — High-Value At-Risk
8540-ZQGEA,1,Segment 1 — High-Value Stable
8541-QVFKM,0,Segment 0 — Emerging Risk
8543-MSDMF,0,Segment 0 — Emerging Risk
8544-GOQSH,0,Segment 0 — Emerging Risk
8544-JNBOX,1,Segment 1 — High-Value Stable
8547-NSBBO,0,Segment 0 — Emerging Risk
8548-AWOFC,2,Segment 2 — High-Value At-Risk
8550-XSXUQ,2,Segment 2 — High-Value At-Risk
8552-OBVRU,2,Segment 2 — High-Value At-Risk
8559-CIZFV,0,Segment 0 — Emerging Risk
8559-WNQZS,1,Segment 1 — High-Value Stable
8561-NMTBD,2,Segment 2 — High-Value At-Risk
8562-GHPPI,1,Segment 1 — High-Value Stable
8563-IIOXK,0,Segment 0 — Emerging Risk
8563-OYMQY,0,Segment 0 — Emerging Risk
8564-LDKFL,2,Segment 2 — High-Value At-Risk
8565-CLBZW,0,Segment 0 — Emerging Risk
8565-HBFNN,2,Segment 2 — High-Value At-Risk
8565-WUXZU,2,Segment 2 — High-Value At-Risk
8566-YPRGL,1,Segment 1 — High-Value Stable
8570-KLJYJ,0,Segment 0 — Emerging Risk
8571-ZCMCX,2,Segment 2 — High-Value At-Risk
8573-CGOCC,1,Segment 1 — High-Value Stable
8573-JGCZW,1,Segment 1 — High-Value Stable
8577-QSOCG,1,Segment 1 — High-Value Stable
8580-AECUZ,0,Segment 0 — Emerging Risk
8580-QVLOC,2,Segment 2 — High-Value At-Risk
8582-KRHPJ,0,Segment 0 — Emerging Risk
8584-KMVXD,0,Segment 0 — Emerging Risk
8587-XYZSF,2,Segment 2 — High-Value At-Risk
8590-OHDIW,1,Segment 1 — High-Value Stable
8590-YFFQO,2,Segment 2 — High-Value At-Risk
8591-NXRCV,2,Segment 2 — High-Value At-Risk
8591-TKMZH,2,Segment 2 — High-Value At-Risk
8592-PLTMQ,1,Segment 1 — High-Value Stable
8593-WHYHV,0,Segment 0 — Emerging Risk
8595-SIZNC,1,Segment 1 — High-Value Stable
8597-CTXVJ,2,Segment 2 — High-Value At-Risk
8597-CWYHH,2,Segment 2 — High-Value At-Risk
8601-QACRS,0,Segment 0 — Emerging Risk
8603-IJWDN,0,Segment 0 — Emerging Risk
8605-ITULD,1,Segment 1 — High-Value Stable
8606-CIQUL,2,Segment 2 — High-Value At-Risk
8606-OEGQZ,1,Segment 1 — High-Value Stable
8608-OZTLB,2,Segment 2 — High-Value At-Risk
8610-WFCJF,2,Segment 2 — High-Value At-Risk
8610-ZIKJJ,1,Segment 1 — High-Value Stable
8612-GXIDD,1,Segment 1 — High-Value Stable
8614-VGMMV,0,Segment 0 — Emerging Risk
8617-ENBDS,0,Segment 0 — Emerging Risk
8619-IJNDK,2,Segment 2 — High-Value At-Risk
8620-RJPZN,1,Segment 1 — High-Value Stable
8621-MNIHH,0,Segment 0 — Emerging Risk
8622-ZLFKO,0,Segment 0 — Emerging Risk
8623-TMRBY,2,Segment 2 — High-Value At-Risk
8623-ULFNQ,0,Segment 0 — Emerging Risk
8624-GIOUT,2,Segment 2 — High-Value At-Risk
8625-AZYZY,0,Segment 0 — Emerging Risk
8626-PTQGE,2,Segment 2 — High-Value At-Risk
8626-XHBIE,1,Segment 1 — High-Value Stable
8627-EHGIP,0,Segment 0 — Emerging Risk
8627-ZYGSZ,2,Segment 2 — High-Value At-Risk
8628-MFKAX,2,Segment 2 — High-Value At-Risk
8630-FJLIB,0,Segment 0 — Emerging Risk
8630-QSGXK,2,Segment 2 — High-Value At-Risk
8631-NBHFZ,2,Segment 2 — High-Value At-Risk
8631-WUXGY,0,Segment 0 — Emerging Risk
8631-XVRZL,1,Segment 1 — High-Value Stable
8634-CILSZ,2,Segment 2 — High-Value At-Risk
8634-MPHTR,0,Segment 0 — Emerging Risk
8637-XJIVR,0,Segment 0 — Emerging Risk
8639-NHQEI,2,Segment 2 — High-Value At-Risk
8640-SDGKB,0,Segment 0 — Emerging Risk
8642-GVWRF,0,Segment 0 — Emerging Risk
8644-XLFBW,0,Segment 0 — Emerging Risk
8644-XYTSV,0,Segment 0 — Emerging Risk
8645-KOMJQ,2,Segment 2 — High-Value At-Risk
8645-KWHJO,0,Segment 0 — Emerging Risk
8646-JCOMS,2,Segment 2 — High-Value At-Risk
8647-SDTWQ,2,Segment 2 — High-Value At-Risk
8648-PFRMP,0,Segment 0 — Emerging Risk
8650-RHRKE,0,Segment 0 — Emerging Risk
8651-ENBZX,2,Segment 2 — High-Value At-Risk
8652-YHIYU,0,Segment 0 — Emerging Risk
8654-DHAOW,0,Segment 0 — Emerging Risk
8659-HDIYE,2,Segment 2 — High-Value At-Risk
8659-IOOPU,2,Segment 2 — High-Value At-Risk
8660-BUETV,0,Segment 0 — Emerging Risk
8661-BOYNW,2,Segment 2 — High-Value At-Risk
8663-UPDGF,0,Segment 0 — Emerging Risk
8665-UTDHZ,0,Segment 0 — Emerging Risk
8668-KNZTI,2,Segment 2 — High-Value At-Risk
8670-ERCJH,2,Segment 2 — High-Value At-Risk
8670-MEFCP,2,Segment 2 — High-Value At-Risk
8671-KKKOS,0,Segment 0 — Emerging Risk
8672-OAUPW,2,Segment 2 — High-Value At-Risk
8676-OOQEJ,0,Segment 0 — Emerging Risk
8676-TRMJS,0,Segment 0 — Emerging Risk
8677-HDZEE,2,Segment 2 — High-Value At-Risk
8679-JOEVF,0,Segment 0 — Emerging Risk
8679-LZBMD,2,Segment 2 — High-Value At-Risk
8680-CGLTP,0,Segment 0 — Emerging Risk
8681-ICONS,1,Segment 1 — High-Value Stable
8685-WHQPW,0,Segment 0 — Emerging Risk
8687-BAFGU,0,Segment 0 — Emerging Risk
8690-UPCZI,2,Segment 2 — High-Value At-Risk
8690-ZVLCL,2,Segment 2 — High-Value At-Risk
8695-ARGXZ,0,Segment 0 — Emerging Risk
8695-WDYEA,0,Segment 0 — Emerging Risk
8696-JKZNU,0,Segment 0 — Emerging Risk
8699-ASUFO,0,Segment 0 — Emerging Risk
8701-DGLVH,1,Segment 1 — High-Value Stable
8705-DWKTI,0,Segment 0 — Emerging Risk
8705-WZCYL,0,Segment 0 — Emerging Risk
8706-HRADD,0,Segment 0 — Emerging Risk
8707-HOEDG,2,Segment 2 — High-Value At-Risk
8707-RMEZH,2,Segment 2 — High-Value At-Risk
8708-XPXHZ,0,Segment 0 — Emerging Risk
8709-KRDVL,0,Segment 0 — Emerging Risk
8710-YGLWG,0,Segment 0 — Emerging Risk
8711-LOBKY,1,Segment 1 — High-Value Stable
8713-IGZSO,1,Segment 1 — High-Value Stable
8714-CTZJW,0,Segment 0 — Emerging Risk
8714-EUHJO,0,Segment 0 — Emerging Risk
8715-KKTFG,2,Segment 2 — High-Value At-Risk
8717-VCTXJ,1,Segment 1 — High-Value Stable
8718-PTMEZ,0,Segment 0 — Emerging Risk
8720-RQSBJ,0,Segment 0 — Emerging Risk
8722-NGNBH,0,Segment 0 — Emerging Risk
8722-PRFDV,2,Segment 2 — High-Value At-Risk
8725-JEDFD,0,Segment 0 — Emerging Risk
8727-JQFHV,1,Segment 1 — High-Value Stable
8727-XDPUD,0,Segment 0 — Emerging Risk
8728-SKJLR,0,Segment 0 — Emerging Risk
8731-WBBMB,0,Segment 0 — Emerging Risk
8734-DKSTZ,0,Segment 0 — Emerging Risk
8734-FNWVH,0,Segment 0 — Emerging Risk
8735-DCXNF,0,Segment 0 — Emerging Risk
8735-IJJEG,0,Segment 0 — Emerging Risk
8735-NBLWT,1,Segment 1 — High-Value Stable
8735-SDUFN,1,Segment 1 — High-Value Stable
8738-JOKAR,2,Segment 2 — High-Value At-Risk
8739-QOTTN,1,Segment 1 — High-Value Stable
8739-WWKDU,0,Segment 0 — Emerging Risk
8739-XNIKG,0,Segment 0 — Emerging Risk
8740-CRYFY,0,Segment 0 — Emerging Risk
8740-XLHDR,0,Segment 0 — Emerging Risk
8741-LQOBK,0,Segment 0 — Emerging Risk
8745-PVESG,0,Segment 0 — Emerging Risk
8746-BFOAJ,1,Segment 1 — High-Value Stable
8746-OQQRW,1,Segment 1 — High-Value Stable
8747-UDCOI,1,Segment 1 — High-Value Stable
8748-HFWBO,1,Segment 1 — High-Value Stable
8749-CLJXC,1,Segment 1 — High-Value Stable
8749-JMNKX,2,Segment 2 — High-Value At-Risk
8749-TZYEC,1,Segment 1 — High-Value Stable
8750-QWZAJ,1,Segment 1 — High-Value Stable
8751-EDEKA,0,Segment 0 — Emerging Risk
8752-GHJFU,2,Segment 2 — High-Value At-Risk
8752-IMQOS,1,Segment 1 — High-Value Stable
8752-STIVR,0,Segment 0 — Emerging Risk
8755-IWJHN,2,Segment 2 — High-Value At-Risk
8755-OGKNA,1,Segment 1 — High-Value Stable
8756-RDDLT,0,Segment 0 — Emerging Risk
8757-TFHHJ,0,Segment 0 — Emerging Risk
8760-ZRHKE,2,Segment 2 — High-Value At-Risk
8761-NSOBC,0,Segment 0 — Emerging Risk
8763-KIAFH,1,Segment 1 — High-Value Stable
8766-PAFNE,2,Segment 2 — High-Value At-Risk
8769-KKTPH,2,Segment 2 — High-Value At-Risk
8773-HHUOZ,0,Segment 0 — Emerging Risk
8774-GSBUN,1,Segment 1 — High-Value Stable
8775-CEBBJ,0,Segment 0 — Emerging Risk
8775-ERLNB,0,Segment 0 — Emerging Risk
8775-LHDJH,0,Segment 0 — Emerging Risk
8777-MBMTS,2,Segment 2 — High-Value At-Risk
8777-PVYGU,2,Segment 2 — High-Value At-Risk
8778-LMWTJ,0,Segment 0 — Emerging Risk
8779-QRDMV,0,Segment 0 — Emerging Risk
8779-YIQQA,1,Segment 1 — High-Value Stable
8780-IHCRN,1,Segment 1 — High-Value Stable
8780-IXSTS,0,Segment 0 — Emerging Risk
8780-RSYYU,1,Segment 1 — High-Value Stable
8780-YRMTT,2,Segment 2 — High-Value At-Risk
8782-LKFPK,2,Segment 2 — High-Value At-Risk
8782-NUUOL,2,Segment 2 — High-Value At-Risk
8784-CGILN,0,Segment 0 — Emerging Risk
8785-CJSHH,2,Segment 2 — High-Value At-Risk
8785-EPNCG,1,Segment 1 — High-Value Stable
8788-DOXSU,2,Segment 2 — High-Value At-Risk
8791-GFXLZ,0,Segment 0 — Emerging Risk
8792-AOROI,0,Segment 0 — Emerging Risk
8799-OXZMD,0,Segment 0 — Emerging Risk
8800-JOOCF,0,Segment 0 — Emerging Risk
8800-ZKRFW,2,Segment 2 — High-Value At-Risk
8802-UNOJF,0,Segment 0 — Emerging Risk
8805-JNRAZ,0,Segment 0 — Emerging Risk
8806-EAGWC,0,Segment 0 — Emerging Risk
8807-ARQET,0,Segment 0 — Emerging Risk
8807-OPMBM,1,Segment 1 — High-Value Stable
8808-ELEHO,0,Segment 0 — Emerging Risk
8809-RIHDD,2,Segment 2 — High-Value At-Risk
8809-XKHMD,2,Segment 2 — High-Value At-Risk
8812-ZRHFP,2,Segment 2 — High-Value At-Risk
8815-LMFLX,1,Segment 1 — High-Value Stable
8816-VXNZD,0,Segment 0 — Emerging Risk
8818-DOPVL,2,Segment 2 — High-Value At-Risk
8818-XYFCQ,0,Segment 0 — Emerging Risk
8819-IMISP,0,Segment 0 — Emerging Risk
8819-WFGGJ,2,Segment 2 — High-Value At-Risk
8819-ZBYNA,2,Segment 2 — High-Value At-Risk
8821-KVZKQ,2,Segment 2 — High-Value At-Risk
8821-XNHVZ,0,Segment 0 — Emerging Risk
8822-KNBHV,2,Segment 2 — High-Value At-Risk
8823-RLPWL,2,Segment 2 — High-Value At-Risk
8824-RWFXJ,0,Segment 0 — Emerging Risk
8835-VSDSE,0,Segment 0 — Emerging Risk
8837-VVWLQ,0,Segment 0 — Emerging Risk
8838-GPHZP,1,Segment 1 — High-Value Stable
8840-DQLGN,0,Segment 0 — Emerging Risk
8844-TONUD,0,Segment 0 — Emerging Risk
8845-LWKGE,2,Segment 2 — High-Value At-Risk
8847-GEOOQ,2,Segment 2 — High-Value At-Risk
8849-AYPTR,0,Segment 0 — Emerging Risk
8849-GYOKR,2,Segment 2 — High-Value At-Risk
8849-PRIQJ,2,Segment 2 — High-Value At-Risk
8851-RAGOV,0,Segment 0 — Emerging Risk
8853-TZDGH,2,Segment 2 — High-Value At-Risk
8854-CCVSQ,0,Segment 0 — Emerging Risk
8857-CUPFQ,1,Segment 1 — High-Value Stable
8859-AXJZP,1,Segment 1 — High-Value Stable
8859-DZTGQ,1,Segment 1 — High-Value Stable
8859-YSTWS,1,Segment 1 — High-Value Stable
8861-HGGKB,0,Segment 0 — Emerging Risk
8865-TNMNX,0,Segment 0 — Emerging Risk
8868-GAGIO,2,Segment 2 — High-Value At-Risk
8868-WOZGU,0,Segment 0 — Emerging Risk
8869-LIHMK,2,Segment 2 — High-Value At-Risk
8869-TORSS,2,Segment 2 — High-Value At-Risk
8871-JLMHM,2,Segment 2 — High-Value At-Risk
8873-GLDMH,0,Segment 0 — Emerging Risk
8873-TMKGR,1,Segment 1 — High-Value Stable
8874-EJNSR,1,Segment 1 — High-Value Stable
8875-AKBYH,0,Segment 0 — Emerging Risk
8878-HMWBV,0,Segment 0 — Emerging Risk
8878-RYUKI,0,Segment 0 — Emerging Risk
8879-XUAHX,2,Segment 2 — High-Value At-Risk
8879-ZKJOF,2,Segment 2 — High-Value At-Risk
8882-TLVRW,2,Segment 2 — High-Value At-Risk
8883-ANODQ,2,Segment 2 — High-Value At-Risk
8883-GRDWQ,0,Segment 0 — Emerging Risk
8884-ADFVN,0,Segment 0 — Emerging Risk
8884-FEEWR,1,Segment 1 — High-Value Stable
8884-MRNSU,1,Segment 1 — High-Value Stable
8885-QSQBX,0,Segment 0 — Emerging Risk
8887-IPQNC,0,Segment 0 — Emerging Risk
8894-JVDCV,2,Segment 2 — High-Value At-Risk
8896-BQTTI,1,Segment 1 — High-Value Stable
8896-RAZCR,1,Segment 1 — High-Value Stable
8898-KASCD,0,Segment 0 — Emerging Risk
8901-HJXTF,0,Segment 0 — Emerging Risk
8901-UPRHR,2,Segment 2 — High-Value At-Risk
8902-ZEOVF,1,Segment 1 — High-Value Stable
8903-WMRNW,0,Segment 0 — Emerging Risk
8903-XEBGX,0,Segment 0 — Emerging Risk
8904-OPDCK,0,Segment 0 — Emerging Risk
8905-IAZPF,2,Segment 2 — High-Value At-Risk
8908-NMQTX,2,Segment 2 — High-Value At-Risk
8908-SLFCJ,1,Segment 1 — High-Value Stable
8909-BOLNL,1,Segment 1 — High-Value Stable
8910-ICHIU,2,Segment 2 — High-Value At-Risk
8910-LEDAG,0,Segment 0 — Emerging Risk
8914-RBTSB,0,Segment 0 — Emerging Risk
8915-NNTRC,2,Segment 2 — High-Value At-Risk
8917-FAEMR,1,Segment 1 — High-Value Stable
8917-SZTTJ,1,Segment 1 — High-Value Stable
8919-FYFQZ,0,Segment 0 — Emerging Risk
8920-NAVAY,2,Segment 2 — High-Value At-Risk
8922-LIEGH,0,Segment 0 — Emerging Risk
8922-NPKBJ,1,Segment 1 — High-Value Stable
8929-KSWIH,0,Segment 0 — Emerging Risk
8930-XOTDP,0,Segment 0 — Emerging Risk
8931-GJJIQ,0,Segment 0 — Emerging Risk
8932-CZHRQ,2,Segment 2 — High-Value At-Risk
8937-RDTHP,0,Segment 0 — Emerging Risk
8938-UMKPI,2,Segment 2 — High-Value At-Risk
8942-DBMHZ,1,Segment 1 — High-Value Stable
8943-URTMR,0,Segment 0 — Emerging Risk
8944-AILEF,1,Segment 1 — High-Value Stable
8945-GRKHX,0,Segment 0 — Emerging Risk
8945-MUQUF,2,Segment 2 — High-Value At-Risk
8946-BFWSG,1,Segment 1 — High-Value Stable
8947-YRTDV,2,Segment 2 — High-Value At-Risk
8949-JTMAY,0,Segment 0 — Emerging Risk
8950-MTZNV,0,Segment 0 — Emerging Risk
8952-WCVCD,2,Segment 2 — High-Value At-Risk
8957-THMOA,1,Segment 1 — High-Value Stable
8958-JPTRR,1,Segment 1 — High-Value Stable
8961-QDZZJ,2,Segment 2 — High-Value At-Risk
8963-JLGJT,0,Segment 0 — Emerging Risk
8963-MQVYN,1,Segment 1 — High-Value Stable
8966-KZXXA,1,Segment 1 — High-Value Stable
8966-OIQHG,1,Segment 1 — High-Value Stable
8966-SNIZF,1,Segment 1 — High-Value Stable
8967-SZQAS,0,Segment 0 — Emerging Risk
8969-PRHFK,1,Segment 1 — High-Value Stable
8970-ANWXO,0,Segment 0 — Emerging Risk
8972-HJWNV,0,Segment 0 — Emerging Risk
8974-OVACP,1,Segment 1 — High-Value Stable
8975-SKGRX,2,Segment 2 — High-Value At-Risk
8976-OQHGT,0,Segment 0 — Emerging Risk
8979-CAMGB,2,Segment 2 — High-Value At-Risk
8980-WQFWL,0,Segment 0 — Emerging Risk
8981-FJGLA,0,Segment 0 — Emerging Risk
8982-NHAVY,0,Segment 0 — Emerging Risk
8984-EYLLL,2,Segment 2 — High-Value At-Risk
8984-HPEMB,2,Segment 2 — High-Value At-Risk
8985-OOPOS,0,Segment 0 — Emerging Risk
8988-ECPJR,0,Segment 0 — Emerging Risk
8990-YOZLV,2,Segment 2 — High-Value At-Risk
8990-ZXLSU,0,Segment 0 — Emerging Risk
8992-CEUEN,1,Segment 1 — High-Value Stable
8992-JQYUN,0,Segment 0 — Emerging Risk
8992-OBVDG,0,Segment 0 — Emerging Risk
8992-VONJD,0,Segment 0 — Emerging Risk
8993-IZEUX,0,Segment 0 — Emerging Risk
8993-PHFWD,0,Segment 0 — Emerging Risk
8996-ZROXE,2,Segment 2 — High-Value At-Risk
8999-BOHSE,0,Segment 0 — Emerging Risk
8999-EXMNO,1,Segment 1 — High-Value Stable
8999-XXGNS,2,Segment 2 — High-Value At-Risk
8999-YPYBV,2,Segment 2 — High-Value At-Risk
9000-PLFUZ,2,Segment 2 — High-Value At-Risk
9003-CPATH,0,Segment 0 — Emerging Risk
9013-AQORL,0,Segment 0 — Emerging Risk
9018-PCIOK,2,Segment 2 — High-Value At-Risk
9019-QVLZD,0,Segment 0 — Emerging Risk
9025-AOMKI,0,Segment 0 — Emerging Risk
9025-ZRPVR,1,Segment 1 — High-Value Stable
9026-LHEVG,0,Segment 0 — Emerging Risk
9026-RNUJS,0,Segment 0 — Emerging Risk
9027-TMATR,2,Segment 2 — High-Value At-Risk
9027-YFHQJ,1,Segment 1 — High-Value Stable
9028-LIHRP,2,Segment 2 — High-Value At-Risk
9029-FEGVJ,0,Segment 0 — Emerging Risk
9030-QGZNL,1,Segment 1 — High-Value Stable
9031-ZVQPT,2,Segment 2 — High-Value At-Risk
9033-EOXWV,0,Segment 0 — Emerging Risk
9036-CSKBW,2,Segment 2 — High-Value At-Risk
9039-RBEEE,0,Segment 0 — Emerging Risk
9039-ZVJDC,1,Segment 1 — High-Value Stable
9040-KZVWO,0,Segment 0 — Emerging Risk
9046-DQMTP,1,Segment 1 — High-Value Stable
9046-JBFWA,1,Segment 1 — High-Value Stable
9048-JVYVF,0,Segment 0 — Emerging Risk
9050-IKDZA,0,Segment 0 — Emerging Risk
9050-QLROH,0,Segment 0 — Emerging Risk
9052-DHNKM,0,Segment 0 — Emerging Risk
9052-VKDUW,2,Segment 2 — High-Value At-Risk
9053-EJUNL,2,Segment 2 — High-Value At-Risk
9053-JZFKV,2,Segment 2 — High-Value At-Risk
9054-FOWNV,0,Segment 0 — Emerging Risk
9055-MOJJJ,2,Segment 2 — High-Value At-Risk
9057-MSWCO,0,Segment 0 — Emerging Risk
9057-SIHCH,0,Segment 0 — Emerging Risk
9058-CBREO,0,Segment 0 — Emerging Risk
9058-HRZSV,2,Segment 2 — High-Value At-Risk
9058-MJLZC,0,Segment 0 — Emerging Risk
9060-HJJRW,0,Segment 0 — Emerging Risk
9061-TIHDA,0,Segment 0 — Emerging Risk
9063-ZGTUY,1,Segment 1 — High-Value Stable
9065-ZCPQX,2,Segment 2 — High-Value At-Risk
9066-QRSDU,1,Segment 1 — High-Value Stable
9067-SQTNS,1,Segment 1 — High-Value Stable
9067-YGSCA,1,Segment 1 — High-Value Stable
9068-FHQHD,1,Segment 1 — High-Value Stable
9068-VPWQQ,2,Segment 2 — High-Value At-Risk
9069-LGEUL,0,Segment 0 — Emerging Risk
9070-BCKQP,2,Segment 2 — High-Value At-Risk
9073-ZZIAY,2,Segment 2 — High-Value At-Risk
9074-KGVOX,0,Segment 0 — Emerging Risk
9076-AXYIK,2,Segment 2 — High-Value At-Risk
9079-LWTFD,2,Segment 2 — High-Value At-Risk
9079-YEXQJ,2,Segment 2 — High-Value At-Risk
9081-WWXKP,1,Segment 1 — High-Value Stable
9084-OAYKL,1,Segment 1 — High-Value Stable
9086-YJYXS,0,Segment 0 — Emerging Risk
9087-EYCPR,1,Segment 1 — High-Value Stable
9089-UOWJG,0,Segment 0 — Emerging Risk
9090-SGQXL,2,Segment 2 — High-Value At-Risk
9091-WTUUY,2,Segment 2 — High-Value At-Risk
9092-GDZKO,1,Segment 1 — High-Value Stable
9093-FPDLG,0,Segment 0 — Emerging Risk
9094-AZPHK,0,Segment 0 — Emerging Risk
9095-HFAFX,0,Segment 0 — Emerging Risk
9097-ZUBYC,0,Segment 0 — Emerging Risk
9099-FTUHS,0,Segment 0 — Emerging Risk
9101-BWFSS,2,Segment 2 — High-Value At-Risk
9101-NTIXF,1,Segment 1 — High-Value Stable
9102-IAYHT,0,Segment 0 — Emerging Risk
9102-OXKFY,2,Segment 2 — High-Value At-Risk
9103-CXVOK,1,Segment 1 — High-Value Stable
9103-TCIHJ,0,Segment 0 — Emerging Risk
9107-UKCKY,2,Segment 2 — High-Value At-Risk
9108-EJFJP,0,Segment 0 — Emerging Risk
9108-EQPNQ,1,Segment 1 — High-Value Stable
9110-HSGTV,2,Segment 2 — High-Value At-Risk
9112-WSNPU,0,Segment 0 — Emerging Risk
9114-AAFQH,2,Segment 2 — High-Value At-Risk
9114-DPSIA,2,Segment 2 — High-Value At-Risk
9114-VEPUF,2,Segment 2 — High-Value At-Risk
9115-YQHGA,0,Segment 0 — Emerging Risk
9117-SHLZX,0,Segment 0 — Emerging Risk
9121-PHQSR,0,Segment 0 — Emerging Risk
9122-UMROB,1,Segment 1 — High-Value Stable
9124-LHCJQ,0,Segment 0 — Emerging Risk
9127-FHJBZ,2,Segment 2 — High-Value At-Risk
9127-QRZMH,2,Segment 2 — High-Value At-Risk
9128-CPXKI,2,Segment 2 — High-Value At-Risk
9129-UXERG,0,Segment 0 — Emerging Risk
9133-AYJZG,0,Segment 0 — Emerging Risk
9134-CEQMF,0,Segment 0 — Emerging Risk
9134-WYRVP,2,Segment 2 — High-Value At-Risk
9135-HSWOC,1,Segment 1 — High-Value Stable
9135-MGVPY,2,Segment 2 — High-Value At-Risk
9136-ALYBR,0,Segment 0 — Emerging Risk
9137-NOQKA,1,Segment 1 — High-Value Stable
9137-UIYPG,2,Segment 2 — High-Value At-Risk
9138-EFSMO,2,Segment 2 — High-Value At-Risk
9139-TWBAS,0,Segment 0 — Emerging Risk
9139-WQQDY,2,Segment 2 — High-Value At-Risk
9140-CZQZZ,2,Segment 2 — High-Value At-Risk
9142-KZXOP,0,Segment 0 — Emerging Risk
9142-XMYJH,1,Segment 1 — High-Value Stable
9143-CANJF,0,Segment 0 — Emerging Risk
9146-JRIOX,1,Segment 1 — High-Value Stable
9150-HEPMB,2,Segment 2 — High-Value At-Risk
9150-KPBJQ,1,Segment 1 — High-Value Stable
9152-AMKAK,0,Segment 0 — Emerging Risk
9153-BTBVV,1,Segment 1 — High-Value Stable
9154-QDGTH,2,Segment 2 — High-Value At-Risk
9158-VCTQB,0,Segment 0 — Emerging Risk
9163-GHAYE,0,Segment 0 — Emerging Risk
9167-APMXZ,0,Segment 0 — Emerging Risk
9168-INPSZ,2,Segment 2 — High-Value At-Risk
9169-BSVIN,0,Segment 0 — Emerging Risk
9170-ARBTB,1,Segment 1 — High-Value Stable
9170-CCKOU,0,Segment 0 — Emerging Risk
9170-GYZJC,2,Segment 2 — High-Value At-Risk
9172-ANCRX,0,Segment 0 — Emerging Risk
9172-JITSM,0,Segment 0 — Emerging Risk
9173-IVZVP,1,Segment 1 — High-Value Stable
9174-FKWZE,0,Segment 0 — Emerging Risk
9174-IHETN,2,Segment 2 — High-Value At-Risk
9178-JHUVJ,1,Segment 1 — High-Value Stable
9184-GALIL,1,Segment 1 — High-Value Stable
9185-TQCVP,0,Segment 0 — Emerging Risk
9189-JWSHV,0,Segment 0 — Emerging Risk
9190-MFJLN,0,Segment 0 — Emerging Risk
9191-MYQKX,0,Segment 0 — Emerging Risk
9194-GFVOI,2,Segment 2 — High-Value At-Risk
9199-PWQVC,2,Segment 2 — High-Value At-Risk
9200-NLNPD,2,Segment 2 — High-Value At-Risk
9206-GVPEQ,0,Segment 0 — Emerging Risk
9207-ZPANB,0,Segment 0 — Emerging Risk
9208-OLGAQ,0,Segment 0 — Emerging Risk
9209-NWPGU,2,Segment 2 — High-Value At-Risk
9210-IAHGH,0,Segment 0 — Emerging Risk
9214-EKVXR,0,Segment 0 — Emerging Risk
9220-CXRSC,2,Segment 2 — High-Value At-Risk
9220-ZNKJI,2,Segment 2 — High-Value At-Risk
9221-OTIVJ,0,Segment 0 — Emerging Risk
9223-UCPVT,0,Segment 0 — Emerging Risk
9224-VTYID,2,Segment 2 — High-Value At-Risk
9225-BZLNZ,2,Segment 2 — High-Value At-Risk
9227-LUNBG,0,Segment 0 — Emerging Risk
9227-UAQFT,1,Segment 1 — High-Value Stable
9227-YBAXE,2,Segment 2 — High-Value At-Risk
9229-RQABD,1,Segment 1 — High-Value Stable
9231-ZJYAM,0,Segment 0 — Emerging Risk
9233-PSYHO,2,Segment 2 — High-Value At-Risk
9236-NDUCW,1,Segment 1 — High-Value Stable
9237-HQITU,0,Segment 0 — Emerging Risk
9239-GZHZE,2,Segment 2 — High-Value At-Risk
9239-ZBZZV,0,Segment 0 — Emerging Risk
9242-TKFSV,2,Segment 2 — High-Value At-Risk
9244-ZVAPM,0,Segment 0 — Emerging Risk
9248-OJYKK,0,Segment 0 — Emerging Risk
9249-FXSCK,2,Segment 2 — High-Value At-Risk
9250-WYPLL,0,Segment 0 — Emerging Risk
9251-AWQGT,1,Segment 1 — High-Value Stable
9251-WNSOD,2,Segment 2 — High-Value At-Risk
9253-QXKBE,0,Segment 0 — Emerging Risk
9253-VIFJQ,2,Segment 2 — High-Value At-Risk
9254-RBFON,0,Segment 0 — Emerging Risk
9256-JTBNZ,1,Segment 1 — High-Value Stable
9257-AZMTZ,1,Segment 1 — High-Value Stable
9258-CNWAC,2,Segment 2 — High-Value At-Risk
9259-PACGQ,0,Segment 0 — Emerging Risk
9261-WDCAF,0,Segment 0 — Emerging Risk
9269-CQOOL,0,Segment 0 — Emerging Risk
9272-LSVYH,0,Segment 0 — Emerging Risk
9274-CNFMO,0,Segment 0 — Emerging Risk
9274-UARKJ,0,Segment 0 — Emerging Risk
9277-JOOMO,1,Segment 1 — High-Value Stable
9278-VZKCD,2,Segment 2 — High-Value At-Risk
9279-CJEOJ,0,Segment 0 — Emerging Risk
9281-CEDRU,2,Segment 2 — High-Value At-Risk
9281-OFDMF,2,Segment 2 — High-Value At-Risk
9281-PKKZE,0,Segment 0 — Emerging Risk
9282-IZGQK,0,Segment 0 — Emerging Risk
9283-LZQOH,0,Segment 0 — Emerging Risk
9286-BHDQG,2,Segment 2 — High-Value At-Risk
9286-DOJGF,0,Segment 0 — Emerging Risk
9289-LBQVU,2,Segment 2 — High-Value At-Risk
9290-SHCMB,0,Segment 0 — Emerging Risk
9294-TDIPC,1,Segment 1 — High-Value Stable
9297-EONCV,2,Segment 2 — High-Value At-Risk
9297-FVVDH,2,Segment 2 — High-Value At-Risk
9298-WGMRW,2,Segment 2 — High-Value At-Risk
9300-AGZNL,0,Segment 0 — Emerging Risk
9300-RENDD,0,Segment 0 — Emerging Risk
9305-CDSKC,0,Segment 0 — Emerging Risk
9306-CPCBC,0,Segment 0 — Emerging Risk
9308-ANMVE,0,Segment 0 — Emerging Risk
9309-BZGNT,2,Segment 2 — High-Value At-Risk
9313-CDOGY,1,Segment 1 — High-Value Stable
9313-QOLTZ,1,Segment 1 — High-Value Stable
9314-IJWSQ,0,Segment 0 — Emerging Risk
9314-QDMDW,0,Segment 0 — Emerging Risk
9317-WZPGV,0,Segment 0 — Emerging Risk
9318-NKNFC,1,Segment 1 — High-Value Stable
9323-HGFWY,0,Segment 0 — Emerging Risk
9327-QSDED,0,Segment 0 — Emerging Risk
9330-DHBFL,0,Segment 0 — Emerging Risk
9330-IJWIO,0,Segment 0 — Emerging Risk
9330-VOFSZ,2,Segment 2 — High-Value At-Risk
9332-GYWLO,0,Segment 0 — Emerging Risk
9334-GWGOW,0,Segment 0 — Emerging Risk
9337-SRRNI,1,Segment 1 — High-Value Stable
9339-FIIJL,2,Segment 2 — High-Value At-Risk
9342-VNIMQ,0,Segment 0 — Emerging Risk
9347-AERRL,1,Segment 1 — High-Value Stable
9348-ROUAI,2,Segment 2 — High-Value At-Risk
9348-YVOMK,0,Segment 0 — Emerging Risk
9350-VLHMB,2,Segment 2 — High-Value At-Risk
9350-ZXYJC,1,Segment 1 — High-Value Stable
9351-HXDMR,2,Segment 2 — High-Value At-Risk
9351-LZYGF,0,Segment 0 — Emerging Risk
9355-NPPFS,0,Segment 0 — Emerging Risk
9356-AXGMP,2,Segment 2 — High-Value At-Risk
9357-UJRUN,2,Segment 2 — High-Value At-Risk
9359-JANWS,2,Segment 2 — High-Value At-Risk
9359-UGBTK,2,Segment 2 — High-Value At-Risk
9360-AHGNL,2,Segment 2 — High-Value At-Risk
9360-OMDZZ,0,Segment 0 — Emerging Risk
9361-YNQWJ,1,Segment 1 — High-Value Stable
9362-MWODR,0,Segment 0 — Emerging Risk
9364-YKUVW,1,Segment 1 — High-Value Stable
9365-CSLBQ,1,Segment 1 — High-Value Stable
9365-SRSZE,0,Segment 0 — Emerging Risk
9367-OIUXP,1,Segment 1 — High-Value Stable
9367-TCUYN,1,Segment 1 — High-Value Stable
9367-WXLCH,0,Segment 0 — Emerging Risk
9369-XFEHK,0,Segment 0 — Emerging Risk
9371-BITHB,1,Segment 1 — High-Value Stable
9372-TXXPS,2,Segment 2 — High-Value At-Risk
9373-WSLOY,0,Segment 0 — Emerging Risk
9374-YOLBJ,1,Segment 1 — High-Value Stable
9375-MHRRS,0,Segment 0 — Emerging Risk
9378-FXTIZ,2,Segment 2 — High-Value At-Risk
9381-NDKME,0,Segment 0 — Emerging Risk
9385-EHGDO,1,Segment 1 — High-Value Stable
9385-NXKDA,2,Segment 2 — High-Value At-Risk
9386-LDCZR,2,Segment 2 — High-Value At-Risk
9388-ZEYVT,0,Segment 0 — Emerging Risk
9389-ACWBI,0,Segment 0 — Emerging Risk
9391-DXGGG,2,Segment 2 — High-Value At-Risk
9391-EOYLI,0,Segment 0 — Emerging Risk
9391-LMANN,2,Segment 2 — High-Value At-Risk
9391-TTOYH,1,Segment 1 — High-Value Stable
9391-YZEJW,2,Segment 2 — High-Value At-Risk
9392-XBGTD,1,Segment 1 — High-Value Stable
9396-ZSFLL,0,Segment 0 — Emerging Risk
9397-TZSHA,1,Segment 1 — High-Value Stable
9398-MMQTO,0,Segment 0 — Emerging Risk
9399-APLBT,0,Segment 0 — Emerging Risk
9402-CXWPL,2,Segment 2 — High-Value At-Risk
9402-ORRAH,0,Segment 0 — Emerging Risk
9402-ROUMJ,2,Segment 2 — High-Value At-Risk
9405-GPBBG,2,Segment 2 — High-Value At-Risk
9408-HRXRK,2,Segment 2 — High-Value At-Risk
9408-SSNVZ,0,Segment 0 — Emerging Risk
9411-TPQQV,0,Segment 0 — Emerging Risk
9412-ARGBX,2,Segment 2 — High-Value At-Risk
9412-GHEEC,0,Segment 0 — Emerging Risk
9415-DPEWS,0,Segment 0 — Emerging Risk
9415-TPKRV,0,Segment 0 — Emerging Risk
9415-ZNBSX,2,Segment 2 — High-Value At-Risk
9418-RUKPH,1,Segment 1 — High-Value Stable
9419-IPPBE,2,Segment 2 — High-Value At-Risk
9420-LOJKX,0,Segment 0 — Emerging Risk
9424-CMPOG,1,Segment 1 — High-Value Stable
9426-SXNHE,1,Segment 1 — High-Value Stable
9430-FRQOC,0,Segment 0 — Emerging Risk
9430-NKQLY,1,Segment 1 — High-Value Stable
9432-RUVSL,2,Segment 2 — High-Value At-Risk
9432-VOFYX,0,Segment 0 — Emerging Risk
9435-JMLSX,2,Segment 2 — High-Value At-Risk
9436-ZBZCT,0,Segment 0 — Emerging Risk
9441-QHEVC,1,Segment 1 — High-Value Stable
9442-JTWDL,1,Segment 1 — High-Value Stable
9443-JUBUO,2,Segment 2 — High-Value At-Risk
9444-JTXHZ,0,Segment 0 — Emerging Risk
9445-SZLCH,0,Segment 0 — Emerging Risk
9445-ZUEQE,0,Segment 0 — Emerging Risk
9447-YPTBX,1,Segment 1 — High-Value Stable
9448-REEVD,0,Segment 0 — Emerging Risk
9450-TRJUU,0,Segment 0 — Emerging Risk
9451-LPGOO,0,Segment 0 — Emerging Risk
9451-WLYRI,1,Segment 1 — High-Value Stable
9453-PATOS,2,Segment 2 — High-Value At-Risk
9462-MJUAW,0,Segment 0 — Emerging Risk
9465-RWMXL,0,Segment 0 — Emerging Risk
9467-ROOLM,1,Segment 1 — High-Value Stable
9469-WEJBT,0,Segment 0 — Emerging Risk
9470-RTWDV,2,Segment 2 — High-Value At-Risk
9470-XCCEM,0,Segment 0 — Emerging Risk
9470-YFUYI,2,Segment 2 — High-Value At-Risk
9473-CBZOP,1,Segment 1 — High-Value Stable
9474-PHLYD,0,Segment 0 — Emerging Risk
9475-NNDGC,2,Segment 2 — High-Value At-Risk
9477-LGWQI,2,Segment 2 — High-Value At-Risk
9479-HYNYL,2,Segment 2 — High-Value At-Risk
9480-BQJEI,2,Segment 2 — High-Value At-Risk
9481-IEBZY,2,Segment 2 — High-Value At-Risk
9481-SFCQY,0,Segment 0 — Emerging Risk
9481-WHGWY,2,Segment 2 — High-Value At-Risk
9483-GCPWE,1,Segment 1 — High-Value Stable
9488-FVZCC,2,Segment 2 — High-Value At-Risk
9488-FYQAU,2,Segment 2 — High-Value At-Risk
9488-HGMJH,0,Segment 0 — Emerging Risk
9489-DEDVP,2,Segment 2 — High-Value At-Risk
9489-JMTTN,2,Segment 2 — High-Value At-Risk
9489-UTFKA,0,Segment 0 — Emerging Risk
9490-DFPMD,0,Segment 0 — Emerging Risk
9492-TOKRI,0,Segment 0 — Emerging Risk
9494-BDNNC,2,Segment 2 — High-Value At-Risk
9494-MRNYX,0,Segment 0 — Emerging Risk
9495-REDIY,0,Segment 0 — Emerging Risk
9495-SKLKD,2,Segment 2 — High-Value At-Risk
9496-IVVRP,0,Segment 0 — Emerging Risk
9497-QCMMS,0,Segment 0 — Emerging Risk
9498-FIMXL,1,Segment 1 — High-Value Stable
9499-XPZXM,2,Segment 2 — High-Value At-Risk
9500-IWPXQ,2,Segment 2 — High-Value At-Risk
9500-LTVBP,0,Segment 0 — Emerging Risk
9500-WBGRP,1,Segment 1 — High-Value Stable
9501-UKKNL,0,Segment 0 — Emerging Risk
9503-XJUME,1,Segment 1 — High-Value Stable
9504-DSHWM,0,Segment 0 — Emerging Risk
9504-YAZWB,1,Segment 1 — High-Value Stable
9505-SQFSW,0,Segment 0 — Emerging Risk
9506-UXUSK,0,Segment 0 — Emerging Risk
9507-EXLTT,0,Segment 0 — Emerging Risk
9507-HSMMZ,1,Segment 1 — High-Value Stable
9508-ILZDG,2,Segment 2 — High-Value At-Risk
9509-MPYOD,1,Segment 1 — High-Value Stable
9512-PHSMG,1,Segment 1 — High-Value Stable
9512-UIBFX,0,Segment 0 — Emerging Risk
9513-DXHDA,2,Segment 2 — High-Value At-Risk
9514-JDSKI,0,Segment 0 — Emerging Risk
9518-IMLHK,0,Segment 0 — Emerging Risk
9518-RWHZL,2,Segment 2 — High-Value At-Risk
9518-XXBXE,0,Segment 0 — Emerging Risk
9522-BNTHX,0,Segment 0 — Emerging Risk
9522-ZSINC,1,Segment 1 — High-Value Stable
9524-EGPJC,0,Segment 0 — Emerging Risk
9526-BIHHD,0,Segment 0 — Emerging Risk
9526-JAWYF,0,Segment 0 — Emerging Risk
9529-OFXHY,0,Segment 0 — Emerging Risk
9530-EHPOH,0,Segment 0 — Emerging Risk
9530-GRMJG,2,Segment 2 — High-Value At-Risk
9531-NSBMR,1,Segment 1 — High-Value Stable
9534-NSXEM,1,Segment 1 — High-Value Stable
9537-JALFH,1,Segment 1 — High-Value Stable
9537-VHDTA,0,Segment 0 — Emerging Risk
9540-JYROE,0,Segment 0 — Emerging Risk
9541-PWTWO,2,Segment 2 — High-Value At-Risk
9541-ZPSEA,2,Segment 2 — High-Value At-Risk
9544-PYPSJ,2,Segment 2 — High-Value At-Risk
9546-CQJSU,0,Segment 0 — Emerging Risk
9546-KDTRB,1,Segment 1 — High-Value Stable
9547-ITEFG,0,Segment 0 — Emerging Risk
9548-LERKT,1,Segment 1 — High-Value Stable
9548-LIGTA,2,Segment 2 — High-Value At-Risk
9548-ZMVTX,2,Segment 2 — High-Value At-Risk
9552-TGUZV,0,Segment 0 — Emerging Risk
9553-DLCLU,2,Segment 2 — High-Value At-Risk
9554-DFKIC,0,Segment 0 — Emerging Risk
9555-SAHUZ,2,Segment 2 — High-Value At-Risk
9558-IHEZX,2,Segment 2 — High-Value At-Risk
9560-ARGQJ,0,Segment 0 — Emerging Risk
9560-BBZXK,0,Segment 0 — Emerging Risk
9564-KCLHR,0,Segment 0 — Emerging Risk
9565-AXSMR,1,Segment 1 — High-Value Stable
9565-DJPIB,0,Segment 0 — Emerging Risk
9565-FLVCG,2,Segment 2 — High-Value At-Risk
9565-JSNFM,2,Segment 2 — High-Value At-Risk
9570-KYEUA,2,Segment 2 — High-Value At-Risk
9571-EDEBV,2,Segment 2 — High-Value At-Risk
9572-MTILT,2,Segment 2 — High-Value At-Risk
9572-WUKSB,0,Segment 0 — Emerging Risk
9574-BOSMD,1,Segment 1 — High-Value Stable
9574-RKJIF,0,Segment 0 — Emerging Risk
9575-IWCAZ,1,Segment 1 — High-Value Stable
9576-ANLXO,0,Segment 0 — Emerging Risk
9576-SYUHJ,0,Segment 0 — Emerging Risk
9577-WJVCQ,0,Segment 0 — Emerging Risk
9578-FOMUK,1,Segment 1 — High-Value Stable
9578-VRMNM,0,Segment 0 — Emerging Risk
9581-GVBXT,1,Segment 1 — High-Value Stable
9584-EXCDZ,0,Segment 0 — Emerging Risk
9585-KKMFD,1,Segment 1 — High-Value Stable
9586-JGQKH,2,Segment 2 — High-Value At-Risk
9588-OZDMQ,0,Segment 0 — Emerging Risk
9588-YRFHY,1,Segment 1 — High-Value Stable
9589-ABEPT,2,Segment 2 — High-Value At-Risk
9591-YVTEB,0,Segment 0 — Emerging Risk
9592-ERDKV,2,Segment 2 — High-Value At-Risk
9593-CVZKR,1,Segment 1 — High-Value Stable
9600-NAXZN,0,Segment 0 — Emerging Risk
9600-UDOPK,0,Segment 0 — Emerging Risk
9601-BRXPO,0,Segment 0 — Emerging Risk
9602-WCXPI,1,Segment 1 — High-Value Stable
9603-OAIHC,0,Segment 0 — Emerging Risk
9605-WGJVW,0,Segment 0 — Emerging Risk
9606-PBKBQ,0,Segment 0 — Emerging Risk
9609-BENEA,2,Segment 2 — High-Value At-Risk
9610-WCESF,2,Segment 2 — High-Value At-Risk
9611-CTWIH,0,Segment 0 — Emerging Risk
9614-RMGHA,2,Segment 2 — High-Value At-Risk
9617-INGJY,0,Segment 0 — Emerging Risk
9617-UDPEU,1,Segment 1 — High-Value Stable
9618-LFJRU,1,Segment 1 — High-Value Stable
9619-GSATL,0,Segment 0 — Emerging Risk
9620-ENEJV,0,Segment 0 — Emerging Risk
9620-QJREV,1,Segment 1 — High-Value Stable
9621-OUPYD,1,Segment 1 — High-Value Stable
9624-EGDEQ,1,Segment 1 — High-Value Stable
9625-QNLUX,2,Segment 2 — High-Value At-Risk
9625-QSTYE,0,Segment 0 — Emerging Risk
9625-RZFUK,1,Segment 1 — High-Value Stable
9626-VFRGG,0,Segment 0 — Emerging Risk
9626-WEQRM,0,Segment 0 — Emerging Risk
9629-NHXFW,1,Segment 1 — High-Value Stable
9631-RXVJM,1,Segment 1 — High-Value Stable
9631-XEYKE,0,Segment 0 — Emerging Risk
9633-DENPU,0,Segment 0 — Emerging Risk
9633-XQABV,0,Segment 0 — Emerging Risk
9637-CDTKZ,2,Segment 2 — High-Value At-Risk
9637-EIHEQ,0,Segment 0 — Emerging Risk
9638-JIQYA,0,Segment 0 — Emerging Risk
9639-BUJXT,1,Segment 1 — High-Value Stable
9640-ZSLDC,2,Segment 2 — High-Value At-Risk
9643-AVVWI,0,Segment 0 — Emerging Risk
9643-YBLUR,0,Segment 0 — Emerging Risk
9644-KVCNC,2,Segment 2 — High-Value At-Risk
9644-UMGQA,0,Segment 0 — Emerging Risk
9646-NMHXE,1,Segment 1 — High-Value Stable
9647-ERGBE,0,Segment 0 — Emerging Risk
9648-BCHKM,1,Segment 1 — High-Value Stable
9650-VBUOG,1,Segment 1 — High-Value Stable
9651-GTSAQ,2,Segment 2 — High-Value At-Risk
9658-WYUFB,0,Segment 0 — Emerging Risk
9659-QEQSY,2,Segment 2 — High-Value At-Risk
9659-ZTWSM,2,Segment 2 — High-Value At-Risk
9661-ACXBS,0,Segment 0 — Emerging Risk
9661-JALZV,1,Segment 1 — High-Value Stable
9661-MHUMO,0,Segment 0 — Emerging Risk
9667-EQRXU,0,Segment 0 — Emerging Risk
9667-TKTVZ,0,Segment 0 — Emerging Risk
9668-PUGNU,1,Segment 1 — High-Value Stable
9670-BPNXF,2,Segment 2 — High-Value At-Risk
9674-EHPPG,2,Segment 2 — High-Value At-Risk
9675-ICXCT,2,Segment 2 — High-Value At-Risk
9677-AVKED,2,Segment 2 — High-Value At-Risk
9680-NIAUV,2,Segment 2 — High-Value At-Risk
9681-KYGYB,2,Segment 2 — High-Value At-Risk
9681-OXGVC,0,Segment 0 — Emerging Risk
9685-WKZGT,0,Segment 0 — Emerging Risk
9688-YGXVR,2,Segment 2 — High-Value At-Risk
9689-PTNPG,0,Segment 0 — Emerging Risk
9691-HKOVS,2,Segment 2 — High-Value At-Risk
9692-TUSXH,0,Segment 0 — Emerging Risk
9693-XMUOB,0,Segment 0 — Emerging Risk
9695-IDRZR,2,Segment 2 — High-Value At-Risk
9696-RMYBA,0,Segment 0 — Emerging Risk
9699-UBQFS,0,Segment 0 — Emerging Risk
9700-ISPUP,0,Segment 0 — Emerging Risk
9700-ZCLOT,1,Segment 1 — High-Value Stable
9701-CDXHR,2,Segment 2 — High-Value At-Risk
9702-AIUJO,2,Segment 2 — High-Value At-Risk
9705-IOVQQ,2,Segment 2 — High-Value At-Risk
9705-ZJBCG,0,Segment 0 — Emerging Risk
9708-HPXWZ,0,Segment 0 — Emerging Risk
9708-KFDBY,1,Segment 1 — High-Value Stable
9710-NJERN,1,Segment 1 — High-Value Stable
9710-ZUSHQ,0,Segment 0 — Emerging Risk
9711-FJTBX,2,Segment 2 — High-Value At-Risk
9714-EDSUC,0,Segment 0 — Emerging Risk
9715-SBVSU,0,Segment 0 — Emerging Risk
9715-WZCLW,2,Segment 2 — High-Value At-Risk
9717-IOAAF,1,Segment 1 — High-Value Stable
9717-QEBGU,0,Segment 0 — Emerging Risk
9720-JJJOR,2,Segment 2 — High-Value At-Risk
9722-UJOJR,0,Segment 0 — Emerging Risk
9725-SCPZG,0,Segment 0 — Emerging Risk
9728-FTTVZ,0,Segment 0 — Emerging Risk
9730-DRTMJ,2,Segment 2 — High-Value At-Risk
9732-EQMWY,2,Segment 2 — High-Value At-Risk
9732-KPKBW,0,Segment 0 — Emerging Risk
9732-OUYRN,1,Segment 1 — High-Value Stable
9734-UYXQI,0,Segment 0 — Emerging Risk
9734-YWGEX,0,Segment 0 — Emerging Risk
9738-QLWTP,2,Segment 2 — High-Value At-Risk
9739-JLPQJ,2,Segment 2 — High-Value At-Risk
9741-YLNTD,0,Segment 0 — Emerging Risk
9742-XOKTS,2,Segment 2 — High-Value At-Risk
9743-DQKQW,0,Segment 0 — Emerging Risk
9746-MDMBK,2,Segment 2 — High-Value At-Risk
9746-UGFAC,1,Segment 1 — High-Value Stable
9746-YKGXB,2,Segment 2 — High-Value At-Risk
9747-DDZOS,0,Segment 0 — Emerging Risk
9750-BOOHV,0,Segment 0 — Emerging Risk
9752-ZNQUT,0,Segment 0 — Emerging Risk
9753-OYLBX,1,Segment 1 — High-Value Stable
9754-CLVZW,0,Segment 0 — Emerging Risk
9755-JHNMN,2,Segment 2 — High-Value At-Risk
9758-MFWGD,0,Segment 0 — Emerging Risk
9761-XUJWD,0,Segment 0 — Emerging Risk
9762-YAQAA,2,Segment 2 — High-Value At-Risk
9763-GRSKD,0,Segment 0 — Emerging Risk
9763-PDTKK,0,Segment 0 — Emerging Risk
9764-REAFF,1,Segment 1 — High-Value Stable
9766-HGEDE,1,Segment 1 — High-Value Stable
9767-FFLEM,0,Segment 0 — Emerging Risk
9769-TSBZE,2,Segment 2 — High-Value At-Risk
9770-KXGQU,2,Segment 2 — High-Value At-Risk
9770-LXDBK,1,Segment 1 — High-Value Stable
9773-PEQBZ,0,Segment 0 — Emerging Risk
9774-NRNAU,2,Segment 2 — High-Value At-Risk
9776-CLUJA,0,Segment 0 — Emerging Risk
9776-OJUZI,2,Segment 2 — High-Value At-Risk
9777-IQHWP,2,Segment 2 — High-Value At-Risk
9777-WJJPR,2,Segment 2 — High-Value At-Risk
9778-OGKQZ,2,Segment 2 — High-Value At-Risk
9779-DPNEJ,0,Segment 0 — Emerging Risk
9780-FKVVF,0,Segment 0 — Emerging Risk
9782-LGXMC,2,Segment 2 — High-Value At-Risk
9786-IJYDL,2,Segment 2 — High-Value At-Risk
9786-YWNHU,2,Segment 2 — High-Value At-Risk
9787-XVQIU,0,Segment 0 — Emerging Risk
9788-HNGUT,2,Segment 2 — High-Value At-Risk
9788-YTFGE,1,Segment 1 — High-Value Stable
9793-WECQC,0,Segment 0 — Emerging Risk
9795-NREXC,2,Segment 2 — High-Value At-Risk
9795-SHUHB,2,Segment 2 — High-Value At-Risk
9795-VOWON,0,Segment 0 — Emerging Risk
9796-BPKIW,0,Segment 0 — Emerging Risk
9796-MVYXX,0,Segment 0 — Emerging Risk
9798-DRYDS,2,Segment 2 — High-Value At-Risk
9798-OPFEM,1,Segment 1 — High-Value Stable
9799-CAYJJ,0,Segment 0 — Emerging Risk
9800-ONTFE,0,Segment 0 — Emerging Risk
9800-OUIGR,1,Segment 1 — High-Value Stable
9801-GDWGV,0,Segment 0 — Emerging Risk
9801-NOSHQ,1,Segment 1 — High-Value Stable
9802-CAQUT,2,Segment 2 — High-Value At-Risk
9803-FTJCG,2,Segment 2 — High-Value At-Risk
9804-ICWBG,0,Segment 0 — Emerging Risk
9805-FILKB,1,Segment 1 — High-Value Stable
9809-IMGCQ,0,Segment 0 — Emerging Risk
9812-GHVRI,0,Segment 0 — Emerging Risk
9814-AOUDH,1,Segment 1 — High-Value Stable
9817-APLHW,1,Segment 1 — High-Value Stable
9818-XQCUV,1,Segment 1 — High-Value Stable
9819-FBNSV,2,Segment 2 — High-Value At-Risk
9820-RMCQV,0,Segment 0 — Emerging Risk
9821-BESNZ,2,Segment 2 — High-Value At-Risk
9821-POOTN,0,Segment 0 — Emerging Risk
9822-BIIGN,2,Segment 2 — High-Value At-Risk
9822-OAOVB,0,Segment 0 — Emerging Risk
9822-WMWVG,2,Segment 2 — High-Value At-Risk
9823-EALYC,2,Segment 2 — High-Value At-Risk
9824-BEMCV,0,Segment 0 — Emerging Risk
9824-QCJPK,1,Segment 1 — High-Value Stable
9825-YCXWZ,2,Segment 2 — High-Value At-Risk
9828-AOQLM,0,Segment 0 — Emerging Risk
9828-QHFBK,0,Segment 0 — Emerging Risk
9830-ECLEN,2,Segment 2 — High-Value At-Risk
9831-BPFRI,2,Segment 2 — High-Value At-Risk
9833-TGFHX,2,Segment 2 — High-Value At-Risk
9835-ZIITK,2,Segment 2 — High-Value At-Risk
9837-BMCLM,0,Segment 0 — Emerging Risk
9837-FWLCH,1,Segment 1 — High-Value Stable
9838-BFCQT,1,Segment 1 — High-Value Stable
9839-ETQOE,0,Segment 0 — Emerging Risk
9840-DVNDC,0,Segment 0 — Emerging Risk
9840-EFJQB,0,Segment 0 — Emerging Risk
9842-EFSYY,0,Segment 0 — Emerging Risk
9844-FELAJ,2,Segment 2 — High-Value At-Risk
9845-PEEKO,2,Segment 2 — High-Value At-Risk
9845-QOMAD,1,Segment 1 — High-Value Stable
9846-GKXAS,0,Segment 0 — Emerging Risk
9847-HNVGP,1,Segment 1 — High-Value Stable
9848-JQJTX,2,Segment 2 — High-Value At-Risk
9850-OWRHQ,0,Segment 0 — Emerging Risk
9851-KIELU,0,Segment 0 — Emerging Risk
9851-QXEEQ,0,Segment 0 — Emerging Risk
9853-JFZDU,0,Segment 0 — Emerging Risk
9860-LISIZ,1,Segment 1 — High-Value Stable
9861-PDSZP,2,Segment 2 — High-Value At-Risk
9862-KJTYK,0,Segment 0 — Emerging Risk
9863-JZAIC,0,Segment 0 — Emerging Risk
9866-OCCKE,2,Segment 2 — High-Value At-Risk
9866-QEVEE,0,Segment 0 — Emerging Risk
9867-JCZSP,1,Segment 1 — High-Value Stable
9867-NNXLC,1,Segment 1 — High-Value Stable
9867-XOBQA,0,Segment 0 — Emerging Risk
9871-ELEYA,2,Segment 2 — High-Value At-Risk
9873-MNDKV,0,Segment 0 — Emerging Risk
9874-QLCLH,0,Segment 0 — Emerging Risk
9878-TNQGW,0,Segment 0 — Emerging Risk
9880-TDQAC,2,Segment 2 — High-Value At-Risk
9881-VCZEP,0,Segment 0 — Emerging Risk
9885-AIBVB,0,Segment 0 — Emerging Risk
9885-CSMWE,0,Segment 0 — Emerging Risk
9885-MFVSU,2,Segment 2 — High-Value At-Risk
9888-ZCUMM,2,Segment 2 — High-Value At-Risk
9889-TMAHG,0,Segment 0 — Emerging Risk
9891-NQDBD,1,Segment 1 — High-Value Stable
9894-EZEWG,0,Segment 0 — Emerging Risk
9894-QMIMJ,0,Segment 0 — Emerging Risk
9895-VFOXH,0,Segment 0 — Emerging Risk
9896-UYMIE,2,Segment 2 — High-Value At-Risk
9897-KXHCM,0,Segment 0 — Emerging Risk
9898-KZQDZ,2,Segment 2 — High-Value At-Risk
9903-LYSAB,0,Segment 0 — Emerging Risk
9904-EHEVJ,2,Segment 2 — High-Value At-Risk
9906-NHHVC,2,Segment 2 — High-Value At-Risk
9907-SWKKF,0,Segment 0 — Emerging Risk
9909-DFRJA,0,Segment 0 — Emerging Risk
9909-IDLEK,0,Segment 0 — Emerging Risk
9912-GVSEQ,0,Segment 0 — Emerging Risk
9912-OMZDS,2,Segment 2 — High-Value At-Risk
9916-AYHTC,1,Segment 1 — High-Value Stable
9917-KWRBE,2,Segment 2 — High-Value At-Risk
9919-FZDED,2,Segment 2 — High-Value At-Risk
9919-KNPOO,0,Segment 0 — Emerging Risk
9919-YLNNG,2,Segment 2 — High-Value At-Risk
9921-EZKBY,0,Segment 0 — Emerging Risk
9921-QFQUL,0,Segment 0 — Emerging Risk
9921-ZVRHG,0,Segment 0 — Emerging Risk
9924-JPRMC,2,Segment 2 — High-Value At-Risk
9926-PJHDQ,2,Segment 2 — High-Value At-Risk
9927-DSWDF,0,Segment 0 — Emerging Risk
9928-BZVLZ,0,Segment 0 — Emerging Risk
9929-PLVPA,1,Segment 1 — High-Value Stable
9931-DCEZH,0,Segment 0 — Emerging Risk
9931-KGHOA,0,Segment 0 — Emerging Risk
9932-WBWIK,1,Segment 1 — High-Value Stable
9933-QRGTX,2,Segment 2 — High-Value At-Risk
9938-EKRGF,0,Segment 0 — Emerging Risk
9938-PRCVK,1,Segment 1 — High-Value Stable
9938-TKDGL,2,Segment 2 — High-Value At-Risk
9938-ZREHM,2,Segment 2 — High-Value At-Risk
9940-HPQPG,0,Segment 0 — Emerging Risk
9940-RHLFB,0,Segment 0 — Emerging Risk
9943-VSZUV,2,Segment 2 — High-Value At-Risk
9944-AEXBM,0,Segment 0 — Emerging Risk
9944-HKVVB,0,Segment 0 — Emerging Risk
9945-PSVIP,1,Segment 1 — High-Value Stable
9947-OTFQU,0,Segment 0 — Emerging Risk
9948-YPTDG,0,Segment 0 — Emerging Risk
9950-MTGYX,1,Segment 1 — High-Value Stable
9953-ZMKSM,1,Segment 1 — High-Value Stable
9955-QOPOY,2,Segment 2 — High-Value At-Risk
9957-YODKZ,0,Segment 0 — Emerging Risk
9958-MEKUC,2,Segment 2 — High-Value At-Risk
9959-WOFKT,2,Segment 2 — High-Value At-Risk
9961-JBNMK,0,Segment 0 — Emerging Risk
9962-BFPDU,1,Segment 1 — High-Value Stable
9964-WBQDJ,1,Segment 1 — High-Value Stable
9965-YOKZB,0,Segment 0 — Emerging Risk
9967-ATRFS,1,Segment 1 — High-Value Stable
9968-FFVVH,2,Segment 2 — High-Value At-Risk
9970-QBCDA,1,Segment 1 — High-Value Stable
9971-ZWPBF,2,Segment 2 — High-Value At-Risk
9972-EWRJS,1,Segment 1 — High-Value Stable
9972-NKTFD,0,Segment 0 — Emerging Risk
9972-VAFJJ,2,Segment 2 — High-Value At-Risk
9974-JFBHQ,2,Segment 2 — High-Value At-Risk
9975-GPKZU,1,Segment 1 — High-Value Stable
9975-SKRNR,1,Segment 1 — High-Value Stable
9978-HYCIN,2,Segment 2 — High-Value At-Risk
9979-RGMZT,0,Segment 0 — Emerging Risk
9985-MWVIX,0,Segment 0 — Emerging Risk
9986-BONCE,1,Segment 1 — High-Value Stable
9987-LUTYD,0,Segment 0 — Emerging Risk
9992-RRAMN,0,Segment 0 — Emerging Risk
9992-UJOEL,0,Segment 0 — Emerging Risk
9993-LHIEB,2,Segment 2 — High-Value At-Risk
9995-HOTOH,2,Segment 2 — High-Value At-Risk
