customer_id,pc1,pc2,segment_id
0002-ORFBO,-0.5412547711635926,0.48882138248935586,0
0003-MKNFE,-2.023509990260292,0.7054075678556821,0
0004-TLHLJ,-1.9897595988812544,-3.0935743337624095,0
0011-IGKFF,-0.5448155143900825,-2.959436019142988,0
0013-EXCHZ,-1.2988391665467351,-1.539704716341256,0
0013-MHZWF,-1.5467500521714383,-0.8603815653974315,0
0013-SMEOE,4.26732027884815,-1.105969893509621,2
0014-BMAQU,2.7506043205979034,1.2510450890191047,2
0015-UOCOJ,-1.4314060207268546,-0.4221009191884636,0
0016-QLJIS,3.384836539141085,1.084150705083692,2
0017-DINOC,-0.25243573763902055,1.9600042075169408,1
0017-IUDMW,4.290825955676118,-0.18952485780586736,2
0018-NYROU,-1.5789536147124326,-2.03874425335236,0
0019-EFAEP,2.972609351666161,-0.9287329322435453,2
0019-GFNTW,0.1515807294886597,0.6307104837635547,0
0020-INWCK,4.819539165936503,1.740335356861665,2
0020-JDNXP,-0.47589408844651604,1.03695765891179,0
0021-IKXGC,-1.5713800811397203,-1.6607440688120803,0
0022-TCJCI,-0.4396194898323652,0.3948196680155305,0
0023-HGHWL,-2.69145363294776,-0.7787311639344504,0
0023-UYUPN,-0.7104076680734875,1.7627644504840039,1
0023-XUOPT,-0.28797820613418906,-2.587280990411216,0
0027-KWYKW,-0.23377894010413147,-1.5470172314976887,0
0030-FNXPP,-3.3451001672143224,2.257567434320516,1
0031-PVLZI,-4.114839101114261,1.2398481527908678,1
0032-PGELS,-2.2357640188374672,-0.3310478124201931,0
0036-IHMOT,4.231427019548844,-0.813151712552401,2
0040-HALCW,0.10276010841937205,4.599219317364823,1
0042-JVWOJ,-1.3881687569635015,1.3416794275311845,1
0042-RLHYP,1.317689534876463,3.939271134068303,1
0048-LUMLS,2.1743251098743617,0.9465695175310558,2
0048-PIHNL,1.1711194770183608,2.812094285190852,1
0052-DCKON,5.160595185693113,-0.7887167216023673,2
0052-YNYOT,-0.2935174164424855,2.6372597403942475,1
0056-EPFBG,-0.46764020483084157,1.6034781544458045,0
0057-QBUQH,-0.3659580856532006,2.4859100753125394,1
0058-EVZWM,1.3369253860599044,-1.5302167588053386,2
0060-FUALY,2.1742340874940798,-1.6620683405439869,2
0064-SUDOG,-1.0823352145728986,3.269733220691523,1
0064-YIJGF,0.39329664137277714,-1.0543969835965663,0
0067-DKWBL,-2.1157270071313876,-1.6945427345784185,0
0068-FIGTF,0.5942227421535097,0.09075962922298936,2
0071-NDAFP,-0.9588932818820455,3.9698721004776667,1
0074-HDKDG,0.10318968027212921,-0.2719809394183224,0
0076-LVEPS,-1.7103684930575618,0.10942372984717615,0
0078-XZMHT,4.20081152129839,0.035873136709771464,2
0080-EMYVY,-1.296035666447009,1.051834236374689,0
0080-OROZO,1.3484100206968679,-1.8198452776787846,2
0082-LDZUE,-2.849020275748541,0.17494648977223717,0
0082-OQIQY,-0.3563169286597247,-2.188353278507022,0
0083-PIVIK,1.3526803188780026,-0.7379875050966834,2
0089-IIQKO,1.2210653004744922,-1.005563705192686,2
0093-EXYQL,2.034328468546243,-1.1943759773317075,2
0093-XWZFY,0.6754273841903804,-2.0596634148939734,0
0094-OIFMO,-0.7446714479461898,-3.2738924720834013,0
0096-BXERS,-1.4112459401832995,-0.865191542352404,0
0096-FCPUF,-1.5623088549802795,-0.7004092440010983,0
0098-BOWSO,-2.4386039321306576,0.9792505877802293,1
0100-DUVFC,4.312885641896607,-0.8237766889700805,2
0103-CSITQ,4.031182527370521,-1.0671197433411832,2
0104-PPXDV,1.3304239522874475,2.668733007456599,2
0106-GHRQR,-0.8992632648726284,-1.5056306553029946,0
0106-UGRDO,5.590331639226485,-1.0074354047625411,2
0107-WESLM,-3.7597037548068037,-0.14931428840158587,0
0107-YHINA,-0.9957586163424832,-3.4435264915611294,0
0111-KLBQG,1.5488104047676805,-0.09440324997938869,2
0112-QAWRZ,0.45939982221585957,-1.3953838955455526,0
0112-QWPNC,2.9688634061973183,-0.08716821189923557,2
0114-IGABW,2.3502519711676197,1.249992937484457,2
0114-PEGZZ,1.0678300707177415,-2.1296985270958966,0
0114-RSRRW,-1.987756426598776,1.3353714290450212,1
0115-TFERT,1.2004450377818674,-3.207510926560305,0
0117-LFRMW,-1.2738632857448198,-0.39602112480129187,0
0118-JPNOY,-0.21244052139323816,-1.143764545073075,0
0121-SNYRK,-0.3730811081699314,1.3537999153139737,0
0122-OAHPZ,-1.6522119745862345,-2.3862553646906655,0
0123-CRBRT,3.8155519352194185,1.2130870615556892,2
0125-LZQXK,-0.5499386086300143,-3.1080210415309244,0
0128-MKWSG,-1.8690094562912931,0.7620595499186338,0
0129-KPTWJ,3.501978462094668,-1.3644204472072208,2
0129-QMPDR,-0.6818496304952708,1.5699611227264583,1
0130-SXOUN,2.922980415069757,0.02260621267689973,2
0133-BMFZO,-1.3525075391069454,-2.84948421891969,0
0134-XWXCE,0.33003051025126473,-0.16736420274457917,0
0135-NMXAP,-1.1850804013490521,-2.4039165152541364,0
0136-IFMYD,3.507021239458071,-0.8787762644890746,2
0137-OCGAB,-2.709445320765974,-2.435531392446288,0
0137-UDEUO,-4.167774486043051,1.2334196291949666,1
0139-IVFJG,-0.16765962546957267,-1.6060740824448605,0
0141-YEAYS,0.4544061641527408,-0.9946789230487013,0
0142-GVYSN,-2.252651851628199,0.8826620500771044,1
0147-ESWWR,1.3667710881051491,-1.9001419059770301,2
0148-DCDOS,0.04251544575787624,-2.7285633692199376,0
0151-ONTOV,-2.8822613951730682,-1.7076572443111322,0
0156-FVPTA,-0.9257216876695831,-1.1560629048898532,0
0164-APGRB,5.568580315856968,-0.8485706737464164,2
0164-XAIRP,-1.9072678909610417,1.8324981871965946,1
0168-XZKBB,-0.015292746398540365,-1.1643096905072607,0
0174-QRVVY,0.054969760974432354,4.643210914386085,1
0177-PXBAT,2.4510730105000524,-1.5526887712889093,2
0178-CIIKR,-3.3016587311775347,1.9111830761845408,1
0178-SZBHO,0.382382201889002,-1.0592339325854387,0
0181-RITDD,2.8047430438610688,0.8418524297923023,2
0186-CAERR,2.7219169472503277,-2.152937616323065,2
0187-QSXOE,1.250712657988165,-0.6256374277263529,2
0187-WZNAB,0.45424283893123263,0.20738515523203843,0
0188-GWFLE,-3.5071341130525444,1.9587459913713934,1
0191-EQUUH,-0.892748964807019,0.6089419975324996,0
0191-ZHSKZ,0.4294522949498697,-0.6775570637906132,0
0193-ESZXP,2.606022450778663,-1.0632289605419403,2
0195-IESCP,-0.8087516417980146,-2.9390358043741442,0
0196-JTUQI,-1.406336316530438,-0.7549589536651778,0
0196-VULGZ,-0.6231432122658368,-2.149407525342744,0
0197-PNKNK,3.5863912340565847,0.24620987927168841,2
0201-MIBOL,2.279252372615493,-1.4633944715717728,2
0201-OAMXR,3.387962775953104,-0.8939488123657527,2
0203-HHYIJ,-2.1338702568489816,1.4705404128522992,1
0206-OYVOC,0.35456250995517374,4.09250108039916,1
0206-TBWLC,3.4031273241904625,-0.30876067088456527,2
0207-MDKNV,-0.767960008323683,-3.0102842535154655,0
0208-BPQEJ,-3.4813295948879746,0.9289069694019464,1
0212-ISBBF,-1.8040522870232991,-1.5228315459499537,0
0214-JHPFW,2.2482979622284534,0.6483184619250042,2
0215-BQKGS,0.12767291819041474,-1.2903513025828663,0
0218-QNVAS,4.579929777599959,-0.08394552635328177,2
0219-QAERP,-1.5812666077997863,3.605689865455498,1
0219-YTZUE,-0.877091505954554,-2.250757958397086,0
0220-EBGCE,-2.0274071979498345,-3.5134344134507365,0
0221-NAUXK,-2.396231881266999,1.6951624189582535,1
0221-WMXNQ,-1.3122779626366075,-1.5645550397354429,0
0222-CNVPT,0.4462789602694613,1.136205453210214,2
0224-HJAPT,-2.173670067728758,-1.6471700414278583,0
0224-NIJLP,-2.4247626285744794,3.742518612649475,1
0224-RLWWD,-2.140104004602423,-0.8689856864008995,0
0225-ZORZP,-1.5978597704320474,-1.9675299364114045,0
0228-MAUWC,-1.9251184833359922,-0.6892550463714229,0
0229-LFJAF,1.8849665642374909,0.9945797385021754,2
0230-UBYPQ,0.5082584731412163,1.0359390818076417,2
0230-WEQUW,1.3779933245591305,0.371625806255,2
0231-LXVAP,-1.6396424919608104,-2.4026008651085675,0
0233-FTHAV,1.4890833231504363,-1.3067243202386536,2
0234-TEVTT,0.2587439769552803,2.1260350431256763,2
0235-KGSLC,-2.230329232819039,-1.8170350235352053,0
0236-HFWSV,-0.2594329902047725,-2.9188504623455858,0
0237-YFUTL,2.9501174772353282,-2.1150001770770515,2
0238-WHBIQ,4.815226096333441,2.195412802383694,2
0239-OXEXL,0.689850344220771,-0.4509177398698372,2
0244-LGNFY,4.095368912129773,0.8834085788948887,2
0247-SLUJI,-2.999374484856104,2.9806229384840353,1
0248-IPDFW,-1.9025128320326898,-1.1757815545798678,0
0248-PGHBZ,2.8297506268607218,-0.8259143268007846,2
0253-ZTEOB,1.531148006998223,0.6411435076296665,2
0254-FNMCI,4.748504947350701,-1.6206895401861694,2
0254-KCJGT,3.324997141734888,1.007792211730481,2
0254-WWRKD,3.219622784090133,3.1632477142362756,2
0256-LTHVJ,-0.034012797819644336,-2.3891006533501096,0
0257-KXZGU,0.7760175436826459,-0.1727373301211856,0
0257-ZESQC,-0.7693845163278799,-1.7167634492620463,0
0258-NOKBL,-0.5681924148691575,-2.241976888455209,0
0259-GBZSH,-2.242786611295426,-2.534088095872146,0
0260-ZDLGK,-1.3443324911491277,-0.8843972167323021,0
0263-FJTQO,3.2241553668569205,2.238341237711609,2
0264-CNITK,0.8228453885332527,3.185693325753892,1
0265-EDXBD,0.4016681795397302,-1.8667478620354852,0
0265-PSUAE,0.7374389403901536,-1.6555105387822893,0
0266-CLZKZ,4.933435356971082,0.49831313081711764,2
0266-GMEAO,3.811109260197689,-0.016427978061855298,2
0268-QKIWO,-4.012162177548139,0.4430569225992494,1
0269-XFESX,-0.9189224471635866,4.051871398458417,1
0270-THENM,3.0214962819090867,1.1039850031840597,2
0274-JKUJR,-1.3941425565695962,0.34703489575992225,0
0277-BKSQP,-1.120113579928196,-0.4450067801463615,0
0277-ORXQS,2.4120374884584517,2.1987167277845576,2
0278-YXOOG,-4.038785647512521,1.5737398819071966,1
0280-XJGEX,1.9066899331039942,-2.6065576709446483,2
0281-CNTZX,1.4158688480474722,2.526664828309251,1
0282-NVSJS,-2.7890818832217756,0.3499218310070485,0
0285-INHLN,0.10318581430231677,0.9650777704434552,0
0289-IVARM,-0.27757225051435525,-0.6347642882807593,0
0292-WEGCH,1.9029197715264972,-0.5182003508328377,2
0295-PPHDO,-1.2507840684670104,-2.9457010786057976,0
0295-QVKPB,-2.628500126416838,-0.4611809102342872,0
0297-RBCSG,-0.2810149890106641,-0.699090715342815,0
0298-XACET,0.5012116430185102,2.458484162326871,2
0301-FIDRB,2.5800614058140927,0.9937817056306743,2
0301-KOBTQ,-1.4825982028683111,1.9564195467891727,1
0302-JOIVN,-0.6945296926891767,-2.3584208848559123,0
0303-UNCIP,1.052670806667101,0.8292325726806473,2
0303-WMMRN,-3.4487037903678592,1.3995747884013996,1
0305-SQECB,-1.4735243278199226,1.0179295437186158,0
0306-JAELE,-0.9872987393649209,-3.230141326408325,0
0307-BCOPK,-2.1765275392905274,3.062679568914605,1
0308-GIQJT,2.0029485809185297,-1.1014303900203213,2
0308-IVGOK,-1.5481939189417289,0.6350694761344491,0
0310-MVLET,3.0948556682880297,-1.8036417307883654,2
0310-SUCIN,3.109421671588375,-0.4111322998123138,2
0310-VQXAM,-3.265440309402881,1.7964064478709956,1
0311-QYWSS,-2.0027602979878005,-1.2255802647942928,0
0311-UNPFF,0.09533064949688214,-2.7035515991224237,0
0314-TKOSI,-3.0230482007338746,-0.21393142726087683,0
0315-LVCRK,-0.8414737316301213,-1.8240176756013786,0
0318-QUUOB,-0.8460848710120947,-2.9785937346674642,0
0318-ZOPWS,-0.12238825139820604,2.99401685197674,1
0319-QZTCO,-1.572092780140291,0.13888153483113994,0
0320-DWVTU,3.2819631725687515,0.3546211387282957,2
0320-JDNQG,0.5450891090935596,-2.949652719361791,0
0322-CHQRU,-2.699201717611512,-1.07978623798664,0
0322-YINQP,-2.386742296753699,-0.35943732644349147,0
0323-XWWTN,-2.016119208991483,2.9716495537830174,1
0324-BRPCJ,1.8714714710223446,-1.9303919091544206,2
0325-XBFAC,-0.6964655449950532,-3.0904994820649514,0
0326-VDYXE,4.161870765137364,-0.41801826599999725,2
0327-WFZSY,2.618266943841499,-0.7937609710646847,2
0328-GRPMV,-2.0289490819357554,-2.6878589259265073,0
0329-GTIAJ,-0.8637058733845839,-2.813310813627029,0
0330-BGYZE,3.5448525259397483,0.06468467598283659,2
0330-IVZHA,-2.2158182780842357,-1.8876378228547317,0
0334-GDDSO,-2.453752106891818,-3.245186111575418,0
0334-ZFJSR,1.617850435195717,0.7831759924241153,2
0336-KXKFK,0.7174273275471018,0.9670733308632032,2
0336-PIKEI,3.376727611717078,1.1108962580259358,2
0337-CNPZE,0.8688503493606224,-3.2159502869929235,0
0343-QLUZP,0.4597923412455911,0.8902717642932162,2
0345-HKJVM,-1.2408442725833426,-2.5136467904267934,0
0345-XMMUG,2.5232132820506017,0.0564963088105312,2
0347-UBKUZ,-3.7562938421718983,1.7158369099674973,1
0348-SDKOL,1.2228150866864667,-1.6361333226476087,2
0354-VXMJC,-0.32737622398297844,4.766651661684814,1
0354-WYROK,1.180450269155231,-2.6580525595004056,0
0356-ERHVT,-1.98408999351417,-0.3953861813654693,0
0356-OBMAC,2.3209063001314747,-1.4158013622559553,2
0357-NVCRI,-3.00125892849802,2.770852290462673,1
0361-HJRDX,1.7863732211641177,1.2318931681573462,2
0362-RAOQO,-1.2466007121845442,3.4632053677950254,1
0362-ZBZWJ,-0.35664818146922334,-2.799600147504252,0
0363-QJVFX,0.49530073113737255,-2.813471018701753,0
0363-SVHYR,4.553731495924502,1.3837239696822388,2
0365-BZUWY,-0.21543814811500112,-2.111701445013918,0
0365-GXEZS,-0.4650107076206208,-1.0392003158768495,0
0365-TRTPY,-0.14112104531668443,-1.9719614153963922,0
0366-NQSHS,-3.0715764624023585,1.9693290953058196,1
0369-ZGOVK,0.7925108464626476,-0.4614146733117492,0
0373-AIVNJ,-2.314027585883994,0.814854403096671,0
0374-AACSZ,-2.682717207913369,-1.2004113497501823,0
0374-FIUCA,0.2708141037054301,3.321206490956658,1
0374-IOEGQ,-2.579486359247165,-0.7061044288462411,0
0375-HVGXO,-3.164212311770655,-1.0752624550483132,0
0376-OIWME,1.2999027024722887,-2.1312331173481747,0
0376-YMCJC,-0.2086443115077713,-2.375690478764278,0
0377-JBKKT,0.4569640024417055,0.3488253070613518,0
0378-CJKPV,2.9288437881770273,0.2452245360805708,2
0378-NHQXU,-0.3174506979874649,-1.4384609586492016,0
0378-TOVMS,-1.082298757507613,-2.90399821446193,0
0378-XSZPU,1.2920986838176387,1.3856035015346366,2
0379-DJQHR,3.3998410418203924,1.5157196474911827,2
0380-NEAVX,1.6578837816894587,-1.3972480240627974,2
0380-ZCSBI,-3.5928218679091013,2.170040965152523,1
0383-CLDDA,3.293975803168396,0.9466198907103983,2
0384-LPITE,-0.6375460019091891,0.6213462635097285,0
0384-RVBPI,-1.9552297166210293,-0.3540095283096391,0
0386-CWRGM,0.37077856491496997,4.34662403377364,1
0388-EOPEX,-1.2600368230367462,-2.5822331709886517,0
0390-DCFDQ,-2.3325481201642133,-1.6048064905361792,0
0392-BZIUW,3.2369814302186164,0.3979436963402373,2
0394-YONDK,-0.9750152991886805,3.913279730987811,1
0396-HUJBP,-3.4782772849607575,1.8300664218942655,1
0396-UKGAI,-1.468729697701515,-0.9341665285918657,0
0396-YCHWO,1.449114042145534,-1.9345686266755184,2
0397-GZBBC,0.7150475528789891,-2.4478393873930044,0
0397-ZXWQF,1.57389013186342,3.4188652825996493,1
0401-WDBXM,3.3940309363652785,-0.7911631415252013,2
0402-CQAJN,0.8356496049247141,-2.996587570732699,0
0402-OAMEN,1.4307669611339355,3.427779731745534,1
0404-AHASP,1.9699817937174215,4.903746375396749,1
0404-SWRVG,-1.889682802138122,-3.071787401496676,0
0406-BPDVR,2.8484078270661617,-0.5354978846732745,2
0407-BDJKB,2.0937209990481773,-2.140638207712033,2
0409-WTMPL,4.34382507989615,0.07784179279019231,2
0410-IPFTY,0.08970187070002354,-2.134412958898595,0
0411-EZJZE,-1.8041925340498977,-1.3699339814215488,0
0412-UCCNP,0.9603907711881506,-0.19794783651427064,2
0415-MOSGF,-3.301524224548623,-0.2523873314463481,0
0419-YAAPX,1.1070006059330484,-0.4677701609984015,2
0420-BWTPW,-3.1921075366598983,0.35487903960216377,0
0420-HLGXF,1.0050934106439589,-1.5436817442104838,0
0420-TXVSG,4.0188902163509095,2.3615001076848032,2
0422-OHQHQ,-1.445775239240891,3.7600712672638594,1
0422-UXFAP,4.059658045451225,-0.8127971838801034,2
0423-UDIJQ,-2.0367563113142833,1.085920303593158,0
0426-TIRNE,-3.834297389502676,1.6184324768960192,1
0428-AXXLJ,-1.9498331994336704,1.4619360252264382,1
0428-IKYCP,1.0064364881933772,-1.4071910751627692,0
0430-IHCDJ,-2.207663890550049,-1.2344081822540953,0
0431-APWVY,1.1676930868840028,-1.251636895984459,2
0432-CAJZV,-1.674381594700617,-0.8608604161937826,0
0434-CSFON,2.3993546370761485,-1.7950785504550568,2
0436-TWFFZ,2.5446619922675757,0.6355114822245831,2
0439-IFYUN,-1.3873045771044352,-2.13995820405452,0
0440-EKDCF,2.606317773703029,2.019610623191103,2
0440-MOGPM,0.41049980244002116,-0.9411510298305421,0
0440-QEXBZ,-0.3962564381670049,0.3803350310090236,0
0440-UEDAI,2.3090236646785445,-0.2556418031281575,2
0442-TDYUO,-0.1653401619205143,3.29821376341809,1
0442-ZXKVS,4.189434379418816,-1.540797567589294,2
0447-BEMNG,-0.11739835624063218,-1.6520222760518761,0
0447-RXSGD,0.05413257244284137,-2.540259336715071,0
0454-OKRCT,1.1713975685004832,-0.4130119581970216,2
0455-ENTCR,3.6654296813645426,0.5863854423092989,2
0455-XFASS,-0.9691827430412305,-1.4139872493040024,0
0458-HEUZG,-1.9190269718658928,1.3438691722405314,0
0459-SPZHJ,2.359931673078562,1.1338082155552156,2
0461-CVKMU,-0.1308999660363523,-2.336905902465679,0
0463-TXOAK,-0.615999741684881,3.6378038416473357,1
0463-WZZKO,-4.053669457238529,1.5105131782186652,1
0463-ZSDNT,-1.6416692469301286,-1.4979920107357179,0
0464-WJTKO,0.6842474235301303,3.9427057074561738,1
0468-YRPXN,0.788947278939504,-1.2783183446237452,0
0471-ARVMX,3.9373782176632592,-1.034786570742091,2
0471-LVHGK,0.6081484142919439,-0.8535447540489945,0
0475-RIJEP,1.2741026400290032,-2.180878664555578,2
0479-HMSWA,1.3445022544817515,-1.3539160762199751,2
0480-BIXDE,0.1054554138423445,-1.8123196931214016,0
0480-KYJVA,2.1517474976746205,5.149844690735497,1
0481-SUMCB,2.4932595982646872,-1.3413906971564378,2
0484-FFVBJ,0.06706830955417198,-0.11745128757348343,0
0484-JPBRU,-1.482021450200336,0.9006086268859195,1
0485-ZBSLN,1.2441390239170602,4.801914765288722,1
0486-HECZI,2.071826510692128,-2.416707662600881,2
0486-LGCCH,-1.7872997455476995,3.597444526590515,1
0487-CRLZF,1.4594078514723166,0.07407364940711972,2
0487-RPVUM,1.7555384842677693,-1.5053051068095546,2
0487-VVUVK,-1.9052090005278581,2.5693193447368126,1
0488-GSLFR,-2.13581273157303,-2.7084520318576306,0
0489-WMEMG,-0.4278114761430732,-0.3006104999020459,0
0491-KAPQG,-1.2289085279384582,-2.065372509697132,0
0495-RVCBF,-1.7321243413268148,-2.6685869303995498,0
0495-ZBNGW,-1.258716422845135,-2.318800178237414,0
0496-AHOOK,1.3075157108315052,0.0020736115044435476,2
0504-HHAPI,-1.0720625226734402,-0.9717784670431132,0
0505-SPOOW,0.9664799084643185,3.533018860026183,1
0506-LVNGN,-1.6609172764912064,-1.6950205761797936,0
0506-YLVKJ,0.04944316964450909,3.3084616665301088,1
0508-OOLTO,-1.1111584828280203,-1.4281649304415154,0
0508-SQWPL,1.452334716133448,3.7653328702095887,1
0511-JTEOY,-2.935620492986557,-1.281844386982719,0
0512-FLFDW,3.1578604490118742,0.27858847038826806,2
0513-RBGPE,0.7066009243210357,1.4681998991334393,2
0515-YPMCW,-2.2553350026318175,-1.3917368019388934,0
0516-OOHAR,1.3259919437359888,-0.5810265143829595,2
0516-QREYC,-1.7047558607170368,2.8858730557225205,1
0516-UXRMT,2.4011689313379057,-1.565003461413374,2
0516-VRYBW,-2.4485562437587047,1.6597548341761748,1
0516-WJVXC,-1.8474354517401437,-1.6277307969867434,0
0519-DRGTI,-1.6794936204946804,3.282466219715258,1
0519-XUZJU,-2.5967818098987085,-1.1868396983014005,0
0520-FDVVT,1.5696900448035451,-2.2480206208855926,2
0523-VNGTF,0.2531785453274247,-0.17684140490081782,0
0524-IAVZO,-0.22253052727647693,-2.478870034809146,0
0526-SXDJP,1.975892945840547,1.9626123722157378,2
0529-ONKER,-1.6432222465173008,-1.9169676007636214,0
0530-IJVDB,4.730036869136929,-0.694850008286033,2
0531-XBKMM,2.0443169502039606,0.9631145057249322,2
0531-ZZJWQ,2.970707252396973,0.24998435532304578,2
0533-BNWKF,2.672868514423918,-2.089605622910178,2
0533-UCAAU,2.672994157291992,1.5582004295927128,2
0536-ACXIP,5.512814410170347,-0.2988143617230032,2
0536-BGFMZ,-1.5087947503725154,2.8664028822882965,1
0536-ESJEP,2.2957433976564867,0.37622380623092916,2
0537-QYZZN,0.7208771733102682,-0.5613521228360975,0
0541-FITGH,-1.6022421838270064,-0.6829744099285406,0
0547-HURJB,-3.4305559387083067,2.300724383070819,1
0549-CYCQN,1.2708695015760938,-0.8065805782178096,2
0550-DCXLH,-1.2818054587056722,-0.47866147900106826,0
0556-FJEGU,3.0498438813244544,0.376748271797566,2
0557-ASKVU,-0.14261474742391636,1.4095895140297212,0
0559-CKHUS,0.05469543712953278,3.3911056531009947,1
0562-FGDCR,3.0248368244950923,2.451097651025499,2
0562-HKHML,1.5413935921330228,4.966528348624579,1
0562-KBDVM,1.1411869585928454,0.4585997589130802,2
0564-JJHGS,-0.9185588936365914,-2.772865689726346,0
0564-MUUQK,0.7353247897841392,-2.1220897648848096,0
0565-IYCGT,3.163007923975845,0.49375699190964,2
0565-JUPYD,2.639343870980534,-0.5573628231932716,2
0567-GGCAC,-2.067885545011082,-1.0677485834005773,0
0567-XRHCU,1.244255654284785,1.711110467026958,2
0568-ONFPC,-3.288905483748508,-0.048686621640704884,1
0570-BFQHT,-1.3673629527191398,-1.9011873973092606,0
0572-ZJKLT,4.003145202859973,1.3253444381079174,2
0575-CUQOV,3.7684597384308764,-0.5955386255869892,2
0576-WNXXC,0.45264179071716487,-2.7704649646448263,0
0577-WHMEV,-0.12152627603306677,-2.059852998778516,0
0578-SKVMF,-0.6415417795787215,-1.527169451335393,0
0580-PIQHM,2.7683425499595105,-1.6264391226196449,2
0581-BXBUB,-0.5791231291899774,-0.5334349391896056,0
0581-MDMPW,-0.0750865280913486,-1.2178675932402907,0
0582-AVCLN,-0.5135174931147539,3.8514211453251455,1
0584-BJQGZ,0.049230286782434275,-2.115053070981891,0
0585-EGDDA,1.5783680541097918,-1.451543171768906,2
0587-DMGBH,-2.1971928384205093,-1.3977471182687935,0
0594-UFTUL,-2.5909695222393427,2.393485339664085,1
0595-ITUDF,2.0389074600095705,-1.862318541120833,2
0596-BQCEQ,2.960315348653527,-2.3253857583065156,2
0599-XNYDO,-0.4365552387104663,-1.6275147077620102,0
0601-WZHJF,-1.7638860063289572,-0.39844294712583395,0
0602-DDUML,1.5664096450824196,0.7236102611714216,2
0603-OLQDC,-1.6160094030975265,-0.9152563868423155,0
0603-TPMIB,0.7521632141377927,4.22085877370366,1
0604-THJFP,2.3703833073957843,1.2985540657341108,2
0607-DAAHE,0.12959854955337732,2.527501994936644,1
0607-MVMGC,1.5416775274087984,1.194854008177496,2
0608-JDVEC,-0.060837625292746084,3.0898287549467214,1
0611-DFXKO,-0.6486391426030838,-1.203778752318787,0
0612-RTZZA,-3.4507927166365926,-0.8535085715008253,0
0613-WUXUM,1.1601139491588393,4.0527155728447095,1
0616-ATFGB,-3.4222183784989926,-0.9950278973414399,0
0617-AQNWT,1.280546874679968,0.5137946947124301,2
0617-FHSGK,-0.2986356766345333,-0.5247843997888061,0
0618-XWMSS,-0.150265619813396,-2.36678572087706,0
0619-OLYUR,5.163312198676754,0.13043627200684332,2
0620-DLSLK,-1.4943564907796196,-1.371064760311682,0
0620-XEFWH,-3.075404624841625,2.3635514505351907,1
0621-CXBKL,-1.158441607472884,3.4355586900553186,1
0621-HJWXJ,1.871823398136521,-1.3007932236924336,2
0621-JFHOL,-2.4139680446791436,0.6576281703593114,0
0621-TSSMU,0.02413391713405939,3.742285764297112,1
0621-TWIEM,-1.966038928644366,-2.082155027051417,0
0623-EJQEG,1.9377704468649417,-0.9341913427796589,2
0623-GDISB,-1.9936240575738413,-1.3200898109083254,0
0623-IIHUG,-2.041519314440663,-1.517323834834102,0
0625-AFOHS,-0.870742026576681,3.7613868570978917,1
0626-QXNGV,1.6800629971561936,4.203389690739685,1
0628-CNQRM,0.05168755235796905,-1.0623456976366048,0
0634-SZPQA,-0.8929130045675873,-2.582378370433257,0
0635-WKOLD,0.9526352163089716,1.5972517182995822,2
0637-KVDLV,-2.0939816873256003,-2.879817087961891,0
0637-UBJRP,-0.4904000430667984,-1.9594233368928862,0
0637-YLETY,-0.7552987677493322,-2.0843035438790607,0
0639-TSIQW,3.16488683938646,-1.250642192981896,2
0640-YJTPY,0.6732347604198851,3.7622664096352083,1
0641-EVBOJ,-1.2062065746691437,-1.119841986555386,0
0643-OKLRP,1.206359373058086,-1.5806011634216255,2
0644-OQMDK,-2.29507260917956,-2.251892488612221,0
0650-BWOZN,-0.07525275475993747,-1.2149502979399744,0
0654-HMSHN,0.14637430413473082,-2.1902629627919397,0
0654-PQKDW,2.9744995567894397,0.3542290496716412,2
0655-RBDUG,-1.7746068270229727,-3.6564592379938996,0
0655-YDGFJ,-1.5277526494348719,-0.6014966651148127,0
0657-DOGUM,2.189945261041169,0.3845417676488351,2
0661-KBKPA,2.8127626134029473,1.333330503654814,2
0661-KQHNK,-2.1077971394588113,3.6431310691407255,1
0661-WCQNQ,-0.3027590714385917,1.2836471837286914,0
0661-XEYAN,-3.4768083613796508,-0.6785372135365042,0
0665-XHDJU,4.769714723339356,-0.18580239009573088,2
0666-UXTJO,0.8953779439476743,-0.5275631974440835,0
0667-NSRGI,0.8957053175229336,0.964012886610823,2
0668-OGMHD,-1.6379625199510546,0.18871726156411223,0
0670-ANMUU,2.0714715093826825,0.16095422560816258,2
0670-KDOMA,-3.537030454244841,1.4185175407498407,1
0673-IGUQO,-3.3225497072051553,2.1615103878118096,1
0674-DGMAQ,2.7238509652970118,-0.14232601481593407,2
0674-EYYZV,-1.9042488125587547,-1.0752085766277542,0
0674-GCDXG,3.6937980390724605,-0.23676960708658054,2
0675-NCDYU,5.459771743152908,0.4216744760751593,2
0678-RLHVP,2.629838784896803,-0.42286220628195753,2
0679-IDSTG,-1.3703327422800882,-2.298290987132678,0
0679-TDGAK,2.254900801381604,-0.13692241552614967,2
0680-DFNNY,-0.05198568346362717,-2.995071432559798,0
0682-USIXD,-0.12195675530322882,-1.9195276632015061,0
0684-AOSIH,-1.1569268504841175,-2.094367999058206,0
0685-MLYYM,-2.521070400212921,-2.3151787938802637,0
0687-ZVTHB,2.5403907391343052,0.7363257893575473,2
0689-DSXGL,1.7162826224193806,-1.1059533138511655,2
0689-NKYLF,-1.2013799661469922,-2.655043652311242,0
0690-SRQID,-3.7378677962447076,1.2865615765877079,1
0691-IFBQW,1.0087360741751312,-2.795433583510702,0
0691-JVSYA,3.2838264907564456,-1.9069584626152334,2
0691-NIKRI,1.6813982930759002,-0.3411460700886078,2
0696-UKTOX,-1.792473506822185,-0.7399076788988774,0
0697-ZMSWS,-1.6869880178675567,-3.283205095399927,0
0699-NDKJM,0.5175371687855362,-1.0467928516830074,0
0701-RFGFI,2.394858567163111,-0.6325679061186495,2
0701-TJSEF,-1.6003228587251759,-2.144615892399368,0
0702-PGIBZ,-1.340089200857512,-4.036695290861839,0
0704-VCUMB,-0.3820194754421407,3.699502877591189,1
0707-HOVVN,4.140456242665964,0.5828446387847778,2
0708-LGSMF,-1.5599352568794798,-1.2849089383435164,0
0708-SJDIS,-0.15476310640946536,0.7293165564635068,0
0709-TVGUR,-1.7565364356040727,-2.844763285822581,0
0716-BQNDX,1.3249509718648584,-0.979159787359629,2
0719-SYFRB,-1.8532960721594827,-1.2853601718457255,0
0722-SVSFK,-0.3603969193316075,-2.9588107630429867,0
0722-TROQR,-1.9948030226687314,-2.962519857764126,0
0723-DRCLG,-1.7354175339009343,-2.2474203270886632,0
0723-FDLAY,2.377577727693115,-0.7136027220380878,2
0723-VSOBE,-0.6226502819383457,0.8157306437856106,0
0725-CXOTM,1.6664011667202436,-0.2787029537437662,2
0727-BMPLR,2.7627431168557153,-1.632973560353368,2
0727-BNRLG,4.76336752697143,0.36769052428037385,2
0727-IWKVK,-1.672233923526124,-2.8991632301288597,0
0730-BGQGF,4.173810811475078,1.5988627899510757,2
0730-KOAVE,0.38822862219998183,-1.6244806666336828,0
0731-EBJQB,-0.24213540386233035,2.093207608436612,1
0732-OCQOC,0.5463455491340334,2.9314834494404507,1
0733-VUNUW,-1.748062814736397,-1.4855670527489886,0
0734-OXWBT,-2.5747096367819498,-0.45706844938578595,0
0739-UUAJR,2.481789559174057,2.216100738449111,2
0742-LAFQK,3.8801690637875272,-0.8313616166823864,2
0742-MOABM,-2.1515967582128175,0.2871625849461085,0
0742-NXBGR,-1.9406467846826612,-3.3633304649805615,0
0743-HNPFG,1.5228090152642637,0.8242856440243793,2
0743-HRVFF,1.2153173671898188,0.22563974992183605,2
0744-BIKKF,2.9250615208956376,0.21217003037840315,2
0744-GKNGE,1.86821445277689,-1.371484770177891,2
0746-JTRFU,-2.950150889537072,-2.007751885749967,0
0748-RDGGM,4.60681402585055,-1.673956587905176,2
0749-IRGQE,-1.5619017889994127,0.04352409381499925,0
0750-EBAIU,2.203470366610099,-0.759257939842591,2
0750-EKNGL,-3.7833811933624486,1.6828642441659976,1
0754-EEBDC,-3.0114297433355666,2.9463574085333932,1
0754-UKWQP,-1.0998689155323735,-3.3585704098633355,0
0756-MPZRL,-0.8842732224130034,1.6385953312333086,1
0757-WCUUZ,2.5268718602167994,2.160396909689124,2
0761-AETCS,-4.010024857760685,0.1895220099641037,1
0769-MURVM,2.931184709348527,1.241796129481744,2
0771-CHWSK,3.6095913754256013,1.3427944459604435,2
0771-WLCLA,0.7185103123781389,-2.350546228759492,0
0772-GYEQQ,-1.6571749163367933,-1.8564542931546517,0
0774-IFUVM,-0.25647179582535107,-0.7193686424130383,0
0774-RMNUW,2.736897015867408,1.5489393649019385,2
0778-NELLA,-2.5966004856363534,-0.09613379867503437,0
0780-XNZFN,-1.2995282572863163,2.54888477999198,1
0781-LKXBR,-0.561799019470113,-3.302763717255865,0
0784-GTUUK,0.5609503195126946,3.5424287837039428,1
0784-ZQJZX,0.35701907969758495,4.177256476066417,1
0786-IVLAW,1.8221766099870842,-1.5509566702379476,2
0786-VSSUD,-2.434458980269664,-0.8066737466975952,0
0787-LHDYT,-2.8038152685498736,1.5917437367053953,1
0788-DXBFY,0.6107883654632529,2.1142125776960654,1
0793-TWELN,-2.0941672556810103,-3.181138272477783,0
0794-YVSGE,1.9213625606746683,3.8167292458297486,1
0795-GMVQO,3.325184205441195,0.21498212145396678,2
0795-LAFGP,2.665818734297431,-0.14459244105924338,2
0795-XCCTE,1.172848117438315,2.7108748031102414,1
0799-DDIHE,-1.3837686896809507,0.7841721278077177,0
0804-XBFBV,-2.4578881260409124,-0.009821352191910155,0
0804-YGEQV,0.6934410335329046,2.5897235443464766,1
0807-ZABDG,-2.9415479495900714,-1.0779847904017712,0
0810-BDHAW,0.7715945185756119,-0.33849261689533094,2
0810-DHDBD,0.9785185626156884,0.9707650603052045,2
0811-GSDTP,-2.583363421485125,0.2759728747856939,0
0812-WUPTB,-2.265661180590788,-0.9276165337716066,0
0813-TAXXS,2.1077530312734476,0.18188118695054484,2
0815-MFZGM,2.021599845772943,0.3545535687829013,2
0816-TSPHQ,-3.470714699280316,1.8734707871993843,1
0817-HSUSE,-1.519331008910854,-1.9057744172090116,0
0818-OCPZO,-0.4844701321661963,-2.260713922492883,0
0820-FNRNX,-1.2813353270200305,-0.5041146550999729,0
0822-GAVAP,-2.9572017590856863,-2.262237271084047,0
0822-QGCXA,0.39315199315183086,-0.6560391617268314,0
0823-HSCDJ,-0.8030219088464848,-1.3428876318903211,0
0824-VWDPO,0.7704654261543736,-1.3688371571435265,2
0825-CPPQH,0.8729196412797732,4.317155176501727,1
0827-ITJPH,-1.457008111303509,2.8235528011282045,1
0829-DDVLK,-2.3713992926120984,3.0616428400667677,1
0829-XXPLX,-0.6383548735148407,-2.477104560005937,0
0831-JNISG,1.7005074639624784,5.144487905869002,1
0835-DUUIQ,-1.6351013978500453,1.987590875615567,1
0835-JKADZ,4.416489968578561,-1.4604298990067393,2
0836-SEYLU,-2.836385841391575,-0.36321652226516676,0
0839-JTCUD,3.613334640949986,1.859892020907326,2
0839-QNXME,-1.9891642320492302,3.182825090572926,1
0840-DCNZE,2.684731495527104,-0.6166886336214644,2
0840-DFEZH,-1.4169403407506207,-2.2211134141106927,0
0841-NULXI,-2.581736063574182,-1.5568184239341236,0
0842-IWYCP,-0.4568710844518097,-0.13700083132227034,0
0843-WTBXE,0.17634775968536168,-2.0362817561366526,0
0847-HGRML,-0.3028365037915582,2.726596903719602,1
0848-SOMKO,0.4761368549357656,0.5055140986451714,2
0848-ZGQIJ,-0.5289600254216101,-1.918888563072766,0
0851-DFJKB,-1.3151444859863752,-0.704918634525207,0
0853-NWIFK,1.250573916685768,-2.1489451206870838,2
0853-TWRVK,3.3108613129201965,-0.43736702130108546,2
0854-UYHZD,-1.8248437867853609,3.6735575630891866,1
0856-NAOES,-2.34474447230809,-0.30652921222161894,0
0859-YGKFW,-1.503499796926997,2.7719019314942606,1
0862-PRCBS,3.557458817256693,0.3870966874883712,2
0864-FVJNJ,3.216096096747497,-1.0783606535457224,2
0866-QLSIR,-0.03241787860340124,0.0659638933176329,0
0867-LDTTC,-1.029515983151805,-1.0589876023317177,0
0867-MKZVY,0.38812244948892105,-1.7503951971305824,0
0868-VJRDR,2.4967455092434645,-0.01275851576785063,2
0869-PAPRP,1.3399905509258254,0.36121758367809137,2
0870-VEMYL,-2.7319030939306677,-0.3970204860199415,0
0871-OPBXW,-4.116883068399681,0.748111896086338,1
0871-URUWO,-0.5233807020796261,-2.044049549022317,0
0872-CASZJ,2.196267078743863,0.6805513930885162,2
0872-JCPIB,-1.3256431886249005,-0.7202633817581846,0
0872-NXJYS,-1.1786101920788772,-2.8961076351758703,0
0875-CABNR,-1.2494453629416835,-1.747414154245984,0
0876-WDUUZ,-1.7808367725827658,-2.077646911172156,0
0877-SDMBN,3.431923824324879,-2.1390830234331744,2
0880-FVFWF,1.8270597289138402,-1.3352360822647185,2
0880-TKATG,-1.0347333807191081,-2.8659173027196823,0
0883-EIBTI,-4.055962566471397,1.4678086603328349,1
0885-HMGPY,2.952911065585523,0.6748639944668222,2
0886-QGENL,0.9845700482624596,-2.779884788090347,0
0887-HJGAR,-3.8024844665798216,-0.7967648035943125,0
0887-WBJVH,3.64700577454263,-1.4337955011611736,2
0895-DQHEW,2.123023554142231,-2.706982240271744,2
0895-LMRSF,0.2626629124060475,-0.7438152594450019,0
0895-LNKRC,-2.208896839716179,3.7448066015720243,1
0895-UADGO,-1.4170323700059284,0.6062548293415857,0
0897-FEGMU,-0.16812326327052593,-2.5580102895442565,0
0898-XCGTF,2.6854246371335795,-0.566476628797462,2
0899-LIIBW,1.8001438554567273,-1.0756450051535986,2
0899-WZRSD,2.071786400024191,-1.330448762874291,2
0902-RFHOF,-1.8482403486125212,2.86375357821005,1
0902-XKXPN,0.49544897326927984,3.0954407984620556,1
0906-QVPMS,5.876931499444562,-0.377197954174476,2
0907-HQNTS,5.9149945582716255,0.6014530377196722,2
0909-SDHNU,-2.7740197712620938,0.9654282489045601,0
0909-SELIE,3.376933198612758,0.10252321857557703,2
0913-XWSCN,2.805571478068966,-0.6725999621553653,2
0916-KNFAJ,1.7411220285252296,1.6022455865382952,2
0916-QOFDP,0.7818139343560174,-1.1326073699119543,0
0917-EZOLA,2.466750152691479,-1.2306815821255273,2
0921-OHLVP,-1.0675614946783596,-1.5959568774860082,0
0923-PNFUB,-1.8862043727296613,-2.3746945090683966,0
0924-BJCRC,3.0368500896588815,0.13986755874654525,2
0925-VYDLG,-1.6191253431045776,-1.7035906421061195,0
0927-CNGRH,-3.091726962204498,2.607443228816465,1
0927-LCSMG,-2.464555110731676,-1.8653917467638224,0
0928-JMXNP,-1.7454579111136246,0.42846892993985636,0
0928-XUTSN,-0.7379571944064005,-2.17390565224568,0
0929-HYQEW,-2.4713871697216265,-0.5914456863080783,0
0929-PECLO,3.4911497497551336,-0.6858330008947303,2
0930-EHUZA,1.1075676005219248,0.7948365668955008,2
0931-MHTEM,2.343949103521882,-0.41140036760869836,2
0932-YIXYU,-1.3889986057475583,3.2985959108875735,1
0936-NQLJU,-0.16004468986239342,4.150196106130573,1
0939-EREMR,-2.1118463365406472,0.757881299761439,0
0939-YAPAF,-0.13702580098300257,-2.781341575420363,0
0940-OUQEC,-1.912408904611664,-2.7350674618735535,0
0942-KOWSM,1.4720879672419112,0.27582475003531404,2
0943-ZQPXH,1.6684004233451004,-1.5100340946805746,2
0945-TSONX,3.4046904963195845,0.8321181467352642,2
0946-CLJTI,1.4595816038425562,-2.4293309197731547,2
0946-FKYTX,-0.8054928224643525,1.5660363491477076,1
0947-IDHRQ,-1.7087224413172932,-2.018297642625148,0
0947-MUGVO,-0.5735825653090499,-2.3728782722651136,0
0952-KMEEH,-1.4184076729281967,-1.9179732768938813,0
0953-LGOVU,-2.130302632185317,0.8836465168807739,0
0956-ACVZC,2.8345424427061636,-0.7620186352431869,2
0956-SYCWG,-2.6844835741976487,1.3859164239927158,1
0958-YHXGP,-1.5126867852632315,-0.9752794033337681,0
0959-WHOKV,1.4767686199223007,-2.111450583636325,2
0960-HUWBM,4.304055890581558,-0.8424555777684386,2
0961-ZWLVI,1.9887119646316083,-0.8149392512435595,2
0962-CQPWQ,-0.5478289796770877,3.2378422382666345,1
0963-ZBDRN,0.2090448436692696,-2.702878957678388,0
0967-BMLBD,-1.0094633192287146,3.540363357223119,1
0968-GSIKN,-2.7085246428683387,-1.8635243205837917,0
0969-RGKCU,-0.44999277807750715,3.7609962108522086,1
0970-ETWGE,-1.8793458858845904,-2.4754200658888608,0
0970-QXPXW,-3.202891620203255,1.9894809803933897,1
0971-QIFJK,2.415539629691024,3.5861813642747826,1
0973-KYVNF,3.681641344932572,1.602613329115685,2
0975-UYDTX,0.7410461646411238,-0.12307398774508575,2
0975-VOOVL,-2.8052083008754916,0.8960901728790345,0
0979-MOZQI,0.6548145827597371,1.1407676431586264,2
0979-PHULV,4.057133279881211,-0.41286632211900076,2
0980-FEXWF,-0.5770303225792397,2.176292322753363,1
0980-PVMRC,-1.0888550641826953,-1.0740317582456234,0
0983-TATYJ,0.9899149234296236,1.6547873683457384,2
0988-AADSA,3.5902479807356706,1.5027486164166795,2
0988-JRWWP,-2.1394137295441684,-1.0565953081083477,0
0991-BRRFB,-2.012315891336787,-0.854136955576811,0
0993-OSGPT,3.0607766838768775,0.6089963847871567,2
0997-YTLNY,-2.3970898986192632,0.47714777891800264,0
0999-QXNSA,-1.1324862270049854,1.331531281962752,0
1000-AJSLD,-3.8975677096014247,0.6811459971794659,1
1004-NOZNR,1.9461229952174797,0.500866009959533,2
1009-IRMNA,-3.7036464995605525,0.6426695706794907,1
1010-DIAUQ,-1.465592117359369,-2.4812487708852244,0
1013-QCWAM,3.8195379566285665,-0.698942138502389,2
1015-JPFYW,-2.0848108109318373,3.02007618061583,1
1015-OWJKI,-3.405849300074907,2.1313097133652366,1
1016-DJTSV,-0.7871492916070669,-0.9903381029286602,0
1017-FBQMM,3.8880356442413717,0.6312661909741958,2
1020-JPQOW,0.9237373720759307,-1.3505373259097297,0
1022-RKXDR,-1.5682188694428807,2.0276849936125907,1
1023-BQXZE,2.097943032273446,-0.22688417904680194,2
1024-GUALD,-2.5344866352685433,-1.0877506607427971,0
1024-KPRBB,0.5733751398662051,-1.0026035020511785,0
1024-VRZHF,-1.622263671725872,-2.5433995253999315,0
1025-FALIX,-0.5525494076733356,-0.907505897050496,0
1027-LKKQQ,3.0329031744946007,0.09959908763622674,2
1028-FFNJK,1.322463388778772,-2.0197630244771485,0
1029-QFBEN,-3.8999520980818327,1.2963820544784446,1
1031-IIDEO,-2.50676557579789,-2.6184233310983807,0
1032-MAELW,2.752661904886002,0.5934351614524074,2
1035-IPQPU,2.2228073584849897,-1.9095109088195177,2
1036-GUDCL,2.631258440675141,0.05065095699299144,2
1038-RQOST,-2.9311753109102714,2.6923864906078383,1
1038-ZAGBI,-1.8283611424586153,1.7613580744144082,1
1041-RXHRA,0.11969524283141277,-1.5757608747679028,0
1042-HFUCW,0.05341980953906562,1.1879407909610264,0
1043-UXOVO,4.761353124366162,-0.6529108720463517,2
1043-YCUTE,0.2645050692512955,3.5085265098128273,1
1045-LTCYT,-2.515628629673947,2.723510888179035,1
1047-NNCBF,-1.5756946131076865,-0.4473462842251319,0
1047-RNXZV,-1.600764688184252,3.618021382560082,1
1049-FYSYG,-1.5835899002915659,0.6041115413430351,0
1051-EQPZR,-1.9042867579167506,3.3511321291623535,1
1051-GEJLJ,-3.6143465341987318,2.035761739536571,1
1052-QJIBV,1.1133740757462331,4.636352780911663,1
1053-MXTTK,3.9474878032418292,-1.0877902500164718,2
1057-FOGLZ,-3.304937901378989,1.963076827274796,1
1060-ENTOF,2.614481860286463,-0.2960651693310796,2
1061-PNTHC,2.5045241939348193,-0.5735416182904896,2
1062-LHZOD,-2.8303363421634393,-2.1280754117397263,0
1063-DHQJF,3.832880843480361,0.44007898500248793,2
1064-FBXNK,-2.0702234495378287,3.1085663781942205,1
1066-JKSGK,-3.442727853358043,1.5362278483220924,1
1069-QJOEE,-1.7933496678973753,2.2648586836584674,1
1069-XAIEM,-1.8200707866662607,-3.0160085619193553,0
1073-XXCZD,-0.15179032886534663,2.7726256679513366,1
1074-AMIOH,3.185291599965883,-1.7821848610980013,2
1074-WVEVG,0.43044749777053365,4.275307314004051,1
1075-BGWOH,-0.4269351322529062,-2.6349489327764877,0
1077-HUUJM,-1.9986573380842905,-1.712667821002953,0
1078-TDCRN,-1.7567537277102239,0.10913391634346306,0
1080-BWSYE,0.2533177975414265,3.8741251512466843,1
1084-MNSMJ,3.7064104075424256,1.9186481920894698,2
1084-UQCHV,-2.7391578452054897,-2.2153007014649098,0
1085-LDWAM,0.43318962564644153,3.6800073441577563,1
1086-LXKFY,-2.1225619148749235,-1.447422938813757,0
1087-GRUYI,-0.6883106731980174,3.0333949157732762,1
1087-UDSIH,-3.769283603414481,1.2088063754673553,1
1088-AUUZZ,3.474448838986984,1.697834408666891,2
1088-CNNKB,3.1624991624946017,1.6788622603453254,2
1089-HDMKP,-0.7093287038830427,-0.11696157130512962,0
1089-XZWHH,-0.39299596316004526,4.073983482577921,1
1090-ESELR,5.204825838957824,0.08401816405228305,2
1090-PYKCI,4.352187226905055,0.13698876556947406,2
1091-SOZGA,3.3490188193465698,-0.41270238728599384,2
1092-GANHU,-1.1751009691819096,-2.4400506579428685,0
1092-WPIVQ,-1.444812746921753,3.7322457113475793,1
1093-YSWCA,-2.383907277948624,3.0529597469533076,1
1094-BKOSX,0.8544584201612715,1.1543535776861005,2
1095-JUDTC,0.5123806213667301,-2.623152338135768,0
1095-WGNGG,3.117164157866792,-0.6682932296764474,2
1096-ADRUX,2.5531252298632374,-0.3146060509111804,2
1097-FSPVW,-0.018316965013994577,0.875130415869726,0
1098-KFQEC,0.5203760894875846,4.987102788453773,1
1098-TDVUQ,-3.725668999979062,0.11617874355562895,1
1099-BTKWT,2.1919388793052152,0.8066918580491067,2
1099-GODLO,-1.167454216174762,4.490521066518909,1
1100-DDVRV,-0.9685983974171406,0.2790373385537085,0
1101-SSWAG,-1.1246746212281653,-0.25459444440065165,0
1104-FEJAM,-0.8686894158426088,-0.4256322181600376,0
1104-TNLZA,1.2245305981993213,-2.278633321232917,0
1106-HRLKZ,-0.05457437031317228,4.716594753870391,1
1110-KYLGQ,1.1142041035335621,-1.131659065482712,2
1112-CUNAO,-1.832403423220608,-2.345310737661858,0
1113-IUJYX,0.7845952307379316,-0.7686221139936541,2
1114-CENIM,-0.8374485324249668,0.05496667172710918,0
1116-DXXDF,1.83926685537393,-1.3976665631161966,2
1116-FRYVH,0.8343497838367802,2.5384013216357966,2
1120-BMWUB,-2.1505230020224673,-0.058470291146364956,0
1121-QSIVB,0.9456846112504174,0.8745738873291847,2
1122-JWTJW,-1.5013340532688706,-1.118043418233376,0
1122-YJBCS,2.4690603289677613,2.0445029754769695,2
1125-SNVCK,0.5741599534595082,2.527061228135362,1
1131-ALZWV,-1.3341229483572508,2.002959010738569,1
1131-QQZEB,1.860708141153232,3.313773709512057,1
1131-SUEKT,4.177329126755613,-0.865218894504566,2
1133-KXCGE,-3.0560198900946935,2.4659009003213415,1
1134-YWTYF,-0.5035616144427235,-0.6891651337303888,0
1135-HIORI,5.10124441808339,-0.6970277611172783,2
1135-LMECX,-3.334115380531647,2.29471938767548,1
1136-XGEQU,3.4804465766781196,1.1724360803361007,2
1137-DGOWI,1.130025773327086,0.4911903664394606,2
1139-WUOAH,0.42945138596971094,1.5313860647055333,2
1140-UKVZG,-3.1504311894983807,2.2585321198085433,1
1142-IHLOO,1.5793656420057518,0.6296341463544508,2
1142-WACZW,-2.8538793816098624,-0.7227052588932473,0
1143-NMNQJ,-1.9062134499175871,-2.726596793321563,0
1150-FTQGN,4.522509126145998,-0.13303645464717248,2
1150-WFARN,3.9510838586609376,-0.5862891881205022,2
1153-GNOLC,-1.101693434193924,-0.25386209051767106,0
1154-HYWWO,0.8926294694264342,0.8378560137112805,2
1156-ZFYDO,-3.3052891796808654,0.6763751216744549,1
1157-BQCUW,-2.5618677863813004,-3.158679233027908,0
1159-WFSGR,-2.1023635959329465,1.7271782229570727,1
1162-ECVII,4.686252126743196,-0.9848775398686328,2
1163-ONYEY,0.9240585617313867,0.30043254795360086,2
1163-VIPRI,4.208635709254987,-0.10991916707119741,2
1166-PQLGG,0.42903363586431237,3.1063103068936053,1
1167-OYZJF,1.9527881648126497,3.120613193050144,1
1169-SAOCL,2.3757781324226066,-1.711486876711598,2
1169-WCVAK,-0.30455098471781195,-1.1541007866262232,0
1170-SASML,3.7177362537363328,-0.559125607477637,2
1171-TYKUR,-1.9656325308268454,1.374699917367264,1
1172-VIYBP,2.7645850549789794,1.0816870306024042,2
1173-NOEYG,0.49415470911648207,-1.7343937531365943,0
1173-XZPYF,-1.3821574062178197,-2.557228568844677,0
1174-FGIFN,1.7764045313479173,-0.9027574393111238,2
1177-XZBJL,2.4225652524819616,1.050862485023902,2
1178-PZGAB,-2.0102290320900074,3.027076476101355,1
1179-INLAT,-2.8878519669338605,2.312338724386664,1
1183-CANVH,-0.544275826814538,0.4916834620422112,0
1184-PJVDB,-0.9022900519933883,-2.1892487339842215,0
1187-WILMM,4.0401966333079695,1.0911888200060267,2
1193-RTSLK,0.18083056090761856,-2.0054454471218026,0
1194-BHJYC,2.007448084038562,1.0447716445118838,2
1194-HVAIF,-0.022196670651884996,-0.5049974859941573,0
1194-SPVSP,-3.4182584876549917,0.8346118827579991,1
1195-OIYEJ,-1.0524813934606176,-2.996095092553321,0
1196-AMORA,-1.8416437770301413,-2.375440859526089,0
1197-BVMVG,-0.9360767023166292,-1.1141393241958866,0
1200-TUZHR,-0.8854737343630322,-1.2008349633742845,0
1202-KKGFU,-1.1579339855946829,-0.4382147760668933,0
1205-WNWPJ,-2.547855368121659,-0.6520812876760683,0
1206-EHBDD,2.532346861586414,0.39723921060415956,2
1207-BLKSA,-0.36008270278166205,3.9902258258687597,1
1208-DNHLN,-0.8667798479048073,0.9320398884065927,0
1208-NBVFH,-1.147417195300861,-0.5750818069155947,0
1209-VFFOC,2.5897733864618955,2.283659647381365,2
1212-GLHMD,-2.102262209081753,-1.8500083437231478,0
1213-NGCUN,-2.3321195027794923,-1.737492560973084,0
1215-EXRMO,0.47606969721133324,4.018812307265004,1
1215-FIGMP,2.6846278612546848,-1.961174750240144,2
1215-VFYVK,-3.3832048291429917,-0.6644595385979699,0
1216-BGTSP,0.9397697651982847,-2.228079773241149,0
1216-JWVUX,0.18939445043233702,-1.5633076262317331,0
1217-VASWC,3.5289515125914064,-0.7348468677248755,2
1218-VKFPE,-3.2157456535268056,1.7438916994249283,1
1219-NNDDO,-1.6529244588012775,-1.9370101169365592,0
1221-GHZEP,1.5191288410361234,1.0396977187808538,2
1222-KJNZD,-1.2592224778300736,1.2300472206841615,1
1222-LRYKO,-3.833385099043807,2.009680805600058,1
1223-UNPKS,-1.4839505232355505,3.845548741138193,1
1226-IENZN,-0.8876466298221436,-2.236255683683947,0
1226-JZNKR,-2.1210501038129372,2.004889591182519,1
1226-UDFZR,-3.046084572481307,-0.9434924435044706,0
1227-UDMZR,2.698404116942653,-0.27640852423752965,2
1228-FZFRV,0.9353936619206337,-1.3466613374451302,2
1228-ZLNBX,-1.7309739867358644,-0.8791101618806071,0
1229-RCALF,4.652625460902819,-1.4309516652533183,2
1230-QAJDW,-2.0211743916364426,-0.23228395895632734,0
1231-YNDEK,0.1505861784462988,2.441347376234002,1
1236-WFCDV,-1.1891292105042144,-1.0987641851070375,0
1237-WIYYZ,-3.5266925962649798,1.542247913099232,1
1240-HCBOH,0.9353514907679538,3.2402447616628756,1
1240-KNSEZ,-3.6203254393047817,1.0666679235632204,1
1241-EZFMJ,0.443210897002754,3.0313160273705395,1
1241-FPMOF,-0.8270738243926655,3.69928710716094,1
1245-HARPS,-2.1777119872068265,3.0491294748689084,1
1247-QBVSH,-0.3756012127911182,1.2760704630538902,0
1248-DYXUB,1.01994016234897,4.826296809376715,1
1251-KRREG,-1.9990706243259533,-0.8641441895510621,0
1251-STYSZ,-1.0108248001725513,-1.3738020801462476,0
1254-IZEYF,0.5825106451488551,-2.4274581349065514,0
1257-SXUXQ,-2.422563138296364,2.9398368379364457,1
1258-YMZNM,1.3745100453044568,-2.0863696211721603,2
1260-TTRXI,-2.1589397025612134,-1.4446710573781856,0
1261-FWTTE,-2.3526219320373114,-0.8969288409805701,0
1262-OPMFY,-1.1497184276246475,-2.259950394052372,0
1264-BYWMS,2.2783944566032868,-2.5323246584404733,2
1264-FUHCX,1.1107843997177935,1.421545537235672,2
1265-BCFEO,3.875250359350967,0.6672456025277578,2
1265-HVPZB,1.5389948750346383,1.6851148495898434,2
1265-XTECC,2.180809434991837,-0.43740342099805263,2
1265-ZFOSD,2.286320680365383,1.1416705719351659,2
1266-NZYUI,3.210372744533063,1.3880799647355109,2
1268-ASBGA,-0.8872028607345487,-1.3012571572148703,0
1269-FOYWN,-0.2875113884216295,2.836067906845006,1
1270-XKUCC,-1.2493153262301138,3.7538187516785095,1
1271-SJBGZ,-2.4103515035923158,-1.7744627940817053,0
1271-UODNO,-0.747055964288067,0.9600612087088938,0
1272-ILHFG,-1.7001509849424838,3.9423517940140256,1
1273-MTETI,-1.6541983884485165,-2.617327653356079,0
1282-IHQAC,0.5440028699937343,1.1605233698161623,2
1285-OKIPP,-1.6310072315515929,-1.8849204317558144,0
1291-CUOCY,3.4085354634720573,0.055438811435103826,2
1293-BSEUN,0.3552573563335151,4.484167527335028,1
1293-HHSHJ,-1.3613086256430096,3.0626285311476353,1
1297-VQDRP,3.8220757763535107,0.25309664088000194,2
1298-PHBTI,4.460733526399598,-0.025798084709708898,2
1299-AURJA,1.4432675309488727,3.7444767686545997,1
1301-LOPVR,0.7466457839640906,0.9587632807059742,2
1302-TPUBN,-0.2252079710353943,2.4454590210497282,1
1302-UHBDD,0.5042536100397658,-0.7922939169829036,0
1303-SRDOK,2.3161358744230864,1.337008841948794,2
1304-BCCFO,-0.9910091194639454,-1.2219430251651398,0
1304-NECVQ,-1.8696386781579961,-2.8473397524380935,0
1304-SEGFY,3.6864868311330214,-0.31321745609251694,2
1306-RPWXZ,-0.4631104821169648,4.045405867426826,1
1307-ATKGB,-0.175408988596675,-2.5946423700389114,0
1307-TVUFB,0.24583438487441664,-1.3389063320655945,0
1309-BXVOQ,0.1638510927996709,-3.4179972112688835,0
1309-XGFSN,1.6539097949056452,-0.48410417299288977,2
1310-QRITU,-1.2410025959356121,-0.9117861138405613,0
1319-YLZJG,-0.29313374206512616,-1.712026171011514,0
1320-GVNHT,4.217078448876334,0.4723383797727369,2
1320-HTRDR,-1.4978597128337754,-3.199880287704617,0
1320-REHCS,2.794689927142943,-1.4333989357713326,2
1322-AGOQM,-2.1959861075962688,-0.6326061134614138,0
1323-OOEPC,2.3621847296624803,-1.0869301270354919,2
1324-NLTJE,-2.5474688173467146,-0.29378108382593116,0
1325-USMEC,5.48348152991616,1.1130968342888772,2
1328-EUZHC,-1.2347970561215726,3.6891667351153687,1
1329-VHWNP,-2.863944479219439,0.09884722046790875,0
1333-PBMXB,0.36377121620356107,2.2401182266854374,1
1334-FJSVR,-3.6980450122073187,-1.4974266652244825,0
1334-PDUKM,2.9614571617799332,1.2507625523145556,2
1335-HQMKX,5.531022174777236,-0.4583628425525518,2
1335-MXCSE,2.586783949041552,2.083159906440415,2
1335-NTIUC,-2.44576377398967,-0.2047523977209835,0
1336-EZFZY,-3.2866014249650655,2.151113207054509,1
1337-BOZWO,-0.5552745543154873,1.8509669746271933,0
1338-CECEE,0.8726411106765493,0.24285465218391442,2
1342-JPNKI,-1.9338171709585852,-2.402505962813738,0
1343-EHPYB,3.268682001198947,-2.202655607127246,2
1345-GKDZZ,-3.6143414308435364,2.2500158640653583,1
1345-ZUKID,-3.221990275425599,2.272889502685442,1
1346-PJWTK,1.4770044335008161,-0.47182281303338014,2
1346-UFHAX,-1.3943813986601066,-1.1020694290039283,0
1347-KTTTA,5.235285819594251,0.014980683322467008,2
1349-WXNGG,-3.354298578407165,0.5418329039376408,1
1352-HNSAW,5.817041464799358,-0.8360344451557421,2
1352-VHKAJ,0.029602707080326997,-0.7312364505552593,0
1353-GHZOS,0.07317957900721207,-0.10130337053859993,0
1353-LJWEM,-1.8991742570447383,-1.6116797155721254,0
1354-YZFNB,-2.4851555016643965,3.430698502189941,1
1355-KUSBG,-2.153679757832369,-0.1948633021256981,0
1356-MKYSK,-2.0976525709200025,-0.6180794694733753,0
1357-BIJKI,3.8510439173060855,-0.45101012273664604,2
1357-MVDOZ,-1.2253667591337016,-0.9869213187699687,0
1360-JYXKQ,2.5780824112663114,-1.181015088725902,2
1360-RCYRT,-1.760266583893815,-0.0941112764779951,0
1360-XFJMR,3.3395081592922917,-0.1704288421953687,2
1363-TXLSL,-2.154765556299775,-3.061601353473108,0
1370-GGAWX,1.787763211451879,-1.1614694956960332,2
1371-DWPAZ,-0.4105588097718011,1.7086373687105212,0
1371-OJCEK,-1.304586754731337,2.312942524209506,1
1371-WEPDS,0.9472597948140802,0.6520867989997037,2
1373-ORVIZ,-1.6332743767291484,-1.8101976019004093,0
1374-DMZUI,-1.2306352773527498,-3.250521537578106,0
1376-HHBDV,-1.5444946168866338,0.12363167452782911,0
1379-FRVEB,-0.8939350497424345,-2.028696469787533,0
1383-EZRWL,-3.725837129917943,1.0692129598679068,1
1384-RCUXW,-0.8960510902701363,-0.8706631760260358,0
1385-TQOZW,-3.623442827823785,1.333714759772322,1
1386-ZIKUV,-3.5228814631660472,1.5908242396041368,1
1389-CXMLU,-2.33595476989035,-2.7002902445675465,0
1389-WNUIB,0.862033084252496,0.38085552219400537,2
1391-UBDAR,-1.671987097808365,-2.357775958558226,0
1393-IMKZG,-1.3470959544896512,-2.6772740875014227,0
1394-SUIUH,2.4000741141754314,-0.5110793850817322,2
1395-OFUWC,-0.5842590126238698,1.655366385015274,0
1395-WSWXR,-1.3764200298615055,3.194806309127201,1
1396-QWFBJ,-0.5160462441332759,-1.831569669563938,0
1397-XKKWR,-2.008014727613368,1.4528524668156726,0
1399-OUPJN,-0.2325195139786761,3.4141388755155395,1
1399-UBQIU,-1.7099129538229099,-1.6594865416747926,0
1400-MMYXY,-0.6555863396365531,-2.9124137256716103,0
1400-WIVLL,2.78824989216182,-0.7634591222389504,2
1401-FTHFQ,-1.8137336475013508,2.98194145588224,1
1402-PTHGN,0.3608275073553248,1.2381756097913,2
1403-GYAFU,2.3192702609488904,4.87399268276157,1
1403-LKLIK,-1.0773669010380957,3.8062188462114026,1
1406-PUQVY,-2.533116744118673,-1.513640179862979,0
1407-DIGZV,-1.5647824118061187,4.049009600760586,1
1409-PHXTF,4.064952708449726,-0.7762941811577204,2
1410-RSCMR,-0.5755722598551584,-0.20495803390788558,0
1414-YADCW,2.89563978963692,0.12903823208089438,2
1415-YFWLT,-2.066446215803498,-3.5558919212801157,0
1421-HCERK,1.2434460246306018,-2.0897221520843776,0
1422-DGUBX,1.3211816314061717,-0.6243197476538358,2
1423-BMPBQ,-3.5358145715166605,1.5960005713333307,1
1427-VERSM,2.069095970959794,-1.8660630588692388,2
1428-GTBJJ,-1.398962903496183,-2.560722682733637,0
1428-IEDPR,2.757609970255159,-1.5929917954838906,2
1429-UYJSV,-2.581871221252289,2.768423292969088,1
1430-SFQSA,-1.8253007984210543,1.2458556201987225,0
1431-AIDJQ,0.48990799236029875,1.0736208662793572,2
1431-CYWMH,-2.5030257711731445,1.170273684805749,1
1432-FPAXX,-2.2925054362635406,-0.9313230081147859,0
1436-ZMJAN,-1.0322708422729001,0.22769868426746576,0
1439-LCGVL,-1.4784216559740189,3.469380006396407,1
1442-BQPVU,-2.6936423286794677,-0.29108948917664285,0
1442-OKRJE,4.489946428561434,-0.5395327249663665,2
1444-VVSGW,4.032089503435241,-0.006476932414647122,2
1447-GIQMR,-1.5108199503287623,-2.2366551460724207,0
1447-PJGGA,2.120963220891247,-1.5794877929445044,2
1448-CYWKC,3.754078136430889,0.2455791020745413,2
1448-PWKYE,-2.4290555485573146,-1.6859842477341531,0
1449-XQEMT,-4.290380887872162,0.39559927681360113,1
1450-GALXR,-0.548166572351959,-3.374195367991129,0
1450-SKCVI,1.405272696318427,-2.2056192561123438,2
1452-KIOVK,-0.47750791440808904,-0.9956041482976882,0
1452-UZOSF,4.1779554571940976,0.8074764289574382,2
1452-VOQCH,-1.8708238043665133,-2.413541238404528,0
1452-XRSJV,-0.8624329665448481,1.2419831892144741,0
1453-RZFON,-2.528509310484931,0.23635521268534496,0
1455-ESIQH,-1.6691955264444802,-2.8120518483533834,0
1455-HFBXA,2.715329393256186,0.5653661571101063,2
1455-UGQVH,-0.7662247491895551,-2.713766251097289,0
1456-TWCGB,-2.8685522152181173,-0.003349275740021315,0
1459-QNFQT,2.41465845294334,1.3502252596073319,2
1460-UZPRJ,0.6933793499184328,4.440628170924198,1
1465-LNTLJ,-0.14033595064918825,1.1539476218930813,0
1465-VINDH,-0.2170040516188771,-1.5718714735796495,0
1465-WCZVT,-2.6068937925315963,2.8926872263169225,1
1468-DEFNC,1.4595196571624727,2.7706000731814795,1
1469-LBJQJ,4.320893577777595,-1.3996964481576393,2
1470-PSXNM,3.2069877172409025,-0.8400181023613023,2
1471-GIQKQ,-2.0102748176276743,-0.7928220100272341,0
1472-TNCWL,0.44288647094284556,-2.404325232376686,0
1474-JUWSM,2.583246296754416,-0.09278566191690973,2
1475-VWVDO,-1.7082784977596965,-2.45976343022862,0
1478-VPOAD,-2.8806884610677552,-0.2900328057812459,0
1480-BKXGA,5.229382976498785,-1.103919287697666,2
1480-IVEVR,0.3249089679151907,-1.4441112132663552,0
1481-ZUWZA,0.24200211477700437,-1.9331328466373443,0
1482-OXZSY,-0.01037662121101303,-2.7596351690549086,0
1485-YDHMM,1.1122710537983496,-1.9042336925570016,0
1488-PBLJN,5.298671919659621,-0.90020883433392,2
1488-SYSFC,-1.6568896910022852,1.6148705812435422,1
1492-KGETH,4.175980535852537,0.5114373830583548,2
1492-QGCLU,1.9832219362191625,0.10547083716048669,2
1493-AMTIE,-3.709515374214623,-0.24109324952468886,0
1494-EJZDW,-1.7846444653163847,4.080187270338733,1
1496-GGSUK,-3.482546284184669,-0.576999613014166,0
1498-DQNRX,-3.519701251543534,1.7757987520864684,1
1498-NHTLT,4.804068758760389,-0.1436645344742898,2
1501-SGHBW,-2.8608379966787107,0.009035202686730257,0
1502-XFCVR,2.763190740035422,-2.130185483797034,2
1506-YJTYT,2.473683139900754,2.323646746625723,2
1508-DFXCU,-1.5685725816002605,-2.3350204703344377,0
1513-XNPPH,-1.0828606234876432,-2.960683519725711,0
1518-OMDIK,-0.147726959199209,0.7086457764633556,0
1518-VOWAV,-1.3838318339792683,-2.3336447735647146,0
1522-VVDMG,-0.5713369455879719,-2.8237361191350123,0
1525-LNLOJ,2.568577429541748,1.1393834238247282,2
1527-SXDPN,3.552255622258629,-1.2025177408562056,2
1530-ZTDOZ,-0.5588240299506849,0.416258646922362,0
1534-OULXE,2.466861983232734,1.0804559339311504,2
1535-VTJOQ,-1.6782428902040842,3.5797656328472596,1
1536-HBSWP,-2.2788744725087007,-1.0481305653467314,0
1536-YHDOE,0.5118372026627399,1.484179384721142,2
1539-LNKHM,-3.3235188629277794,2.085596009315169,1
1541-ETJZO,-3.3229947370564195,-0.8044684224705404,0
1543-LLLFT,1.9244548797838605,-0.29780745379845164,2
1544-JJMYL,-0.0677737917697089,0.6354620911800215,0
1545-ACTAS,3.641777853417971,-1.0038635296809486,2
1545-JFUML,4.532362817356896,-0.3842240165739131,2
1548-ARAGG,-0.4852596948776863,0.6632244191207497,0
1548-FEHVL,3.0583197919294154,-1.73020848926675,2
1550-EENBN,1.15972549173267,-2.272681865995016,0
1550-LOAHA,0.44398120083815035,-1.7422310925789226,0
1552-AAGRX,1.190888942005176,-2.4879578632743344,0
1552-CZCLL,-0.35887337331676034,3.3981257196558676,1
1552-TKMXS,-2.5809016704716004,2.1883354771934767,1
1555-DJEQW,4.725186228343757,-1.6087191066885942,2
1555-HAPSU,1.5837338726991044,5.044017606180592,1
1557-EMYVT,2.544960009460087,0.01361071621162087,2
1559-DTODC,-2.863507037516968,-0.38379976305203467,0
1561-BWHIN,-2.0065400305695134,3.6235722555714722,1
1563-IWQEX,-2.9877889368359063,2.04301429051803,1
1564-HJUVY,-2.0506753105283493,-1.232912274636689,0
1564-NTYXF,-1.4697057802118048,-2.804696370237203,0
1565-RHDJD,-0.7593168825994299,-2.439222026869066,0
1567-DSCIC,-1.2895818778948878,-3.206718703993302,0
1568-BEKZM,2.86670788872262,1.43324179619143,2
1568-LJSZU,4.652123381819739,1.330272240692584,2
1569-TTNYJ,-1.535487469692871,-2.174839190085637,0
1571-SAVHK,-0.3403852284741909,-2.339258661356874,0
1573-LGXBA,2.4792741917219843,-0.1567365474064537,2
1574-DYCWE,0.28453483810344177,4.533818259343152,1
1575-KRZZE,-2.7233667938059587,-1.3236310240994977,0
1576-PFZIW,4.11294776550012,0.9886035760536982,2
1577-HKTFG,-2.4975468265446743,0.7939693537553132,1
1579-KLYDT,-1.4027580641025177,-2.9851660751068954,0
1580-BMCMR,-0.42938222775132634,-2.5515153600241165,0
1582-RAFML,-2.6812790007478298,-1.5263322542637943,0
1583-IHQZE,-1.1315654512464821,-2.075678319951098,0
1585-MQSSU,-2.182456579558341,-0.1702131603235437,0
1587-FKLZB,2.930239328704956,-1.1309162060822835,2
1589-AGTLK,-2.2760799479014144,-1.5373218145085341,0
1591-MQJTP,2.1980504642789342,-0.7725282824379849,2
1591-NFNLQ,-0.45627027224370564,-0.42057414164747153,0
1591-XWLGB,0.450661397485483,4.482948662944398,1
1596-BBVTG,-0.9196977248061979,-0.5880603980643611,0
1596-OQSPS,-2.097839562787092,-0.6209854217526671,0
1597-FZREH,-2.130380620607013,-2.041157665203837,0
1597-LHYNC,0.2846481589435596,-3.1289029156087316,0
1599-EAHXY,0.1799967121683324,4.226154017513176,1
1599-MMYRQ,2.9981162085301842,0.6361683447352149,2
1600-DILPE,-1.7508067001919427,-0.925312402616018,0
1602-IJQQE,-2.7413589240880913,-2.4427863261055496,0
1608-GMEWB,1.6901182818692158,-1.0207606476346807,2
1612-EOHDH,-2.3465389012264537,-1.3334983890055274,0
1614-JBEBI,-3.97091493831633,1.0782997578390079,1
1618-CFHME,-1.9893977805016312,-3.0596646409035353,0
1619-YWUBB,1.5933943790936762,4.225908580823844,1
1621-YNCJH,2.1612318711985705,-0.28577244250916234,2
1622-HSHSF,-3.1341005325897857,1.8787663815638038,1
1623-NLDOT,-1.0981075352120893,1.2270045455194165,0
1624-NALOJ,-1.416640749120282,-3.1214800026805065,0
1624-WOIWJ,-1.2299252782574734,-2.0480676092623504,0
1625-JAIIY,3.069194843899695,-0.9089882632973485,2
1626-ERCMM,0.1878577318145829,-2.383702967965071,0
1627-AFWVJ,-2.158440545657754,3.1092426785916287,1
1628-BIZYP,-1.1699791780099993,-2.238684194135773,0
1629-DQQVB,-1.8243015147268025,-1.1379537617481408,0
1635-FJFCC,-2.1193525136705365,0.4065201529643752,0
1635-HDGFT,-1.870197067535689,3.5323387694527635,1
1635-NZATJ,2.021258661874756,4.632387268836229,1
1636-NTNCO,-1.673925689286503,0.6686486443056346,0
1640-PLFMP,-1.8703307149480108,-2.1425720264369907,0
1641-BYBTK,-3.229283775073753,1.9187935315548903,1
1641-RQDAY,2.189330539050607,-1.2689796070177035,2
1642-HMARX,4.101168599320975,0.5011264421750309,2
1644-IRKSF,1.7690023767037233,-1.3663343048009078,2
1656-DRSMG,2.4770883456098534,-0.9641933991683987,2
1657-DYMBM,0.786437711800082,4.303317218697829,1
1658-BYGOY,-0.8264839068368965,-2.908171866623421,0
1658-TJVOA,-0.5099190969873336,-1.2734641927613966,0
1658-XUHBX,1.5872518103223312,-0.566233481200601,2
1660-HSOOQ,-2.394086908951197,-0.06407713249744289,0
1661-CZBAU,1.846253329584618,-0.49377337810172073,2
1663-MHLHE,-3.3686877283285734,1.92708970847697,1
1666-JXLKU,0.29146309851789465,-2.4534101820959893,0
1666-JZPZT,-2.3202299764024152,0.15414968997954442,0
1670-SVOWZ,-1.0855805176223097,-1.923963189563873,0
1676-MQAOA,2.9867090171732906,0.09553408970165435,2
1678-FYZOW,-1.968591081834519,-3.653244134680282,0
1679-JRFBR,3.927157764908612,-0.08728011743928102,2
1680-VDCWW,-1.4614863845384019,2.588895677377299,1
1682-VCOIO,-1.939464262515572,3.1027757899686352,1
1684-FLBGS,-0.44936134842113695,0.2409215055771801,0
1685-BQULA,0.24098077232314707,-2.4373496286986973,0
1685-VAYJF,-1.911264011281666,0.7081698712267298,0
1686-STUHN,-0.9723257198947433,1.8569462939899848,1
1689-MRZQR,-0.5411978015591317,-1.344747572269287,0
1689-YQBYY,-1.679677951614917,-2.1519381203912262,0
1696-HXOWK,3.123967862656895,1.0142343666937284,2
1696-MZVAU,-0.5009749776673327,1.7236606731202737,0
1697-BCSHV,2.466409954810209,0.2531042112552772,2
1697-LYYYX,0.7773517683150001,4.388951445162796,1
1697-NVVGY,-0.5072480581768133,-0.6660038104559889,0
1698-XFZCI,4.247516928795154,-2.0342607762241287,2
1699-HPSBG,-1.2171010816578998,-0.7772667979382887,0
1699-TLDLZ,-1.3026265864382691,4.157763202736037,1
1699-UOTXU,2.2221541887168565,0.8190830738643443,2
1702-CCFNJ,1.0353926430644929,0.0771990160392632,2
1703-MGIAB,-1.4937851439443008,-0.046733365226228674,0
1704-NRWYE,-1.0311024733540295,-2.45848219588802,0
1705-GUHPV,0.20241880726241349,3.564150422035563,1
1707-HABPF,1.3834270622342182,-1.5050967552419303,2
1708-PBBOA,-0.1937218457806188,-0.7940985448607182,0
1709-EJDOX,0.9987170942431781,4.849863679286699,1
1710-RCXUS,1.074111449517771,-0.6244689154748101,2
1716-LSAMB,1.8649321834130508,0.7712847072548685,2
1722-LDZJS,-0.30728179138305767,4.14867586983609,1
1723-HKXJQ,0.7425787438890242,-2.7807979376264904,0
1724-BQUHA,-1.3750434902120279,-2.834930834294594,0
1724-IQWNM,-3.934832723523471,1.31021107123472,1
1725-IQNIY,3.9132298533225063,-0.8201633193063533,2
1725-MIMXW,-3.5311146250529313,0.9999009856053337,1
1728-BQDMA,-2.6125438617584456,-1.1046483528149553,0
1728-CXQBE,4.131619306630016,-0.40397338385903797,2
1729-VLAZJ,-1.7483757587206172,1.4186455663567303,0
1730-VFMWO,0.057569623338176286,0.6838379061672697,0
1730-ZMAME,1.018737163739315,-0.8914250447563281,2
1731-TVIUK,-1.709652333929283,-3.114983160862067,0
1732-FEKLD,3.0163103687248682,-1.1468123423265646,2
1732-VHUBQ,0.45000466198782024,-1.1913696713844166,0
1734-ZMNTZ,-1.4526553668537725,3.822392059134611,1
1735-XMJVH,-3.5298970261294156,1.3242159200230825,1
1740-CSDJP,-2.826927853387189,-1.3297050562433228,0
1741-WTPON,4.881072241575692,1.1103458112047302,2
1744-JHKYS,-1.8768050282100597,1.556625342928264,1
1746-TGTWV,-2.0078878551960995,-0.24369748435835054,0
1750-CSKKM,-2.4700906306636,-1.1314534198986927,0
1751-NCDLI,1.5420519409655458,-1.0555931029923469,2
1752-OZXFY,1.8422059094906635,1.6420409976129895,2
1754-GKYPY,0.4336718355333395,-1.899554201673454,0
1755-FZQEC,-0.9049974843247661,3.255043057485505,1
1755-RMCXH,-3.099790452591831,2.709396628253112,1
1757-TCATG,-0.4448969365448139,2.5060293178804915,1
1760-CAZHT,-3.0269362101589277,2.790068673857396,1
1761-AEZZR,-1.64822301297044,-2.446812367981759,0
1763-KUAAW,-1.951076342345882,1.7331028396952535,1
1763-WQFUK,-2.360683593623121,-0.3548494470636026,0
1764-VUUMT,0.5180125529461235,4.0278576471191165,1
1766-GKNMI,-0.5708351402678585,-2.4092682642812564,0
1767-CJKBA,1.7377770970944957,4.27701710113743,1
1767-TGTKO,-2.446102650377908,-1.045567844653467,0
1768-HNVGJ,1.2569614036697283,-0.2480336051901099,2
1768-ZAIFU,-2.759956697043835,-1.1643838939968052,0
1769-GRUIK,-1.352231347760087,-1.8733477317040788,0
1771-OADNZ,0.5279595859594035,-2.6061119818243728,0
1775-KWJKQ,3.661298923153756,1.9275005618269536,2
1776-SPBWV,-0.6537712277164763,2.092423873635057,1
1777-JYQPJ,-3.998188545839815,-0.038076840254023823,0
1779-PWPMG,4.167320531857663,-1.2429563125990193,2
1784-BXEFA,-3.6849567682912547,0.937716379510151,1
1784-EZDKJ,3.56148335017314,-1.473888917068866,2
1785-BPHTP,-0.11122072751945912,-1.0553326213266558,0
1790-NESIO,-2.0518236660645663,3.082195315865094,1
1791-PQHBB,-1.9989824898583197,-0.5060683464740695,0
1792-UXAFY,-0.6800680369796235,-3.1812305541302175,0
1794-HBQTJ,-2.9566099076942502,-1.1349300183795552,0
1794-SWWKL,-0.6727736868597202,-0.632217499015935,0
1796-JANOW,-3.8829671585146315,1.837613914073451,1
1803-BGNBD,-1.5568618037442006,-1.685002777687465,0
1809-DMJHQ,-2.8216011539926305,-0.13589981043553814,0
1810-BOHSY,3.2908728883992,0.26988494930251783,2
1810-MVMAI,0.5064023660105911,-0.4028668810571882,0
1813-JLKWR,0.4614160591890591,3.14471252090078,1
1813-JYWTO,2.1877590752645784,-0.040882865546447156,2
1814-DKOLC,-3.3475454157274704,1.7790909200452922,1
1814-WFGVS,0.9507920846383389,1.844638448809797,2
1816-FLZDK,-2.91797657201237,1.0425360532308632,0
1818-ESQMW,0.16951958742913437,-2.3273096379563945,0
1820-DJFPH,2.086808016283745,3.2469548409141606,1
1820-TQVEV,-2.1599817103950607,-3.0387231839333357,0
1821-BUCWY,0.2196326186867892,0.6305419281546918,0
1830-GGFNM,3.478432779061642,1.6123467579132438,2
1830-IPXVJ,1.0272490529721294,4.620093932811164,1
1832-PEUTS,4.211066550993763,0.9742818854949048,2
1833-TCXKK,1.717942173280107,-2.287358611788319,2
1833-VGRUM,-2.0851104999207344,-2.843842648742852,0
1834-ABKHQ,1.1005394286846086,0.6278822814873823,2
1834-WULEG,-1.3425408403274066,3.2912530937702695,1
1837-YQUCE,1.6405041061862664,0.10503772929979348,2
1839-FBNFR,-0.25355015756879445,2.6825452807592387,1
1839-UMACK,-1.1423200097780966,2.3126473679139066,1
1840-BIUOG,-0.18176313510730438,-1.059800801576589,0
1841-YSJGV,6.095829829122118,0.9662399099525224,2
1842-EZJMK,2.7349960338973154,-2.377684661703634,2
1843-TLSGD,-1.270284861436062,4.160372334184557,1
1845-CSBRZ,0.9343454339461972,0.15592309043936076,2
1845-ZLLIG,-2.9408807337700456,-0.4387787039426758,0
1846-XWOQN,-1.9687856065108948,-2.5385886711812082,0
1848-LBZHY,-1.1630092471476485,-0.9421521325317218,0
1849-RJYIG,-1.2069088508001338,-1.3582616673271473,0
1850-AKQEP,-3.235313696674814,2.01507265488887,1
1852-QSWCD,0.959193685317585,3.540252851681638,1
1852-XEMDW,-1.1020588073391808,0.23839244031891113,0
1853-ARAAQ,-1.9121895872801644,0.20387693162653425,0
1853-UDXBW,-1.6872882087957677,-2.0425151603836618,0
1855-AGAWH,1.6470101631731386,-1.5957461496617587,2
1855-CFULU,-2.27456883521017,3.236574704137277,1
1862-QRWPE,0.6318226831202592,3.5842816293080433,1
1862-SKORY,-1.5137191188385601,-0.7206012573628501,0
1866-DIOQZ,2.2600146002166652,0.10627370515181958,2
1866-NXPSP,0.8465651432290036,0.041753222956572085,2
1866-OBPNR,-0.6161436893702141,0.040061345329811045,0
1866-RZZQS,1.1246561728498716,-2.924927590645352,0
1866-ZSLJM,-2.7374743932187946,2.343941854405992,1
1867-BDVFH,-1.32703976085556,-2.033514132064982,0
1867-TJHTS,0.8336727764759485,-1.5852730587872654,0
1871-MOWRM,-0.762701077051239,-1.9824742855460027,0
1872-EBWSC,-2.1330255623283563,2.760924073131863,1
1875-QIVME,-0.5919140329021656,-2.75628925611294,0
1877-HKBQX,-2.069068424257773,0.04671924245573526,0
1891-FZYSA,1.8444177231132355,-2.1518594796826513,2
1891-QRQSA,4.177099227466865,-0.48519445674626205,2
1891-UAWWU,-0.9364549381142897,-2.3717376418111367,0
1894-IGFSG,-1.023667277712543,-2.325629034464895,0
1895-QTKDO,-2.311104257515136,1.0998237437638252,0
1897-OKVMW,3.39333952486419,0.9523800943219604,2
1897-RCFUM,-1.4637259607168722,2.935277962888251,1
1898-JSNDC,1.0968389915011254,0.7441023575341099,2
1899-VXWXM,1.8765062568529098,-1.0436164572077413,2
1902-XBTFB,-0.31844742296015716,-2.5645414864491745,0
1904-WAJAA,1.0556614926369383,0.342672377932517,2
1905-OEILC,-4.106470151943922,1.9475308769043498,1
1907-UBQFC,-1.8067069884480251,-2.8502175819407034,0
1907-YLNYW,-1.1197913958482297,-1.7457829642848288,0
1910-FMXJM,1.5320304316875846,-0.9870163985982786,2
1915-IOFGU,-2.0080180295881043,-1.8224633418615763,0
1915-OAKWD,-2.1525244274172946,1.0287083107794706,1
1918-ZBFQJ,-0.3870298023172119,-2.821675142816391,0
1919-RTPQD,-1.7360266898389327,0.37992579030512347,0
1921-KYSAY,1.1540651891571296,-0.46395197178964387,2
1925-GMVBW,-3.0811651639012343,1.9648029404146543,1
1925-LFCZZ,-0.0344915058478894,-0.18738347991556545,0
1925-TIBLE,-1.1229477881242735,-2.5158757484178356,0
1926-QUZNN,2.225328889856371,2.8675673664731165,1
1927-QEWMY,2.5093392675776607,4.887122687017229,1
1928-BXYIV,-2.6384587711853507,-0.9071148967958651,0
1929-ZCBHE,0.8574127992624664,1.0309755697354896,2
1930-BZLHI,-2.00004721877025,2.723977669658811,1
1930-QPBVZ,3.7826811652686856,0.2798348690289845,2
1930-WNXSB,2.8463764882251934,-1.3076038283685412,2
1932-UEDCX,1.4420233705502206,-1.9368849983189242,2
1934-MKPXS,-0.596590429072801,3.8329081785133177,1
1934-SJVJK,-3.9678414643316535,1.406221148568457,1
1935-IMVBB,0.7020919918507421,-0.12252305357424313,2
1936-CZAKF,0.6052400396271778,2.3176527244754284,2
1936-UAFEH,4.11240140736038,0.5211299361143438,2
1937-OTUKY,3.358238769220448,-0.6729911289956721,2
1941-HOSAM,-0.47981327730624646,-2.2246323700834645,0
1942-OQFRW,-3.2116567567917573,-0.6271088830464627,0
1945-XISKS,0.6913323882080532,4.388168655907218,1
1950-KSVVJ,2.7596747862383575,-0.4109516927941829,2
1951-IEYXM,3.6371747541156587,0.845260642757013,2
1952-DVVSW,-1.969586813619773,3.5758248863871684,1
1955-IBMMB,0.6606193347590348,2.2850322389040296,1
1956-YIFGE,1.5312203062100198,0.03436314479551656,2
1958-RNRKS,-1.1580662380919378,0.03040720991061388,0
1960-UOTYM,2.1943280505148217,0.9391517390245345,2
1960-UYCNN,-0.6353373209735739,-2.640085533156363,0
1963-SVUCV,-2.39310304495395,-0.6852552091171226,0
1963-VAUKV,-4.440886212617795,1.2247300961629315,1
1964-SVLEA,-2.6644528093662974,1.939114690807044,1
1965-AKTSX,-1.4875973682130308,-2.6391718805263498,0
1965-DDBWU,-0.7505737229015649,-1.3465614702280837,0
1970-KKFWL,-1.9574416011339988,1.9699219971449453,1
1971-DTCZB,4.720098599310116,0.21940652937229038,2
1972-XMUWV,1.7819113811744547,2.254300679567364,2
1976-AZZPJ,-2.424120053912466,0.9278663955542651,0
1976-CFOCS,-2.1559118487752382,-0.8535909540331448,0
1977-STDKI,-1.8645949379219295,-2.7129735725717117,0
1980-KXVPM,-1.9926492870729855,-1.8118905515873331,0
1981-INRFU,-1.5672177633722313,-2.2999351462849744,0
1982-FEBTD,-0.7047471772134509,3.7877650925802024,1
1984-FCOWB,5.47247884355924,-1.8510164063469488,2
1984-GPTEH,-2.5543285266698446,1.1676323854850261,1
1985-MBRYP,-1.0400022294367992,1.794513039385634,1
1986-PHGZF,-0.6874162242292333,0.9652661203662033,0
1987-AUELQ,1.0993098558563283,4.183305877339435,1
1989-PRJHP,-0.9198977599901308,-2.464105048996566,0
1991-VOPLL,-3.7844234189770174,1.8173787521421525,1
1996-DBMUS,1.6287669782865273,-0.40090345425968793,2
1998-VHJHK,-1.72816524942451,3.3545411440299517,1
2000-DHJUY,4.08357421621411,0.08817970148045176,2
2000-MPKCA,3.968845015841525,-1.6335365018530243,2
2001-EWBQU,3.7258221743333833,-0.838487570646547,2
2001-MCUUW,2.561815148523715,-1.0331351312926358,2
2002-MZHWP,-4.112751713963146,1.4372908875573727,1
2003-CKLOR,2.258078730988961,-1.2921433096428632,2
2004-OCQXK,-1.7538615239044588,-3.081587812984286,0
2005-DWQZJ,-1.781381486269528,3.482736674816057,1
2007-QVGAW,3.023251119105472,3.6827142959240557,1
2011-TRQYE,-2.393938045396896,-0.17822650409694343,0
2012-NWRPA,-0.9810854924471293,-2.6493612922868763,0
2013-SGDXK,-2.0546510670564793,-2.8426623355500102,0
2014-MKGMH,2.3785350740696596,-1.4125109412516,2
2017-CCBLH,-2.4666871076145345,2.8843590483557393,1
2018-PZKMU,0.4066591391362678,-1.6185382520159761,0
2018-QKYGT,-0.34210619553334803,-1.8586586493918178,0
2019-HDCZY,2.3302871647621735,-0.13329866338278604,2
2023-VQFDL,-2.669411480908194,1.390037692687209,1
2024-BASKD,-2.7313924357975883,-2.0376461564674173,0
2025-JKFWI,-0.9237168338752437,-2.12663305063184,0
2026-TGDHM,-1.5782429992659488,-2.8102906743033063,0
2027-CWDNU,0.42727170976429935,-1.5043674621984933,0
2027-DNKIV,1.1899728974059494,1.0730232915280435,2
2027-FECZV,-0.7340519649424533,-3.226973501731145,0
2027-OAQQC,-0.8313637945548817,-1.4592966701039045,0
2027-WKXMW,3.534971038962835,-1.4287626152379114,2
2030-BTZRO,-1.2786789729519283,3.6656765327346634,1
2034-CGRHZ,-0.3532815520199175,-1.8375075553700024,0
2034-GDRCN,-1.9040903124533681,-2.8625757695822864,0
2037-SGXHH,1.339023326038948,-2.3211513466355096,0
2037-XJFUP,1.93754731389135,-1.9071904475534671,2
2038-LLMLM,0.7787306967947386,-2.1873608812403336,0
2038-OEQZH,-1.1358806474423535,-1.8644901426876586,0
2038-YSEZE,-1.484549894583901,0.15837810867234586,0
2039-JONDJ,-0.6183112801088462,-0.06849721438462485,0
2040-LDIWQ,4.601641803428716,0.9164248652527992,2
2040-OBMLJ,0.35871852427908374,0.09322641772240545,2
2040-VZIKE,1.8964283763580887,-1.1888523658285504,2
2040-XBAVJ,4.394217665741562,-0.6419454305498351,2
2041-JIJCI,-1.319222336490843,-1.2965204719333954,0
2043-WVTQJ,-1.1358028175214445,1.1514327270156375,0
2045-BMBTJ,-0.23515870466608463,-0.3475822176334219,0
2049-BAFNW,-3.2894056408376287,0.648824746252013,0
2050-ONYDQ,-0.21364705946183415,4.104984753981639,1
2054-PJOCK,1.1524602020207095,1.1711572336216638,2
2055-BFOCC,3.572562355598445,-0.6226484152268753,2
2055-PDADH,-2.7597286595814734,-2.500991562044482,0
2055-SIFSS,1.281661161780672,0.7629099768955334,2
2056-EVGZL,3.089286296928847,0.6272362215410905,2
2057-BOYKM,4.282479856490006,-0.23453451792775368,2
2057-ZBLPD,-0.2752166564784839,-2.2599018257827366,0
2058-DCJBE,-2.373296471652951,-2.6562987925279113,0
2061-VVFST,-1.1736026063602836,1.5993683546403317,1
2065-MMKGR,0.303530262132219,0.9620273411020245,2
2067-QYTCF,2.3576904043187854,-2.0628784004754777,2
2068-WWXQZ,-0.3867713746177855,2.6926507306070815,1
2070-FNEXE,-2.06340543762838,-2.008923322077777,0
2070-XYMFH,-0.21455269064689175,0.21908341937861925,0
2072-ZVJJX,1.336426172237844,3.2013511858199992,1
2073-QBVBI,-0.37327795713612727,2.2460683991251553,1
2074-GKOWZ,-1.5133689416022205,-3.1397620959603088,0
2074-GUHPQ,-0.5139533513634428,-1.0344148982706884,0
2075-PUEPR,0.1416565976958427,3.0628858641660273,1
2075-RMJIK,-1.2764869728748656,0.2812883190458654,0
2077-DDHJK,2.289118972745246,2.090486965590506,2
2077-MPJQO,-1.065986970390194,-1.8685591954000746,0
2079-FBMZK,-1.9408123395167247,-1.6378742709500507,0
2080-CAZNM,0.8230409855371085,-2.2216825930390054,0
2080-GKCWQ,-1.9074283700117591,-1.67300952114634,0
2080-SRCDE,-4.152706281377459,1.4143516833280516,1
2081-KJSQF,-3.0684126444199493,1.8856401208983165,1
2081-VEYEH,-0.9688121065464637,-3.416275661592061,0
2082-CEFLT,-3.2169555495328575,-1.8648650930316015,0
2082-OJVTK,0.13222967077814926,-2.759381808797552,0
2085-BOJKI,0.7453858067142687,-1.0720986702672748,0
2085-JVGAD,-2.2943722119574756,1.4878110125833295,1
2087-QAREY,-0.7512562683120005,0.12126392721109296,0
2088-IEBAU,2.7097024782744605,-0.450091173224316,2
2091-GPPIQ,4.417262676369978,1.2890256185176034,2
2091-MJTFX,-1.1164597155182043,0.9309447262016556,0
2091-RFFBA,-1.2512458165362759,-2.4592581313971906,0
2096-XOTMO,-1.9610236107849106,3.642761558716866,1
2097-YVPKN,-0.861936649999774,3.7512079445759445,1
2100-BDNSN,-1.5893841249556975,-0.664973512460956,0
2101-RANCD,0.11072686506506721,-1.6439427457678593,0
2103-ZRXFN,-2.6516346938739583,0.5722681891116693,0
2105-PHWON,0.29755314334780053,-1.2666017680305262,0
2107-FBPTK,1.92037811169329,-1.4528953172879655,2
2108-GLPQB,-1.1061777776130617,1.366329982738635,0
2108-XWMPY,-2.681526128949436,-1.1114036990456897,0
2108-YKQTY,-2.3409698140849886,0.25094037988500056,0
2111-DWYHN,-3.646027078484787,2.21971835436187,1
2114-MGINA,-1.4255114762982057,-2.125332215075394,0
2115-BFTIW,-1.2717263972632236,-0.7815926554413622,0
2120-SMPEX,-2.9902673249063194,1.5365456339629524,1
2121-JAFOM,3.284339247995308,-0.7171344922495281,2
2122-SZZZD,-1.520754442160469,3.096090924441205,1
2122-YWVYA,-1.2619947008339112,-2.046442811681312,0
2123-AGEEN,-1.358659269073651,-2.1718103592566114,0
2123-VSCOT,2.8553200284168447,1.0255736982417714,2
2126-GSEGL,2.945780144441694,-0.011450919525635256,2
2129-ALKBS,-0.5818458098226094,1.661158363800071,1
2133-TSRRM,1.4513788819348603,-2.2571300614863863,2
2135-DQWAQ,-2.020073051340409,-1.596897419114096,0
2135-RXIHG,-3.247377627614855,-2.0938846391047337,0
2137-DQMEV,0.9711802121669459,2.364445282547676,2
2138-VFAPZ,-1.581943109579372,3.4935421806553437,1
2139-FQHLM,-1.447447280361929,-0.5812174076562286,0
2141-RRYGO,-1.9512863074671283,-2.002359206876675,0
2143-LJULT,1.0767305730796584,3.8214596984094356,1
2144-BFDSO,1.8355206401658652,-1.8096158873049963,2
2144-ESWKO,-0.9800528814767799,1.1310357603420749,0
2146-EGVDT,0.3609140950866786,4.062574964396011,1
2150-OEGBV,-1.6161213534290155,2.1819725685871463,1
2150-UWTFY,-0.6136984063128461,0.45303999093231073,0
2150-WLKUW,1.6542890951292502,0.3609291584283022,2
2153-MREFK,1.7242131478499851,-1.9616612463136391,2
2154-KVJFF,-1.3050262445101115,-2.394388888168236,0
2155-AMQRX,-2.0434086533280427,-0.10652117893061368,0
2157-MXBJS,0.26661469800923604,-0.18803843050635327,0
2159-TURXX,-3.6170188391309557,2.062385423128657,1
2160-GPFXD,2.4476487431534473,1.6059625741129835,2
2162-FRZAA,1.4598619713104306,2.2964387492988947,2
2164-SOQXL,-2.1854124394733594,3.0502229573872586,1
2165-VOEGB,2.6027352580807874,-2.607706266128629,2
2167-FQSTQ,4.955200625880254,-0.1841797186797958,2
2169-RRLFW,0.0358939817654382,4.234994970490377,1
2171-UDMFD,-1.2084160278784284,2.9335702671797406,1
2172-EJXVF,3.346392140548393,-1.8866704433891541,2
2176-LVPNX,4.1004097267160144,1.1782644505343085,2
2176-OSJUV,4.126104891897417,0.8224561608035581,2
2178-PMGCJ,-1.4426478070969113,-1.0780210011254894,0
2180-DXNEG,-0.5144758070368617,-3.198486268539715,0
2181-TIDSV,1.621472884978622,3.3078909510711956,1
2181-UAESM,-2.003832388424316,-1.319948352119899,0
2186-QZEYA,-0.5752918089347249,-0.48297634417385926,0
2187-LZGPL,-2.3704351471956966,-0.2694790090424888,0
2187-PKZAY,-0.851267505672294,-2.1755334563283704,0
2188-SXWVT,0.04001853129035089,1.5486362653149444,1
2189-UXTKY,-0.3650099700344271,-2.222259731130452,0
2189-WWOEW,-0.8749439885825734,-2.478775127394169,0
2190-BCXEC,1.3965390215839337,0.0779686830629874,2
2190-PHBHR,4.475752924350451,0.8215691557710992,2
2192-CKRLV,1.9991210833840425,0.6703501351657575,2
2192-OZITF,1.554982390072807,1.305928667184233,2
2193-SFWQW,4.404377114372629,-0.30296207284119475,2
2194-IIQOF,4.039040209387955,1.8383179639723508,2
2195-VVRJF,-0.35035011042207226,1.200453827624897,0
2195-ZRVAX,1.2134881238903878,-1.415048975545402,2
2197-OMWGI,1.6004085209375136,0.6942751218999195,2
2200-DSAAL,2.3957990924060026,-0.3309316068602228,2
2202-CUYXZ,-1.415529864164406,-3.2556583180084604,0
2202-OUTMO,-0.40624953849597384,-0.7388750328049819,0
2203-GHNWN,0.4712861075148393,-1.1625645334995955,0
2205-LPVGL,2.866086112515337,-1.053039731036565,2
2205-YMZZJ,-1.6587706209246247,-2.5216427763620723,0
2207-NHRJK,-3.0943993272608217,-1.63559338584959,0
2207-OBZNX,-2.524413729973936,-1.1117903622294343,0
2207-QPJED,1.7689991518595474,-0.09655402526228372,2
2207-RYYRL,0.8014793520028838,4.35080101214257,1
2208-MPXIO,0.3256110663187648,3.057091672409748,1
2208-NKVVH,-0.9019529899631324,4.084759441989625,1
2208-NQBCT,0.7130384865404891,-0.6074495177019633,0
2208-UGTGR,1.4205842762839562,-1.9509944537731188,2
2209-XADXF,-3.4277853278871473,-0.005208256494672347,0
2211-RMNHO,3.046651040645662,0.7568848929611856,2
2212-LYASK,-0.7030577453819814,1.0988594680816333,0
2215-ZAFGX,-1.7371939534624106,-2.134636156182363,0
2219-MVUSO,-2.3605268587913564,-0.20410349269579864,0
2220-IAHLS,-3.416361536201924,1.927997189688568,1
2223-GDSHL,5.728997867129079,-0.6752428881133762,2
2223-KAGMX,-2.9565351869444205,0.5156091727894124,1
2225-ZRGSG,3.2398679068352725,-0.42787663177585356,2
2226-ICFDO,3.2311079981452107,1.5525564410236743,2
2227-JRSJX,-0.3624125743223494,-3.043909094689286,0
2228-BZDEE,-0.0019545230382692373,4.0672834569356064,1
2229-DPMBI,-1.3344756371657096,4.560959730691171,1
2229-VWQJH,-1.6553733525503724,0.5301298981195562,0
2230-XTUWL,-0.0068376220116562495,4.7595482963928895,1
2232-DMLXU,-2.1980642400647166,-0.39662855497804195,0
2233-FAGXV,-2.4776187597556176,2.7501824621008257,1
2233-TXSIU,-0.8627851543160888,1.4674586638616582,0
2234-EOFPT,3.2554644901356546,0.06363492293471343,2
2234-XADUH,4.185626631964833,0.16689680934255624,2
2235-DWLJU,-1.94168039411409,-0.9990181015038785,0
2235-EZAIK,3.864792916995283,2.258369632154764,2
2235-ZGKPT,-2.009151283884498,0.44520774018803905,0
2236-HILPA,0.8316204419441857,5.062582295150921,1
2237-ZFSMY,0.8274927936530075,-2.936571613162419,0
2239-CFOUJ,-1.9555482824488721,3.6027565182737002,1
2239-CGBUZ,2.586928389032581,0.2808111407652208,2
2239-JALAW,3.843731720468237,-1.9980413668122448,2
2240-HSJQD,-0.8110818095937442,-0.3618665726041441,0
2242-MFOTG,0.4373295936870745,-0.9331339807433395,0
2243-FNMMI,-2.9753386501633186,2.1435150794398696,1
2245-ADZFJ,1.5574582635162697,0.7785979443380499,2
2249-YPRNG,0.5913516316630102,-2.7264141253948178,0
2250-IVBWA,2.760300194612791,-0.4258485251222239,2
2251-PYLPB,4.52704088334008,2.173375450644181,2
2252-ISRNH,0.44884245423831,-1.4710072005688908,0
2252-JHJGE,3.7601901592244102,-1.2129923407055556,2
2252-NKNSI,2.0110065936139003,0.35377334256381643,2
2253-KPMNB,1.6136635174654876,1.4374094672394635,2
2254-DLXRI,-2.5061109123456298,-1.4834545669532004,0
2256-YLYLP,3.3500944320517947,0.607199724584625,2
2257-BOVXD,-1.1649218059802247,0.052760470108348785,0
2259-OUUSZ,-2.0132866091428707,0.35252983054054515,0
2260-USTRB,-2.140021168250668,-2.898842345120251,0
2262-SLNVK,-2.3174298762907743,-1.686235827359596,0
2263-SFSQZ,0.1834206173410921,4.003073351768202,1
2265-CYWIV,-0.6338217361567737,-2.9843311912166715,0
2266-FUBDZ,-1.3578085847038874,3.9359209859005464,1
2266-SJNAT,4.079223901306747,0.0034645570064329606,2
2267-FPIMA,1.9099095918865223,-0.8429189278518006,2
2267-WTPYD,1.7130027496554756,-0.14566112915144225,2
2270-CHBFN,1.8717201755847819,-0.44138438133574415,2
2272-JKMSI,3.9115355060409605,-1.044542902752817,2
2272-QAGFO,-0.9853534627895753,-2.096877514432823,0
2272-UOINI,-1.8529389705179775,-2.1129569798815924,0
2272-WUSPA,4.620351507890197,-0.7439351668250637,2
2273-QCKXA,-2.754189143228655,0.32789237769198876,0
2274-XUATA,3.0080585248421103,0.3869473082025548,2
2275-RBYQS,-2.771599972696106,-0.2714635822055122,0
2276-YDAVZ,-2.2873445942120907,-1.3644400809248902,0
2277-AXSDC,-1.0438425749948839,2.077221983884934,1
2277-BKJKN,3.9628514798980334,-0.7008615533740469,2
2277-DJJDL,3.2202221955534096,-0.8123036827965145,2
2277-VWCNI,-2.0178172366344977,1.0009845964317279,0
2279-AXJJK,1.24268819632298,-1.6815708971031165,2
2282-YGNOR,-0.7761325381943953,0.8432792931105414,0
2284-VFLKH,3.2587187256475127,-0.03815001466879521,2
2292-XQWSV,0.32210481680744796,1.7292517136236492,2
2293-IJWPS,2.6755817061681655,0.1497672461289898,2
2294-DMMUS,2.3266839496198783,1.514716957229094,2
2294-SALNE,0.14100375489472847,0.10920315383508498,0
2296-DKZFP,2.3049144175147367,0.6247614139702753,2
2300-RQGOI,-1.0991790226161948,3.6277540305945215,1
2302-ANTDP,2.994810619137054,-1.9146825680881516,2
2302-OUZXB,3.778861440690213,1.4562290980840313,2
2303-PJYHN,-2.7754551115851784,1.6461864198955953,1
2305-MRGLV,-0.19776397102665239,-0.8272743780516614,0
2307-FYNNL,2.4921512718918297,-1.6188189251388632,2
2308-STERM,-3.2240497244319166,2.319801850699731,1
2309-OSFEU,-2.7759497693541326,-0.5393381694893739,0
2311-QYMUQ,-0.30307399177181255,-1.2516021629878076,0
2314-TNDJQ,2.3258804494641767,2.3477050054056567,2
2316-ESMLS,-1.0021674658670618,1.7816364593501024,0
2320-JRSDE,-2.7230483416326163,0.8234749603996341,1
2320-SLKMB,-1.967385526556955,-0.08532357968086417,0
2320-TZRRH,-1.8471162551038547,2.8512512312838134,1
2320-YKQBO,-3.279818677894974,2.321863337724867,1
2321-OMBXY,1.195606384460417,0.2829238375273758,2
2322-VCZHZ,0.22631382881053216,-2.2085651125118577,0
2323-ARSVR,5.502222867581227,-0.8473771944360146,2
2324-AALNO,-0.27957548817311445,2.4303815386108627,1
2324-EFHVG,3.917334477471671,-0.9108559656184039,2
2325-NBPZG,-1.2965111262133606,-2.691254480640309,0
2325-WINES,0.6324013856054034,-0.9790112771458975,2
2325-ZUSFD,2.551611609046699,-0.30016848545453906,2
2330-PQGDQ,1.977134824111031,0.2404361799279173,2
2332-EFBJY,-3.6426010179035053,1.0273679209037414,1
2332-TODQS,-0.4475687175942483,3.3270094978766442,1
2333-KWEWW,-2.1436846839915886,2.920046568785185,1
2335-GSODA,-1.2436746606595837,2.0815496797191355,1
2338-BQEZT,-0.38970173368630895,0.4769066813708298,0
2342-CKIAO,-3.3126408556988545,2.3422428050802893,1
2344-JMOGN,-0.8204735094703689,-1.5922385799236327,0
2346-CZYIL,-1.2547901446719483,3.2124721491213033,1
2346-DJQTB,-2.1693783864118616,0.11003844294280699,0
2346-LOCWC,0.7933637279236517,4.821753094077618,1
2347-WKKAE,1.7806219387153883,-1.7511329219375955,2
2348-KCJLT,2.207140548776093,1.0217525419655096,2
2351-BKRZW,2.408291478462368,0.5328001735988963,2
2351-RRBUE,-2.783106969002543,2.6165167536538845,1
2357-COQEK,0.1618536784246682,-2.9748092228762397,0
2359-KLTEK,1.8719667541771172,-1.9521847099060856,2
2359-KMGLI,-0.2717592047521945,-2.6367321098864056,0
2359-QWQUL,1.160377965764442,-0.9094624316095766,2
2360-RDGRO,3.3257445162454515,-1.8063688762288201,2
2361-FJWNO,-0.92869873901713,1.2872827584719677,0
2361-UPSND,2.303897487564881,1.4690999703928496,2
2362-IBOOY,0.7467776076190814,-2.2893347595201163,0
2363-BJLSL,2.7322805117375255,-0.6282069551851794,2
2364-UFROM,0.148612254174137,-0.4442350506656864,0
2368-GAKKQ,4.442188265611781,-1.104675410140179,2
2369-FEVNO,-3.4051939113521152,1.4386084478927534,1
2369-UAPKZ,-1.962561169839879,-2.0464125984153876,0
2371-JQHZZ,1.2980231312872061,-1.417094354998573,2
2371-JUNGC,-3.376965619991652,2.08409554215102,1
2371-KFUOG,3.1928569710914045,-0.9341964307463715,2
2372-HWUHI,-3.171940978453272,-0.8479054599327398,0
2373-NTKOD,-2.0969759534407877,-1.6077625515957927,0
2378-HTWFW,-0.032145404536996894,-0.822613547915889,0
2378-VTKDH,2.5621723387563295,-1.2735409355022003,2
2378-YIZKA,3.02650749319652,1.0579403800639011,2
2379-ENZGV,-1.807988127711465,-3.022423809588115,0
2379-GYFLQ,1.4034460160672912,-0.2570808704095812,2
2380-DAMQP,5.429643043465895,-0.19776384138176364,2
2382-BCKQJ,3.307340093526101,-1.303361842429605,2
2384-OVPSA,-2.0817184134705378,2.7615310065701673,1
2386-LAHRK,-2.4149250879837325,-1.401972182245171,0
2386-OWURY,2.4225478433214835,-2.3822498450763394,2
2387-KDZQY,-2.2616696192989028,2.345096663650098,1
2388-LAESQ,5.24645827256871,-0.9756052743918856,2
2391-IPLOP,2.064998594669264,0.0046693439990599574,2
2391-SOORI,-2.4808856827572408,-1.238480947752732,0
2393-DIVAI,-3.6598280167422335,1.2297493337955216,1
2397-BRLOM,-1.2395972336040708,-1.3006979825548048,0
2398-YPMUR,-0.47001051296461505,-2.122330960140141,0
2400-FEQME,1.0756588363096709,4.83308517534399,1
2400-XIWIO,3.490570492424297,-0.2530164579228033,2
2402-TAIRZ,0.11186736365884686,-0.5931260150769294,0
2403-BCASL,2.845850902532879,-1.2478321300868527,2
2404-JIBFC,2.394990060339882,-0.11144420250121366,2
2405-LBMUW,1.4191649601233696,0.16127264413791112,2
2408-PSJVE,0.7506539326015019,0.8781695395458868,2
2408-TZMJL,3.47614126715388,-1.981563567765832,2
2408-WITXK,-3.0074135159771593,-1.3951881535794242,0
2410-CIYFZ,-3.695230617278634,1.719275992117724,1
2418-TPEUN,1.324906357150006,3.721525571254949,1
2419-FSORS,4.725616230671532,-0.7371504627279851,2
2424-WVHPL,-1.0092778932035356,-0.6922722324489952,0
2428-HYUNX,-0.8047373360842119,3.5310543720307983,1
2428-ZMCTB,-3.5941978113180233,1.9568653767158588,1
2429-AYKKO,-0.07034083956033342,3.050593115556015,1
2430-RRYUW,0.9891008486836385,0.9957695536915068,2
2430-USGXP,0.6103742923144612,-2.820880220732409,0
2432-TFSMK,-0.3511787160520027,-0.5618968410764861,0
2433-KMEAS,-2.3826648201012883,-1.6923923742824896,0
2434-EEVDB,2.7220314155812044,0.8673229584711506,2
2436-QBZFP,-1.5399103206171716,0.17669333195672937,0
2439-LYPMQ,2.19916977357312,-0.9646712313566338,2
2439-QKJUL,-3.382866770775925,1.9890635947904214,1
2446-BEGGB,-0.6917465527404788,-3.1388926239038937,0
2446-PLQVO,-2.5550144559751002,-2.4721805869692317,0
2446-ZKVAF,-1.1249905168190502,1.3110151158443188,0
2450-ZKEED,-1.2004510189459625,0.4242061185335475,0
2451-YMUXS,2.6700599213282885,0.3320338978857729,2
2452-KDRRH,3.338133639318884,0.13553309219218007,2
2452-MRMZF,0.3812779874887744,3.5557881366977893,1
2452-SNHFZ,0.9791136065328107,-0.40525386088749205,2
2453-SAFNS,1.974526701751567,1.7332795300589283,2
2454-RPBRZ,-0.6496701793714652,-2.7094503598637085,0
2455-USLMV,-0.310964869847694,-1.5042566250229406,0
2458-EOMRE,-1.2407395393622842,-1.289038305483682,0
2460-FPSYH,-1.08125285880318,-1.9049848503162228,0
2460-NGXBJ,0.4372295929292553,0.8319862683217436,2
2462-XIIJB,-1.6363124810485767,-2.9104105660689092,0
2465-BLLEU,-3.8376618725890594,1.5980845324472612,1
2466-FCCPT,-1.0802884087008187,3.1661188510705154,1
2466-NEJOJ,-2.732318261433371,2.854412319146187,1
2468-SJFLM,-2.15670074622773,-1.2880360600808585,0
2469-DTSGX,5.140031928240249,-0.08467708686762664,2
2472-OVKUP,-0.255941696674193,-2.329565455323765,0
2474-BRUCM,-0.08700130054175538,-2.293210248114309,0
2474-LCNUE,-0.6908447026835092,-0.04331071741012553,0
2475-MROZF,-0.5338433060929876,-1.7222962699671063,0
2476-YGEFM,-0.9461718532865118,-1.062772624103813,0
2478-EEWWM,0.313263456205054,-0.37152064788504907,0
2479-BRAMR,1.7102562988135306,-2.1331084701974574,2
2480-EJWYP,4.2234389422599845,-0.8476110065909197,2
2480-JZOSN,-2.2677993175708635,2.161485834357139,1
2480-SQIOB,-2.570373509193789,0.030431045270453348,0
2481-SBOYW,0.5282206076771193,3.449114531151311,1
2482-CZGBB,-1.6743766568618887,-2.6538566003111748,0
2483-XSSMZ,0.45937920040619995,-0.6691115321364672,0
2484-DGXPZ,-2.0445738078847326,1.8639895601116816,1
2485-ITVKB,-2.9508281032301893,-1.1748188905090193,0
2486-WYVVE,0.5474492329347397,0.9276001810305742,2
2495-INZWQ,-2.6675930996964947,-1.660506355699141,0
2495-KZNFB,0.30816702384126987,-2.808074569396534,0
2495-TTHBQ,-2.1706967631322462,2.348752924694798,1
2498-XLDZR,1.2139858000185269,1.25500775477313,2
2499-AJYUA,4.722509293786209,1.1333481928174893,2
2501-XWWTZ,-2.0838181556068816,-1.2632841787095126,0
2504-DSHIH,1.0390591913441323,-0.6590890062570512,2
2506-CLAKW,-1.3320145642088579,-3.696966100421152,0
2506-TNFCO,-1.1894158692149093,-2.153393693523223,0
2507-QZPQS,-0.4931371554399294,-2.0097593790370194,0
2509-TFPJU,1.1225353793128097,4.261657912985205,1
2511-ALLCS,-0.1935200575047341,3.401875389858123,1
2511-MORQY,0.8652089833466834,1.1788471315027844,2
2514-GINMM,-2.0781733907037205,-2.8776444897887252,0
2516-VQRRV,-1.9872679051756243,-1.4167818811176942,0
2516-XSJKX,2.3449518899219326,0.18599730111063079,2
2519-ERQOJ,-0.34007295554122885,-0.4458154672048151,0
2519-FAKOD,1.1380488658848082,-3.5333575663809316,0
2519-LBNQL,2.9523411733975022,-1.3778849841629162,2
2519-TWKFS,0.13559454656697464,1.3481950655880115,2
2520-SGTTA,-2.0435784946505775,3.9456498280891683,1
2521-NPUZR,5.629817690721569,1.0279430762535164,2
2522-AHJXR,1.936607641453159,-1.9184072448775469,2
2522-WLNSF,0.056595194185021964,0.049838865595891145,0
2523-EWWZL,-0.24533733869841723,-2.507953776893954,0
2525-GVKQU,0.6501703800742942,3.682581568498128,1
2528-HFYZX,-1.127745460547928,-2.357724761783268,0
2530-ENDWQ,4.695634931819501,-0.2932133909989071,2
2530-FMFXO,4.238482213826214,-0.6239401204526693,2
2533-QVMSK,4.0252236576716784,-0.07208777728663841,2
2533-TIBIX,-1.112562800055674,0.3290077855896974,0
2535-PBCGC,2.666944366519729,0.7170953737158561,2
2538-OIMXF,-3.5252287097169916,0.6692811229715273,0
2541-YGPKE,2.2872960519624286,2.0430808525993935,2
2542-HYGIQ,-3.508536925415456,2.107022732424703,1
2545-EBUPK,-0.9310673622756572,-1.7100502460040274,0
2545-LXYVJ,1.315105923096037,3.297855316331497,1
2546-KZAAT,2.2018310800278966,0.8683565326087519,2
2550-AEVRU,1.0659695255436843,1.0913048399687202,2
2550-QHZGP,-2.9055103937507303,2.790368936277483,1
2558-BUOZZ,2.458159303895702,-0.6990992542777029,2
2560-PPCHE,3.270923890210978,-1.5452587606745543,2
2560-QTSBS,0.4997837187870533,2.93534739899072,1
2560-WBWXF,0.8272967452514939,2.3273216157926537,1
2565-JSLRY,-3.903096612239304,0.7741154410189623,1
2568-BRGYX,-1.8068122687654486,-2.4832531449909085,0
2568-OIADY,1.1985223391867919,-2.6649710132314657,0
2569-WGERO,0.19253599737460678,2.5168114578842204,1
2573-GYRUU,1.9837982042162152,0.21163304499706342,2
2575-GFSOE,-1.2396321652246294,-2.7562632878469286,0
2576-HXMPA,-3.3602769560611563,2.206583701134077,1
2577-GVSIL,1.384776028465453,0.10091180578005512,2
2578-JQPHZ,3.1001338916518533,-1.149402439131451,2
2580-ASVVY,-0.1467349625811656,0.9840107314063509,0
2580-ATZSQ,1.8400764176714581,0.7113613990793365,2
2581-VKIRT,1.151797742620777,1.1955434413518489,2
2582-FFFZR,-1.840441263505318,-1.0469861966250518,0
2585-KTFRE,-1.6812232546975827,-1.9593563038270412,0
2586-CWXVV,-0.2757115740142931,0.9903425852701989,0
2587-EKXTS,2.116572897955011,-2.5103985333824546,2
2587-YNLES,-1.861612693342932,3.5989204180188796,1
2589-AYCRP,0.030759648163077555,2.3412226658326416,1
2592-HODOV,-2.555776812757442,2.81031218011185,1
2592-SEIFQ,-3.1092270378316673,-0.49748778013729256,0
2592-YKDIF,-3.1147102590096023,1.91979022164975,1
2595-KIWPV,-1.4960915139513888,3.280219955845645,1
2599-CIPQE,4.635847911619866,0.6151818962882103,2
2599-CZABP,-0.7734515366890484,0.4601221546892007,0
2603-HVKCG,0.29010610970146433,-3.200123277201894,0
2604-IJPDU,-0.49958873275993665,-2.6379367439382033,0
2604-XVDAM,-2.351447166609652,-0.3217547518277883,0
2606-PKWJB,-0.6218796643183362,1.4803945718613862,0
2606-RMDHZ,-3.2784274690210333,-0.4333362084321817,0
2607-DHDAK,1.770248881443258,4.503036952586044,1
2607-FBDFF,-2.208999570863762,0.4240383581758953,0
2608-BHKFN,-2.175823909459932,-1.5385973687107062,0
2609-IAICY,-2.10070040668969,-2.2536434144343263,0
2612-PHGOX,1.8643858146115366,0.22730116513851167,2
2612-RANWT,-0.7857557621693941,-3.2795069144375297,0
2612-RRIDN,-1.8545800503716339,-3.311236619100997,0
2615-YVMYX,3.8110354633395866,-2.0439252624509123,2
2616-FLVQC,0.3044820331233535,3.7223387449366463,1
2616-UUTFK,0.13704305239430647,-1.2719328699069556,0
2619-WFQWU,-2.7195517902347124,-1.3753063677971782,0
2621-UDNLU,-2.319625887912288,2.711660419119088,1
2623-DRYAM,2.7102492297210157,-1.5068958631479106,2
2625-TRCZQ,-0.19670010786443015,-1.0337717774436417,0
2626-URJFX,-1.78106030743722,-0.9898515311348901,0
2626-VEEWG,-0.03463104699831401,4.228799148995174,1
2632-IVXVF,3.6317925963579425,0.6894511728422794,2
2632-TACXW,-0.21071993218219376,2.9132377680551698,1
2632-UCGVD,3.296546094878712,-0.6947632817406743,2
2634-HCZGT,1.2051459225620615,-0.5225587342661353,2
2636-ALXXZ,-2.6061225842017377,-2.8034602773060313,0
2636-OHFMN,-1.18675040868928,-1.6544456263127132,0
2636-SJDOU,1.9836850843642906,0.03250486341214449,2
2637-FKFSY,-2.4477709388690077,0.1746228587314146,0
2639-UGMAZ,1.5045748377631483,-0.18890688620621807,2
2640-LYMOV,-4.051870713474188,1.1982922787763093,1
2640-PMGFL,-0.8852905705915131,-2.742841326494002,0
2642-DTVCO,-1.8626213780962382,-2.5595386861243163,0
2642-MAWLJ,0.444545608024595,3.7092572504883727,1
2645-QTLMB,-1.0761394559950292,-3.3874616994234956,0
2649-HWLYB,3.105873944936875,1.0335497759621357,2
2650-GYRYL,-1.1056633041010162,2.426537136790096,1
2651-ZCBXV,2.8961237955099235,-0.18885928803729904,2
2654-VBVPB,-3.6682592814388353,1.142242595223597,1
2656-FMOKZ,-1.4400053092725948,-1.3481398663236581,0
2656-TABEH,-0.7440477395208298,-2.855362772232464,0
2657-ALMWY,-0.12517816074341742,-1.6346707229023087,0
2657-VPXTA,0.49521088088040655,-1.5596473384385292,0
2659-VXMWZ,4.0092364368842235,-1.6457785123937065,2
2660-EMUBI,-0.9852729812867207,-3.0359937630174954,0
2661-GKBTK,2.9944918779992036,1.4847683686882307,2
2662-NNTDK,0.9735004233246659,3.6840749530449837,1
2664-XJZNO,4.435637459363257,0.6891318181153175,2
2665-NPTGL,1.498307850249588,-0.8253703648336546,2
2667-WYLWJ,-2.515787184122814,2.106711243455056,1
2668-TZSPS,-3.873091198812492,1.8243785362203202,1
2669-OIDSD,1.14741441886191,-0.6023173311047965,2
2669-QVCRG,-0.9030216907908643,-0.9164325974793422,0
2672-DZUOY,-3.334656586087439,-1.2603166785199134,0
2672-HUYVI,-1.489079143473218,-3.0801470759740095,0
2672-OJQZP,-2.5066527991330303,0.7869644618479783,0
2672-TGEFF,0.1439853659620074,-1.4483653454502112,0
2673-CXQEU,3.201134780630654,-1.2972460373227126,2
2673-ZALNP,-3.3815409729183514,2.360452522479819,1
2674-MIAHT,-1.5644206209668332,-1.601013400536389,0
2674-MLXMN,3.881578669585019,0.4884409474952754,2
2675-DHUTR,3.4387028803071944,-0.4879734417484084,2
2675-IJRGJ,-0.5012606451768927,2.3387883672871026,1
2675-OTVVJ,2.1674012741853144,-0.09612344048133879,2
2676-ISHSF,-3.2326886321784882,2.4067229037306728,1
2676-OXPPQ,-2.1903812720780773,-1.617063597222581,0
2676-SSLTO,0.9320896753152654,0.0676670819299731,2
2680-XKKNJ,-1.1436746341309043,-0.24712683009941042,0
2682-KEVRP,-1.7301225875655595,2.244372314734936,1
2683-BPJSO,-0.6045158600237767,-2.697019082769684,0
2683-JXWQQ,-0.0006350617762283263,-0.144624611560307,0
2684-EIWEO,-0.21129929528792712,-1.4645886428505555,0
2685-SREOM,0.19244196236133074,-2.5893978259267976,0
2688-BHGOG,-0.6006726111709464,-1.0167813692740246,0
2690-DVRVK,-1.8462528301096335,2.1899955386245473,1
2691-NZETQ,-1.5763680859781566,-3.2572961129948594,0
2692-AQCPF,4.848856124876525,0.21919061914832683,2
2692-BUCFV,0.8343037495999461,-1.9706901471309655,0
2692-PFYTJ,-3.580661416941418,1.502322111049947,1
2694-CIUMO,-1.7900460873542678,-1.2915824190814253,0
2696-ECXKC,3.89511684459912,1.1867541311355272,2
2696-NARTR,-1.1387579349415613,-2.5094834780946615,0
2696-RZVZW,1.1956989620733331,4.757557768521537,1
2697-NQBPF,0.8498383897863754,-2.7076928940963594,0
2700-LUEVA,-3.613439853478706,1.7304126347862439,1
2703-AMTUL,-0.14483810556745944,1.8045369472271597,1
2706-QZIHY,-0.6963883397056783,3.991819625643787,1
2709-UQGNP,-1.6865716213716055,0.013601925572238554,0
2710-WYVXG,-0.700773580133971,0.9479732109983727,0
2712-SYWAY,-3.375003249734857,0.07058074233252452,1
2716-GFZOR,0.9347903500689306,-0.5004915249009989,2
2717-HVIZY,-3.9754829582845126,2.1610692362313064,1
2718-GAXQD,-1.9623182572059237,-0.9915759392754032,0
2718-YSKCS,1.77841214076205,3.749246706981897,1
2719-BDAQO,-0.8916170380075406,-2.5205453532499105,0
2720-FVBQP,-2.185691383663227,-0.539552537921104,0
2720-WGKHP,-1.5792987778878387,-3.4466101841255994,0
2722-JMONI,-2.2586232928296637,-1.6889548222066166,0
2722-VOJQL,2.7645415057233547,-1.5376032647471858,2
2724-FJDYW,-0.22292116297476616,0.4820539571860499,0
2725-IWWBA,2.18335086742574,2.6298723883501367,2
2725-KXXWT,-1.440527093801437,-3.1439353527483824,0
2725-TTRIQ,5.533778754876732,0.9139876252288502,2
2729-VNVAP,-1.9478586510502347,3.4924363242095975,1
2731-GJRDG,1.082749136249789,-2.17782187089904,2
2732-ISEZX,-3.053616193951737,1.4669122626985582,1
2737-WFVYW,-2.2480566692479065,-1.826047321314658,0
2737-YNGYW,-2.1374452524302656,-2.5122803545934627,0
2739-CACDQ,-0.9382679733166801,-0.5718150819815138,0
2739-CCZMB,-3.561728119537677,2.203321471918046,1
2740-JFBOK,-3.1247650565628793,0.7789868107312642,1
2740-TVLFN,-3.0070274073192023,-1.352764135531806,0
2746-DIJLO,0.5505531070118503,1.491218626554071,2
2748-MYRVK,2.2989863535916015,-1.3752509299692408,2
2749-CTKAJ,-1.3108493047312952,3.544462438753267,1
2750-BJLSB,1.7981809250788137,-1.6117086971206265,2
2753-JMMCV,2.3067614788206323,1.0008801124177682,2
2754-SDJRD,-0.03938520775333415,-0.8416800872921381,0
2754-VDLTR,-1.0726616283395631,-2.4374179409478165,0
2754-XBHTB,-1.427356087462349,-2.5557237738416227,0
2758-RNWXS,1.7964453427647529,-1.6141457787500835,2
2761-OCIAX,-2.0248730479676733,-2.6624767277493007,0
2761-XECQW,-1.0527661094306542,0.895048660485727,0
2770-NSVDG,-1.4719679567527173,-0.10672836974569698,0
2773-MADBQ,-0.4772401907000706,0.6627399427168686,0
2773-OVBPK,4.496413916154475,-1.1414510455430735,2
2774-LVQUS,-0.27592448909770123,-2.2071271881807264,0
2775-SEFEE,-0.1953149614440628,-0.05412011279996931,0
2777-PHDEI,-1.7460032244724488,-2.672181860175014,0
2778-OCLGR,-1.7057350517470158,-0.5996936670558854,0
2782-JEEBU,-2.36311056934797,0.3851880591558445,0
2782-LFZVW,-2.0813675985605866,-0.22522760954785134,0
2786-GCDPI,1.7620944952325894,-2.170440046839362,2
2788-CJQAQ,-2.980521832589265,2.6897350500409036,1
2789-CZANW,4.366317185000573,-0.19023755325303035,2
2789-HQBOU,-1.584298494557009,-2.4729705437151845,0
2790-XUYMV,2.5302819544648494,0.32973924325559395,2
2791-SFVEW,-3.458575825946007,0.6767945920930147,1
2792-LSHWX,-1.1629057968507457,-1.3613321899864212,0
2792-VPPET,-2.7759915839037763,0.8403672481218334,1
2794-XIMMO,0.8943459088705117,-0.5212653498489931,2
2796-NNUFI,-0.015235742607388776,3.621201289918604,1
2796-UUZZO,2.393530389445579,0.3126327172086983,2
2798-NYLMZ,5.556912811965371,0.24644206938207125,2
2799-ARNLO,-1.3643982787486866,-1.4304732797009372,0
2799-TSLAG,1.468553089447291,3.4409835107872078,1
2800-QQUSO,0.6780783067767874,-2.158778107394555,0
2800-VEQXM,-2.3976112220578742,-1.540659581337872,0
2801-NISEI,-1.0792924541367077,-1.2010314536237312,0
2804-ETQDK,-0.4775120816063001,3.945209118236822,1
2805-AUFQN,-2.000680654668752,3.0721213600562063,1
2805-EDJPQ,3.137471708555695,0.30253955131467786,2
2806-MLNTI,2.9855518730139226,-1.217690260292052,2
2808-CHTDM,-1.3368095851526318,3.7626624721999837,1
2809-ILCYT,-1.1578796208330815,3.2786138922049504,1
2809-ZMYOQ,0.8526939174342018,-2.2302622337282614,0
2810-FTLEM,-1.6893587452129093,-1.5953931700672281,0
2811-POVEX,1.2702990097698483,-0.5912795257345153,2
2812-ENYMO,-0.5213198703203331,0.44794676394709304,0
2812-REYAT,-0.11180067103665413,2.292054144609738,1
2812-SFXMJ,-3.4366715530977645,2.326504326975494,1
2815-CPTUL,-2.1570274358938812,-1.3969291387993645,0
2817-LVCPP,-0.9696208295760873,3.884515137847768,1
2817-NTQDO,-2.3387208977137584,-0.1575625151889324,0
2819-GWENI,-1.0484517324240668,3.7061120109525603,1
2821-WARNZ,-0.4589236735354648,3.785396079311781,1
2823-LKABH,-0.5865347073477102,-2.4651845123288307,0
2824-DXNKN,4.944330195468575,0.7214031245066801,2
2824-MYYBN,-0.3997478079663133,-2.0067434158909796,0
2826-DXLQO,-1.68241167647493,0.6392281808422102,0
2826-UWHIS,0.7934149991141638,-0.6569639443458685,2
2828-SLQPF,-1.676168885912787,-0.8404894812764484,0
2829-HYVZP,-0.9958463149369485,2.7343254219355693,1
2830-LEWOA,4.183022631593086,0.9496918593236507,2
2831-EBWRN,-2.8515740355746018,-1.5196354042867564,0
2832-KJCRD,0.7949914691608989,-2.6536728266990135,0
2832-SCUCO,-3.937131288726033,0.600513376032147,1
2833-SLKDQ,-2.2525824028293373,-0.5867745279385118,0
2834-JKOOW,-1.7022029235774065,0.7950278385664302,0
2834-JRTUA,5.423025062130658,-1.6162581320393903,2
2834-SPCJV,1.5867416578772686,-1.4737872678043782,2
2839-RFSQE,-4.376064146149353,0.9141113040325296,1
2840-XANRC,-0.48195004590314194,-2.089840785191096,0
2842-BCQGE,0.24547358764637994,-0.29687812352480336,0
2842-JTCCU,-2.705265257704909,-1.229561954610945,0
2843-CQMEG,-2.2577473547879126,-0.8954426832976305,0
2845-AFFTX,0.5098578074115278,-2.965095102957399,0
2845-HSJCY,-0.18453476377010722,-2.4452198079578653,0
2845-KDHVX,2.946092169852556,1.948385257457083,2
2848-YXSMW,2.2931632558323196,4.878063634474784,1
2851-MMUTZ,-2.0571034920345084,-0.9696212077462868,0
2851-STERV,-0.2012717728633091,-0.8708221942338124,0
2853-CWQFQ,-1.4955050467832878,-0.4816570414948498,0
2856-HYAPG,-2.739636541182201,-2.3976129294765713,0
2856-NNASM,0.19671763126816363,-1.9962282785232035,0
2858-EIMXH,2.2398147051271593,-0.04838315659283149,2
2858-MOFSQ,-1.149638258968324,0.06993081140068669,0
2860-RANUS,-1.2467961945808694,-1.8653093223252,0
2862-JVEOY,-2.4671500479351147,3.1708069363237965,1
2862-PFNIK,-2.876922568687744,-0.15394588147074326,0
2863-IMQDR,2.453032717604282,-0.013650783098035907,2
2865-TCHJW,-1.1983164190807092,-2.3667377673413226,0
2866-IKBTM,-3.3605689515939083,1.984980695613467,1
2867-UIMSS,-1.628771462859868,-2.9296074589412684,0
2868-LLSKM,3.3778232726476576,-0.15830781673566727,2
2868-MZAGQ,-2.0053498626866535,-2.956799863177375,0
2868-SNELZ,-2.3270510743572195,-1.3878255239312325,0
2869-ADAWR,0.4716696893357391,-1.2373302282784233,0
2873-ZLIWT,0.6570240752337386,-2.0525948119610447,0
2874-YXVVA,0.1435268504826102,-2.3506966699428613,0
2876-GZYZC,-0.5017369856092464,-1.9956939426376876,0
2876-VBBBL,-4.1852450541042785,0.7394879605674762,1
2877-VDUER,-0.17815268721927666,2.0887168798323867,1
2878-DHMIN,-0.8576427896347031,2.5495692008390693,1
2878-RMWXY,3.798610823927248,0.4086241039947723,2
2880-FPNAE,-0.9449669895911504,-1.1160906715245416,0
2882-DDZPG,-2.7158882445579593,1.1962260070715307,1
2882-WDTBA,4.813281831330251,0.814868985287865,2
2883-ILGWO,3.113409166781048,-1.0111656796349582,2
2884-GBPFB,-0.024186550581908235,-1.4751089057431996,0
2885-HIJDH,3.884883408486747,0.8768826828550969,2
2886-KEFUM,2.5468206304525287,-1.6337408319108382,2
2887-JPYLU,-0.36171869422503394,0.5143742251887626,0
2888-ADFAO,-0.6694834516403376,2.7618180863929416,1
2889-FPWRM,4.3468917290007765,-1.6913243108279192,2
2890-WFBHU,1.6748786655396388,0.40263608747732493,2
2892-GESUL,-1.4368049144839259,4.463502258692086,1
2894-QOJRX,-1.320945812445715,-1.5256937200959932,0
2896-TBNBE,1.4275539035312685,-0.439738741327483,2
2897-DOVND,-2.151143040519408,-2.0509222285909976,0
2898-LSJGD,0.011778849742122592,-1.200190829595292,0
2898-MRKPI,4.923963766097905,1.1263274847895013,2
2900-PHPLN,0.9247073669497566,3.6171688629054204,1
2903-YYTBW,-1.9147595176391794,0.11195934889573703,0
2904-GGUAZ,4.2433022874209465,0.026766487347666193,2
2905-KFQUV,-0.9102440277050046,-0.3182631496802317,0
2907-ILJBN,-1.9105604120953015,3.356776703516517,1
2908-WGAXL,0.9027848220005618,4.436025417299648,1
2908-ZTPNF,-1.7714277460844468,-0.5808568225801602,0
2911-IJORQ,1.4295854370268397,-0.920459863467933,2
2911-UREFD,-0.46400116647340506,-0.7839263409185648,0
2911-WDXMV,-0.5716184811871143,-0.4621957793577816,0
2916-BQZLN,-0.632197922639522,-2.305378410384653,0
2919-HBCJO,-1.5929659568908907,-2.671329633607255,0
2920-RNCEZ,-0.9214693761738129,-0.08410328766869683,0
2921-XWDJH,0.2526019384655103,-1.3897532150516665,0
2923-ARZLG,-1.5955188553967794,3.250579159224102,1
2924-KHUVI,3.909807897389932,-1.1352027094710126,2
2925-MXLSX,0.021575438626868625,0.8142725549541596,0
2925-VDZHY,4.2319706861617945,2.098425440035749,2
2926-JEJJC,-2.2556235236068076,1.4185148731723567,1
2927-CVULT,3.6040876130344333,-1.0416640067818568,2
2927-QRRQV,1.8427135260436702,-0.89021017564119,2
2928-HLDBA,-3.7350077085090683,2.1543756392785123,1
2929-ERCFZ,-0.7150089539394548,-3.6923835848010667,0
2929-QNSRW,2.6728731074229573,-2.1879532995549242,2
2930-UOTMB,-0.5574880807974558,-0.7220727907023361,0
2931-FSOHN,-0.8497528183557285,-1.1219417781802608,0
2931-SVLTV,1.6414399274484808,-0.8656498983760146,2
2931-VUVJN,1.9469612530281746,-1.60328426926438,2
2931-XIQBR,3.741766682811144,1.1398987515356243,2
2933-FILNV,-2.88790993872209,0.33279494421791356,0
2933-XEUJM,1.4837882930375967,1.123428684722237,2
2937-FTHUR,-1.310146397631157,-0.5327836452913074,0
2946-KIQSP,-2.2036048958799883,0.4566117669177779,0
2947-DOMLJ,-2.693262628406252,0.14160022883376616,0
2951-QOQTK,-1.0976567363880538,-1.5373856158789825,0
2952-QAYZF,-1.5446378756779955,-3.066697603154473,0
2954-PIBKO,3.128289277326249,1.7960019402488856,2
2955-BJZHG,-0.7977162541548781,-1.6960747878023688,0
2955-PSXOE,-3.27408173928519,-0.01198301611553348,1
2956-GGUCQ,-0.9034777945811077,-2.5641495317515655,0
2957-JIRMN,1.2600108273614252,-0.48484772362777184,2
2957-LOLHO,-2.3675427539967107,-1.0962560400585033,0
2958-NHPPS,-2.3200804992595883,1.384037847711999,1
2959-EEXWB,0.4629562458992617,-0.0010563288968842028,0
2959-FENLU,-0.6968813121061692,-0.8790462119252455,0
2959-MJHIC,-0.9686857965009601,-2.403286480866953,0
2960-NKRSO,-0.4081706793515181,-2.5285356479425527,0
2961-VNFKL,1.4755235697424238,4.144746374968864,1
2962-XPMCQ,-3.2192439615080155,-1.7416445348103944,0
2967-MXRAV,-1.8904094414387391,3.053742133024968,1
2968-SSGAA,-0.6369731607010806,-3.078754019358751,0
2969-QWUBZ,-2.3441212339715047,-0.7855530572627273,0
2969-VAPYH,2.596992701242025,1.2535114539593746,2
2969-WGHQO,-0.3148053815939335,0.1426774431170858,0
2971-SGAFL,-0.7730348850485055,-1.6204688863013292,0
2972-YDYUW,2.4340492728895153,-0.7258250978041028,2
2974-GGUXS,-0.42546045082981937,-1.0845959602300341,0
2977-CEBSX,2.3436962502867513,0.5489935172850342,2
2978-XXSOG,-1.4773186907929021,-0.03852148064230024,0
2979-SXESE,-0.9357111424530135,-1.5845723431948162,0
2982-IHMFT,-1.8408803644349985,-1.266928870839888,0
2982-VPSGI,-1.0025136538678805,-3.017505779132486,0
2983-ZANRP,-0.8154314825995412,-2.7389965890336443,0
2984-AFWNC,-1.3595582881592772,-2.563141972913999,0
2984-MIIZL,-1.4642997339620532,-2.749763759932373,0
2984-RGEYA,0.9105070139385032,3.6452715967283686,1
2984-TBYKU,5.638366709734967,1.3434281784322173,2
2985-FMWYF,-0.5559621918546604,-2.6171586541765772,0
2985-JUUBZ,1.2949887608932649,-0.5248992671618474,2
2987-BJXIK,1.932608621283433,1.3470094168763898,2
2988-GBIVW,4.456849363632276,-0.05866785896031612,2
2988-PLAHS,-1.472236857732845,-1.039286271743833,0
2988-QRAJY,3.6091798251779537,-0.6401742739664313,2
2990-HWIML,-1.6114622418348592,-3.5161188363846567,0
2990-IAJSV,3.695733480815417,-0.09409784580678393,2
2990-OGYTD,2.9508251153420293,0.8733184780515472,2
2995-UPRYS,1.8590851413065381,-0.6481134383778088,2
2995-YWTCD,-0.8076661284541526,2.113514520429124,1
2996-XAUVF,0.8388580041258131,1.4367946749969807,2
2999-AANRQ,0.3613619400682642,0.6501305103342779,0
3001-CBHLQ,1.1856634867533018,-2.979286759813538,0
3001-UNBTL,1.1363628906187333,-2.078258193850505,0
3002-WQZWT,-0.5004180601230697,-2.210776134412464,0
3003-CMDUU,0.09503188882170527,-2.9978125471343073,0
3005-NFMTA,1.3926396644721095,-2.635809334005013,2
3005-TYFRD,2.9417825978689534,-0.4947883599535041,2
3006-XIMLN,-0.991057525768299,-2.786466603042466,0
3007-FDPEA,-3.5080949053847292,0.4382981930165952,1
3009-JWMPU,2.701214924151915,-1.5788301187674325,2
3011-WQKSZ,-2.6011121644889963,0.9559918549970915,1
3012-VFFMN,-2.60160437679482,2.5786849227189417,1
3014-WJKSM,0.19147002276447522,-0.38216040370975946,0
3016-KSVCP,-1.7515181521060699,1.084777858762523,0
3018-TFTSU,-1.9316868498945485,-2.3204160539250425,0
3021-VLNRJ,2.232369509461606,0.8146283290543295,2
3022-BEXHZ,5.189999909033858,-0.5904903351572973,2
3023-GFLBR,-0.3258960679437415,-0.8895371581151706,0
3026-ATZYV,0.6514854646148704,0.1334643616503947,2
3027-YNWZU,0.3074435317587343,4.461158521385874,1
3027-ZTDHO,-1.4054673831004751,-3.5064688711070047,0
3030-YDNRM,-1.967129632418511,-2.1437045076258,0
3030-YZADT,-3.48660462722567,-0.5646101432815117,0
3030-ZKIWL,-3.6710298061369864,2.265562929950194,1
3034-ZBEQN,-0.7346535494078769,1.355211651909451,0
3038-PQIUY,-0.36808359993159606,-1.009565895405855,0
3039-MJSLN,-3.252999380231084,1.2562776395121853,1
3043-SUDUA,-2.5211066113923377,1.020116879736712,1
3043-TYBNO,-2.3498881727766694,0.36710799056971627,0
3045-XETSH,-0.6834255193330357,-2.8033923015498456,0
3049-NDXFL,-2.2025375294713707,-1.6820457158199897,0
3049-SOLAY,-0.5285025165921755,-2.735813714898666,0
3050-GBUSH,-2.8297746520853417,0.0212363986041268,0
3050-RLLXC,3.475394245242881,2.465920807867686,2
3055-MJDSB,-3.7398500617951123,-0.23513429759161864,0
3055-OYMSE,0.3045427698035393,-0.7894411232392397,0
3055-VTCGS,1.6774609883605551,1.7306580001334368,2
3057-VJJQE,-0.10774303880506368,1.567838619605766,0
3058-HJCUY,2.595678661188772,-1.8232322766798366,2
3058-WQDRE,-2.722618546573677,-0.3106986579933681,0
3059-NGMXB,-0.8467175873384181,0.3062483609235994,0
3061-BCKYI,-3.1759968793761475,1.996795831321804,1
3062-ICYZQ,2.641626088841418,-1.6578133724531285,2
3063-QFSZL,-3.0925186465174694,-2.0998171361767226,0
3066-RRJIO,-2.2953242098396407,-1.5015518855759988,0
3067-SVMTC,2.8782726587633167,1.3027666723374849,2
3068-OMWZA,-1.5781553664627908,-3.166166480728397,0
3069-SSVSN,-2.34831363791033,1.50996425318775,0
3070-BDOQC,2.399884893796956,-1.2135045526850303,2
3070-DVEYC,-1.6548395257757744,-0.7686671272785782,0
3070-FNFZQ,-1.0152727297574775,2.7044384227781055,1
3071-MVJCD,5.106806283507487,1.4146735998284263,2
3071-VBYPO,-1.1943249880850775,-1.7350117862030179,0
3074-GQWYX,-1.3970829710265273,-2.8105558414012783,0
3077-RSNTJ,-2.4105883082786397,3.1544406060320394,1
3078-ZKNTS,-1.1851918908298211,2.236239659020564,1
3079-BCHLN,0.1538056490008989,2.721051401502701,1
3082-VQXNH,-2.8207706821972875,0.8306918005922191,0
3082-WQRVY,-1.2377752820999957,3.612421830874853,1
3082-YVEKW,1.2805152698959226,0.4067298818616734,2
3084-DOWLE,5.712026453919812,0.9968754708357007,2
3085-QUOZK,-3.337175698781304,0.1080348210242628,0
3086-RUCRN,3.875298082389506,-1.9615906311187723,2
3088-FVYWK,0.9279507398348507,4.533451694391256,1
3088-LHEFH,-1.580870751289446,-2.594133287602586,0
3090-HAWSU,2.0812122965302193,-0.9635902940489925,2
3090-LETTY,-2.166027130435975,-0.5186667364600629,0
3090-QFUVD,-3.773596542520383,2.1460870870840405,1
3091-FYHKI,-3.244614101908958,-1.5785681269279201,0
3092-IGHWF,2.9334342090281886,0.48754066044278127,2
3094-JOJAI,-1.8629163024182824,-0.34111212709196914,0
3096-GKWEB,0.16911577958653695,-2.0422941439872853,0
3096-IZETN,-1.2056805926651104,-1.8305410835984062,0
3096-JRDSO,0.4344914307983573,-2.9704074752598184,0
3096-WPXBT,3.402298333094102,-0.018152936573013204,2
3096-YXENJ,3.928482255952966,-1.0614039366170978,2
3097-FQTVJ,-1.2522667552911075,3.3979532035742084,1
3097-IDVPU,-0.9351905241755939,1.9177971011469086,0
3097-NNSPB,-3.266098142938901,-0.8421383090419768,0
3097-NQYSN,-1.2309774283048436,-1.3762612746519238,0
3097-PYWXL,-2.649208080652494,1.1171088424307236,1
3099-OONVS,-0.18743229378149057,0.17995305422325408,0
3104-OWCGK,3.3197997238772134,-0.7994994264941458,2
3106-ULWFW,-2.154082386537965,-2.080074208083008,0
3108-PCCGG,3.421569472176398,1.8756989987231145,2
3113-IWHLC,-1.9804166213012615,-0.63731948164611,0
3115-CZMZD,-2.1355641913850545,3.3729118532071274,1
3115-JPJDD,2.1028835602656066,0.25684730739486505,2
3118-UHVVQ,1.210555150954736,4.6341605255463,1
3120-FAZKD,1.4768023170996418,3.2717714149537285,1
3125-RAHBV,-2.574577590315948,2.93673135567001,1
3126-WQMGH,0.5701288491552513,0.9220085524329896,2
3128-YOVTD,1.22764775063854,-1.6086597996426257,2
3129-AAQOU,-1.0596887357102711,3.8041635758394694,1
3130-ICDUP,-1.7715497399243847,-0.37435604885532614,0
3131-NWVFJ,-1.5659157898251355,3.077667137416329,1
3132-TVFDZ,-0.5401249624859769,-0.8219492027852142,0
3133-PZNSR,3.5128211370970837,0.23385548319911836,2
3134-DSHVC,2.553697631241734,0.5610997338051025,2
3137-LUPIX,-2.2585328423974427,-0.39660573114900477,0
3137-NYQQI,-0.1664522554643916,1.3585872039304845,0
3138-BKYAV,-1.2206486635887235,-2.635352265797701,0
3143-ILDAL,1.47074289390945,-2.540677238754333,2
3143-JQEGI,-0.6997495168266699,-1.9889784252140146,0
3144-AUDBS,-2.097806868018668,-1.6862860931400903,0
3144-KMTWZ,3.9430109199450833,-0.8837820415226268,2
3146-JTQHR,-1.820938257188421,2.4346134903437053,1
3146-MSEGF,4.007896957779159,1.2298945013562836,2
3148-AOIQT,1.6938577882443502,4.0059831428348565,1
3148-BLQJT,-3.9186336174332568,1.3195885684950244,1
3154-CFSZG,1.604263811796003,-1.2025306208677116,2
3154-HMWUU,1.6308360459063362,3.3778613593514506,1
3156-QLHBO,-3.336653149644555,2.001044115956644,1
3158-MOERK,-1.1224386038781966,-3.1682187129481787,0
3160-TYXLT,-0.1661586336862441,-0.8284032933394022,0
3161-GETRM,1.3531583415284238,-0.36111076593833036,2
3161-ONRWK,3.1739850623061576,0.176226773264423,2
3162-KKZXO,2.198754996519851,-1.2940579729383823,2
3162-ZJZFU,1.9468981066284563,-1.6743550174715256,2
3164-AALRN,-1.0898053832781396,-0.1529868098541166,0
3164-YAXFY,0.18964847738900312,-0.9570923584695348,0
3165-HDOEW,-2.3131306066954487,0.12750126053355576,0
3166-PNEOF,1.709824891552745,1.084565469647258,2
3167-SNQPL,2.255362705290782,-0.20100148780560181,2
3170-GWYKC,2.215400327499623,-2.5649819214854563,2
3170-NMYVV,0.7108084930738491,3.2881689352859786,1
3173-NVMPX,-1.2818057544953427,0.9437042042362093,0
3173-WSSUE,0.627842725175248,4.567318666471588,1
3174-AKMAS,1.626418742930583,1.5872221782252265,2
3174-RKMOW,2.91463832312775,-2.0466004236227646,2
3177-LASXD,-2.5884493885799738,-0.986288594989169,0
3178-CIFOT,-2.194984063592394,2.392546497923664,1
3178-FESZO,-1.6189925608378355,-2.3864454399827064,0
3179-GBRWV,0.9289861571644855,-0.19799734600518312,2
3181-MIZBN,-2.207717328164193,1.6091967203385191,1
3181-VTHOE,1.660251202575964,0.3052884058620376,2
3186-AJIEK,3.4656024754017407,-1.1272257623415232,2
3186-BAXNB,-1.6599394272010737,-2.8069219269517447,0
3190-FZATL,-2.273802572151192,3.2620335093497417,1
3190-ITQXP,-0.019617588213970975,3.022267802373533,1
3190-XFANI,1.6855983076245467,-1.7440920579314028,2
3191-CSNMG,-1.573093879566478,-1.9528059851531863,0
3192-LNKRK,0.28430886461683874,-0.5015516711588854,0
3192-NQECA,4.505646325479923,-1.2055516145656098,2
3194-ORPIK,1.2689873481915102,-2.077178557316405,0
3195-TQDZX,-3.2451918386636054,0.8132719381154172,1
3196-NVXLZ,-0.7420895545869083,-1.5101220867132776,0
3197-ARFOY,-0.3046966677943265,-1.5051849009362557,0
3197-NNYNB,3.4341092869683427,0.2774728983392703,2
3198-VELRD,-1.1682078236472961,-2.9010499016532476,0
3199-NPKCN,4.147486202825922,-1.4720934854755436,2
3199-XGZCY,-1.8994725896777072,-1.9808305623478413,0
3200-MNQTF,2.6316107476685624,2.193372334307237,2
3205-MXZRA,-1.3561503697135007,1.1442590892103652,0
3207-OYBWH,2.8381870859861755,-2.0595060456461964,2
3208-YPIOE,-0.0711392677286662,-1.3672469867700507,0
3209-ZPKFI,0.7606692062291657,0.43922798597669593,2
3211-AAPKX,-0.7060867704495736,-2.3980150838691188,0
3211-ILJTT,-1.0233954257253282,-2.0581598565473738,0
3212-KXOCR,-0.5417431956547663,2.442085837267917,1
3213-VVOLG,-1.6284407295885843,3.858267944000129,1
3214-IYUUQ,1.8840610668674656,-1.653382415153604,2
3217-FZDMN,-2.0222261657576954,-2.304890937985221,0
3219-JQRSL,2.936666553756506,1.3455943528055083,2
3221-CJMSG,-2.1821988948619393,0.4204957827805268,0
3223-DWFIO,-0.8006981564261273,-0.8013366829653842,0
3223-WZWJM,-0.47520752754117046,-2.633513988988094,0
3224-DFQNQ,3.553705082975109,0.013595039885294312,2
3227-WLKLI,2.649070857087437,0.3587181584021247,2
3229-USWAR,0.32803063489601814,-1.0086043029957967,0
3230-IUALN,2.189557304270278,1.008552114749061,2
3230-JCNZS,3.906979679248276,0.921967180676086,2
3230-WYKIR,-0.6273412567751416,-0.34594989609778415,0
3234-VKACU,-1.5073986015044205,-1.448555370106251,0
3235-ETOOB,-0.7930958099891492,-2.2773710450510634,0
3237-AJGEH,-2.205459339607251,0.7096353551890952,0
3239-TPHPZ,-0.681765278290957,2.420880916877212,1
3243-ZHOHY,-2.4876139639591726,2.7701324153114664,1
3244-CQPHU,3.863009388951236,-1.1026150394245378,2
3244-DCJWY,-2.273252476167386,-3.195118188665977,0
3247-MHJKM,-3.818648871050121,1.4934205370017941,1
3247-ZVOUO,-1.9732285700122794,-2.648019053090539,0
3249-VHRIP,0.5815526726614888,1.3992051481022103,2
3249-ZPQRG,-1.6716981660217594,-2.9078481050073206,0
3251-YMVWZ,0.1782047811003908,2.2404257397911813,1
3253-HKOKL,2.3381890215552557,-0.41218749207892175,2
3254-YRILK,-0.5797780725762769,-2.8005856351582135,0
3255-GRXMG,-1.813954967835355,0.6699001675878754,0
3256-EZDBI,-0.5199528741530622,1.1041369799111382,0
3258-SANFR,-3.080810438255148,0.2364082551250317,0
3258-SYSWS,3.4547003141805788,-1.2548516667593343,2
3258-ZKPAI,4.723442284026473,-1.1252322814566231,2
3259-FDWOY,5.532591093667166,-0.5034090631349762,2
3259-KNMRR,1.810890407899098,-0.08072314309254759,2
3259-QMXUN,3.2901883479729057,0.10284275973263014,2
3261-CQXOL,0.06463314661162912,2.9805456730572573,1
3262-EIDHV,4.006273357197446,2.229196757147511,2
3266-FTKHB,-2.215135619592365,3.0418173691551065,1
3269-ATYWD,1.0502492668006211,-3.109706843146989,0
3272-VUHPV,-0.7148761323973098,0.02282898536005129,0
3274-NSDWE,0.2890622888609888,3.9534339247359456,1
3275-RHRNE,0.6052127459365549,1.334904007091117,2
3276-HDUEG,-2.521060573278282,-2.280400732979637,0
3278-FSIXX,-2.709872964349442,-0.32218962682233004,0
3279-DYZQM,-0.10189199291861382,4.499430085085107,1
3280-MRDOF,0.03173852774627446,0.4686565680717181,0
3280-NMUVX,-0.6722957255656459,3.908807208671477,1
3282-ZISZV,0.7980290296528364,0.878511425018658,2
3283-WCWXT,-2.2333979261285566,3.271172065040101,1
3284-SVCRO,0.527056104229344,4.02514716666018,1
3285-UCQVC,-2.3600248149645435,0.8158044420729879,0
3292-PBZEJ,0.14718862986306958,-2.10905749990433,0
3295-YVUSR,-2.1147333990314374,-1.6880870665836862,0
3296-SILRA,-1.6357314257382554,-1.426734773468134,0
3298-QEICA,-0.17496793380878986,2.532944889561834,1
3301-LSLWQ,-0.6432281748929828,-1.4194322619605038,0
3301-VKTGC,3.1225073855953593,-1.3057815643845232,2
3307-TLCUD,-2.4107112104222383,0.5527194358954888,0
3308-DGHKL,-0.12725609332429705,2.3577843431310432,1
3308-JSGML,1.2846883913933698,1.2653884074227377,2
3308-MHOOC,-3.3780105690116673,1.8426800787005193,1
3312-UUMZW,1.161800110645303,-0.7350137071327502,2
3312-ZWLGF,-0.9149407082669359,-1.7829084577478833,0
3313-QKNKB,1.8207221627309855,-0.9076904564912784,2
3315-IKYZQ,-0.5368884273903741,1.6363926531249209,0
3315-TOTBP,-1.4239452495337621,-2.1741927041649984,0
3316-UWXUY,2.322240355755274,-0.9443989744538677,2
3317-HRTNN,-2.5223905132186077,-0.8570871625849588,0
3317-VLGQT,-0.5522582703008523,-1.6227711369211733,0
3318-ISQFQ,-2.9274019073881234,0.5599189384376463,1
3318-NMQXL,-1.7694811857834378,-2.9205854765618136,0
3318-OSATS,0.16255430721307307,-3.0131899247898044,0
3319-DWOEP,-1.1168480112400485,-2.870691343601676,0
3320-VEOYC,-0.6387516834160121,-2.6840431834417866,0
3323-CPBWR,-1.0803538351204796,-1.343743653300243,0
3324-OIRTO,4.514958186912509,-0.772392202644094,2
3325-FUYCG,0.9652194608213788,-1.9492127003798276,0
3327-YBAKM,3.2946628662384425,0.2469447382251087,2
3329-WDIOK,-2.01261467900147,-1.9839524207523032,0
3331-HQDTW,0.250761720942636,-2.8182464321300094,0
3334-CTHOL,-2.668870222912779,-1.4783324126889885,0
3336-JORSO,0.46493893947804876,-3.6894969908906288,0
3338-CVVEH,-1.0571636159362023,-1.6037198478347636,0
3339-EAQNV,3.2234341359133984,0.45745025713703014,2
3340-QBBFM,1.2699142566986015,1.7649370829738227,2
3345-JHUEO,-2.920588036578967,0.3783094433866107,1
3345-PBBFH,-1.4008017223007865,-0.6583223356658923,0
3346-BRMIS,-1.6313306879775258,-1.389298782117991,0
3347-YJZZE,0.05511101544650344,0.7216799771848863,0
3348-CFRNX,0.3123773314854496,-1.6730869477984474,0
3349-ANQNH,2.443770598163647,-1.1838841070775274,2
3351-NGXYI,-1.561111153101306,-0.8318473532072302,0
3351-NQLDI,3.6630502188418137,-0.09637648679166967,2
3352-ALMCK,0.8686081651429061,-1.493390313710662,0
3352-RICWQ,-2.2199580566977435,3.7109828761603816,1
3354-OADJP,-1.2439730751029097,-0.2908122132480918,0
3359-DSRKA,0.8944883464547392,4.5552826591355515,1
3363-DTIVD,4.883226704122445,-0.03719930279280613,2
3363-EWLGO,-3.124959794871931,1.9964803352333595,1
3365-SAIGS,-0.533307623039136,-1.9743067819568147,0
3370-GQEAL,0.5065636587707092,-1.0093383813794425,0
3370-HXOPH,-2.1152107100245243,-1.6675611002508384,0
3372-CDXFJ,-0.6398991872706438,3.0813855893754214,1
3372-KWFBM,-1.2443428004803783,-2.626434175615724,0
3373-DIUUN,-0.4832996166230863,4.129361605993537,1
3373-YZZYM,-2.355324673575902,3.3816196109527814,1
3374-LXDEV,-1.825245277246297,-2.650070004016145,0
3374-PZLXD,-2.170181601435549,2.195984918334278,1
3374-TTZTK,4.360674231299895,-1.328094497074653,2
3376-BMGFE,-2.1542031572721285,-2.759244793757879,0
3378-AJRAO,0.059049042782345205,2.5476381717336647,1
3384-CTMSF,2.8465711105320994,-1.7826870889211734,2
3387-PLKUI,-2.892002320613248,3.0067713860423972,1
3387-VATUS,-1.2143078223141772,-2.896713005939805,0
3389-KTRXV,-1.5492105908728762,3.968068991710907,1
3389-YGYAI,-0.2667003709600974,-2.934668911890363,0
3391-JSQEW,-0.3234789968229758,0.8218229794173372,0
3392-EHMNK,3.2678403232899975,1.5829609486040672,2
3393-FMZPV,-0.27987769092050824,-3.1141278357926154,0
3396-DKDEL,4.650040771826133,0.3729413252604532,2
3397-AVTKU,0.7525500439036213,0.27936241083132024,2
3398-FSHON,-0.7519999725261008,-2.8373749572210034,0
3398-GCPMU,3.3603492617789774,1.0864853455522845,2
3398-ZOUAA,-1.0403537875181301,-2.11608296830616,0
3399-BMLVW,1.4343354574596767,2.2357868146438125,2
3400-ESFUW,1.5615537519295544,0.26225215159711196,2
3401-URHDA,-0.08677072450942629,1.2744923420111296,2
3402-XRIUO,-0.16349338328081167,0.8828542097218531,0
3404-JNXAX,2.430565306923528,-0.5178438833377258,2
3407-JMJQQ,3.4171921431723056,-1.7983154709643845,2
3407-QGWLG,-3.3002484392239717,1.7642237888228516,1
3410-MHHUM,2.7692692204543956,0.07231789181707085,2
3410-YOQBQ,0.9306323692075046,1.0925328408679695,2
3411-WLRSQ,-1.416287459384293,-1.9144741754937198,0
3413-BMNZE,-2.522600675188516,-0.2736291119266375,0
3413-CSSTH,-1.0275186286256457,-0.671003517176514,0
3413-DHLPB,2.1746569170572134,-1.7952396229433556,2
3415-TAILE,-1.4115119214614933,-0.07966305292841429,0
3417-TSCIC,-1.439212701952938,1.3352202778253772,0
3419-SNJJD,2.441677893536283,-2.0793020495083985,2
3420-YJLQT,-1.9883700443266503,-1.742224500026207,0
3420-ZDBMA,-1.2652321179981723,-0.053758285953693884,0
3422-GALYP,-1.9348233318239463,-3.087378669680118,0
3422-LYEPQ,-1.951962917282222,-2.4319181654522937,0
3422-WJOYD,0.3480651073163414,1.7249707439612696,2
3423-HHXAO,-1.573903289367667,2.6328785549462785,1
3424-NMNBO,3.827438437935116,-1.9431144964774507,2
3426-NIYYL,-2.926754193373655,-1.039652204281557,0
3427-GGZZI,0.41855897903567646,-2.0942224909771423,0
3428-MMGUB,1.6258923801826475,-0.4821583975023285,2
3428-XZMAZ,-1.452308223747828,-2.468295881625131,0
3429-IFLEM,2.6966390514556804,1.4995730746388007,2
3439-GVUSX,-3.0353465288957207,0.702387706297387,0
3440-JPSCL,-1.3162167787806782,-2.8025488670049175,0
3441-CGZJH,0.6925122889909836,1.1872141143823718,2
3442-ZHHCC,1.7835950378857957,0.8069407554927996,2
3445-HXXGF,0.3653729095656779,-0.7206680019198078,0
3446-QDSZF,-3.0071494049548564,0.10865938885541841,0
3450-WXOAT,-0.6191097762361795,0.8444025353005578,0
3451-VAWLI,-0.5755396685863706,4.249047161910532,1
3452-ABWRL,1.7099869777403838,-0.19315389423243357,2
3452-FLHYD,-0.8042008633809681,1.9188874251607706,1
3452-GWUIN,1.641425716805222,-0.41998149113451716,2
3452-SRFEG,0.661706132693468,-1.227761616616863,0
3453-RTHJQ,-1.9295246180918133,-2.160816168148078,0
3454-JFUBC,0.3467677543017229,3.7034915422791026,1
3457-PQBYH,-0.15499886896532394,4.1640633246044905,1
3458-IDMFK,-1.3732632307129968,2.7514103975289532,1
3460-TJBWI,-1.0756939307728426,4.274583334594869,1
3462-BJQQA,-1.1788931533763949,-2.4412915348643165,0
3466-BYAVD,-0.9413565173126437,-0.19037391691069372,0
3466-RITXD,3.888769620267779e-05,-1.1712954700870837,0
3466-WAESX,-1.1901846005156271,-1.1105397315473786,0
3468-DRVQJ,0.23870468498319444,0.4248144733172768,0
3470-BTGQO,-1.8669938414941765,1.002273854397462,0
3470-OBUET,3.201033899468458,2.2900626339813495,2
3472-OAOOR,-1.6359581710501045,0.32178988272108466,0
3472-QPRCH,-0.18809257434578752,4.460721364412983,1
3473-XIIIT,-0.17342523976101368,-2.3409201270486064,0
3474-BAFSJ,1.5839645310580175,-0.3824624394967052,2
3481-JHUZH,2.115714990661828,-0.38951631427884975,2
3482-ABPKK,0.022472400304383255,0.754504951452522,0
3486-HOOGQ,3.0460519949391593,0.967318499923073,2
3486-KHMLI,-2.6800663961495395,2.34128762392999,1
3486-NPGST,-1.3754165469704656,3.2805869017171863,1
3487-EARAT,2.7596757700511128,1.5713591353984333,2
3488-PGMQJ,-1.6923460458414576,-2.4563597994610564,0
3489-HHPFY,-0.8835874607601795,-1.3713205136263122,0
3489-VSFRD,1.6023405423908024,1.1898720112287242,2
3494-JCHRQ,-2.1015841756725995,-2.4776650411123677,0
3496-LFSZU,-1.5974280668103853,-0.8000073802054852,0
3498-LZGQZ,0.5559276333564114,3.981501320084439,1
3500-NSDOA,1.7354842905113277,1.9847726206820087,2
3500-RMZLT,-0.8171351398606768,-2.4036603204747236,0
3503-TYDAY,1.8975367545494293,-0.4064956378267435,2
3506-LCJDC,-2.7946356821376495,1.1421032593667528,1
3506-OVLKD,-0.7872379378440156,1.8542718791693582,1
3507-GASNP,-0.22990489655110946,3.927956359403468,1
3508-CFVZL,5.4016851318989145,0.5005005591155105,2
3508-VLHCZ,5.652279037593727,2.4132536208461945,2
3509-GWQGF,0.012077937824110927,0.07275362353445655,0
3511-APPBJ,0.8414173303848336,-0.9937031300691758,2
3511-BFTJW,2.1070348945101722,3.0134239307418227,2
3512-IZIKN,3.713063359370195,1.9314425019760477,2
3518-FSTWG,3.518191398545999,-1.2210552128706043,2
3518-PZXZQ,-1.2315254819253179,-0.22582581076050348,0
3519-ZKXGG,-1.603598041067339,-2.6031468746668183,0
3520-FJGCV,4.0286300977193275,0.07651542551042931,2
3521-HTQTV,-1.6320370048707795,1.8846132398551394,1
3521-MNKLV,-0.6666449324014695,0.10612767859747892,0
3521-SYVOR,-0.6051156999468998,-2.2649774910071487,0
3522-CDKHF,0.17533036428813786,-1.8263507264766048,0
3523-BRGUW,-2.016433955875323,3.000755240968949,1
3523-QRQLL,1.0632158547804393,-1.0962190683092115,2
3524-WQDSG,1.2298867910335343,-2.0294070339763532,0
3525-DVKFN,-2.2918042571370996,2.9543074470119235,1
3528-HFRIQ,1.015480506410903,-0.1555906539907795,2
3530-CRZSB,-3.588901893908913,2.1305688365843203,1
3530-VWVGU,-1.7975623416982587,3.0765568487489725,1
3533-UVMOM,2.1099072274269073,0.7861219287624366,2
3536-IQCTX,0.37700151056938397,-1.9811878344695377,0
3537-HPKQT,1.1065262427479658,-0.6362311442317866,2
3537-RYBHH,2.001355198581493,1.1146717873131076,2
3538-WZPHD,-3.55874416360652,-1.5962474387230114,0
3540-RZJYU,-0.4863901698640274,-2.7898446152758716,0
3541-ZNUHK,1.3799595816577843,-1.3285009972969277,2
3544-FBCAS,2.6208274451366114,1.1864201846073432,2
3545-CNWRG,2.8517155863934804,-1.215211892802943,2
3546-GHEAE,-2.640999468222592,3.3675123088451313,1
3547-LQRIK,-0.8530424814694167,2.579765792707257,1
3549-ZTMNH,-1.8162733010878,1.503587716418831,1
3550-SAHFP,-0.08366176612616684,-2.531054992245319,0
3551-GAEGL,-1.1869691583484618,0.5808340873200826,0
3551-HUAZH,-2.5787931382756106,-2.789380169996747,0
3552-CTCYF,5.070932720287797,-0.4005141108187365,2
3556-BVQGL,-1.8718037841120891,3.0528675340962503,1
3557-HTYWR,1.43533985127478,1.4631081557157024,2
3563-SVYLG,3.6742144276333324,2.5926106854167936,2
3565-UNOCC,0.27325999142635243,-2.799467391015721,0
3566-CAAYU,2.0117434855776124,1.6130432031374975,2
3566-HJGPK,-3.610977043419182,-0.424460343021778,0
3566-VVORZ,-1.8873154786439834,-0.29402709588280773,0
3567-PQTSO,3.1443364471338016,-0.9983220988724889,2
3569-EDBPQ,-0.8984087530818419,-2.305679875056329,0
3569-JFODW,4.368714147872624,1.514481030897753,2
3569-VLDHH,3.6791315702049094,-0.09326649672383289,2
3570-YUEKJ,-1.152429791027433,-0.6220041033533162,0
3571-DPYUH,4.048610927267714,0.4644479703253971,2
3571-RFHAR,2.324088947064535,-2.8228007948815614,2
3572-UOLYZ,0.31417945409004133,-2.1705999127672944,0
3572-UUHRS,-0.918121299055257,2.0917533930214054,1
3577-AMVUX,-2.5492184287594344,0.18217203955874056,0
3580-GICBM,1.167517660617976,3.8481400681493616,1
3580-HYCSP,5.435543295068002,-0.2683015944303439,2
3580-REOAC,-2.033440989142308,-0.09674987499167344,0
3583-EKAPL,-1.719404196319269,-2.12137473442506,0
3583-KRKMD,-0.8233736148315403,-2.009645355628197,0
3584-WKTTW,4.0741890451343235,-1.7503902889419745,2
3585-ISXZP,-0.8668250146635417,-2.1306295703206635,0
3585-YNADK,1.228778574159048,0.2742713114405346,2
3587-PMCOY,0.2649427496899251,-2.20497371981171,0
3588-WSTTJ,0.5181828521163777,-2.4888478319644367,0
3589-PPVKW,-2.3824153983149228,0.09721459745418691,0
3590-TCXTB,-3.5710453671731703,2.133652366757789,1
3594-BDSOA,-1.1184135299125488,3.7189891436852895,1
3594-IVHJZ,-3.6516028820424755,1.35630769757712,1
3594-KADLU,-2.765281603757528,0.5120373432657886,0
3594-UVONA,0.23657791168295597,-0.7274500798566841,0
3597-MVHJT,-0.1551381735737267,-2.5131141918270874,0
3597-YASZG,5.16008027313064,-0.2707347685091611,2
3604-WLABM,-2.435836202936065,-0.9043916970963174,0
3605-JISKB,0.5439021792114748,1.5582343102270975,2
3606-SBKRY,-0.7036167182538262,-0.3204726885952459,0
3606-TWKGI,-1.4272925940397407,-2.6913045307242545,0
3612-YUNGG,3.163618313956633,0.2114522928236643,2
3612-YVGSJ,1.4692372943945968,4.23916106068977,1
3617-XLSGQ,3.8031299973097212,-0.5524718603632421,2
3620-EHIMZ,-0.40252374575041056,4.537368072169911,1
3620-MWJNE,-1.9656121551100854,-0.17737517544881332,0
3621-CEOVK,-0.05292804007943572,-2.965549856264012,0
3621-CHYVB,0.05597063701116806,-0.6924348779658827,0
3623-FQBOX,-2.66975656188479,1.964678132962214,1
3627-FCRDW,-2.009464811073133,-1.7024058410070277,0
3627-FHKBK,-2.522010390159797,-1.8719694515708676,0
3629-WEAAM,-1.8046027803736624,-0.49081395776041414,0
3629-ZNKXA,0.5822848696224969,-1.866496192054177,0
3633-CDBUW,0.6737103757849473,-0.6107837927042153,2
3635-JBPSG,-1.4615907518450364,1.0569729155583296,0
3635-QQRQD,-0.03784103844679346,3.3960993118629155,1
3638-DIMPH,-0.9037409483203176,0.7343696185918505,0
3638-VBZTA,2.1011363205382527,-0.5476063876476452,2
3638-WEABW,3.3804214521065234,1.3701980448425994,2
3639-XJHKQ,-1.3290657267292345,-1.1142100317347214,0
3640-JQGJG,-1.8445283108585004,-0.5320605652799019,0
3640-PHQXK,-0.8456837079685626,-2.793644902681782,0
3642-BYHDO,1.0682096424223084,3.6524467567982652,1
3642-GKTCT,2.5830145432455827,-0.6870682577740825,2
3643-AHCFP,-1.1268795965819398,-1.7379672399658073,0
3644-QXEHN,-0.027957027783386188,-1.8640439310490082,0
3645-DEYGF,-3.589334310444436,2.4290434383387076,1
3646-ITDGM,0.2592342996435149,2.797511019590282,1
3647-GMGDH,0.8099242153128596,-1.0574639232661882,0
3648-GZPHF,-0.8487923897622727,1.2812000416328833,0
3649-JPUGY,4.742899458743313,-0.12093212635101673,2
3653-NCRDJ,-0.26837593053841435,3.6958478206992926,1
3654-ARMGP,1.918848840979601,1.0940924445082811,2
3655-SNQYZ,5.28455725476736,1.2836002868881682,2
3656-TKRVZ,-1.7810501028379708,-1.3430393495708444,0
3657-COGMW,1.7391160582555216,-0.002391136207690979,2
3658-KIBGF,-1.8833872138344538,-2.286601749078926,0
3658-QQJYD,2.9024387455843437,0.7690081273452269,2
3662-FXJFO,-0.3692125033626808,3.5138745726789677,1
3663-MITLP,-0.4220960119137647,-2.978847874699856,0
3665-JATSN,-1.5480307232785557,-1.148212340403626,0
3668-QPYBK,-2.4937607269972566,-0.7684917600352131,0
3669-LVWZB,-2.2744347245484473,-1.194583731753249,0
3669-OYSJI,-3.059163134634485,-0.09125472887392845,0
3669-WHAFY,4.343202699848658,0.2602962201589354,2
3671-SHRSP,-2.2593619014926967,-1.6458021301001087,0
3672-YITQD,0.23293865588826793,-2.4306970241341532,0
3675-EQOZA,-3.2939745216288214,0.8370939582780966,1
3675-YDUPJ,-3.6316922770598086,1.6416949990736693,1
3677-IYRBF,-2.758213736274045,-1.4177731448565756,0
3677-TNKIO,-1.4367448943166974,-1.716980114321026,0
3678-MNGZX,1.6273058043996438,3.6138658561140025,1
3679-XASPY,-3.1160080069681246,1.236344996804796,1
3680-CTHUH,3.8775985444713634,-1.0572540086626037,2
3682-YEUWS,-2.4353897335961086,2.49517170462715,1
3683-QKIUE,-2.543819426052651,-1.6378726936336607,0
3685-YLCMQ,3.567036002212344,-1.712673399819043,2
3688-FTHLT,-1.330346076951726,-1.4474819332811348,0
3689-MOZGR,-1.7229606470004761,-0.7357310429371677,0
3692-JHONH,3.3102483390424715,-0.848159835409211,2
3694-DELSO,-1.7709185372108804,1.1290792355366546,0
3694-GLTJM,-3.25798981312269,1.2587360208458291,1
3696-DFHHB,-0.4969435439531128,2.7185297047645736,1
3696-XRIEN,1.8035530020121213,0.6536170013033482,2
3701-SFMUH,-1.2772940421467363,0.15109029431689122,0
3703-KBKZP,-0.35962782860846526,-0.5874480464067794,0
3703-TTEPD,-1.4020979132571016,-1.2364749976317193,0
3703-VAVCL,-0.9379469805458767,-1.0641803764637043,0
3704-IEAXF,1.8677418205722847,2.4148684295561544,2
3705-PSNGL,-0.37640127981451005,1.6274758313546867,1
3705-RHRFR,4.4810007303012815,-0.024914479173613,2
3707-GNWHM,-2.228062565936922,-2.077477270928454,0
3707-LRWZD,0.4790357922140211,-1.1086371009966012,0
3709-OIJEA,0.7501556283903933,-1.152664018225977,2
3712-PKXZA,-0.16537725132169487,3.365919761819574,1
3714-JTVOV,-0.23412190110385245,-1.215775264950026,0
3714-NTNFO,1.4809385806554947,-1.491688438905581,2
3714-XPXBW,0.172038527965801,-0.15401881462734024,0
3716-BDVDB,-2.1115044250792327,-2.833006134213948,0
3716-LRGXK,1.9333185283561731,-0.007726687134111442,2
3716-UVSPD,-2.429475055126256,-1.099696558331716,0
3717-FDJFU,-2.966774647008134,2.915867054852342,1
3717-LNXKW,0.15434056294934312,-1.3821524208622284,0
3717-OEAUQ,-3.141401624481801,-0.6490779724695886,0
3717-OFRTN,-3.9514424089681106,0.8703809801368815,1
3719-TDVQB,-0.2162773252592582,3.145860501665703,1
3720-DBRWL,2.6228083555965056,0.8627022481297729,2
3721-CNEYS,-1.7363386380498353,-2.606445975232115,0
3721-CNZHX,-2.2769484483530746,2.9772730340440976,1
3721-WKIIL,-2.1630975685351794,2.5463988420289643,1
3722-WPXTK,-1.320317205485689,-3.2589981274639266,0
3723-BFBGR,-0.6353462643913272,1.484961811367837,0
3724-BSCVH,-2.428772265876439,3.05360968231727,1
3724-UCSHY,-3.04713669826656,2.5359188412463185,1
3726-TBHQT,4.149668059528883,-1.5161797856926649,2
3727-JEZTU,-3.5817985052483916,2.185406168332364,1
3727-OVPRY,2.0521270883050424,4.283262771490691,1
3727-OWVYD,-0.1397225464654946,0.02530666726152974,0
3727-RJMEO,-0.9862133907303514,-2.4379225216385203,0
3729-OWRVL,3.899611244882968,-1.5768964594667942,2
3733-LSYCE,0.041889579924270996,-1.1524537293658752,0
3733-UOCWF,3.976678705972301,-0.4356999155460088,2
3733-ZEECP,-0.39228765667086757,0.01616117571785125,0
3736-BLEPA,0.25838619118923045,-1.4375824451119006,0
3737-GCSPV,-0.4456690736727802,-1.6423329440895507,0
3737-XBQDD,-0.795059658836218,-2.377608967941155,0
3739-YBWAB,-0.8929014912183572,1.6889753045720008,1
3740-RLMVT,3.9470983600600453,0.7405473477309876,2
3744-ZBHON,-3.057337062797018,1.1152551777512973,1
3744-ZRRDZ,-1.2798442467011157,-3.1033322008837545,0
3745-HRPHI,0.7122901775612613,1.1357925379382579,2
3746-EUBYR,-1.6284354589050332,-2.4600647914987346,0
3748-FVMZZ,-2.4793111971002353,-0.9961356122164103,0
3750-CKVKH,-2.321080814099377,-2.3868025746528634,0
3750-RNQKR,-3.093557515596904,2.2153250298146134,1
3750-YHRYO,-2.5332725609321605,2.799275381257676,1
3751-KTZEL,-3.768848447302047,-0.7097712612291006,0
3752-CQSJI,-2.6292352804697896,1.8900461494645466,1
3753-TSEMP,-0.6147375650925544,-2.7718700919592543,0
3754-DXMRT,-1.9608547224862085,-1.4321810468901444,0
3755-JBMNH,-0.7343209242102291,-2.2313222577127227,0
3756-VNWDH,3.411652794106611,-0.9017813187898227,2
3757-NJYBX,0.3430843200540585,-2.087551517971699,0
3758-CKOQL,4.391857537875526,0.1546945426247742,2
3761-FLYZI,4.6729133977987996,-0.300021886637074,2
3763-GCZHZ,4.25329600379466,-1.8501151070534039,2
3764-MNMOI,-0.6234786420138128,3.626742779832715,1
3765-JXVKY,-1.703920147520457,-3.4807835086159353,0
3766-EJLFL,4.185647114819836,-0.8508236945583565,2
3768-NLUBH,2.6700816078872442,-1.630357981622418,2
3768-VHXQO,0.604405409879465,4.6895697187523995,1
3769-MHZNV,-0.8947038881667275,3.9425141349565416,1
3771-PZOBW,-1.1490430034476096,-1.3380340509604982,0
3774-VBNXY,0.5184003827179091,4.391187979500566,1
3776-EKTKM,-2.372810618624497,-1.2286789672181777,0
3777-XROBG,0.7448029469512664,4.504290509814436,1
3778-FOAQW,-1.490249090181589,3.0766370989836505,1
3779-OSWCF,2.9616259773674516,1.4320116817007016,2
3780-DDGSE,1.5665491097805724,0.102204581372526,2
3780-YVMFA,-0.9997970101322207,-1.3103442806422423,0
3785-KTYSH,-0.35506071315244586,3.9160058195845875,1
3785-NRHYR,-3.696727691410372,1.8139072450121665,1
3786-WOVKF,4.226183570535501,-0.8774853659458698,2
3787-TRIAL,-1.493710881116247,1.118067601347246,0
3791-LGQCY,1.9476085309676356,-2.062291165387086,2
3793-MMFUH,-1.1164818165197268,-3.3624083716211,0
3794-NFNCH,-0.2608889198203976,1.108077113992806,0
3795-CAWEX,6.267447837722688,0.34635076219443606,2
3795-GWTRD,1.9479072473425931,1.7366486219754533,2
3796-ENZGF,3.50157557587916,1.8734555486894582,2
3797-FKOGQ,-1.480460274293286,-1.1845410567225885,0
3797-VTIDR,-2.7531809433100367,-0.882203977477959,0
3798-EPWRR,-2.865514387792206,-0.7219493762859475,0
3799-ISUZQ,-0.8237078398078039,-1.5503498199564305,0
3800-LYTRK,-0.7314386463906666,1.0204938150808394,0
3801-HMYNL,-1.6708511969623079,-1.6825354545878624,0
3803-KMQFW,-2.914107035418852,2.506524873819799,1
3804-RVTGV,3.202941065321822,-1.928049606169572,2
3806-DXQOM,-3.324111554299376,-1.4797095612291586,0
3806-YAZOV,-4.215256225443477,1.756663958670021,1
3807-BPOMJ,3.504488863252034,-0.6557947777044625,2
3807-XHCJH,-2.8976294211380584,1.8923629990900184,1
3808-HFKDE,-2.415226436480197,-0.8875139917330145,0
3810-DVDQQ,6.169510067539079,-0.6938303652227967,2
3810-PJUHR,1.0497451422362416,4.443208235586025,1
3811-VBYBZ,-1.1895735752560839,-3.227160460873818,0
3812-LRZIR,-0.9532024379393043,2.3874375030263826,1
3813-DHBBB,1.8115249209708295,0.9878864212369557,2
3814-MLAXC,-1.1410124753721507,-1.5793785300457999,0
3815-SLMEF,-3.7643429878715393,-0.9521456034410698,0
3823-KYNQY,-2.4602006932629754,2.944848495930694,1
3824-RHKVR,-3.2665716830959246,2.2294813341456328,1
3831-YCPUO,4.684974615406576,0.26765331244650115,2
3834-XUIFC,-2.0608862637601635,-2.0901894406044854,0
3836-FZSDJ,0.7967215410045133,3.0276016824116887,1
3838-OZURD,2.2089666268779045,-1.7871834189693387,2
3841-CONLJ,-1.735178126877943,0.19656732793488135,0
3841-NFECX,4.45613413529243,0.7144697257995437,2
3842-IYKUE,0.24862476997715113,-1.4021409920374905,0
3842-QTGDL,0.05972181513489148,-1.4515949714693965,0
3845-FXCYS,-3.0652100867222463,0.7087653791065192,1
3845-JHAMY,-1.9979973742733375,0.6017105637750763,0
3847-BAERP,-3.003306557644284,1.9584985673087365,1
3850-OKINF,3.1002466156854274,0.6585416236041659,2
3853-LYGAM,-0.637551771273367,-2.5042580012277322,0
3855-ONCAR,0.008847439889603055,-0.08780943229884422,0
3858-VOBET,-0.9396906380396026,-1.2106907771884854,0
3858-XHYJO,2.8580617782927806,-1.1426404322404324,2
3859-CVCET,-2.978397901128985,-0.5100822188243149,0
3863-IUBJR,-1.0014264223274854,0.7912615628338954,0
3863-QSTYI,0.3237628442300944,-1.201450605191201,0
3865-QBWSJ,1.2111192156476513,0.1879013296100968,2
3865-YIOTT,3.3277048118586303,-1.2896348032229756,2
3865-ZFZIB,-1.7876214334937248,3.648562049876727,1
3865-ZYKAD,1.6225461746770735,-0.41146179350035594,2
3866-MDTUB,-1.8232338452023171,-2.242450258610985,0
3870-MQAMG,2.8723539817661545,-1.9180818539621622,2
3870-SPZSI,5.351307030707216,0.977400950326379,2
3871-IKPYH,-2.2726355282803903,-1.831241384553294,0
3873-NFTGI,-2.2259779797295596,-0.08834735479086633,0
3873-WOSBC,0.5146261535046648,3.9566300381993567,1
3874-EQOEP,-2.3297346868197284,-0.5409018304037895,0
3877-JRJIP,-2.15609666842529,-1.7886530427548455,0
3878-AVSOQ,-0.9044112518296203,-0.7359591032931915,0
3882-IYOIJ,4.778910273337794,0.9199742406593451,2
3884-HCSWG,-1.4904805553266576,-2.56715295666203,0
3884-UEBXB,0.8005177231053772,1.63641250224263,2
3886-CERTZ,3.865881033190424,-1.8802640433296682,2
3887-PBQAO,0.2056059802215127,3.312380890308156,1
3889-VWBID,3.2180270675069105,0.6613014949709508,2
3890-RTCMS,-1.3527156125394235,-0.1897708836802373,0
3891-NLXJB,-0.40068797596909556,0.6220953100604012,0
3891-PUQOD,-1.8551873004002046,-0.9949474414155254,0
3892-NXAZG,4.570966928755369,0.3939218102361097,2
3893-JRNFS,-0.3267655504491441,-0.7726679823453048,0
3896-RCYYE,-0.21505032722921824,0.43598772491269727,0
3896-ZVNET,-0.9988561439736352,3.8543853138453916,1
3898-BSJYF,-0.9853437619717071,0.5524893008805299,0
3898-GUYTS,1.4482183334385497,-1.3986325451039703,2
3900-AQPHZ,-3.6993151239893063,1.2534870803484814,1
3902-FOIGH,-0.12346843983210744,-2.796822072382535,0
3902-MIVLE,2.3575780746722326,1.7912394446975248,2
3904-UKFRE,-1.8201897972302448,-3.3024874736787915,0
3908-BLSYF,-1.3627377881516298,-2.562167153580606,0
3908-MKIMJ,1.3750454197527875,0.730646162372965,2
3910-MRQOY,0.41926795976178216,3.203591894314928,1
3911-RSNHI,2.3262109854754023,1.6688891958102179,2
3913-FCUUW,3.1138419585985084,0.8993573646761753,2
3913-RDSJZ,1.570550667035692,4.541338125120426,1
3914-FDRHP,-0.6452353492100406,-1.8801663936982838,0
3915-ODIYG,1.0044970678674712,-0.7352203694806295,2
3916-NRPAP,-1.6389439874212042,-0.8386877339966902,0
3920-HIHMQ,-1.3812001932055216,0.4086240612526909,0
3923-CSIHK,-0.14799485290245143,-0.9493900092366466,0
3926-CUQZX,-2.540603055141193,-1.7420924328949132,0
3926-YZVVX,-0.7454379532380917,0.4616399919882968,0
3927-NLNRY,2.574858959593404,-1.094806594685496,2
3930-ZGWVE,-3.8051649204860203,1.7495953114027907,1
3932-CMDTD,0.46966882853434694,-2.8216009973368954,0
3932-IJWDZ,1.2659715806068796,-2.1948839857222504,2
3933-DQPWX,-0.5309616032317563,1.885287842025945,1
3934-HXCFZ,-0.03732801382259662,-2.6453490179828796,0
3935-TBRZZ,-0.2783715605386737,3.6720897512401476,1
3936-QQFLL,-3.5707145079880647,2.0070324031041795,1
3938-YFPXD,3.6832627641992945,1.6733033892639402,2
3941-XTSKM,0.15214753991040253,1.4169002355626639,2
3943-KDREE,-1.2260368908644153,-2.3130092194474585,0
3945-GFWQL,-2.348877561153339,-0.7198993487527047,0
3946-JEWRQ,2.27170610906028,-0.43403545117771447,2
3946-MHCZW,-3.1069601355703713,-0.2803930386330726,0
3948-FVVRP,-1.3347329501300014,0.9656230795122297,0
3948-KXDUF,1.7204279158012048,0.5557636311941851,2
3948-XHGNA,-1.4942156513081426,-1.5001374693097649,0
3950-VPYJB,1.6372314362970692,1.8803016618425434,2
3951-NJCVI,2.533626437069923,-0.7886872815315161,2
3955-JBZZM,-1.198169589959628,-1.919721115771144,0
3956-CJUST,-0.2851651004072349,-1.5599724348040729,0
3956-MGXOG,-0.3631045140613672,-1.8439193882200084,0
3957-HHLMR,3.194656690619781,1.011421779465688,2
3957-LXOLK,0.04704461794487175,-3.4150195899465623,0
3957-SQXML,-0.1772940738141752,3.939008159447822,1
3961-SXAXY,-2.5528249698450978,-0.8668655883082821,0
3963-RYFNS,5.965823277263716,-1.2264235663070768,2
3966-HRMZA,-1.6995646622212535,-0.12212085305702772,0
3967-KXAPS,3.6178355834598794,2.175708706922107,2
3967-VQOGC,0.5488172563386731,4.015120505080436,1
3969-GYXEL,-1.2315816999308362,-1.61173260517299,0
3969-JQABI,1.1820355257507322,-0.016483765317886246,2
3970-XGJDU,-0.3436552414972367,3.2562224644963225,1
3973-SKMLN,-0.12025949744166996,3.1148872224311868,1
3976-BWUCK,0.1118469630595732,-1.2362079533269772,0
3976-HXHCE,0.9460617796737365,2.8407827109439956,1
3976-NLDEZ,-3.9494811708166253,1.6144135410438143,1
3977-QCRSL,-3.893760499826734,1.9336501981522634,1
3978-YNKDD,-1.8115401670938978,3.4587412068624657,1
3981-QSVQI,-3.273064057272342,0.44123506370981197,1
3982-DQLUS,2.8019191231979743,-0.236006381643018,2
3982-JGSFD,-1.8160214843926235,2.782827814152709,1
3982-XWFZQ,-0.10564110506105177,-0.7776235841533022,0
3985-HOYPM,-2.228677573394341,3.0734197486676433,1
3987-KQDDU,-1.4612312971233632,-1.6899852117708325,0
3988-RQIXO,-1.4845643898865002,-2.76883989789615,0
3990-QYKBE,1.333297505110066,-2.3209030820141825,0
3992-YWPKO,-1.091515898194313,-2.6142746188856316,0
3995-WFCSM,-1.6477399723680846,-1.25760638968242,0
3996-ZNWYK,1.094941105119656,4.449325956037993,1
3999-QGRJH,-1.893833256074611,-2.7732601914838373,0
3999-WRNGR,0.4100594341947627,-0.4906872825948063,0
4000-VGMQP,0.7155341620579471,1.4956593085478347,2
4001-TSBTV,3.3454305680123286,-1.0238087175759891,2
4002-BQWPQ,-0.1312736427234223,-1.4752261015405033,0
4003-FUSHP,-1.1951054196038846,-0.2013650444592815,0
4003-OCTMP,1.4041495252629512,0.21754148959832093,2
4006-HKYHO,2.994293505936085,-0.6793807869513085,2
4007-NHVHI,3.2386576967987377,-1.1869336643915234,2
4009-ALQFH,0.7330429602963676,-2.4781519740617624,0
4010-YLMVT,2.1759546362257365,-1.3461404106314814,2
4011-ARPHK,-1.2753889792801996,0.3885376345421674,0
4012-YCFAI,2.099778748060399,1.7332489393545956,2
4012-ZTHBR,-0.8504982648531362,0.2918340285144747,0
4013-GUXND,-3.8813871901838475,1.7704920508169188,1
4013-TLDHQ,-1.2627384996520388,-2.926598940593525,0
4013-UBXWQ,-1.5959187615694193,-2.0353735330869664,0
4016-BJKTZ,1.5876502353548922,-1.4477496046723841,2
4018-KJYUY,-2.9673760053479987,2.6561230695446634,1
4018-PPNDW,0.8612660165205888,4.134811574406095,1
4020-KIUDI,-3.061666584691278,2.8590001023243374,1
4021-RQSNY,0.8333477227116071,-2.5096821780093226,0
4023-RTIQM,-0.05990383053021092,1.0261230475810634,0
4024-CSNBY,3.62321784101533,-0.3359224045380152,2
4026-SKKHW,-2.5848734915091596,-0.34717291612546786,0
4029-HPFVY,-1.949017940727808,-0.9260984925045045,0
4030-VPZBD,-2.880013954807805,-1.2528050253185854,0
4032-RMHCI,-0.16935012728831625,2.4320061996909472,1
4039-HEUNW,0.5567544746714396,-2.165136416832091,0
4039-PIMHX,0.1276982091558647,2.053438176092697,1
4043-MKDTV,6.002153702199218,0.3210348375896315,2
4049-ZPALD,4.672469724758397,-0.12310876284079118,2
4054-CUMIA,-2.0970864373670404,2.5824525034332124,1
4056-QHXHZ,3.962645879806383,1.3379197260952678,2
4057-FKCZK,2.353844428811686,0.24484458130830664,2
4059-IIEBK,-1.2890249179129591,-2.340767034896429,0
4060-LDNLU,-0.6578755630374306,-2.0158948765518234,0
4061-UKJWL,-2.6553336428636847,0.8159825954227525,0
4062-HBMOS,1.3740717333507764,-2.2535300302793835,2
4063-EIKNQ,-2.563064402279838,1.4890395071110514,1
4065-JJAVA,-2.280077038478393,-0.4374588950522551,0
4067-HLYQI,0.15291055924001085,-1.6298166315937423,0
4070-OKWVH,1.8000893182657856,-1.717839003985902,2
4072-IPYLT,-0.9928090165498875,1.211200056191109,0
4074-SJFFA,-2.873060629817867,-0.7384057806336248,0
4075-JFPGR,2.917178350683244,-1.2859134086703001,2
4075-WKNIU,-0.42289615824479226,1.4447584348915656,0
4077-CROMM,0.6086681345373828,-2.732705420932907,0
4077-HWUYD,4.77338033619259,0.2490683962239633,2
4078-SAYYN,-0.6285854427666266,-3.2307209308592437,0
4079-ULGFR,-3.692475223032606,1.9790413722727986,1
4079-VTGLK,1.7180955248945695,1.1831224170660848,2
4079-WWQQQ,1.194309442944118,-0.15837640930009408,2
4080-IIARD,-1.1698182657814473,-1.2870503277205303,0
4080-OGPJL,-2.0778888576447834,-2.0387838495683255,0
4081-DYXAV,-0.9999957175202188,0.49412250221309567,0
4083-BFNYK,2.3327929705264427,0.16741631375271443,2
4083-EUGRJ,-3.6295689637801885,1.480783323615448,1
4086-ATNFV,1.1852563311954976,1.1930168092798084,2
4086-WITJG,1.163249615169526,5.034841545335919,1
4086-YQSNZ,-1.8720618165856295,-2.6098043540306013,0
4088-YLDSU,2.866193775155521,-2.3352432117442543,2
4090-KPJIP,-2.4640393323069687,-2.0044958412959812,0
4091-TVOCN,0.3878244285931939,0.22454439727019138,2
4092-OFQZS,-1.195573367825721,3.482799071907178,1
4094-NSEDU,-0.5451446113479775,-2.714552456850529,0
4097-YODCF,1.073808947902265,-1.6255686446562174,2
4098-NAUKP,3.7032539549574066,-0.0621591130437754,2
4102-HLENU,2.207043224141709,2.0268923717886587,2
4102-OQUPX,-1.1766454922549425,-2.0466168935828297,0
4104-PVRPS,-1.5387715704207383,0.29180227798593633,0
4106-HADHQ,1.0833507543124006,0.5070263382749384,2
4109-CYRBD,0.476746352387627,0.51921915026549,2
4110-PFEUZ,-2.9637551887207882,-1.3710335867322971,0
4111-BNXIF,1.5420818857439178,0.04604184333464981,2
4112-LUEIZ,-1.3969082696350248,-2.544961637614321,0
4114-QMKVN,2.118208350067071,0.12125958437152999,2
4115-BNPJY,1.5682266633151243,2.1333459752759745,2
4115-NZRKS,-0.6019094667607592,-1.7121621842281947,0
4115-UMJFQ,-0.033597833994430226,0.2685478140601162,0
4116-IQRFR,-2.5697263049203394,2.8928324824367797,1
4116-TZAQJ,-1.1446206725378163,-2.0814619031967556,0
4118-CEVPF,1.761390921808149,-2.66041638502548,2
4119-ZYPZY,3.893454560837637,-1.2105776377505733,2
4121-AGSIN,0.7435740435765076,3.578705132648478,1
4123-DVHPH,-0.6083469427042497,-2.3391739317820766,0
4123-FCVCB,-0.09984676750846418,0.17697355868697429,0
4124-MMETB,-0.2955367211180402,-1.6850734796332199,0
4128-ETESU,0.9775510569168778,-1.9117341057715593,0
4129-LYCOI,2.8103662839023005,-1.6130585241166584,2
4130-MZLCC,-2.149479476137141,-0.9977191883593982,0
4132-KALRO,-1.7137890835270317,-1.5182532236592228,0
4132-POCZS,-0.39592505124083216,-0.576146905347567,0
4134-BSXLX,-0.5724734172368303,0.32453656296768923,0
4135-FRWKJ,2.0658530970979267,0.19741070541462263,2
4137-BTIKL,-1.9063222492011345,-1.4542746147986914,0
4137-JOPHL,2.737133677738626,-0.974734765994205,2
4138-NAXED,0.7100136548307074,-1.3085331483269238,0
4139-DETXS,1.9487503394083934,0.7798409270321405,2
4139-JPIAM,-0.9932465992616737,0.5536235202706908,0
4139-SUGLD,-1.7903725318003187,-0.22062563013305012,0
4140-MUHUG,-1.5079241161092631,-2.931008428197685,0
4140-WJAWW,-3.6573052265330945,1.39922774569451,1
4143-HHPMK,1.9310355218509572,-1.9813665280103243,2
4143-OOBWZ,-2.0384157324176733,-2.8982768778135797,0
4145-UQXUQ,-1.1840951078526096,-3.2581102459537803,0
4146-SVFUD,-2.8204025597264595,0.4567637023640338,0
4154-AQUGT,-1.0749713981646623,-2.7809545596225678,0
4159-NAAIX,3.1587037261906756,-0.860038818821284,2
4160-AMJTL,-2.892616324221245,0.5773690366311384,1
4163-HFTUK,-0.3784634856688546,2.386494139990992,1
4163-KIUHY,-1.8259198343262149,0.8056969032528183,1
4163-NCJAK,0.5618992572429169,2.3493921323407574,1
4174-LPGTI,1.0866004168001695,-0.5264196197160211,2
4176-FXYBO,4.202920973200435,-1.0022652043848543,2
4176-RELJR,-0.3882808724183102,3.4027269256427455,1
4177-JPDFU,-3.0960321791263934,0.5549262659020011,0
4178-EGMON,2.888589959095264,0.47526450703675116,2
4182-BGSIQ,-2.5734221467372227,0.9729533397733716,1
4183-MYFRB,-0.4095964810047724,-3.0298774421950574,0
4183-WCSEP,-0.38084594661445276,-2.672925930576611,0
4184-TJFAN,-1.8591320963879299,-2.2535782838645795,0
4184-VODJZ,4.386500801675727,-0.29550334909262427,2
4186-ZBUEW,0.3303854752727915,0.2953357118536121,0
4187-CINZD,0.46004736676381613,-0.6528699073366168,0
4188-FRABG,2.672317697009038,-1.6766721224868384,2
4188-PCPIG,3.37707144047832,1.4906211556686846,2
4189-NAKJS,-0.7938380944095264,0.3394474913472423,0
4190-MFLUW,-1.0036107038649116,-0.002705801389117622,0
4191-XOVOM,2.6547636693530046,-2.3230694816026936,2
4192-GORJT,-0.3521362289606654,-2.943346678096766,0
4193-IBKSW,2.038006223379866,3.473162225963763,1
4193-ORFCL,-3.546130451071636,-0.42417293235692044,0
4194-FJARJ,1.5441660912610349,1.0189337791198798,2
4194-WHFCB,3.356547065422669,-1.3104642630466496,2
4195-NZGTA,-2.787890371520423,0.10851531529807337,0
4195-PNGZS,1.0905920070919637,3.8030981900215943,1
4195-SMMNX,-3.542394136590335,1.2769724515905452,1
4198-VFOEA,-2.193683239646347,0.3170448617089776,0
4199-QHJNM,5.827887073510402,0.2994834328183374,2
4201-JMNGR,-2.3797224352562427,-2.213937554812868,0
4203-QGNZA,-2.3394461366031596,3.06751340812775,1
4208-UFFGW,-2.926667747643239,0.006102163065004918,0
4210-QFJMF,-1.6348771023607513,-3.061512282779635,0
4211-MMAZN,-4.625372867709629,0.7323983088530954,1
4213-HKBJO,-1.215725281542459,3.2791244395712096,1
4220-TINQT,2.879600391352559,-1.730174408524341,2
4223-BKEOR,-1.1234896084805233,0.29198952172659526,0
4223-WOZCM,-2.012634415398088,1.1902821671921067,0
4226-KKDON,-1.939651664703427,-1.7352813373597469,0
4227-OJHAL,2.4658840613037554,1.7629173797343645,2
4228-ZGYUW,-2.0138771079087534,-2.884858680611809,0
4229-CZMLL,-1.9037552088642224,-2.5688172195493806,0
4231-LZUYM,0.4161815945705463,3.299626739092069,1
4232-JGKIY,-3.5211282424098593,0.9822916190873638,1
4234-XTNEA,-0.9731426752082626,-2.3786293360102526,0
4236-UJPWO,-3.2730254119349396,-0.08074321575120087,0
4236-XPXAV,-1.23610603683147,-2.3370502939211835,0
4237-CLSMM,-2.5705228135787594,2.4782377189929035,1
4237-RLAQD,-2.7317971428265757,-0.48113380969775266,0
4238-HFHSN,2.672223260733466,-0.47203015424918526,2
4238-JSSWH,2.143510765928506,-0.3841256105639486,2
4248-HCETZ,-0.7682460840101426,-1.0670212757984396,0
4248-QPAVC,-0.6930650103540348,-2.6402202114834408,0
4250-FDVOU,-2.625862699781297,-1.6250133524441495,0
4250-WAROZ,2.8613652739034077,-1.0219895294849906,2
4250-ZBWLV,3.8042058332503252,-1.526191671730348,2
4254-QPEDE,1.1739132473827758,1.4287993132136116,2
4255-DDUOU,-3.825230055646952,0.9278906747268927,1
4256-ZWTZI,-2.163682141944214,-0.03129722335064004,0
4257-GAESD,-3.029712542043544,0.020484505789345273,0
4273-MBHYA,-1.6300344938516058,-2.6069853039170936,0
4274-DRSQT,2.660411383348027,-0.6460047122378508,2
4274-OWWYO,-1.613802701984221,-2.213566692120251,0
4277-BWBML,0.18700490784416038,3.032757857483587,1
4277-PVRAN,-1.2560535675210398,-2.5379858867392198,0
4277-UDIEF,0.39201954894320434,-0.6801409231434709,0
4280-DLSHD,-1.5935635409106879,0.2956611550424734,0
4282-ACRXS,-1.615531009173655,-0.5766531859824671,0
4282-MSACW,3.4477200521187212,-0.7168696064414833,2
4282-YMKNA,-2.030254911618004,-2.5844421759728498,0
4283-FUTGF,-1.1026320848336326,-2.345294988194208,0
4283-IVYCI,-2.402379803244609,-0.3906145683569798,0
4285-GYRQC,-1.1675329598171669,-2.882389385774938,0
4289-DTDKW,0.7983782392979877,-1.8542529653033228,0
4290-BSXUX,-0.9329725280346288,-2.3847231676716807,0
4291-HPAXL,-3.237578716046833,2.1267156934313856,1
4291-HYEBC,-0.5676508225462462,0.24424598039820197,0
4291-SHSBH,-2.0410688922895677,-2.6183745785649273,0
4291-TPNFG,4.497961138831779,-0.05794494474809396,2
4291-YZODP,-2.631836207224843,3.20429741182574,1
4293-ETKAP,2.6820717362183544,0.7727448137924077,2
4295-YURET,2.7110433825847027,1.6854673023236961,2
4298-OYIFC,0.6005407824696452,-2.343303404750377,0
4299-OPXEJ,-0.06652809507790085,2.4079985029411777,1
4299-SIMNS,-1.6749051016327043,-2.2669770758400105,0
4301-VVZKA,-0.31737094624825296,-1.5349252678481207,0
4302-ZYFEL,1.5961909717534177,4.3901337143969705,1
4304-TSPVK,5.2078957922582285,-0.18608455516155595,2
4304-XUMGI,2.7883523451699035,0.545358430008184,2
4307-KTUMW,2.4858949977853424,-2.213504462767223,2
4307-KWMXE,-2.9731561890620317,-0.7859749524184759,0
4310-KEDTB,-2.2811277693999186,0.6007735653917182,0
4311-QTTAI,-2.261992917270943,2.9566597994740387,1
4312-GVYNH,1.6626138803675043,0.5676289796570515,2
4312-KFRXN,1.7635136352382503,4.249402095946969,1
4315-MURBD,-0.5000126766579409,-2.630431720213782,0
4316-XCSLJ,-1.2973860933709354,0.09853995540480483,0
4317-VTEOA,-2.518631501613344,-1.6041283544452953,0
4318-RAJVY,-2.386762044495057,2.197362034731866,1
4320-QMLLA,-2.8188624666408395,-0.2519123676914887,0
4322-RCYMT,3.6301491795091887,-0.094511930795259,2
4323-ELYYB,-1.4708560847433694,3.6550296108409617,1
4323-OHFOW,3.7700760936877455,-1.2119482726300659,2
4323-SADQS,-1.6698415779067386,-0.43568055723965865,0
4324-AHJKS,-1.9435218562145438,0.3632006860614798,0
4324-BZCKL,-1.1533547375116089,0.572913781886455,0
4325-NFSKC,-1.1889295862632148,-3.179331175693657,0
4328-VUFWD,-0.01213740240084449,0.17105605566455012,0
4329-YPDDQ,-0.21377756354442362,-3.223211362576955,0
4332-MUOEZ,0.4371334453144707,-0.1638774338879706,0
4334-HOWRP,1.999144057222849,1.4300211902373288,2
4335-BSMJS,-0.6747179292738389,2.8998431108920313,1
4335-UPJSI,-2.118185074392452,2.7947280824406935,1
4338-EYCER,-0.8341175643636218,-0.12091077812640504,0
4342-HENTK,-2.2253918304778524,-2.8771166529158916,0
4342-HFXWS,2.5506822483551614,0.8045470846325357,2
4343-EJVQB,-2.1540946278568627,-0.6840919081216233,0
4349-GFQHK,-2.635758216274261,-1.3772226082779828,0
4350-ZTLPI,3.0673876388627885,-1.3671421670741088,2
4351-QLCSU,-2.3736830684527845,-0.7681819621198639,0
4353-HYOJD,-0.43479564367933193,1.7637991326182019,0
4355-CVPVS,2.0279208890371625,-0.1485880145766477,2
4355-HBJHH,3.1053017924813693,-0.34261753914596044,2
4359-INNWN,-2.6660216934082723,2.8292672044757206,1
4360-PNRQB,-1.3655621371797764,-1.9268607297173546,0
4360-QRAVE,-0.949777792162463,0.711608811750908,0
4361-BKAXE,1.546065978055375,-3.6504970800242527,2
4361-FEBGN,-0.6277698583386672,3.833720726426143,1
4361-JEIVL,-2.5751709492057344,-1.2539428905637229,0
4365-MSDYN,-1.9663518609509971,1.4418022622036948,1
4366-CTOUZ,1.8626199025111463,-0.0477472230922425,2
4367-NHWMM,-2.8437573670405616,0.5925709707525127,0
4367-NUYAO,-1.2342582273778087,4.083573311682939,1
4369-HTUIF,-1.4184536932893304,-3.1091498419717354,0
4369-NYSCF,2.1454439832501913,-0.5744791527774052,2
4373-MAVJG,-0.6164989689167145,-2.491041623898958,0
4373-VVHQL,-2.7551322518078627,-1.074612483349502,0
4374-YMUSQ,1.3475258694980734,-0.8682355046340744,2
4376-KFVRS,5.296529255050875,0.461336356072588,2
4377-VDHYI,2.1388113322952242,-1.2307417028532612,2
4378-BZYFP,-2.4557467798790102,1.79493263942525,1
4378-MYPGO,4.377466242389736,-0.6119624570474772,2
4381-MHQDC,1.2218963408526242,1.2631171398092473,2
4385-GZQXV,-1.1441046958354788,-3.209808784146582,0
4385-ZKVNW,1.4649566429876384,-0.3643400790953255,2
4389-UEFCZ,3.492377178744262,-1.6197940424718813,2
4390-KYULV,-3.341862194470687,1.0126194235515618,1
4391-LNRXK,0.14892433733008323,-2.2989609933052755,0
4391-RESHN,-0.4194065059913693,-1.9895936652365211,0
4393-GEADV,5.453335364523757,0.6969557253208797,2
4393-OBCRR,-3.1425043861524844,2.173552560785406,1
4393-RYCRE,2.4303356271012766,-2.0937527490995707,2
4395-PZMSN,-0.9028085773772477,-1.7241090268872494,0
4396-KLSEH,-3.409239593691863,0.644403200206245,1
4397-FRLTA,-3.598654128974834,1.9347702136058513,1
4398-HSCJH,-2.7436786207392627,-2.3533166665631806,0
4402-FTBXC,0.8466466913255193,-0.7105309601264812,2
4403-BWPAY,-1.9349587335747962,2.4266399733932964,1
4404-HIBDJ,-0.44345187696801314,0.15527665418509876,0
4412-YLTKF,-1.0628086283084317,-2.51889663865405,0
4415-IJZTP,-2.282434506885953,-2.7991714434118733,0
4415-WNGVR,0.48002969921366306,-0.6787610961114277,0
4418-LZMSV,-0.15873250813090917,-0.3156319477462024,0
4419-UJMUS,3.127740292001895,-0.7116160461065045,2
4422-QVIJA,-0.9111880516147131,0.38393767546277635,0
4423-JWZJN,4.315390411895247,1.5494125983657192,2
4423-YLHDV,0.7218983565772419,-3.225501763153799,0
4424-TKOPW,-1.2910804056981744,-3.0728221373630453,0
4425-OWHWB,-1.9064478099483906,2.8283252712151588,1
4429-WYGFR,-1.2910694731081425,-0.3042110961297561,0
4430-UZIPO,-3.2752276100251057,-0.9836341996311415,0
4430-YHXGG,-3.6246103391607876,1.9618461313747202,1
4431-EDMIQ,-0.24526814788194073,-1.169363566614297,0
4432-ADRLB,-3.1460134430713316,-0.17848318812786743,0
4433-JCGCG,0.8130003368342789,-2.7884380224706624,0
4439-JMPMT,-1.7024024234090784,-2.944412882807461,0
4439-YRNVD,-2.360421527032319,-0.5369951469517301,0
4441-NIHPT,-1.2397431536463812,-2.8390149386173626,0
4443-EMBNA,0.9476314685153662,2.8564290194441595,1
4445-KWOKW,1.3596591860615932,-0.3831881189614374,2
4445-ZJNMU,-1.4474526456216386,-2.490826520723798,0
4446-BZKHU,3.0667451869273905,-2.525686756675723,2
4450-DLLMH,-2.964336147735405,-1.3724218975825764,0
4450-MDZFX,2.9491236157359184,0.39626633124733646,2
4450-YOOHP,-1.213164645463258,0.22166569149492177,0
4451-RWASJ,-0.7829659941111946,3.745716231656974,1
4452-QIIEB,-3.014778591417026,0.7515611127074566,0
4452-ROHMO,-2.34746931254364,2.8681031284250085,1
4455-BFSPD,3.4957256970178903,-0.5497559843029038,2
4456-RHSNB,-0.9659338769651442,-0.46432470911924784,0
4458-KVRBJ,-0.32225015725101175,3.7662012121171666,1
4459-BBGHE,-1.2593798003367624,-0.7448878196940563,0
4462-CYWMH,2.724643351152493,-1.2768592845166933,2
4464-JCOLN,-3.3843664349104,2.2182060548506466,1
4465-VDKIQ,-0.9024141498710847,-1.5761467086682381,0
4468-KAZHE,-0.4705943879357981,-0.08297698089352767,0
4468-YDOVK,-2.0727439646758357,-0.6241012978286941,0
4471-KXAUH,0.07557113159418608,-2.142158098334381,0
4472-LVYGI,-0.6248535937068777,-0.1539620562395879,0
4472-VESGY,2.3554655202644974,-1.121920721484786,2
4475-NVTLU,-0.0600963510402768,3.137504844938793,1
4476-OSWTN,2.396258105900312,-0.8983081561002124,2
4480-MBMLB,1.6285247183181537,-1.8604177753673496,2
4480-QQRHC,-0.5519701504643497,-1.211875912897151,0
4482-EWFMI,-2.0000727413673056,-1.7745056563677974,0
4482-FTFFX,-1.5172063810896046,-1.079116700640017,0
4484-CGXFK,-2.2396205562069644,-1.7659820846594347,0
4484-GLZOU,1.8553832413824023,-2.489734821854008,2
4486-EFAEB,-2.669386248099337,0.6684359902151824,1
4487-ZYJZK,-0.6180714919912506,3.549093539571191,1
4488-KQFDT,2.66849097392268,-1.5035679745529917,2
4488-PSYCG,-3.271307727730957,0.5327683878053616,1
4489-SNOJF,0.6630271290882349,-1.2747558505751773,0
4495-LHSSK,-2.172773126891715,0.5346679904616681,0
4500-HKANN,0.026642819875997908,2.257973765614792,1
4501-EQDRN,-1.9342185539939802,-2.036187009072599,0
4501-UYKBC,0.4476881729261502,0.2358838607484428,2
4501-VCPFK,-2.082827150874901,-0.44838910754339206,0
4503-BDXBD,-1.4449540769207059,-2.2703880033209742,0
4504-YOULA,-0.4019226018197512,0.3273261668646493,0
4505-EXZHB,-2.4065346843294817,-2.6673840372110877,0
4508-OEBEY,1.2395993991174947,0.5617553123072735,2
4510-HIMLV,-1.9786486807294086,-2.417615092623581,0
4510-PYUSH,-0.9390465990666892,-0.6830055948929626,0
4512-ZUIYL,-2.6235524704845257,-1.9108016321494707,0
4513-CXYIX,4.357758820917833,1.200428973890671,2
4514-GFCFI,-1.0025670427686482,-2.506082972944962,0
4518-FZBSX,-0.5762569861898419,3.978247789698183,1
4521-WFJAI,0.46135651152061136,1.8992598665593625,1
4521-YEEHE,0.05540676349290727,-1.8887498256148934,0
4522-AKYLR,-0.727243997253203,-0.40789664733921405,0
4522-XRWWI,1.7461107821892594,0.4700111028001919,2
4523-WXCEF,1.9471970451389042,-1.8350268386406963,2
4524-QCSSM,-1.5716946312284246,-0.8521380704925644,0
4525-VZCZG,2.4492378540494517,-1.4237095271017932,2
4526-EXKKN,-1.1753388006822736,3.147481866991443,1
4526-RMTLL,-0.6386440846296301,0.5093864695144319,0
4526-ZJJTM,1.0791417192233552,-0.647284855831241,2
4529-CKBCL,-2.023842501096604,-2.8546806864321197,0
4530-NDRKU,0.07940204985495765,2.697219947700894,1
4531-AUZNK,2.592325676085131,-0.3880116130362498,2
4534-WGCIR,0.5222161442544919,4.3148403090115925,1
4536-PLEQY,-0.8539015909646507,-1.3003120093316112,0
4537-CIBHB,-1.3371743950986077,4.250464143737824,1
4537-DKTAL,-2.5850716855780025,-0.8630748141481684,0
4538-WNTMJ,-1.4346824406743688,3.000186489629968,1
4541-RMRLG,-3.2355437115787753,0.8041624699307157,1
4544-RXFMG,-1.6582646509582253,1.0602030662675075,0
4546-FOKWR,-1.5858627511136658,-0.6136171614217351,0
4547-FZJWE,2.1851929315882765,1.6819609127869422,2
4547-KQRTM,-1.1722831129358495,-2.7277812160099706,0
4547-LYTDD,-1.6460062418318577,-2.06619532350463,0
4548-SDBKE,-1.5939540639222431,-2.977500302331268,0
4549-ZDQYY,0.9763067891476341,1.5469663418424187,2
4550-EVXNY,-2.5726495824821014,-2.702698911904663,0
4550-VBOFE,2.1821030037872275,-2.584959127339507,2
4553-DVPZG,3.227146313608711,-1.6454728756123171,2
4554-YGZIH,1.393040046819027,-0.32983339467686446,2
4558-CGYCZ,-3.163954553680819,2.02685004770019,1
4558-FANTW,0.004263921233886384,-2.407255267120896,0
4559-UWIHT,0.10206684545252845,-1.1970204580287986,0
4560-WQAQW,2.0062953344598102,-0.062175011622267004,2
4565-EVZMJ,0.7001243427276648,1.0080685517793253,2
4565-NLZBV,1.6024401335972895,2.8305398330190616,1
4566-GOLUK,1.853611288080766,-2.449969358233437,2
4566-NECEV,-0.9907405422109692,-2.3734849219718854,0
4566-QVRRW,-2.02725781928627,-1.3377939660988145,0
4567-AKPIA,2.7694091053780094,-1.283073558159966,2
4568-KNYWR,2.1703502755333006,1.2524639058384628,2
4568-TTZRT,-3.5939860352043502,2.1630502678621886,1
4570-QHXHL,-1.6484521364317732,-1.0606544062837817,0
4572-DVCGN,-1.236516228689506,-2.356628568034687,0
4573-JKNAE,-2.385340071592849,2.696307802232883,1
4576-CSAJH,-0.07203476128442708,0.4079102265815395,0
4578-PHJYZ,1.4499486244381161,0.281610905306424,2
4580-TMHJU,-0.1124267181477654,-0.4393298934933948,0
4581-LNWUM,-2.377359380320226,-1.0851537896693635,0
4581-SSPWD,-2.329328971856766,-2.8925797600831715,0
4583-PARNH,-0.05676396010040838,-2.0964301827247462,0
4584-LBNMK,0.3405444131296648,3.674162404640107,1
4585-HETAI,-0.3129263316128878,-2.550449878518842,0
4587-NUKOX,-1.8702025735274654,-2.9695816020685655,0
4587-VVTOX,-0.6051708513939796,-3.690385694071117,0
4588-YBNIB,-4.055627256986292,1.00312080972712,1
4589-IUAJB,1.3516131878840105,3.288656431688484,1
4592-IWTJI,-3.249038419462783,0.4524257726207033,0
4597-ELFTS,-1.3674055197734276,1.8265269469727123,1
4597-NUCQV,0.1338508740575334,-2.9075091357598617,0
4598-XLKNJ,0.5400311850033419,-2.4966010639310663,0
4598-ZADCK,0.2037407319753823,-0.472440234604275,0
4603-JANFB,-2.4719395224059335,-2.8693879394047923,0
4607-CHPCA,1.5197731773325491,-1.474337548520564,2
4608-LCIMN,-1.047553221496343,-0.2703727795291688,0
4609-KNNWG,-1.3424079075904665,4.367811793886691,1
4611-ANLQC,1.3410391714122416,1.0201247899180181,2
4612-SSVHJ,-0.3962634952280145,-1.488156702276212,0
4612-THJBS,2.6069542720703667,-1.55839071193182,2
4614-NUVZD,-1.7828665489771176,-2.7194396960092635,0
4615-PIVVU,1.0009233174045253,1.7194757625510444,2
4616-EWBNJ,-2.0283729123311756,1.7397833257402477,1
4616-ULAOA,5.141077283510018,0.5829383901771229,2
4619-EVPHY,0.9949802234891882,-0.9709532536023343,2
4622-YNKIJ,1.7351344954850967,-1.2959459924263421,2
4623-ZKHLY,-2.4171892109142856,0.8974286183208632,1
4625-EWPTF,-3.289053753061012,-1.4267953648047385,0
4625-LAMOB,-2.0222472662377906,3.5458287895411256,1
4625-XMOYM,0.3007793151698346,2.869623849606047,1
4626-GYCZP,-1.2362126022929336,-3.255289253591604,0
4626-OZDTJ,2.8331963560901916,1.8800004535466532,2
4627-MIHJH,3.1174907903568077,-0.1383719501388725,2
4628-CTTLA,-0.4219171353554452,-1.4824907831822933,0
4628-WQCQQ,0.8621395388396654,-1.7585192504749758,0
4629-NRXKX,-1.1803576064674548,-1.778648846125794,0
4631-OACRM,-1.3559916336953604,-2.802355659827172,0
4632-PAOYU,-1.9292035667768699,3.1324038426164686,1
4632-XJMEX,2.4772133096982483,1.725520202223728,2
4633-MKHYU,-1.463624314747203,-1.68578750740229,0
4634-JLRJT,-4.099178646933563,1.2460898717861553,1
4635-EJYPD,-0.6098632337077518,4.024000347501678,1
4636-JGAAI,0.6390527242522356,-0.33773046563769404,0
4636-OLWOE,1.176863427713448,-0.09013869057141866,2
4636-QRJKY,-0.6754213596046821,-2.1433772232181285,0
4636-TVXVG,1.413991902451254,3.550664710180976,1
4640-UHDOS,-1.4564261698193326,-1.036036572568424,0
4641-FROLU,-0.8428572885973553,4.139918081168107,1
4644-OBGFZ,0.38271434246663927,4.3945716552956124,1
4644-PIZRT,0.6735118249277708,-0.43360521767965987,0
4646-QZXTF,-0.4352206518448715,-0.8854810427190967,0
4647-MUZON,0.28659004817863004,-0.8342254176878297,0
4647-XXZAM,-1.6440591073184283,1.122597471521153,0
4648-YPBTM,1.1259210921674079,0.0004655542215550331,2
4652-NNHNY,-1.0335796784272646,-2.350836563475342,0
4652-ODEVH,0.4343907348529611,4.617644062001562,1
4654-DLAMQ,2.326068075155546,-0.5730444159956463,2
4654-GGUII,-1.0352309566085662,0.611279880241664,0
4654-ULTTN,3.3765902931128333,2.06528529418729,2
4656-CAURT,0.07120044761977175,2.4508278536750985,1
4657-FWVFY,0.9536353790630147,-0.3585703868542517,2
4658-HCOHW,0.08785187679413245,-3.0166857507308418,0
4659-NZRUF,-0.0646446973622891,-2.853047738076538,0
4660-IRIBM,-0.6859415980413432,-1.0980341352001444,0
4661-NJEUX,-3.3071195609999697,1.4603527329025443,1
4662-EKDPQ,-1.9002178578607205,-1.4432770868273297,0
4664-NJCMS,0.9303704583906749,0.7775563120575549,2
4667-OHGKG,-3.165683317685566,1.303703793189132,1
4667-QONEA,3.915262685931882,1.3384821083661778,2
4670-TABXH,4.1762417804279215,0.19753882206406392,2
4671-LXRDQ,-2.575613767871234,-0.23483903789513658,0
4671-VJLCL,1.90292610490396,0.8717351906606476,2
4672-FOTSD,-1.4183574465365565,-1.4734757838118118,0
4673-KKSLS,0.40928891180009713,-1.7457269436492113,0
4674-HGNUA,4.615473676642922,2.18297353208005,2
4676-MQUEA,2.506796231348373,-1.23874193907111,2
4676-WLUHT,0.5710828693338731,0.8431756457210376,2
4678-DVQEO,-2.1981389981201715,-1.7451076194009782,0
4680-KUTAJ,-0.9484720445781183,0.10364860778106058,0
4682-BLBUC,1.5705246928547707,-0.15441455738877016,2
4683-WYDOU,4.306565673063039,-0.6502299248456592,2
4685-ERGHK,2.78329651270144,-0.5872826711268029,2
4685-TFLLS,-1.20920690379097,2.89350722622669,1
4686-GEFRM,5.680015414518673,-0.3821470450707509,2
4686-UXDML,-0.5545201822022942,-1.9754816883502175,0
4690-LLKUA,-1.7818325537851765,-1.3302784556007987,0
4690-PKDQG,1.0182912872720318,-2.0495831028617686,0
4692-NNQRU,0.4105023715591147,-0.5279427833009582,0
4693-VWVBO,-3.120508923777566,0.9045548643796701,1
4694-PHWFW,-2.943238864359585,2.400698061341707,1
4695-VADHF,-1.5087437617333999,-1.2004424709419177,0
4695-WJZUE,-1.36306145677007,-3.302970602112173,0
4697-LUPSU,-1.9258168821708528,3.2257295417386302,1
4698-KVLLG,-0.07888013364882272,3.828565377859973,1
4700-UBQMV,0.955877549943575,0.24642418073529831,2
4701-AHWMW,0.09265116160423943,-1.4456006150048584,0
4701-LKOZD,2.974469765830746,1.0859348438716936,2
4701-MLJPN,-1.7604214945284116,-1.225164967784836,0
4702-HDRKD,1.5187087544098152,-0.528663198537912,2
4702-IOQDC,-2.477296655305911,-2.767683475346936,0
4703-MQYKT,-2.259094268637731,2.954140542700254,1
4704-ERYFC,-0.6958461768169076,-2.4437859804150754,0
4706-AXVKM,-1.52467737668054,-1.4608818458116328,0
4706-DGAHW,-1.8199357803863903,0.09968017834871533,0
4707-MAXGU,1.084497769158953,4.404819424525094,1
4707-YNOQA,-0.3240133485958703,3.3134869363838164,1
4709-LKHYG,-0.840053944950482,2.755338910600464,1
4710-FDUIZ,2.492912683527542,0.04834930913272457,2
4710-NKCAW,-1.2592649414058619,0.8900194188704846,0
4712-AUQZO,-2.1670822281887454,0.7299745929890792,0
4712-UYOOI,-1.842946921204455,1.937843755995307,1
4713-LZDRV,-2.2370213539877444,-2.2075364342290484,0
4713-ZBURT,1.6251299646064703,-0.385048292276361,2
4716-HHKQH,1.2043801464848054,-1.0811828123341332,2
4716-MRVEN,-1.6045313811301127,3.286723328782641,1
4717-GHADL,2.494958216719959,0.8639474804210957,2
4718-DHSMV,-2.8553666137399003,0.17669669067523552,0
4718-WXBGI,4.412059806155022,1.1181960823496444,2
4719-UMSIY,-3.845505152312429,2.0918679662292554,1
4720-VSTSI,0.6446017937572022,-2.238657635470457,0
4723-BEGSG,2.4606125964846064,1.3147406508334696,2
4724-WXVWF,0.3882771896026065,-2.7383756218082067,0
4726-DLWQN,0.9938724185314646,-1.295531778048658,2
4727-MCYZG,-3.2429036177772557,-0.39723769173850026,0
4729-XKASR,-2.8832180278135926,-0.73407733881582,0
4730-AWNAU,0.3532607204714771,1.235377290398371,2
4732-RRJZC,-2.050805367817833,2.877092890004929,1
4735-ASGMA,0.386400681627721,-3.1215424575348063,0
4735-BJKOU,-2.0219987334226865,3.2741538036881157,1
4737-AQCPU,3.3637398934905827,2.164261388184049,2
4737-HOBAX,1.913142775615946,1.6985347737469778,2
4741-WWJQZ,-1.7597792703696233,-2.745745324177627,0
4742-DRORA,2.587673994529866,-0.9393307947027156,2
4742-TXUEX,-0.7070178176788021,3.3231747185020444,1
4745-LSPLO,-3.656318564819527,1.7056861802056602,1
4747-LCAQL,-0.32802710322557205,-1.027911422042971,0
4749-OJKQU,-1.4008024241569794,-1.7526173305839705,0
4749-VFKVB,-2.3301535675496194,-0.2465826357227324,0
4750-UKWJK,-1.14606041329325,2.9973588369353728,1
4750-ZRXIU,-2.2540577704592497,-2.3273505821700162,0
4751-ERMAN,3.9123139986691355,0.4616067054768505,2
4753-PADAS,4.5230671837350505,-1.2721075409910614,2
4759-PXTAN,2.3696667228438453,0.3455469819013706,2
4759-TRPLW,-2.576302646714673,-2.339696052051882,0
4760-THGOT,2.308578528784668,-1.5164832371163717,2
4760-XOHVN,-3.470985463949972,1.7599263468876858,1
4763-PGDPO,-1.5199076706998682,-2.3574000064233918,0
4765-OXPPD,-2.1340076391457057,-1.3236859585152618,0
4767-HZZHQ,0.33370527722792287,-0.9876195560784772,0
4770-QAZXN,-3.2418291942741013,2.2758509966859446,1
4770-UEZOX,-1.8129061991149533,-2.7986837514888854,0
4774-HHGGS,-1.6419395407965336,3.472521980272767,1
4776-XSKYQ,-0.964884639762003,2.3124365035057455,1
4778-IZARL,3.296234338071634,0.07710043901978311,2
4779-ZGICK,-0.7471700130797825,3.628558267996921,1
4781-ZXYGU,-2.862176579639026,1.0184677361542567,1
4782-OSFXZ,4.569045947004336,0.17995339425264117,2
4785-FCIFB,0.5700847866522368,4.476280906882748,1
4785-NKHCX,-3.1096658004682127,1.4810062377956985,1
4785-QRJHC,0.6564417617507458,-0.6882521598544843,2
4786-UKSNZ,-3.9422059835808803,1.4552637003482165,1
4789-KWMXN,2.4589374240060997,-1.007455030418384,2
4791-QRGMF,2.8035809765288726,-1.0027681365757914,2
4795-KTRTH,-1.522061234895937,-2.7080180070378757,0
4795-UXVCJ,-1.2614093471699934,2.8464507402233887,1
4795-WRNVT,-0.9977959960396292,0.18108863367105515,0
4797-AXPXK,-2.2758499756171475,-1.901149220868026,0
4797-MIWUM,-3.1960040113435904,0.9983388480489627,1
4800-CZMPC,2.2104400668224584,-1.0162084078307456,2
4800-VHZKI,-3.894891642219793,0.9924885311854356,1
4801-JZAZL,-2.094806799324328,-0.06578803415153989,0
4801-KFYKL,-3.119206629220042,1.7749128515254007,1
4803-AXVYP,0.7521489657381255,-2.8712550202076277,0
4803-LBYPN,-1.3216225712826402,2.6607566975168693,1
4804-NCPET,-1.0167236953223084,4.069947560436275,1
4806-DXQCE,5.07916398113551,-0.7591850672980008,2
4806-HIPDW,-1.7578627119891463,-2.2924456229368384,0
4806-KEXQR,-1.6363419462830098,-3.303526785714595,0
4807-IZYOZ,-0.43647221769865885,2.5238991809193534,1
4808-YNLEU,0.8353227617815403,-0.08509338118392706,2
4811-JBUVU,-0.2876792535321624,-1.3096462513256508,0
4813-HQMGZ,-1.0755826057218831,-2.2206224846860616,0
4815-GBTCD,-2.2461393708073354,-0.43293000741935644,0
4815-TUMEQ,-2.3498276622789946,2.4614318743089254,1
4815-YOSUK,4.979757777310532,0.26748781185714454,2
4816-JBHOV,-2.7402507008697534,-1.9604545128943707,0
4816-LXZYW,-0.863311200616323,-2.5246971472710813,0
4816-OKWNX,3.3699835133868246,-0.913616721681418,2
4817-KEQSP,0.4972313605982427,3.4243450069966106,1
4817-QRJSX,-1.652115223684214,-1.5691629966122338,0
4817-VYYWS,0.06643053316857324,-3.710383769979414,0
4818-DRBQT,0.2960405820296487,-2.059819392792349,0
4818-QIUFN,-1.1096477502856883,-2.5802198016901867,0
4819-HJPIW,-3.1173502091784377,0.9435597518191686,0
4821-SJHJV,1.6140828212915344,-1.0730519562284422,2
4821-WQOYN,0.6812534107390898,4.257205204328083,1
4822-LPTYJ,3.9990382639466717,-0.7043910546427051,2
4822-NGOCH,-0.8705952857179913,-2.472771151074895,0
4822-RVYBB,-0.9696478743780985,-3.560332634032581,0
4822-YCXMX,-0.8245258594963134,-2.946752679516871,0
4824-GUCBY,0.2684223477172697,-0.989783848462339,0
4825-FUREZ,0.9075769523792043,3.56424609109902,1
4825-XJGDM,0.046258004945711674,1.6955211278023634,2
4826-DXMUP,0.5606951150175665,0.43124823717522054,2
4826-TZEVA,-0.3060000191886287,-0.3566101539250713,0
4826-XTSOH,-1.4280191338536143,-2.986084951875669,0
4827-DPADN,3.6985293150727387,-0.0893502921298781,2
4827-LTQRJ,4.3266627486427796,0.0944149107465277,2
4827-USJHP,-2.4513828438576195,0.0015236811992680056,0
4828-FAZPK,-0.2895342025062396,-0.8321884391928038,0
4829-AUOAX,-0.5732368464456649,-1.616065898985309,0
4829-ZLJTK,4.669690833840406,-0.5757010469724674,2
4830-FAXFM,-3.2817098867225916,1.7635071756137708,1
4831-EOBFE,0.5933760854618083,-1.009787968848514,0
4832-VRBMR,3.084981614504477,-1.316354764621255,2
4833-QTJNO,3.1270498371767546,-0.6157762922904751,2
4835-YSJMR,-0.6481413084909446,0.08272389984624456,0
4836-WNFNO,1.6792929552374058,4.50734490162655,1
4837-PZTIC,-0.4287389941104795,1.5733070949553913,0
4837-QUSFT,4.374807303354043,-0.3086412052699166,2
4840-ORQXB,2.4330842032833373,-0.8370533302430571,2
4844-JJWUY,-1.673374662186462,-3.374089966963149,0
4846-WHAFZ,-0.5264773170467094,-2.010674013340471,0
4847-QNOKA,-2.857078023611986,-2.0277602873842473,0
4847-TAJYI,-1.3250545885821012,-2.3188934173773967,0
4849-PYRLQ,1.7914460411037612,0.2439132318311977,2
4851-BQDNX,1.696273758243447,-0.6206120825448151,2
4853-OITSN,-1.0348844911328425,-2.397470968711826,0
4853-RULSV,3.243435045222737,-0.5957969273611163,2
4854-CIDCF,-0.6989566423749745,-0.815290610963501,0
4854-SSLTN,-0.32387953647747664,1.6729007758253256,0
4855-SNKMY,-2.7057386209977854,-1.3174661021411145,0
4859-ZSRDZ,1.0893632835023273,1.3081244373908765,2
4860-IJUDE,-1.7191495633626461,-1.0833852369514816,0
4860-YZGZM,-3.121896884616698,0.8368444841228104,1
4868-AADLV,2.359766857486528,-1.8420751599756622,2
4869-EPIUS,3.1188958757828944,-0.29469818723933,2
4871-JTKJF,-1.769823940998169,-2.1339961347140557,0
4872-JCVCA,1.754449032814307,0.7702285724045428,2
4872-VXRIL,2.5986791414079407,-0.38279040884097165,2
4873-ILOLJ,0.0011535252149860432,-2.9402474462641086,0
4877-EVATK,-3.823678427692026,1.2808613407673204,1
4877-TSOFF,2.6889720835311874,0.3971477150709072,2
4878-BUNFV,0.4502597467599107,4.43300647212777,1
4879-GZLFH,2.056138845146628,-1.0345516494088833,2
4881-GQJTW,-3.703501504228862,1.951807543143883,1
4881-JVQOD,-0.6650832972104874,0.32736260106443466,0
4883-KCPZJ,-0.9345619442388615,4.280142166462659,1
4883-QICIH,-1.0059787360120993,-1.8343617767475142,0
4884-LEVMQ,0.10883607956155227,2.7837747455088024,1
4884-TVUQF,3.1918407890655263,0.4264183960880246,2
4884-ZTHVF,-0.8468149967853382,-2.3570550640080765,0
4890-VMUAV,1.792630778429136,0.15176335458097615,2
4891-NLUBA,2.3773353356810207,0.9517741787720552,2
4892-VLANZ,-3.70765343796577,1.578749601830342,1
4893-GYUJU,-1.4760640875643276,2.2745177909020433,1
4895-TMWIR,-2.77921909538468,1.4033190895941157,1
4896-CPRPF,-0.7241281669367866,3.0933080635346952,1
4897-QSUYC,-4.099733684345943,0.7814815271990329,1
4900-MSOMT,4.68693327424854,1.7647435419532378,2
4902-OHLSK,-0.2773039211473582,-2.6092130506062565,0
4903-CNOZC,-0.138090269914047,0.6096859731981686,0
4903-UYAVB,-4.281586203090027,0.7827247112415606,1
4905-JEFDW,-1.7593763098205721,-0.4692959247738395,0
4906-ZHGPK,2.676392582186672,-0.0017788147071101604,2
4908-XAXAY,2.546069429405066,-1.2374310338065517,2
4909-JOUPP,3.9812871833280226,0.8162019827165335,2
4910-AQFFX,-0.9449599836395925,-1.5743731538368415,0
4910-GMJOT,-1.4451908003636404,-3.2946152722268454,0
4911-BANWH,-0.25506841668244584,-1.1910208429553604,0
4912-PIGUY,-2.684576980130793,-2.6700982057807763,0
4913-EHYUI,3.6733771916108404,-1.821549436769318,2
4915-BFSXL,3.4333761440956536,2.6634642299401716,2
4918-FYJNT,2.632227872367491,-0.0948981548331763,2
4918-QLLIW,-2.0390923518280957,-0.6497446355324655,0
4919-IKATY,-1.096428231178198,-2.703482083370364,0
4919-MOAVT,-2.597269213377199,-2.3515716728698792,0
4922-CVPDX,1.5222854741960203,1.0337331034467148,2
4923-ADWXJ,-1.1951311764679349,-1.0434396294915207,0
4925-LMHOK,-2.2179003450368886,-0.9783252154138485,0
4926-UMJZD,-1.2966811235770992,0.6409161912084921,0
4927-WWOOZ,-1.0863852974901045,-2.1010479170103356,0
4929-BSTRX,-2.877940335016268,-0.8344829013937479,0
4929-ROART,-2.009750027639594,0.429453882781585,0
4929-XIHVW,-0.02940858638939465,-0.00689789739927723,0
4931-TRZWN,-1.7490076416701068,-1.693902445171394,0
4933-BSAIP,-0.9920255884560878,3.5106814835170654,1
4933-IKULF,-2.79003915591897,2.390971827450034,1
4936-YPJNK,-2.7662316187722826,1.7058353209508796,1
4937-QPZPO,3.960160762286265,-0.6682208776003544,2
4939-KYYPY,-0.7902155409356982,-0.6769246974575374,0
4940-KHCWD,0.7648231642624287,1.4518977676526807,2
4942-VZZOM,2.6235970102237594,1.6740277323742894,2
4945-RVMTE,-0.8946310459722777,-1.2173358024408207,0
4946-EDSEW,-2.5393994410603264,1.9202907406034297,1
4947-DSMXK,2.2331143782939096,-1.665821355224731,2
4948-WBBKL,1.1120738508495707,-0.860846471173627,2
4950-BDEUX,-1.5754185469923372,-0.7547569720907447,0
4950-HKQTE,-2.1149848544836707,3.24768473618802,1
4951-UKAAQ,-0.6753911684446017,-3.219110021665649,0
4952-YSOGZ,-0.727610151144148,-2.2793262491457993,0
4955-VCWBI,-0.11130648764732025,4.261255828996146,1
4957-SREEC,1.6547372492464825,4.951584781664955,1
4957-TIALW,-0.8280870820849946,-0.026400177416377717,0
4957-TREIR,-1.59832574561333,-0.08604734377777383,0
4958-GZWIY,-2.1461823893497756,-0.6409338402970653,0
4958-XCBDQ,0.6676742474836198,-2.7281407459371714,0
4959-JOSRX,-2.372380255360567,-0.08127037966177282,0
4962-CHQPW,-2.6426436889576674,2.922448925102381,1
4967-WPNCF,1.9788092573888705,0.01291522596469087,2
4971-PUYQO,-0.9516551906340724,-1.941432389969285,0
4973-MGTON,1.9585707828523298,0.8693637488392708,2
4973-RLZVI,-0.11973496487215395,0.6698943408760591,0
4976-LNFVV,-1.380004626288533,1.0716054499021912,0
4979-HPRFL,1.1424854944680842,3.351685340144793,1
4980-URKXC,-1.0416764724321308,2.4389774179094497,1
4981-FLTMF,0.007720447230270902,-0.15100469920750623,0
4983-CCWMC,-1.7612056703398085,-0.7284233273634452,0
4983-CLMLV,2.0263349688995915,-1.8582667340845007,2
4986-MXSFP,-4.288204799597555,0.8356401563383432,1
4987-GQWPO,-2.7743824737576555,1.1610787020949014,0
4988-IQIGL,-1.7041312501819614,-2.3915357778932496,0
4989-LIXVT,1.628884288518344,-2.3570724454796643,2
4990-ALDGW,0.06615549358850853,3.6671732443870617,1
4992-LTJNE,3.162090453913533,1.9312390539279276,2
4993-JCRGJ,0.03811687568987434,-0.9084022089211395,0
4994-OBRSZ,0.15927870170603628,-0.29936165579709656,0
4998-IKFSE,0.6246828157889565,-2.211003354388612,0
4999-IEZLT,-0.8346052494237142,1.7974013176390244,1
5002-GCQFH,2.63913292120892,-1.667625054791264,2
5003-OKNNK,-1.2599752461024105,3.8823319872964968,1
5003-XZWWO,2.6957561180731244,1.6884166896914194,2
5006-MXVRN,-1.228174084806433,3.5526358564892835,1
5010-IPEAQ,1.2120495758585736,1.8757321536102143,2
5012-YSPJJ,-0.24979560134763223,0.6840125571477831,0
5013-SBUIH,2.7852810152409693,-2.1582717467360126,2
5014-GSOUQ,-2.628868400270146,3.0583785054361163,1
5014-WUQMG,2.865482034611319,-1.2276549388094449,2
5016-ETTFF,-3.1092162792293974,0.5096917490245958,0
5016-IBERQ,-0.3626156726785423,-1.7212107259120208,0
5016-LIPDW,0.273572980003883,4.224321727177309,1
5018-GWURO,2.8389131039219735,-1.0667280005087896,2
5018-HEKFO,-3.153897487289269,1.4070906340002172,1
5018-LXQQG,-0.22786153460392822,-0.42544082763815844,0
5019-GQVCR,0.7269430509466708,-0.8654710748926038,0
5020-ZSTTY,1.3673895846475892,-0.7277744103927176,2
5022-JNQEQ,-0.27770216727535474,-0.9090202987236485,0
5022-KVDQT,0.12677702750005757,-2.298512707260159,0
5025-GOOKI,-2.7826486307430436,1.9369880832077977,1
5027-QPKTE,-1.9096558740089657,-2.5098484094885367,0
5027-XWQHA,-2.7357278723830754,-0.8057043794241139,0
5027-YOCXN,3.1169668364812515,0.053251397194290014,2
5028-GZLDO,-1.619029705202306,-1.5300810195928785,0
5028-HTLJB,-4.201109769146457,1.032013087047476,1
5032-MIYKT,-1.6568517068373116,-1.440723684041361,0
5032-USPKF,0.6306367704392215,-0.6721369794070093,2
5035-BVCXS,-1.4823701796674291,-0.9595817641810312,0
5035-PGZXH,2.7310269401705027,-1.5275205343168385,2
5038-ETMLM,5.810973296974103,-0.45014372113252077,2
5039-LZRQT,-2.75591921610202,2.6211573431823574,1
5043-TRZWM,-1.904831317799539,-1.5170269629848743,0
5044-LRQAQ,-0.5646077956400148,-1.9920285566677416,0
5044-XDPYX,-0.19716936689298886,3.9426169671221483,1
5046-NUHWD,-0.34536476143181616,-0.1509765135425641,0
5047-LHVLY,-3.296146307625486,-1.1918842972905923,0
5049-GLYVG,-4.016933787553884,1.075870047158401,1
5049-MUBWG,0.9917327325059273,-0.870803623445672,2
5052-PNLOS,-1.4823369342052561,-3.3136418622969686,0
5054-IEXZT,-1.5478837276545547,-2.2269604463325328,0
5055-BRMNE,4.87906004323509,1.3824378009411507,2
5055-MGMGF,3.827702304312289,-1.8192115177000863,2
5056-FIMPT,1.4499400840061893,-0.6570556925944216,2
5057-LCOUI,-1.2917650922103463,-1.085283868055912,0
5057-RKGLH,-1.046820632594145,4.039393969595585,1
5060-TQUQN,0.08971990127220814,-2.1765502780499038,0
5061-PBXFW,0.07581674711831986,-0.30485418638611633,0
5062-CJJKH,0.6733405403931827,2.0061764889874043,2
5063-IUOKK,-2.8261165749502837,3.2175421624035923,1
5066-GFJMM,-2.995801989206426,1.912424251433438,1
5067-DGXLL,-3.2428061252060476,2.193825281379179,1
5067-WJEUN,2.4018430024690183,1.334835722418729,2
5067-XJQFU,3.375152771333465,-1.0249172804739357,2
5071-FBJFS,-1.2700110020317568,-0.1777336750239408,0
5073-RZGBK,4.181660676911818,-0.08041560314330777,2
5073-WXOYN,-0.2887454220033911,-1.093176257196429,0
5074-FBGHB,2.95188189482236,-0.38637482569868387,2
5075-JSDKI,1.0089875959024452,2.8100441651674553,1
5076-YVXCM,1.5804379332043217,-0.9015586566092055,2
5077-DXTCG,-2.7260876636138396,-1.7611529064620162,0
5081-NWSUP,-0.976664620001332,0.769347389052585,0
5084-OOVCJ,-0.5577340867506377,0.43498989620876277,0
5087-SUURX,-1.828686949034031,-1.012627145076694,0
5088-QZLRL,-4.097555860137665,0.8006394896171155,1
5089-IFSDP,4.0803514688925375,-1.4618350764917225,2
5090-EMGTC,4.641881223105713,0.8666268796010315,2
5091-HFAZW,-1.4551503249017614,-2.6351172797861646,0
5092-STPKP,-1.2490525917032296,0.7406771622154514,0
5093-FEGLU,0.7285421539964684,3.319597117842326,1
5095-AESKG,-0.7241613221249198,-1.1328943189998786,0
5095-ETBRJ,1.0827729997966202,1.777558102666505,2
5099-BAILX,1.3637618562051899,-2.6603504455268183,2
5103-MHMHY,-3.3717782516233648,-0.5460180844022853,0
5108-ADXWO,-1.1307465715058878,-2.668094950612541,0
5110-CHOPY,0.1985252860670979,0.3519584865369754,0
5115-GZDEL,1.4923167089040963,1.2429495783137783,2
5115-SQAAU,0.9616015616831239,2.8206388169468237,1
5117-IFGPS,1.4439888620352768,-0.7903203075799784,2
5117-ZSMHQ,5.940904197253218,0.8976070119887128,2
5118-MUEYH,2.56601748750954,-1.1822392202401235,2
5119-KEPFY,0.23504223873998356,-1.6833890940011944,0
5119-NZPTV,-1.1221970155068386,-1.133869829596445,0
5120-ZBLAI,2.0939877863603296,0.8306220173778375,2
5122-CYFXA,-1.5712964440498227,-2.1555488644884084,0
5124-EOGYE,-1.569966765982444,3.069330437000748,1
5125-CNDSP,0.6169293297974475,0.05900846172216258,2
5126-RCXYW,0.38048584198524515,2.0158761355490866,2
5127-BZENZ,2.2757833209702563,0.7301903132524216,2
5129-HHMZC,1.6838568797385378,1.4362096696062083,2
5129-JLPIS,0.42966962563333316,-3.093499244551908,0
5130-IEKQT,0.20470058229900123,-1.5582860896726565,0
5130-YPIRV,2.342869907210737,1.2011757329794202,2
5131-PONJI,2.0525882983556367,0.13225439333463848,2
5133-POWUA,-2.76247611319317,0.22252420738845302,0
5133-VRSAB,-3.3030507526706323,0.7851192028579083,0
5134-IKDAY,-1.8302811808039194,-1.9167617191086206,0
5135-GRQJV,4.078433863864527,-0.35222860113577714,2
5135-RDDQL,2.357996877228626,1.3668903568689381,2
5136-GFPMB,1.778848842743136,0.08703898470830337,2
5136-KCKGI,1.9007532060412757,-1.638890087632239,2
5136-RGMZO,-0.897710006080092,-1.3726118438637096,0
5138-WVKYJ,-1.262164221657978,-2.7899116124985266,0
5140-FOMCQ,4.459850051829423,0.3660103049100708,2
5141-ZUVBH,-0.8581391243664518,-2.2939671905656924,0
5143-EGQFK,-2.1464022681987056,-1.3431731221768437,0
5143-WMWOG,-3.7188452570010044,0.3596663460217841,1
5144-PQCDZ,-3.223461339523993,1.7012278625328432,1
5144-TVGLP,1.5321465523159314,-0.7783228746797705,2
5146-CBVOE,-0.7466236476338932,-1.3107400242619076,0
5146-YYFRZ,0.511300050913616,3.2714695272999457,1
5148-HKFIR,-1.9325199199788734,3.4943618546751707,1
5148-ORICT,2.0642569781024283,0.4643481400277108,2
5149-CUZUJ,0.8108142670382769,-1.1295148947778972,2
5149-QYTTU,4.386662912948345,0.7438792813538706,2
5149-TGWDZ,0.8891002655189374,-1.0512516113954056,2
5150-ITWWB,-0.4170334825202697,-1.8767181450111334,0
5150-LJNSR,2.010958209983428,-0.5467333661422337,2
5151-HQRDG,-0.48748102496556034,0.6729282813030211,0
5153-LXKDT,3.911533758690501,-1.4050535538452724,2
5153-RTHKF,-0.1941876874650248,-1.7183997516558467,0
5154-VEKBL,-2.859703683540574,-1.52396127280518,0
5155-AZQPB,-0.17279502196124077,1.7409232634789085,0
5156-UMKOW,-2.670913995783538,0.5066879588944273,0
5158-RIVOP,-1.8387034581719095,4.04422707306306,1
5159-YFPKQ,-2.092319308475284,-2.8939109125927414,0
5160-UXJED,-1.5687823947557806,0.8656062687515998,0
5161-UBZXI,4.784045606862955,0.6488688526963089,2
5161-XEUVX,1.5088155648143418,0.38924969006584204,2
5167-GBFRE,-3.179980037866065,-1.1254160393261081,0
5167-ZFFMM,-2.1158152474348126,-2.061934718159151,0
5168-MQQCA,5.482196436510214,-0.7314506866948828,2
5168-MSWXT,0.5802968542500753,-1.911582824024523,0
5170-PTRKA,0.005233681640598256,0.9885372866695731,0
5171-EPLKN,-1.5262441368602429,3.3836553168896764,1
5172-MIGPM,-1.626348941478134,-0.12009341558818314,0
5172-RKOCB,3.554149679067037,-0.4080222567508327,2
5173-WXOQV,-1.8827179812404524,-0.32855886240082094,0
5173-ZXXXL,-2.720986754898166,2.7513809431439022,1
5174-ITUMV,4.5330356254384006,-0.45911024507692577,2
5174-RNGBH,-1.7840495545960875,-0.7356396300639163,0
5175-AOBHI,-2.790245087915082,-0.808742868601639,0
5175-WLYXL,-1.374435798176325,-0.8284887311515516,0
5176-LDKUH,1.2997195858000503,-0.602046961115126,2
5176-LMJXE,-0.08696725324352249,3.2805468929243475,1
5176-OLSKT,4.087319435102,1.7194076051125236,2
5177-RVZNU,-1.6749917789534978,2.318981056001002,1
5178-LMXOP,-0.8825327051190655,-2.7195040330033957,0
5180-UCIIQ,-2.2249831911718974,0.23947366029757972,0
5181-OABFK,1.9812133704082737,1.6542042866942441,2
5183-KLYEM,4.982772310555628,-0.07131947544755483,2
5183-SNMJQ,-0.758964001281646,-1.4920263013958783,0
5186-EJEGL,-1.1823811338951957,-0.9658291163200834,0
5186-PEIZU,-1.7480245378605692,1.6372577949906846,1
5186-SAMNZ,-1.856266748491062,-2.6281267799812533,0
5188-HGMLP,1.6690676551831847,-0.006616823290131241,2
5192-EBGOV,-1.3891128128715986,-2.9714252871154456,0
5193-QLVZB,4.572893481539778,-0.6671280805463077,2
5195-KPUNQ,2.8642757736894118,-0.44166026491008853,2
5196-SGOAK,-2.1667360304040364,-2.566090716292369,0
5196-WPYOW,1.1972367596594102,2.05806624747174,2
5197-LQXXH,2.9277328408912755,1.4582446699810652,2
5197-PYEPU,2.5422104911691723,-0.029841874470674445,2
5197-YPYBZ,-1.4313283394369274,3.6799641132645444,1
5198-EFNBM,3.8298870893289374,-0.23599315916954686,2
5198-HQAEN,1.2436997216053896,-1.080965072134334,2
5199-FPUSP,-1.5102615503955734,1.5955513380981319,1
5201-CBWYG,-0.12924465267957738,2.7953844920744437,1
5201-FRKKS,-0.7913516611248925,-1.5757107097400174,0
5201-USSQZ,0.15984984836144384,-0.2227375366589647,0
5202-IVJNU,-2.0123797861188226,0.7842014065101852,0
5203-XEHAX,0.4887884072416246,-0.10274978313046067,2
5204-HMGYF,2.5710610158136946,0.8408709639381949,2
5204-QZXPU,-2.3335421854611127,-1.560417184517085,0
5206-HPJKM,-1.56985080365006,-0.0814891311506775,0
5206-XZZQI,2.230375295070399,-0.6050235703649014,2
5207-PLSTK,-1.0705144145504428,1.1854214846137086,0
5208-FVQKB,3.5958927681688446,2.4649956879371024,2
5208-HFSBT,-2.3147239461138085,-1.0284633903097955,0
5213-TWWJU,0.22121182597558367,-2.4566982836310634,0
5214-CHIWJ,-2.037984318788079,3.163200992911626,1
5214-NLTIT,4.271076553844107,0.6171813097047099,2
5215-LNLDJ,-1.6815566733916354,-0.5938527623258146,0
5216-WASFJ,1.1388881222634755,-0.7160899486732969,2
5219-YIPTK,0.38073834579003024,-2.9330732737840903,0
5220-AGAAX,1.0382596122747856,3.1113110605069574,1
5222-IMUKT,0.24733001617583975,-1.813529387004876,0
5222-JCXZT,-3.9170385741413067,1.6966568801034418,1
5223-UZAVK,2.40727466047204,0.01456064990640145,2
5226-NOZFC,-0.30309449521409143,-2.3253954379054242,0
5227-JSCFE,2.107655451682008,2.8521676659862307,2
5228-EXCET,-0.9881460503596453,-2.7056429229883636,0
5229-DTFYB,1.529350980382469,-1.2414568226285514,2
5229-PRWKT,-1.7545807114377228,-2.6195573170630135,0
5231-FIQPA,-1.7344398875278737,3.056436407689611,1
5232-NXPAY,0.6696744783924756,1.2446340886054232,2
5233-AOZUF,-0.5263145630533999,-1.3550961550154326,0
5233-GEEAX,-2.923777972149556,-1.3913626257725915,0
5236-PERKL,3.6037476280135756,-1.7557583290454002,2
5236-XMZJY,-0.24261173087423626,-0.7232654898469804,0
5240-CAOYT,1.3405396729006631,-2.278885566136707,2
5240-IJOQT,-2.076826607699796,-2.822604706558105,0
5242-UOWHD,0.4249206042703862,4.3443331939717815,1
5243-SAOTC,0.47387493757623167,-1.4342394485387233,0
5244-IRFIH,0.5215603564456105,-2.0871858783300787,0
5245-VDBUR,-0.12455341578403194,2.3115261385224137,1
5248-KWLAR,4.107303792581925,0.7408338819132863,2
5248-RPYWW,2.779569273472653,-0.2628797175206142,2
5248-YGIJN,3.3516631221729902,1.1570224731550125,2
5249-QYHEX,0.14209215475237938,4.009766442980385,1
5256-SKJGO,1.193767569675821,0.29406463106452624,2
5260-UMPWX,-1.6327380589203988,2.684528665557857,1
5261-QSHQM,-3.354128836387175,-1.2383749369891162,0
5266-PFRQK,0.7986212468183355,3.8531348010803286,1
5268-DSMNQ,2.5016875522874096,0.3125552783725441,2
5269-NRGDP,0.819030312801999,0.06387602155880626,2
5271-DBYSJ,-1.334475580415681,-1.3088607645301986,0
5271-YNWVR,4.668984530279892,-1.5019770748560628,2
5274-XHAKY,1.3194938167376824,-1.4728232916365749,2
5275-PMFUT,1.9417818663940098,1.3893382444333309,2
5275-SQEIZ,-1.943703476635314,-1.9931031491136446,0
5276-KQWHG,-2.281690985137492,-2.5639208934360007,0
5277-ZLOOR,-1.9033640036947992,-2.842435299333906,0
5278-PNYOX,1.637234560266888,-0.03469589327354332,2
5281-BUZGT,0.22848119175655437,-2.833096620697622,0
5285-MVEHD,3.5359998229085137,-0.04896252967970817,2
5286-YHCVC,4.571987649105544,-0.6017065468750417,2
5287-QWLKY,3.497121894592945,-1.2814604409986114,2
5288-AHOUP,0.02635774787198995,-1.2384640415008143,0
5293-WXJAK,0.16869768114752998,-2.5523059410829423,0
5294-CDGWY,0.5678037016525412,-0.09789092097076567,2
5294-DMSFH,0.5542081709435005,-0.3601016960330108,0
5294-IMHHT,2.817124076213754,-0.5717135465139046,2
5295-PCJOO,-2.304958017690341,-1.286535497510851,0
5296-BFCYD,-0.8774114351412173,3.6012616983454198,1
5296-PSYVW,0.20626217824734436,3.1862831236510716,1
5297-MDOIR,3.746446122939542,0.7060285094886395,2
5298-GSTLM,3.5980962873532567,-1.1077788189062414,2
5299-RULOA,0.2174673279555183,-2.501963769482845,0
5299-SJCZT,-1.500138530734262,-3.083319241915443,0
5301-GAUUY,-0.7037286590685117,-2.5239735238569834,0
5302-BDJNT,0.7275338249948196,-2.273607622942338,0
5304-EFJLP,4.013828205782312,-1.18270402096149,2
5306-BVTKJ,2.079352251577622,1.0088134269898328,2
5307-DZCVC,-0.18738890606862546,-1.241868313026559,0
5307-UVGNB,0.0916687797015867,-0.1264854441004487,0
5309-TAIKL,-1.7229979284041912,-0.9805940391884115,0
5310-NOOVA,-1.202333284243636,2.5698772671316954,1
5311-IHLEI,-2.3871413869045828,-1.4223230496746577,0
5312-IRCFR,4.2760909362197115,-0.4366209762593854,2
5312-TSZVC,-2.1450921203934317,3.203534095175326,1
5312-UXESG,1.2621099203317612,-1.4533657206951378,2
5313-FPXWG,0.19841194037016055,2.0187570177829546,1
5315-CKEQK,-0.19359867773533257,0.18265400431885875,0
5317-FLPJF,2.185843671712653,-0.5625331924560254,2
5318-IXUZF,-1.633630077561151,-2.669858876639086,0
5318-YKDPV,2.1105635781533736,0.7419592534792497,2
5320-BRKGK,1.8491612306692606,1.5067438111151854,2
5321-NTRKC,4.7834388540011625,1.5685396428247762,2
5322-TEUJK,3.5453475218284627,-0.26238313750147174,2
5322-ZSMZY,-0.6956017515029156,4.523144163079328,1
5324-KTGCG,1.391766673500042,2.9821214153982507,1
5325-UWTWJ,0.7466500628221997,-0.698832095054811,0
5327-CNLUQ,1.9969368469323814,-0.8621635782692094,2
5327-XOKKY,3.1740134750327003,1.8114479596200153,2
5329-KRDTM,4.081835375652105,2.525641140327722,2
5331-RGMTT,1.4173362500434359,-0.8256570890218115,2
5334-AFQJB,0.1184086080055913,3.583936538744699,1
5334-JLAXU,2.3601034830200662,-0.4250933435864502,2
5336-UFNZP,4.374619938233874,-0.4238420527770434,2
5337-IIWKZ,-0.2995044722006291,-0.5444333506202466,0
5338-YHWYT,1.230235763836758,1.410881584320687,2
5339-PXDVH,-1.9730620751145505,-2.4058194519509213,0
5339-TJFEK,3.2494608869321593,-1.882147688725182,2
5343-SGUBI,2.325988528817513,0.45687360320744225,2
5345-BMKWB,-2.36995597773778,2.9294097344415326,1
5346-BZCHP,0.9268228132839714,4.83563498277948,1
5348-CAGXB,-1.332021063927152,-2.5515249066400045,0
5349-AZPEW,-2.8911624616866467,1.3776002865110142,0
5349-IECLD,-1.3109003579811342,-2.6594459661779934,0
5351-QESIO,-3.792147394349414,0.7414005472653178,0
5353-WILCI,-0.5945132787492816,-0.8960329364488475,0
5356-CSVSQ,-1.5045106384197067,-0.823544590772355,0
5356-KZCKT,-0.454924555194695,3.2785979680443664,1
5356-RHIPP,-3.6489131528065375,0.7844490317207521,1
5357-TZHPP,-1.151966950239604,-1.499040110717082,0
5360-LJCNJ,3.4504783561483747,-0.3806020874777743,2
5360-XGYAZ,1.7920679115801974,0.15545340153448486,2
5364-EVNIB,-0.9259894754480948,-2.446170315325385,0
5364-XYIRR,1.1668920403906737,-2.3268925548068604,0
5365-LLFYV,-3.3787209980611412,-0.5116708600384479,0
5366-IJEQJ,-1.138812125822112,-3.21391637041198,0
5366-OBVMR,-1.2857327667903267,0.3841263691530044,0
5370-IIVVL,1.9278788253985966,-1.184336900173136,2
5371-VYLSX,1.4388316253982396,-2.0564042207208946,2
5372-FBKBN,-3.6124920328420047,2.167907511678214,1
5373-SFODM,0.018218235671152157,-1.0978684554567606,0
5375-XLDOF,6.058537829840946,0.21024209309803427,2
5376-DEQCP,-1.8184040817386873,-2.268621282986055,0
5376-PCKNB,4.333721124474752,0.6758908895409212,2
5377-NDTOU,3.5801001424686603,1.0319069867577366,2
5378-IKEEG,-3.357108576777106,-1.2307760953536475,0
5380-AFSSK,-1.3357243126963478,-2.256320140527496,0
5380-WJKOV,0.3980815521675869,-3.083641957500723,0
5380-XPJNZ,-1.14758579943031,3.1003878450995797,1
5382-SOYZL,-0.6045165536176565,-2.391188216632048,0
5382-TEMLV,-0.6072053196027591,-0.8314043499558796,0
5383-MMTWC,-0.4833395430221138,-2.210868513596405,0
5384-ZTTWP,-3.0194468231753917,2.3392852431034936,1
5385-SUIRI,1.9789788537290915,-3.0056857397818755,2
5386-THSLQ,0.9310786318390368,1.104378400321394,2
5387-ASZNZ,2.523795744100593,1.2270942647697198,2
5389-FFVKB,-0.3247838266865788,-1.427860060491688,0
5392-AKEMH,-1.6696659807870002,-0.690452305759117,0
5393-HJZSM,0.6604376988903532,-0.89039369710041,0
5393-RXQSZ,-1.9657040696675758,-2.1410522890835733,0
5394-MEITZ,2.8079109292278592,0.2326588389633903,2
5394-SVGJV,0.3093805139663986,-2.715527755592295,0
5396-IZEPB,-3.708376358177719,1.8967779273282404,1
5397-NSKQG,1.6847887900663,2.882752361552238,2
5397-TUPSH,2.46210546427392,-0.42219948741211616,2
5399-ZIMKF,-1.5786162216703314,-2.387158628316314,0
5402-HTOTQ,-2.059947592164669,-0.21918427251636238,0
5404-GGUKR,-2.787622554597153,-1.049390732924098,0
5405-ZMYXQ,-2.570374734231804,-1.2205571573570921,0
5406-KGRMX,-0.8864232080439235,2.7441372282657293,1
5414-OFQCB,2.179723559267724,0.6059821624051763,2
5419-CONWX,-1.4650321000996507,-2.4088629391832885,0
5419-JKZNQ,-1.5702922369960934,-0.8464946704300859,0
5419-JPRRN,-1.2768432547136082,-3.150769639657311,0
5419-KLXBN,0.3036468267369142,-2.1217784944715072,0
5423-BHIXO,-0.811011397629521,-0.43913467267864087,0
5424-RLQLC,-2.503467600178194,-0.6064531925754042,0
5429-LWCMV,-0.9341155712095072,-2.1937186642182183,0
5433-KYGHE,-1.1064402920890333,-1.5961903299766822,0
5438-QMDDL,-0.969826951362629,-0.169071139485635,0
5439-WIKXB,2.5393680522071054,-1.4701111175175847,2
5440-FLBQG,5.422658774711276,-0.568196337357871,2
5440-VHLUL,4.870071136803541,-1.2517363923020255,2
5442-BHQNG,-1.8949734811225427,-1.209320690256023,0
5442-BXVND,-1.6625144893527581,2.086632637011141,1
5442-PPTJY,-1.5275580089169323,4.323236672541078,1
5442-UTCVD,-1.4747068281158733,-2.7892324961463104,0
5442-XSDCW,-1.3690530652830557,-2.607899745709254,0
5443-SCMKX,2.9870943176237215,-1.5257155310958839,2
5445-GLVOT,-1.5709060347371042,-1.158955172516165,0
5445-PZWGX,2.4017087259649474,-1.8316609145830316,2
5445-UTODQ,-1.19259651707256,-2.377093029119197,0
5446-DKWYW,3.4594851986278745,1.1313931094565663,2
5447-VYTKW,-1.8456061946033484,0.048863835447792,0
5447-WZAFP,1.94939176321327,-1.2059485863018287,2
5448-VWNAM,-1.1617669069495347,-0.39021876013665907,0
5449-FIBXJ,-0.2769987274344113,-2.244991029702999,0
5451-MHQOF,0.24107916067888355,2.8337995612419506,1
5451-YHYPW,6.125950983702802,0.09753250127155279,2
5453-AXEPF,-0.17625485721241257,-1.1381884695138615,0
5453-YBTWV,5.063282849325575,0.9931177601769506,2
5456-ITGIC,2.1927104832532094,1.8664799322230778,2
5457-COLHT,4.06387793251362,0.7759664814502165,2
5458-CQJTA,3.734412711346462,-0.2332745224744955,2
5461-QKNTN,0.787267419865287,-1.5438293523519,0
5465-BUBFA,-0.23977526208222277,2.8490205271337237,1
5468-BPMMO,-1.343721273117697,1.9335964869116318,1
5469-CTCWN,3.478169003983736,-1.124378481390232,2
5469-NUJUR,-2.0446134859858276,2.6745353918054366,1
5472-CVMDX,0.12194675091573066,1.6135557402714302,2
5473-KHBPS,2.5164268383649135,0.6635571235124478,2
5474-LAMUQ,-0.5933988191354337,3.5321018663198087,1
5478-JJVZK,-1.2514174862134397,-0.04826055460291773,0
5480-HPRRX,-2.932784738125827,-0.5994844079521224,0
5480-TBGPH,0.4424890863341238,-1.7919448048985287,0
5480-XTFFL,-0.9487552161362474,3.973296817850906,1
5481-NTDOH,3.979272749061954,0.05069431459209212,2
5482-NUPNA,-1.621011903874349,-1.1733126642732077,0
5482-PLVPE,-3.2007576084002194,-0.8289008680300702,0
5482-VXSXJ,0.029316222900515176,-1.3252396294733482,0
5485-ITNPC,2.462862830047462,-0.20464065966261516,2
5485-WUYWF,-2.0243247554243533,-1.7838802692745754,0
5493-SDRDQ,-3.081202412144886,-1.6611125379945981,0
5494-HECPR,-2.4866136998148596,-2.7819219053469206,0
5494-WOZRZ,3.2606309603636494,0.8532864061688986,2
5495-GPSRW,-1.9392455552253574,2.8449595123445053,1
5498-IBWPI,3.186273535317105,2.1878721462620505,2
5498-TXHLF,0.41687550505108933,-1.351582940409753,0
5499-ECUTN,0.2972022465111436,1.014326246723997,2
5501-TVMGM,-1.7144516549776339,-1.5109165413944206,0
5502-RLUYV,3.1298726704555024,-2.3425495364244076,2
5504-WSIUR,2.065130688944555,-1.3178534933685848,2
5505-OVWQW,-2.717640154951569,2.8006767201392466,1
5510-BOIUJ,-3.036408252603744,3.0889982435425303,1
5512-IDZEI,-1.0250874597008337,2.3475259990469564,1
5514-YQENT,2.9272753505732783,-1.2469021922296222,2
5515-AKOAJ,1.9158902888613993,-2.5486026731237814,2
5515-IDEJJ,-3.4040703694491294,1.466225457553467,1
5515-RUGKN,-1.5456299922835521,0.05692726376217012,0
5519-NPHVG,-0.7696960166574374,-2.9296446306040607,0
5519-TEEUH,-1.2534413804517925,2.8879978636087063,1
5519-YLDGW,-0.37542857609243485,-3.123391605134767,0
5520-FVEWJ,-0.13212801807342034,-2.9666288817064514,0
5522-JBWMO,-2.33027861870877,-0.09086487725150105,0
5522-NYKPB,-0.6229429715735773,-1.8556841421774393,0
5524-KHNJP,1.8689782564062927,1.2358873721685333,2
5527-ACHSO,-1.0985375122580796,0.05446798114625479,0
5529-GIBVH,-1.9277832839938782,3.092909556204027,1
5533-NHFRF,-1.175037587067353,-0.2045045342286306,0
5533-RJFTJ,-0.8810809398064923,-0.5853702681924943,0
5536-RTPWK,1.9160993270575954,-2.2781322918846807,2
5536-SLHPM,0.9535666273475533,-1.4539916379823965,0
5537-UXXVS,-2.6277064589252057,0.9196219114910283,1
5539-HIVAK,-2.061282565829015,2.2986169554561835,1
5539-TMZLF,-1.7987980598982907,-2.522514420425618,0
5542-DHSXL,-2.0084842488948524,0.8025424135344246,0
5542-NKVRU,-0.9053135545444924,1.8411834354463557,1
5542-TBBWB,-2.155599591411445,-1.9269850372610604,0
5543-QDCRY,-1.7796837332204096,-1.1345774159316875,0
5546-BYZSM,-1.9632179644015006,1.5249861974810677,1
5546-QUERU,-2.1786761399622274,2.2878357765110366,1
5549-ZGHFB,0.027247632448229763,4.425153083664507,1
5550-VFRLC,-1.6338941133932192,-2.773116818696182,0
5552-ZNFSJ,-2.3313131448008493,-0.744436501999487,0
5553-AOINX,4.368331585046547,-0.8914902869992124,2
5555-RNPGT,-2.9972523484991473,2.3031527574480326,1
5561-NWEVX,-1.78660198165347,-2.0058875179592603,0
5562-BETPV,-3.4147591479858592,2.2473673601217223,1
5562-YJQGT,-3.5651266608825716,2.1893889695244226,1
5564-NEMQO,-2.1035656170849593,-2.8630956370171092,0
5565-FILXA,-0.27296005535511797,-2.7462260188445398,0
5566-SOEZD,1.0181494263371236,0.05817898018742535,2
5567-GZKQY,-0.013445447869831902,3.7752940301683067,1
5567-WSELE,-1.4695221394054783,-3.288421662078328,0
5568-DMXZS,-1.6978144003276097,-1.3661011673979517,0
5569-IDSEY,4.952207427282999,-0.6143446299315026,2
5569-KGJHX,-1.740317221812123,-2.437397906495328,0
5569-OUICF,0.29880339761188757,-1.3500972734398524,0
5570-PTWEH,-1.7937789461578966,-1.2316956945747104,0
5572-ZDXHY,-0.6571970217657658,-2.3233616297990705,0
5574-NXZIU,2.454098517360535,0.07950050458923594,2
5575-GNVDE,-0.9948496499856467,0.7192643010362764,0
5575-TPIZQ,1.6460656906770896,-1.2654178398162412,2
5577-OTWWW,-3.254254814023271,0.516999244549056,1
5578-NKCXI,3.8142931973329692,0.4647256594751036,2
5583-EJXRD,0.8967463909530854,1.269358726092286,2
5583-SXDAG,-2.198491577314283,-1.6012964002324417,0
5590-BYNII,-0.015698846251744034,-2.9318795337492456,0
5590-YRFJT,-2.2021585189510593,-0.334488261086595,0
5590-ZSKRV,-1.6870102641998663,0.42077895651269687,0
5593-SUAOO,1.3323620270115422,-0.1375551217331797,2
5597-GLBUC,-1.8780748017346112,-3.0368214764063155,0
5598-IKHQQ,-0.14162967620474784,3.900755383009476,1
5599-HVLTW,-0.5185016650197107,-1.0447028658099893,0
5600-KTXFM,-1.5982677859441123,0.017177069673219723,0
5600-PDUJF,-1.8273049992247823,0.2544795613856199,0
5602-BVFMK,-2.28696916301175,2.9867096084628657,1
5605-IYGFG,-1.4462188690361988,-1.9871878305467745,0
5605-XNWEN,0.4199539993571843,2.2441542114486417,1
5606-AMZBO,-0.676929672542698,-0.9442028280337204,0
5609-CEBID,-0.31765619720106336,-3.1945890446486347,0
5609-IMCGG,-1.791500426671037,-1.3087493970027295,0
5614-DNZCE,1.658039963142487,1.2154645032014644,2
5616-PRTNT,-2.5975319620408563,0.7689455471769733,1
5619-PTMIK,1.1825353683890605,-0.5732843572990383,2
5619-XZZKR,-3.0471136528474534,2.6952078941739335,1
5622-UEJFI,0.11647178824160977,3.6115296893740556,1
5624-BQSSA,-3.48650752197239,1.5326719042089603,1
5624-RYAMH,-2.6377184215453786,0.5911820139877606,1
5626-MGTUK,-0.8064113063470559,-2.567482085039097,0
5627-TVBPP,-1.493350631618231,2.759830551584469,1
5628-FCGYG,-0.16686631459356657,-2.000907334031175,0
5628-RKIFK,1.6865441599667426,-0.22410757361956127,2
5630-AHZIL,-1.4103287247069274,-1.8290700224057304,0
5630-IXDXV,1.2193416172684508,-2.3420753063343156,2
5639-NTUPK,-1.7807616263227504,-0.4331518689775316,0
5640-CAXOA,-0.7926585340226189,0.8456777935929829,0
5641-DMBFJ,3.256543313668165,-0.24449153304304946,2
5642-MHDQT,0.0798509518552066,2.10537882893067,1
5644-PDMZC,-1.5647234561512608,-2.65416101770279,0
5647-FXOTP,3.535607253068258,-1.8913551831319007,2
5647-URDKA,-1.2021711794861516,4.198635197283993,1
5649-ANRML,-1.7303626862026484,-2.1427701321425126,0
5649-RXQTV,2.486487611446841,-1.5959479525987423,2
5649-TJHOV,-1.74338509962449,-0.6502392914010373,0
5649-VUKMC,-0.5470235706012649,-1.1128609919887278,0
5650-VDUDS,-4.20324784514058,-0.7074996575469884,0
5650-YLIBA,-0.1930149458827709,-2.1742853000559728,0
5651-CPDND,-2.7668787446673493,0.6854431935370963,0
5651-CRHKQ,1.4874068858352425,-1.150787219697629,2
5651-WYIPH,-0.8638601302053309,0.4656646597489117,0
5651-YLPRD,1.4538625829463017,-1.3100561794367414,2
5652-MSDEY,-1.616246500349071,-1.0359221917429002,0
5655-JSMZM,1.546927120557095,-2.1121164496543594,2
5656-JAMLX,-0.7463059719472274,2.8075376186225096,1
5656-MJEFC,0.6875422979163247,2.5286209855928607,2
5663-QBGIS,4.043230764104447,-0.6402177118146374,2
5666-CYCYZ,-0.052400535888012884,-2.4639633562469543,0
5666-MBJPT,0.4102821539842133,2.3771047984400386,1
5668-MEISB,2.818404858596639,0.7550949074166706,2
5669-SRAIP,-3.2168665244966683,-1.15081738908438,0
5671-RQRLP,2.845348542812475,1.4574659879440344,2
5671-UUNXD,2.9940785750423706,-1.4841441463925356,2
5673-FSSMF,-2.275601868428638,-2.034915932181719,0
5673-TIYIB,-3.1252379810559683,-0.29285276281823674,0
5676-CFLYY,3.568689162256085,1.6407030922090746,2
5678-VFNEQ,3.9843215604755957,-0.07263333149442124,2
5680-LQOGP,3.2143334862084463,0.4059251376763703,2
5681-LLOEI,3.0106430774679707,0.5100878896613386,2
5684-FJVYR,4.015138364586401,-0.04470530454301867,2
5685-IIXLY,-0.7720550004740541,-2.3529959897848243,0
5686-CMAWK,0.4560794576604257,-0.5087348800875406,0
5687-DKDTV,-3.023223888366749,2.0169685858847615,1
5688-KZTSN,-2.0404377937799083,0.7499404261379916,1
5692-FPTAH,-2.7927884291755043,-0.4646770153019033,0
5692-ICXLW,1.48227155806616,-1.1442101842982308,2
5693-PIPCS,2.050525641847972,-0.35498440981568874,2
5696-CEIQJ,4.37539232224512,-0.3247477118341475,2
5696-EXCYS,-1.8418946325490795,3.312469424051387,1
5696-JVVQY,1.9623297708585365,1.4182022065352689,2
5696-QURRL,-2.77928601470642,-0.20443282773012217,0
5697-GOMBF,-0.0749153203860596,0.7547448687377645,0
5698-BQJOH,-0.6460767583637657,-1.8916315549908291,0
5699-BNCAS,-0.027963960174896416,3.0792353168742674,1
5701-GUXDC,-0.9806660410996246,1.491258767001062,0
5701-SVCWR,-4.060076349327945,1.796287622433457,1
5701-YVSVF,0.4141894542231804,-0.7378557347286866,0
5701-ZIKJE,-1.4624010652347492,-0.046714444840507935,0
5702-KVQRD,4.0867587084061,0.3461869373235578,2
5702-SKUOB,-2.7992862519654764,2.446344956713809,1
5707-ORNDZ,-2.7951087657138887,-1.4670172981003662,0
5707-ZMDJP,2.234398729326651,1.7914942611142857,2
5708-EVONK,1.1658224045862482,-2.452035933421147,0
5709-LVOEQ,-0.020196516301431922,0.9469664263775895,0
5712-AHQNN,0.5483975924961351,-1.8597655951366245,0
5712-PTIWW,-2.3059878987870808,-2.843532993670582,0
5712-VBOXD,-3.7848629067662016,1.161186149209497,1
5716-EZXZN,2.973479873069202,0.35800836625729904,2
5716-LIBJC,-0.31590409660436797,-0.9497980425361174,0
5724-BIDBU,1.8479020515870925,0.07471536604702693,2
5726-CVNYA,-1.9111568512648989,3.2708837584795516,1
5727-MYATE,4.119723455169838,1.489198451224506,2
5729-KLZAR,-1.526011983980694,-2.747846790266561,0
5730-DBDSI,1.3925786180996764,2.8977971594240075,1
5730-RIITO,-0.7519079847080354,1.2860281055513658,0
5732-IKGQH,3.4807287357754046,-1.2765073328648457,2
5734-EJKXG,4.322155473478573,-1.9646173303674102,2
5736-YEJAX,3.3765443945584104,1.11584992191032,2
5740-YHGTW,3.2348983515294707,-0.09843020043394814,2
5743-KHMNA,1.0147380784258526,3.059492059740252,1
5747-PMBSQ,-0.759547123750434,-2.2327123016817785,0
5748-RNCJT,4.060265760275517,-1.0165474468209663,2
5751-USDBL,2.0482849546560167,1.384225927427157,2
5753-QQWPW,-0.38907150056210216,-0.6482893060869481,0
5756-JYOJT,-1.2162535984460823,0.45004601441564857,0
5756-OZRIO,2.441308279279288,0.964826708092472,2
5759-RCVCB,-3.2623632262808444,-0.027660070048831,0
5760-FXFVO,-1.7240512485799044,-2.838859391015212,0
5760-IFJOZ,-1.2690719559434496,-1.8245516602324499,0
5760-WRAHC,-0.28457174130750124,-0.49667064347677514,0
5762-TJXGK,1.083079381351349,0.09581730211755271,2
5766-FTRTS,4.938245586209697,2.1975371224730074,2
5766-XQXMQ,-0.8299392910855373,-2.012266897975426,0
5766-ZJYBB,-4.006716800304422,1.2441924733795717,1
5774-QPLTF,0.47982117800315444,4.1544553471841885,1
5774-XZTQC,-3.2743793143298,2.470176306428926,1
5777-KJIRB,-0.48837120216007623,1.1837392128869457,0
5777-ZPQNC,-2.329080396915657,2.039550057583093,1
5778-BVOFB,-1.9967137863702915,-1.2947923119021152,0
5780-INQIK,-2.3341682379295094,-0.509291289286674,0
5781-BKHOP,5.796407788835134,0.4937004731922468,2
5781-RFZRP,3.1950446994504635,2.371936715899751,2
5787-KXGIY,-0.7054474524746601,3.7585424946020987,1
5788-YPOEG,1.2555353643123253,1.5575055665423998,2
5789-LDFXO,-1.142690023515523,1.6738867556855306,1
5791-KAJFD,2.660153750592848,0.08611609733218333,2
5792-JALQC,1.613000174098736,0.7974543170589449,2
5793-YOLJN,1.3285668890947455,4.788044834433636,1
5795-BKOYE,2.7038277371853114,1.4529693645548722,2
5795-KTGUD,5.555583236449072,-0.7355588707852735,2
5797-APWZC,-2.2106500513975433,-3.0227132629454325,0
5799-JRCZO,-0.41259658843314845,4.057110568992543,1
5802-ADBRC,2.9061509883402383,-0.26489873972328776,2
5803-NQJZO,2.183691481295734,0.2940346060980697,2
5804-HYIEZ,4.231254125977338,-1.2887391492712164,2
5804-JMYIO,-0.661727695556571,4.234657205371759,1
5804-LEPIM,-2.641967244382983,-2.58036448430651,0
5808-TOTXO,-2.7597722401033735,2.3929964286031127,1
5811-IWXYM,3.9349647612645264,-0.25765856915287716,2
5813-UECBU,-0.349225072783397,-1.408777266244527,0
5815-HGGHV,0.5015467203958478,0.8563115165204289,2
5816-JMLGY,4.375812734794053,0.453762260238366,2
5816-QVHRX,1.0846419675348806,-1.1066188419086793,2
5816-SCGFC,-1.3057764316636964,0.9216135287083572,0
5820-PTRYM,1.7166151989524823,0.8850982159542629,2
5821-MMEIL,1.027836556565732,3.45823844906773,1
5825-XJOCM,0.8746397209669217,-0.25610962307238333,2
5827-MWCZK,2.8074689673295055,0.08139973356674055,2
5828-AVIPD,0.7737793455930381,-2.0148961923273654,0
5828-DWPIL,1.1634097666722012,-1.5668053347418214,2
5829-NVSQN,0.7544118841614863,-0.6151988798736016,2
5832-EXGTT,0.13149447641107784,0.49939122938013464,0
5832-TRLPB,0.014082016320629024,-1.0747207422815352,0
5832-XKAES,-2.7200547131503456,-2.018273594741746,0
5834-ASPWA,-1.687040729051047,-2.184073823398459,0
5835-BEQEU,-1.6968010282117374,-2.428836412233727,0
5837-LXSDN,0.04455236647400145,1.1973772205845536,0
5839-SUYVZ,-0.9399660995564436,-1.704801447108383,0
5840-NVDCG,0.8261513321312063,0.6029828517594966,2
5842-POCOP,-1.2257578402302922,-1.49012725795184,0
5843-TTHGI,-1.409230822621579,-0.04458032715558963,0
5844-QVTAT,0.5104234026986111,1.271284147499894,2
5845-BZZIB,-0.7540885378139593,4.328311661541544,1
5846-ABOBJ,0.915993896545964,2.95716149525635,1
5846-NEQVZ,2.0373985292004457,1.0637136738609123,2
5846-QFDFI,0.5610168325091083,-0.7716504353501044,0
5847-MXBEO,-2.4615601007221115,3.1454526410434163,1
5848-FHRFC,-0.07562212567202141,2.88260746371272,1
5849-ASHZJ,-2.2138205814745326,3.2525337068739146,1
5850-BDWCY,-3.426708970212981,2.0079862561487056,1
5854-KSRBJ,1.0932742618106175,4.915326248560088,1
5855-EIBDE,3.823001428922855,1.1574131353825667,2
5857-TYBCJ,2.23989253239645,-0.5823937035983033,2
5857-XRECV,-2.301504905404841,2.005006657741384,1
5858-EAFCZ,-2.808366989601957,0.4252022960055854,0
5859-HZYLF,-0.05552564404248936,4.184570201167932,1
5862-BRIXZ,0.5758331503485592,-0.02298266629743637,2
5863-OOKCL,-3.0264082634688294,1.951130821135324,1
5868-CZJDR,-3.8112408013907646,-0.6905524165927632,0
5868-YTYKS,-3.9051202195740764,1.406750561609257,1
5868-YWPDW,-0.3711778238725428,-2.501570883406523,0
5871-DGTXZ,-1.2398422258733648,3.0684085687824965,1
5872-OEQNH,0.8051075726651573,-0.3401669028470719,2
5875-YPQFJ,-1.9892026671148861,-2.513892769518019,0
5876-HZVZM,-2.15690679262028,0.21551667816788708,0
5876-QMYLD,-1.195544535676387,3.7199076219798557,1
5879-HMFFH,4.181401750682345,0.5749913428674798,2
5879-SESNB,-1.4328644589355928,-1.6255763448447165,0
5882-CMAZQ,-1.2637396833030596,0.8886369449727196,0
5883-GTGVD,-1.076326181628827,-3.3059604490491585,0
5884-FBCTL,1.4819884099947724,3.5724591788485323,1
5884-GCYMI,-3.1864481128482605,-1.8531684711091738,0
5886-VLQVU,0.3370344956136053,-2.568013985071387,0
5887-IKKYO,2.6845823788453704,0.06670134562049593,2
5889-JTMUL,2.2049512618145277,-1.7240244547337025,2
5889-LFOLL,-1.316971247968578,-3.1309741622863205,0
5893-KCLGT,-0.18723869374848978,3.573622254164367,1
5893-PYOLZ,3.253234200235742,1.2020876481906693,2
5895-QSXOD,-1.6632400348029626,-0.634837049512221,0
5896-NPFWW,-1.8390907595769885,-1.7188901612198104,0
5897-ZYEKH,3.0616996236417457,-1.3878336183760973,2
5898-IGSLP,0.2695196875691543,-1.7072901357847983,0
5899-MQZZL,-2.424242171041167,-2.1259881974579002,0
5899-OUVKV,0.6186470498721883,-2.5751187496520727,0
5902-WBLSE,0.08495654445413975,3.362332378161326,1
5906-BFOZT,-3.4193840825021584,1.726769754679122,1
5906-CVLHP,0.8939798213846845,0.6872406506722502,2
5906-DVAPM,2.6616602390704713,1.2444645052761643,2
5908-QMGOE,-1.4993573378545804,-1.457239637321904,0
5909-ECHUI,-2.241874945866977,-1.9666785931111972,0
5913-INRQV,1.295199485621879,0.34055364309260794,2
5914-DVBWJ,-0.9928370849508845,-2.9676439945552677,0
5914-GXMDA,-0.5064039916457816,3.7564938648038173,1
5914-XRFQB,4.796580526513678,-1.3230181155790093,2
5915-ANOEI,3.101255039314983,2.07616822351964,2
5915-DGNVC,2.8269651976741135,0.8224167774769003,2
5916-QEWPT,-2.0674317613708517,-0.22228208800843635,0
5917-HBSDW,-2.409330378451085,2.027701617257213,1
5917-RYRMG,-1.7148502627419375,2.915245592726706,1
5918-VUKWP,-1.1170684768035986,1.770679321468343,1
5919-TMRGD,-1.7165653488037356,-2.74981673115026,0
5919-VCZYM,-3.250779063807816,2.379682117055057,1
5921-NGYRH,2.170559530606453,-0.3430479769375066,2
5922-ABDVO,-0.6749126931117907,-1.0533300090063447,0
5923-GXUOC,-0.6043724575960903,-3.2335847093934253,0
5924-IFQTT,-0.6695238295187493,-0.8178124959505422,0
5924-SNGKP,-1.833214955904245,2.6102176176942065,1
5928-QLDHB,-1.6774622771105452,-1.7761339012979886,0
5930-GBIWP,1.6145931807414116,0.6357613716083496,2
5931-FLJJF,-1.4768300351500576,-1.1631078765331713,0
5934-RMPOV,-0.6238213653735426,-2.0202961002038147,0
5934-TSSAU,0.773861156262442,-0.09546796039306886,0
5935-FCCNB,0.5977169625532835,-1.3679522783550249,0
5937-EORGB,0.14548268423029487,-2.06675368329253,0
5939-SXWHM,-0.12288514070577065,2.908686284283068,1
5939-XAIXZ,-1.7999638075774036,-0.2974961056065595,0
5940-AHUHD,-2.605475773066635,-1.3261976715506072,0
5940-NFXKV,-0.383927627800094,-2.6585754466948193,0
5944-UGLLK,0.48617290339349206,1.3514212357225095,2
5945-AZYHT,5.984591953972878,-0.5585552273774143,2
5947-SGKCL,0.056081034421987336,-2.35018955935242,0
5948-UJZLF,-2.0673858200415873,0.26813538276222904,0
5949-EBSQK,-1.6598127550445234,0.2615789824319392,0
5949-HGVJL,0.175308022345715,-0.7467971327430112,0
5949-XIKAE,-1.2236109680235696,-1.9732389249373736,0
5950-AAAGJ,-1.322328708702024,-2.3075079471761715,0
5951-AOFIH,-0.05923926242402888,-0.10242355334438381,0
5954-BDFSG,2.536346092673165,-0.4364011848947955,2
5955-EPOAZ,-2.8126194015673747,1.5075435164904745,1
5955-ERIHD,-0.6028926734785679,-2.923757115713298,0
5956-VKDTT,-1.2223791419964845,-2.5153309470605927,0
5956-YHHRX,1.1127994951670503,-1.6756931619190694,0
5959-BELXA,-0.4852618451399634,-1.7860634684832453,0
5960-MVTUK,-3.242592910333968,-1.2778289786006254,0
5960-WPXQM,-1.4980227082267659,-3.171259173993308,0
5961-VUSRV,-2.3303699853557442,1.4777641766642404,1
5965-GGPRW,5.177604570312631,0.4114368847715429,2
5966-EMAZU,3.0682920110383507,-0.9281518880973123,2
5968-HYJRZ,-0.18667405149165472,4.353400488574551,1
5968-VXZLG,-2.3293683114315322,-0.8070462886514637,0
5968-XQIVE,3.3072286945967186,-0.5203878543035739,2
5970-GHJAW,0.43469869564957175,4.916273990866362,1
5973-EJGDP,0.6889952888529658,-1.8958376275242506,0
5975-BAICR,1.4686635157468189,1.474896712540839,2
5976-JCJRH,-1.5196742186852854,-1.9916851069215427,0
5977-CKHON,1.9486409460277265,-1.7464089044677786,2
5980-BDHPY,3.2655202053102057,-0.18574917515885034,2
5980-NOPLP,1.241115681285253,-2.419441222430044,0
5981-ITEMU,0.9914767110485514,-2.2015886437843837,0
5981-ZVXOT,1.294907875943294,-2.146287267742957,2
5982-FPVQN,1.2772622893264645,-1.9641259988315893,2
5982-PSMKW,1.495732887357866,0.6729360209274718,2
5982-XMDEX,0.6320484521154303,2.5778990535303383,1
5985-BEHZK,4.363357832386109,1.0691316673685518,2
5985-TBABQ,0.053009217347860856,0.9786141248854214,0
5986-WWXDV,-0.9957498969844449,1.8658875431151756,1
5989-AXPUC,3.566137635875836,0.45764300123681445,2
5989-OMNJE,0.4595703542331453,0.429171830564761,2
5989-PGKJB,-0.9744119471569861,-2.2735413379199527,0
5993-BQHEA,-2.5202802335585743,2.6833894939344365,1
5993-JSUWV,1.6178652541775744,0.07652447296503877,2
5995-LFTLE,0.5250548917270419,3.4987714694637764,1
5995-OIGLP,-2.449190129343054,-0.24717313646057268,0
5995-SNNEW,1.2632499363638392,-2.151464756883717,0
5995-WWKKG,-0.7622156159583154,1.775768121644525,1
5996-DAOQL,-4.068873364987715,1.0433940019253378,1
5996-EBTKM,3.1080249914712454,0.6382177008261759,2
5996-NRVXR,1.6435121249673974,-0.5836904171847715,2
5997-OPVFA,4.023005058015303,0.37942387132053385,2
5998-DZLYR,3.4804703059936655,-0.3378860707602201,2
5998-VVEJY,-0.8421408819152416,-2.270107099742277,0
5999-LCXAO,-2.902629203293224,0.7895566103722935,0
6000-APYLU,-1.3311263038164554,-2.3143947739991755,0
6000-UKLWI,-0.8063817485979435,3.3815277836286164,1
6005-OBZPH,-0.7854133373950938,-2.9178281993820048,0
6007-TCTST,4.493442470038135,-0.7412759748189645,2
6008-NAIXK,0.197810937452912,-0.6981264933337868,0
6010-DDPPW,0.968422955436645,3.348582903831742,1
6013-BHCAW,3.07869883024844,0.4900846764404077,2
6015-VVHHE,-1.6443901476966527,-1.5837895072115087,0
6016-LVTJQ,-1.7863266796843746,2.930552703603205,1
6016-NXBNJ,-1.9741988778986843,2.327681460436244,1
6017-PPLPX,-0.8267237041850788,-2.0342403979065606,0
6022-KOUQO,-2.354766744812479,0.14530674493304493,0
6022-UGGSO,-0.6971294560895103,-2.6306795105891543,0
6023-GSSXW,1.3854636351144447,1.3009076561792505,2
6023-YEBUP,-1.8536840418011007,-2.7945005607097806,0
6024-RUGGH,1.163711271866355,2.816128668944593,1
6029-CSMJE,-3.228605930409518,-0.1283071758010577,0
6029-WTIPC,0.7239122251525714,-3.0373940160698094,0
6030-REHUX,2.3430176095606514,-1.4241409231318327,2
6032-IGALN,-3.320964349059266,-0.5768659566431805,0
6032-KRXXO,0.22457232648269213,-2.5080728049655012,0
6034-YMTOB,-1.870588151035366,-0.885770791776194,0
6034-ZRYCV,1.9780842799968728,0.5013485551080273,2
6035-BXTTY,-0.41289942273130714,0.47199266668174006,0
6035-RIIOM,2.523485335070489,-0.7088999727888875,2
6036-TTFYU,-2.219171324536196,2.3029698226057675,1
6038-GCYEC,-1.3305803888136993,-0.9950098447542436,0
6040-CGACY,-2.8927316749519507,2.330766665312799,1
6047-SUHPR,0.7189799822594322,0.4865785097741709,2
6047-YHPVI,-1.7831512092224975,-2.627941075940246,0
6048-NJXHX,-0.036005407940152306,2.3949057148754984,1
6048-QBXKL,-2.941785235316833,-0.6085804101095762,0
6048-UWKAL,3.28200312838156,0.6967392286842532,2
6050-FFXES,3.286146705590371,-0.034071109312904135,2
6050-IJRHS,3.8927486998344962,-0.5336056070345283,2
6051-PTVNS,-0.2846951736715175,3.542770513795129,1
6060-DRTNL,-1.6746231294821197,-2.0195860051085166,0
6060-QBMGV,0.5931771327145258,4.907388692469884,1
6061-GWWAV,0.2869878662510062,1.2742044662279743,2
6061-PQHMK,-2.5032236539150334,3.0717017359231527,1
6064-PUPMC,0.30311563445134415,1.6661033395145042,2
6064-ZATLR,-0.6898818897488661,0.1784593489835528,0
6067-NGCEU,2.868910235716584,-1.1734126088762022,2
6072-NUQCB,-1.512950013189014,2.2154005283626903,1
6075-QMNRR,0.8115401964679735,-0.31048901821665076,2
6075-SLNIL,0.014691719979153193,-1.4217411782586178,0
6077-BDPXA,-2.218566023946478,-2.306376476688014,0
6078-VESFR,-0.5789976391222228,-1.0527953505373417,0
6080-LNESI,-0.4709026345103271,3.4135877672750654,1
6080-TCMYC,0.5861932030095305,-1.5752387897310256,0
6082-GLJIX,-2.947355037043802,2.3986313668532415,1
6082-OQFBA,-1.8298677613943573,3.130794304430406,1
6086-ESGRL,-2.604772440814844,-1.5704491261061715,0
6087-MVHJH,-0.8088913863871365,-2.816045233897738,0
6087-YPWHO,2.741036483185502,2.0585835828051597,2
6088-BXMRG,0.7397255547809974,-2.0741321628013982,0
6092-QZVPP,0.6307355219527324,-0.9338338724596607,0
6094-ZIVKX,1.8771585399519841,1.4477115646280838,2
6096-EGVTU,0.11307174670321596,4.007728100519199,1
6097-EQISJ,4.839232843544879,-0.3408102843839971,2
6100-FJZDG,-0.4140509501140898,2.352925945665774,1
6100-QQHEB,-0.2971053011148477,-2.1874209668560853,0
6101-IMRMM,-2.379387124641674,-2.0832824804591317,0
6103-BOCOU,-0.5989320483574402,-2.2322292371953005,0
6103-LIANB,3.5848868226097466,0.6637615809326801,2
6103-QCKFX,1.8136638315984617,0.3684682407337926,2
6108-OQZDQ,-1.0317463714946917,-2.983282002152785,0
6110-OHIHY,-2.2667179485626505,-2.104809415572584,0
6112-KTHFQ,-2.927779303009717,1.9316014839366142,1
6114-TCFID,-1.1188283168093736,1.1378749899348726,0
6115-ZTBFQ,1.7645315800356356,0.7411629601863055,2
6116-RFVHN,1.8071148084240536,-1.6655188009567852,2
6119-SPUDB,-0.5904063962536792,1.9498844916351696,1
6120-RJKLU,3.7182023752150317,1.7163386522346151,2
6121-TNHBO,2.0701780621353345,-0.20375440010485404,2
6121-VZNQB,-3.0897345061722823,1.3144660935159524,1
6122-EFVKN,-1.1511670990847334,1.6979082662532037,1
6122-LJADA,2.7298902238436837,1.2273139308673044,2
6124-ACRHJ,-3.2851660964171483,2.1864505431672727,1
6127-ISGTU,-1.00208049242905,-1.970220743211652,0
6127-IYJOZ,-2.138835537562397,0.45550296339198476,0
6128-AQBMT,1.233440418772553,0.4868326814644252,2
6128-CZOMY,-2.2575163531920244,-1.4070502181498046,0
6128-DAFVY,-1.10789179233486,0.42706636366541534,0
6131-FOYAS,-1.1246132561300193,-1.3019588123695218,0
6131-IUNXN,-2.0641075877743167,2.696982535428939,1
6131-JLWZM,-3.074478194146473,1.7768247817738811,1
6133-OZILE,-2.28704637724939,-0.8954769238447153,0
6134-KWTBV,0.8618924317761443,2.8221886439511388,1
6135-OZQVA,-2.248163357836768,-1.3641449092777767,0
6137-MFAJN,-1.4770146287567822,-1.2910394701581267,0
6137-NICCO,-0.297804455970156,-0.7389587871629316,0
6139-ZZRBQ,-0.9160552793368868,1.8686960046228906,1
6140-QNRQQ,-2.8003962959418445,-1.9912015059266235,0
6141-OOXUQ,-4.198669114494791,1.104410003240015,1
6142-VSJQO,-1.9275387279929028,-1.2169105572736922,0
6143-JQKEA,-2.1162776091989666,0.0517116455225864,0
6145-NNPNO,-3.2907027481952023,-0.7691283767048696,0
6147-CBCRA,-1.9769645453086482,2.914744439485184,1
6152-ONASV,3.5724816488648243,0.9290613834085529,2
6156-UZDLF,0.968709823299871,-0.5902359996402498,2
6158-DWPZT,-2.3417570728219377,0.263478258008707,0
6158-HDPXZ,-3.140389401261079,1.0884814495702777,0
6161-ERDGD,3.5852417704411197,0.35020691864422543,2
6161-UUUTA,-1.7732349659118543,-2.5581777945736364,0
6164-HAQTX,0.5416187166954727,0.3815278560068412,2
6164-HXUGH,-3.365091525522955,2.1542791114897395,1
6166-ILMNY,-1.775959201591293,-2.0862742383119355,0
6166-YIPFO,3.29803653020935,0.6238617793618899,2
6168-WFVVF,-1.7433619196119976,-2.196015540487542,0
6168-YBYNP,3.7493452498257747,-2.1161255342170926,2
6169-PGNCD,1.106598436781435,1.0131969687238944,2
6169-PPETC,-0.06545049288434472,3.129279827184942,1
6171-ZTVYB,-0.12856071998827778,-0.5939733332801399,0
6172-FECYY,1.7395799144907789,-1.0734539060681336,2
6173-GOLSU,3.026285685966931,0.7331649548312745,2
6173-ITPWD,1.312341720781729,-2.842493697764701,0
6174-NRBTZ,-0.7978445697697778,0.09472894392284073,0
6175-IRFIT,-1.817261056039684,-0.4986563237114019,0
6176-YJWAS,4.604603951502245,0.9814232050399108,2
6177-PEVRA,0.11182064705701633,1.9041239670951942,1
6178-KFNHS,-1.5184162253488018,-2.786242032346802,0
6179-GJPSO,0.7208251563653278,-2.118481054361506,0
6180-YBIQI,-3.615438387345185,0.5524905072835783,0
6181-AXXYF,2.3671073945832233,4.884558770435785,1
6184-DYUOB,-2.6645480564698776,1.888174553659287,1
6185-TASNN,-2.2839826496270215,0.13467752477191383,0
6188-UXBBR,-1.2260728744522724,2.847751975012087,1
6194-HBGQN,1.8117135407385356,0.17537073984950596,2
6195-MELTI,0.1714002236539104,1.158574715760493,2
6196-HBOBZ,4.187755865367893,-0.1350840534839258,2
6198-PNNSZ,4.505019178708371,-0.33875661728729994,2
6198-RTPMF,-0.11441206306241093,-1.1264624184391152,0
6198-ZFIOJ,-1.9947103394543175,-1.8133348777624132,0
6199-IPCAO,-1.173959344661316,3.8788531206992882,1
6199-IWKGC,2.2918203339225487,-0.3161893543804876,2
6202-DYYFX,-1.0630921536275486,-0.18103801301164768,0
6202-JVYEU,-2.4644524908659293,1.3342396356776582,1
6203-HBZPA,0.5938732191869496,1.3102155460479767,2
6204-IEUXJ,-1.9002923203331992,-1.4957049699476173,0
6207-WIOLX,-0.5086640873951183,-0.6019967840543645,0
6210-KBBPI,-1.5317279536657604,-2.2487468055268662,0
6211-WHMYA,-0.5362529090931055,-0.5093501846892703,0
6211-WWLTF,3.619580562972233,0.927193482719092,2
6212-ATMLK,1.819367129935641,-2.085388516856973,2
6214-EDAKZ,-1.1922602860869227,-0.4210583449539434,0
6215-NQCPY,-0.9379862685037452,-2.845613960543437,0
6217-KDYWC,-1.249927850681241,2.804139789743409,1
6217-TOWGS,-0.49823059822651505,-1.488340323819169,0
6218-KNUBD,-2.343537940424504,-0.8794075072601698,0
6221-AVQYL,-2.414116018834904,-1.5530184255190798,0
6223-DHJGV,-0.9997595742336587,2.7310777561608996,1
6227-FBDXH,3.3602571204086016,0.15906929435764222,2
6227-HWPWX,-1.8370948109548337,-2.0419059151434054,0
6229-LSCKB,-1.8410451813938744,-2.312549884271399,0
6229-UOLQL,1.5440383024430466,1.7249219597463326,2
6230-BSUXY,-1.6469544925750705,-2.8638422230224645,0
6231-WFGFH,-2.831212511247896,2.0612453944826554,1
6233-HXJMX,0.6758897305691667,-0.934508203813478,2
6234-PFPXL,0.24430795280447257,-0.6006662717822523,0
6234-RAAPL,3.9959674022342164,0.038842123919235055,2
6235-VDHOM,-3.236141722788854,-1.0950127000452232,0
6240-EURKS,-2.0554718187356125,-1.9114606098064322,0
6242-FEGFD,3.595076274800961,0.937224260655389,2
6242-MBHPK,1.3367785670730665,-1.6230810350770073,2
6242-SGYTS,3.3259549840092473,0.554623154538137,2
6243-OZGFH,-1.9933049890593426,-1.1747439239429087,0
6244-BESBM,3.316121394559239,0.6712588112184528,2
6248-BSHKG,1.1026998362575706,4.518520894698305,1
6248-TKCQV,4.0959070194050495,0.48915765727269195,2
6250-CGGUN,2.0831103235961725,-0.7468281437275457,2
6252-DFGTK,0.4843439219019315,1.388615643627149,2
6253-GNHWH,4.35965668359763,2.7317391610008435,2
6253-WRFHY,-0.11321531178518603,-0.38538423992906484,0
6257-DTAYD,3.980608467349127,-0.08849423743837062,2
6257-RJOHI,-2.7671979519297865,-0.08381536649969797,0
6258-NGCNG,-3.7373367511429514,1.8342269212938922,1
6258-PVZWJ,3.356311955327647,1.185611968813742,2
6259-WJQLC,-0.6028422456149966,-0.3578671307416803,0
6260-ONULR,-1.9953418400731588,-0.4353133482287894,0
6260-XLACS,-2.5272871565347446,2.6534549037035475,1
6261-LHRTG,-0.8686281532726395,-0.1044489156020663,0
6261-RCVNS,0.5519583180934817,0.19994294118771327,2
6265-FRMTQ,-1.1912565181829857,2.1372401383739645,1
6265-SXWBU,4.185208932459311,1.5323387804676079,2
6266-QHOJZ,2.964498314216794,-1.066430398289619,2
6267-DCFFZ,2.279202497302083,-0.38825312614342655,2
6270-OMFIW,4.191206699191028,-0.08764607792065437,2
6275-YDUVO,-2.4057717559382366,-2.433439992247577,0
6278-FEPBZ,-3.7100166887204207,1.8765176009612825,1
6281-FKEWS,-0.40391324073093954,-0.0022860213916545634,0
6283-GITPX,2.459855092150609,1.2719002799568613,2
6284-AHOOQ,-0.052939943771807635,-2.9464682505862916,0
6284-KMNUF,3.924449950477078,-0.5242279373685821,2
6285-FTQBF,2.3480908148484914,5.140906888776631,1
6286-SUUWT,-3.6743137218809614,1.8950443822212832,1
6286-ZHAOK,-1.5702449934677212,2.1738499409490393,1
6288-CHQJB,3.0330193170895674,0.5240609892214707,2
6288-LBEAR,-0.8365067945549657,-1.0226560406539167,0
6289-CPNLD,0.8411720228578203,0.050920304137999334,2
6292-TOSSS,0.5357907759247005,2.623822430796983,1
6295-OSINB,4.464262342751645,-1.0209179658809524,2
6296-DDOOR,-0.4846993720931152,-0.33894061335868997,0
6297-NOOPG,4.506422203200498,-0.7688134597785885,2
6298-QDFNH,-0.9067152858561258,-2.5999787834253043,0
6300-BWMJX,1.4945521069479732,-1.5265294977893706,2
6302-JGYRJ,-0.7307129425172421,-0.630118818812064,0
6303-KFWSL,0.43370929624457544,-0.44703996510127786,0
6304-IJFSQ,-1.9271842804848662,-0.20930321956945241,0
6305-YLBMM,2.0765227224138068,-2.038872155119795,2
6308-CQRBU,4.408956378311177,-0.31408982796328017,2
6311-UEUME,-0.34581899300273183,-2.207718381250968,0
6313-GIDIT,-0.5021256007116357,-1.4417977193847777,0
6317-YPKDH,-3.3018936538902377,-1.2293622830848026,0
6319-IEJWJ,-0.05444316463425439,-2.729025261926684,0
6319-QSUSR,-3.1566470517982643,2.203518154796178,1
6322-HRPFA,0.33116693956309623,1.0679631111031795,2
6322-PJJDJ,3.6793843327355265,-0.28823754293988874,2
6323-AYBRX,-0.4930042894603467,3.499903656018757,1
6326-MTTXK,-1.7664571046164692,-2.8018108242779527,0
6328-ZPBGN,-1.0793432049775125,-3.0298713588331707,0
6330-JKLPC,-0.9740365666084592,-2.3994057415623824,0
6331-EWIEB,-1.7345959292287785,-2.777995021272128,0
6331-LWDTQ,-1.7230680225156745,-0.8811696427974333,0
6332-FBZRI,3.0299273780678986,1.4890890842256677,2
6333-YDVLT,3.415438820728982,-0.4178389425701423,2
6338-AVWCY,-2.80812950148183,-0.362731584082775,0
6339-DKLMK,-2.54599457095086,-0.8848395534490031,0
6339-RZCBJ,0.5838789826311519,1.1694470148659293,2
6339-TBELP,1.540276232053003,0.47385522847346134,2
6339-YPSAH,-1.479175917238303,-2.3176341552084563,0
6340-DACFT,-0.1276422423371069,4.809230632971357,1
6341-AEVKX,4.851766980168974,-0.6061288576346695,2
6341-JVQGF,1.4170512711927805,0.16250915740617658,2
6344-SFJVH,-2.4109141329106656,1.399645465912232,0
6345-FZOQH,1.5555815422110828,4.814821577749055,1
6345-HOVES,-2.1685331713206737,-0.6227260316860718,0
6345-ULYRW,0.8553127491204969,0.8493867028651589,2
6347-DCUIK,-1.454640417094557,-2.197268237418284,0
6348-SNFUS,2.3895681918934626,1.4701877852457914,2
6349-JDHQP,-0.7327583718888834,3.424155595233983,1
6350-XFYGW,-0.18482466680386903,-1.748510031548472,0
6351-SCJKT,-2.359224284598465,0.331709335342162,0
6352-GIGGQ,3.8961704856452744,-0.8421980170873508,2
6352-TWCAU,-0.16531327602082138,-2.445581832909105,0
6353-BRMMA,3.860519321132647,-1.7973754281508107,2
6356-ELRKD,-1.2471896464851764,-3.075160417034913,0
6357-JJPQT,-1.9615865588742891,-1.9067106166222019,0
6358-LYNGM,-2.2930725024272953,-3.178353247099031,0
6360-SVNWV,0.4284569092900237,0.036086038150686624,0
6362-QHAFM,2.789718326201199,-1.5343592046960728,2
6365-HITVU,4.494876676491848,1.9073417230789265,2
6365-MTGZX,-0.4946620116818372,-2.9721212197142006,0
6366-XIVKZ,-0.20315723307325684,0.3781915188916408,0
6366-ZGQGL,-3.346119655619875,-0.9530509981901755,0
6368-NWMCE,-0.6785985844157568,-0.055050839159334786,0
6368-TZZDT,-1.354674673978232,4.149202399938951,1
6369-MCAKO,5.322486733015226,0.4704013728393646,2
6370-ZVHDV,1.259370459948547,3.0595292518226787,1
6371-NZYEG,0.6397744458635001,2.0976833881367556,2
6372-RFVNS,-1.5952516049220369,-1.9832203719302544,0
6374-AFWOX,1.868828334978306,1.7377297944133012,2
6374-NTQLP,3.5806393047440497,0.3455309963773704,2
6376-GAHQE,-2.446470820904349,-2.506415056959415,0
6377-KSLXC,-3.272095680382197,2.3554815427969977,1
6377-WHAOX,2.355302272738815,-2.0546855456163655,2
6379-RXJRQ,-1.3861562649484347,-2.125645698606297,0
6380-ARCEH,-4.147713508252875,1.5934007692021899,1
6383-ZTSIW,1.1281175975821505,-0.25531609592951654,2
6384-VMJHP,3.388163485909323,0.8922504648179193,2
6386-SZZKH,2.3995576785802495,-1.4770657046787907,2
6388-TABGU,0.6931752564523433,0.6781103454596358,2
6390-DSAZX,-2.0286502358436476,-2.056943091846798,0
6393-WRYZE,0.9945924615706607,-2.3006280834377244,0
6394-HHHZM,-4.1333479197298715,1.7386642561880306,1
6394-MFYNG,0.8002462456405671,-3.112338394093168,0
6397-JNZZG,-0.7405020856701896,0.11594635128888583,0
6400-BWQKW,-1.6684557651074516,-2.9236592232816223,0
6402-EJMWF,-2.2285922080475244,0.06141815609464103,0
6402-SSEJG,-0.6860931695534556,-0.2616342191544545,0
6402-ZFPPI,0.21013435904505168,-2.225808575917848,0
6407-GSJNL,0.7125494352917011,2.927629929454068,1
6407-UTSLV,-0.5825910426104233,-1.6117227776360588,0
6408-OTUBZ,3.2244512251945734,-1.5428754124141737,2
6408-WHTEF,2.9385164278064426,1.3720686475914088,2
6410-LEFEN,-2.5800195897924314,-0.82921630832747,0
6413-XKKPU,-0.5467281611719027,-2.847777769662329,0
6416-JNVRK,-0.31518058963403445,1.6691988613754523,1
6416-TVAIH,-1.6811517488261638,-1.955043299356044,0
6416-YJTTB,-1.6704426533294157,-2.5859809457737835,0
6418-HNFED,3.2484839563139962,1.1438887474169714,2
6418-PIQSP,2.4371174310109742,1.4571954126756381,2
6419-ZTTLE,-0.8283050064526336,1.87076513408144,1
6421-SZVEM,1.541793969273339,-1.4264607567286713,2
6424-ELEYH,-2.025060425440646,-1.4642224085871893,0
6425-JWTDV,-0.4148007775404346,4.0708137418953125,1
6425-YQLLO,3.2585508393429032,-0.388002744241281,2
6427-FEFIG,1.2429985769953567,1.648353611916478,2
6429-SHBCB,-2.2886152076868505,-0.15071152239840557,0
6432-TWQLB,-1.2781161853178287,-2.520854504448025,0
6434-TTGJP,-0.3400254034151624,1.6163516669612774,0
6435-SRWBJ,-1.4682674525986055,-2.613113069790212,0
6435-VWCCY,3.6055836734615974,0.4357037478175809,2
6437-UDQJM,4.390802980009561,1.1834520197676848,2
6437-UKHMV,-1.5862587176622034,-2.5340922292303896,0
6439-GTPCA,-0.2965210654159677,-2.18703125707178,0
6439-LAJXL,-2.0351590017739642,-0.9037657929053656,0
6439-PKTRR,3.0394943549413425,1.3554233094984731,2
6440-DKQGE,-0.26628574827566137,1.4313779462245322,0
6445-TNRXS,5.629228010855173,-0.6888956279145667,2
6447-EGDIV,-1.6920792120165253,2.8797995534751313,1
6447-GORXK,-2.2136200042544365,1.3182920284448152,0
6457-GIRWB,-2.0685370264697145,-2.596598765627623,0
6457-USBER,-1.377765885898378,-2.4145877828659454,0
6458-CYIDZ,-1.9268454516273792,-2.1882822700059577,0
6461-PPAXN,1.420467905516616,0.07360529458804958,2
6461-SZMCV,2.94557691811225,0.4922383388926695,2
6463-HHXJR,4.950749773975371,0.6029171033408958,2
6463-MVYRY,1.5730542905667548,0.37773075076435303,2
6464-KEXXH,-3.1673937827744885,0.14431180284738648,0
6465-GSRCL,3.943694937591858,-1.1564227974375736,2
6467-CHFZW,1.8059634228438464,-2.3740970819758975,2
6469-MRVET,-1.3472228459831568,2.140301574712227,1
6469-QJKZW,-2.6637139998609554,1.2104648808225285,1
6473-ULUHT,-0.542531426477722,-1.1835473420004778,0
6474-FVJLC,-1.697283622871617,-3.187706734391419,0
6475-VHUIZ,-0.4760057788083313,0.33563329527570107,0
6476-EPYZR,-2.239193227244785,2.54278615303879,1
6476-YHMGA,0.13679122384525488,-0.43476105238505486,0
6478-HRRCZ,1.6591347720904712,1.7953210656327754,2
6479-OAUSD,-2.6177349045749905,2.613848980519147,1
6479-SZPLM,-0.2886062582636779,4.5263519267875445,1
6479-VDGRK,3.238109666041478,0.11964019397637762,2
6480-YAGIY,1.739357630100677,-0.5821465088157823,2
6481-ESCNL,-0.18499915644336515,-1.8780656366766177,0
6481-LXPWL,-0.030761438240050083,1.3774204513151131,0
6481-OGDOO,3.542643051001044,0.0524056799139825,2
6483-OATDN,-1.5607082239514742,0.7009708131825766,0
6484-LATFU,-0.858024904404108,3.5546566075870527,1
6485-QXWWE,-0.49477996841702143,2.7974092993719566,1
6486-LHTMA,1.268338829697878,-1.49930595554263,2
6490-FGZAT,-3.8280761996226107,2.0250766699993235,1
6496-JDSSB,-1.1846161922755811,-2.700881988815673,0
6496-SLWHQ,-1.065022698186006,-3.202434111494636,0
6497-TILVL,-1.6155776486286413,0.46963136660937066,0
6500-JVEGC,2.0461590743769524,-0.9090164056298539,2
6502-HCJTI,-1.3134497080951515,-2.2818995913588678,0
6502-KUGLL,-0.3161206764713474,-0.5609335019613269,0
6502-MJQAE,-1.8083947651801184,-3.1363294998863367,0
6504-VBLFL,2.0537556214189383,1.3512684163865463,2
6505-OZNPG,-0.9584254257962768,-0.08613899548961983,0
6506-EYCNH,-1.4326972122214239,1.963561493057526,1
6507-DTJZV,-1.7827014226554971,0.5122585088549884,0
6507-ZJSUR,1.580182772996861,-0.8424959287000757,2
6508-NJYRO,-1.7474573934034094,3.4516744071372156,1
6509-TSGWN,-1.2998759891888538,3.0170668748853045,1
6510-UPNKS,-1.635284618722769,2.8822919422220292,1
6513-EECDB,-1.7898816294147275,-2.4414953194555484,0
6516-NKQBO,1.425652201593921,0.7738079004378257,2
6518-KZXCB,-2.4683356779971226,3.0634379945395573,1
6518-LGAOV,0.6298824365508929,-2.9068507670177,0
6518-PPLMZ,0.3611277605582224,4.1160653849826705,1
6519-CFDBX,-2.374680451844457,-1.025710729204667,0
6519-ZHPXP,4.893372013992322,-0.7351576844992062,2
6521-YYTYI,-2.0336496443445284,-3.264661079022626,0
6522-OIQSX,2.3141589990402505,1.9390776009988362,2
6522-YRBXD,1.2463322864837985,-1.5625676903445527,2
6527-PZFPV,-0.8289818609712288,3.6882839616081284,1
6532-YLWSI,0.40388872376656404,2.56350770090204,1
6537-OTKMY,-1.2394543052698375,0.29401337585322107,0
6537-QLGEX,-2.2166209520320916,-1.1593200342066026,0
6538-POCHL,-0.4859910825688992,-1.2352215653207033,0
6542-LWGXJ,-3.363618166423368,0.9963351168470808,0
6543-CPZMK,-3.023330680568186,-0.9401558778184559,0
6543-JXSOO,-0.2212687253389356,0.735612066900689,0
6543-XRMYR,0.31541988827002887,-3.0550197329080206,0
6546-OPBBH,0.5876627566176966,3.913036867395018,1
6549-BTYPG,1.6458177687249278,1.8768609352719159,2
6549-NNDYT,-2.7472328059550066,-0.9896670502690718,0
6549-YMFAW,-2.3280645701081055,2.4394677771285744,1
6551-GNYDG,-0.04429083821639815,-1.2487642231903762,0
6551-VLJMV,-1.4719173020447867,3.556104611282004,1
6551-ZCOTS,-1.5205717046046476,1.322051076534277,1
6556-DBKZF,2.3938664769797,1.0364836376333468,2
6557-BZXLQ,-0.48085483610143753,-0.5989837386857425,0
6559-ILWKJ,0.9228709871442277,0.23072691330749712,2
6559-PDZLR,0.6626755481454475,-3.2182660822628404,0
6559-RAKOZ,2.8340962609938045,-0.9080338797653396,2
6563-VNPMN,0.14006953795925497,-2.262469913772892,0
6563-VRERX,-0.7062401319578068,3.643564540451352,1
6567-HOOPW,-1.5799532995406818,-2.5371484722075537,0
6568-POCUI,2.8073002182917017,0.5290827670502912,2
6569-KTMDU,-4.012263861100126,1.9113337693167363,1
6572-ADKRS,1.0689451048035303,-1.063639890756645,2
6574-MCOEH,1.2888082048210001,0.08056996688903555,2
6575-SUVOI,0.6325067468805626,1.3005776554656046,2
6576-FBXOJ,-0.38533499629376966,0.40983974534035195,0
6578-KRMAW,0.8347831797185286,-2.1095643715246126,0
6579-JPICP,-3.9677498058101586,1.8567910686741624,1
6581-NQCBA,-1.5122228495149577,-1.5307475577604948,0
6582-OIVSP,-2.446180888293903,0.5908325209680415,0
6582-PLFUU,0.49052241179610223,4.3442652273153435,1
6583-KQJLK,1.3318680755606833,-1.1523130050592194,2
6583-QGCSI,2.242310244044313,-1.6784647066835845,2
6583-SZVGP,1.9814871838893522,-1.2827140329987432,2
6584-VQMYT,-0.4788918684087622,1.3640150367781982,0
6585-WCEWR,0.39910951495373764,3.052393417096579,1
6586-MYGKD,3.39824019536998,1.5085448608870609,2
6586-PSJOX,-1.5573808196077688,1.3451782176511273,0
6591-QGOYB,0.010525859874081637,-3.3354478311512987,0
6595-COKXZ,-3.1077936804968753,-0.8246049969233415,0
6595-YGXIT,0.012096708243802585,-2.760326970675552,0
6598-KELSS,0.6324686728836455,-0.06997056235904277,2
6598-RFFVI,-3.0588897791714045,2.4490109167642355,1
6599-CEBNN,-0.8366985036603221,-1.0158053826572577,0
6599-GZWCM,-0.33132154902031663,0.07897947714387674,0
6599-RCLCJ,1.8295771101329783,-2.5115389574551834,2
6599-SFQVE,-1.687195806895578,-1.439708096788244,0
6603-QWSPR,2.4493939952173367,-1.9180229469591752,2
6603-YRDCJ,0.572437426317443,0.9160176962445163,2
6608-QQLVK,-2.37810097481268,-1.4653748909809832,0
6609-MXJHJ,0.2326946859564192,3.6712999733376908,1
6614-FHDBO,3.8184473445288876,-0.9731018633929353,2
6614-VBEGU,0.8113946908570625,-0.8059779205733681,0
6614-YOLAC,1.9128508075113528,2.356379678554536,2
6614-YWYSC,0.4865377434957682,2.8285714936327544,1
6615-NGGZJ,-0.15566936065009868,-3.0627279295589562,0
6615-ZGEDR,-3.7865484372196074,1.3766327408569503,1
6616-AALSR,3.3583580574244922,-0.05975983887677444,2
6617-WLBQC,0.20895908201929628,1.0378198715197802,0
6618-RYATB,-2.3049189748905845,-1.653250159469281,0
6619-RPLQZ,-0.1465290272025617,3.873826357665942,1
6620-HVDUJ,-0.9588962068027527,-0.3586915322989155,0
6620-JDYNW,-1.9658111391098951,-0.28994925801079985,0
6621-NRZAK,2.045775378594258,5.250255770401383,1
6621-YOBKI,-3.5367571404142,1.964289263132674,1
6624-JDRDS,-3.0564578493404415,-0.9694425723177976,0
6625-FLENO,0.2065493478446831,4.621625038189433,1
6625-IUTTT,3.883235128776899,1.0088013928175568,2
6625-UTXEW,-1.2393622742834247,-1.5075442651843003,0
6627-CFOSN,2.614715369871148,-2.1322956716917534,2
6629-CZTTH,-2.0350042213984634,-0.9120751890714273,0
6629-LADHQ,-2.5830233497862953,0.08343446988050272,0
6630-UJZMY,0.3521647916336015,-0.9162998984998888,0
6631-HMANX,4.026753937305051,1.7349108124580532,2
6633-MPWBS,-2.796646922949957,-1.8968108348360877,0
6633-SYEUS,-0.6923666275043786,-2.559637731162269,0
6635-CPNUN,1.2740755581099972,0.04938598984757409,2
6635-MYYYZ,0.5974730051362244,-0.9562021420276056,0
6637-KYRCV,-1.5985912501951987,-0.6552778742623816,0
6641-XRPSU,-1.486330196696229,-1.3435322090448094,0
6645-MXQJT,-0.27445261151942874,-1.670707528649568,0
6646-JPPHA,-0.7154441243801026,-1.7796048079835602,0
6646-QVXLR,2.3560309459996107,-2.0601811236693277,2
6646-VRFOL,2.4319906546108636,-2.6061166524939767,2
6647-ZEDXT,0.9667058180155544,-0.4112134915020935,2
6648-INWPS,-1.9300075893588067,2.1310281618182803,1
6650-BWFRT,4.819540949302613,0.18152643285859382,2
6650-VJONK,-2.19352652427261,-0.9217275749038039,0
6651-AZVTJ,2.8334438698988356,-3.0220588191667312,2
6651-RLGGM,1.054456694049261,4.836287096127447,1
6652-YFFJO,-1.9773350493229152,-1.3075605172811149,0
6653-CBBOM,-2.2642441780989913,-2.7380950806459996,0
6654-QGBZZ,-3.436790592022403,2.4188105844980194,1
6655-LHBYW,2.4717701353165196,-0.4047402593487233,2
6656-GULJQ,3.436407299807342,1.4164773685212413,2
6656-JWRQX,-2.776113281650756,0.9419703710587731,0
6661-EIPZC,-1.213755061122504,1.3566045889332312,0
6661-HBGWL,0.2510571774816997,-3.1688620005377155,0
6663-JOCQO,1.448603546331717,-0.37434475321239896,2
6664-FPDAC,2.7584455263381904,-2.042049607655356,2
6668-CNMFP,1.2660823598605562,-1.0185671927559592,2
6670-MFRPK,3.334093461228349,1.5004195474884998,2
6671-NGWON,-3.71757664434148,1.988798508601657,1
6674-KVJHG,-2.3020590091738202,1.7478956282992868,1
6680-NENYN,1.8891606695237484,-2.3137239228432,2
6680-WKXRZ,-2.1870998089778437,-1.8822753167358677,0
6681-ZSEXG,2.8021104621398725,3.1282968955097714,2
6682-QJDGB,-1.518996418040318,-1.2375659761318818,0
6682-VCIXC,0.7570290811005884,0.11668347962752125,2
6683-VLCTZ,0.2742279193951523,-2.7563182269840665,0
6685-GBWJZ,2.9832390719927435,1.74976206545235,2
6685-XSHHU,1.1238624947482407,3.388141322534434,1
6686-YPGHK,0.5734732550246331,-0.7755319268802109,0
6688-UZPWD,-0.24573924511806206,-2.758688561919579,0
6689-KXGBO,-2.5851826419227266,-1.092536847242994,0
6689-TCZHQ,-2.2196942724206026,-2.2707260045593674,0
6689-VRRTK,2.567861957597399,-0.6595844233266438,2
6691-CCIHA,2.775664827061908,-0.03817231763013344,2
6692-UDPJC,-0.5346108124019046,-2.079550723574672,0
6692-YQHXC,-1.028017743188479,-0.5571629403793631,0
6693-DJWTY,0.012000724327968058,1.3453088544953757,2
6693-FRIRW,-0.4564378158596857,-1.3065023045187667,0
6695-AMZUF,3.697449893080461,1.8693197340032746,2
6695-FRVEC,2.01643931171565,0.3587243130277276,2
6696-YDAYZ,-1.8183218910857424,3.720669739077619,1
6698-OXETB,-1.9298506708008702,3.205673753789751,1
6701-DHKWQ,1.4213616887051999,2.5081854427725876,2
6701-YVNQG,5.382341629763153,1.4753665098920656,2
6702-OHFWR,-2.6018471906107696,-1.6858042637714554,0
6704-UTUKK,-0.9756619587588979,-0.3873489334336019,0
6705-LNMDD,-1.532550661293271,0.7221051310630735,0
6705-LXORM,-1.5198218097505216,-1.0178662648810006,0
6710-HSJRD,3.089203263952235,-1.6430257638058616,2
6711-FLDFB,-1.7559218774862917,-2.945913876004838,0
6711-VTNRE,0.025961252213933732,-2.9925338669240915,0
6712-OAWRH,0.10026188328090097,-2.5997590998635953,0
6713-OKOMC,-3.7951639626787346,0.2462139563361487,0
6715-OFDBP,-1.4889980946028698,-2.212235794346877,0
6718-BDGHG,0.7946296813380548,0.08747846260514207,2
6719-FGEDO,5.286812225923335,-0.2798346968065998,2
6719-OXYBR,-0.7858908607395809,-1.8500969754115728,0
6723-CEGQI,0.2601336568623847,2.5435226746207835,1
6723-WSNTY,2.8403582769341074,-0.6117327305815922,2
6725-TPKJO,-0.7338087659774223,3.4066358703835204,1
6726-NNFWD,4.141272030432003,1.6832871646095344,2
6726-WEXXK,1.7568901372743577,-0.9170150851348274,2
6727-IOTLZ,-0.2376274844802687,0.7564637754691835,0
6728-CZFEI,-1.0244231468993872,1.0838384984248985,0
6728-DKUCO,4.494081093027463,-1.3611059147468405,2
6728-VOIFY,3.5137373272857766,-1.0934262164770885,2
6728-WYQBC,-4.249134976121107,0.352187900480228,1
6729-FZWSY,-0.1870489985618783,3.1887639856338814,1
6729-GDNGC,-0.4211073253374386,-0.654142610265586,0
6732-FZUGP,2.468434849838387,-0.038932881461468796,2
6732-VAILE,4.069323203304934,1.896729902328452,2
6733-LRIZX,1.9668497312583857,-1.7614323044584057,2
6734-CKRSM,-3.6375737237907857,1.5124311835581337,1
6734-FQAJX,3.554521759394869,-1.2337680989220792,2
6734-GMPVK,-1.157670714907938,-2.888170330186324,0
6734-JDTTV,1.4891730246209711,3.9712012315069347,1
6734-PSBAW,0.6078917764462649,2.4932975327801916,1
6736-DHUQI,2.3202145900097544,0.20056397421770072,2
6738-ISCBM,-0.1742801054646327,-0.6636566234140743,0
6741-EGCBI,0.4243939095813521,-0.20658816780257527,0
6741-QRLUP,2.537684904467515,0.6628037938746519,2
6743-HHQPF,-1.0632127361482737,0.6931725812251225,0
6745-JEFZB,0.39129320944221335,-0.8342454425387914,0
6746-WAUWT,-1.904499109902499,2.428842406391474,1
6749-UTDVX,3.776797474441721,-0.6701102032382182,2
6752-APNJL,0.09634560196940434,0.9386511328559212,0
6754-LZUKA,2.422963216550803,0.11890237738951606,2
6754-WKSHP,-1.6370880109473587,1.9508407968343764,1
6762-NSODU,-0.24806182672842708,4.701218408877655,1
6762-QVYJO,2.0876217443207876,2.257489985608899,2
6765-MBQNU,-1.0686350769487563,3.6173555491231277,1
6766-HFKLA,2.951996879599476,0.10074329286393682,2
6769-DCQLI,3.2164624933096144,-2.223805399299506,2
6769-DYBQN,0.4383950144932722,-2.4874441598647183,0
6770-UAYGJ,0.5408401951570385,4.499224558405871,1
6770-XUAGN,-3.402207436763813,0.13962374991938895,1
6771-XWBDM,2.4057318974699924,-1.5610760376760071,2
6772-KSATR,-2.067802701845989,-3.041849866017722,0
6772-WFQRD,-0.5883116565176396,2.3023995278315175,1
6773-LQTVT,-0.0526681273771934,2.3661710253710138,1
6776-TLWOI,-4.6372234016561835,0.7552526657643482,1
6777-TGHTM,2.2359515852117764,-0.9582438394768772,2
6778-EICRF,0.6712844674152852,1.7579171743793185,2
6778-JFCMK,-1.06221116709128,-0.06682291243615802,0
6778-YSNIH,-1.5454795461135873,-1.1720754613709163,0
6784-XYJAE,0.3358861519855937,0.40355057220846874,2
6786-OBWQR,0.22009624381722695,-1.3647699301870924,0
6789-HJBWG,-1.8331146375072491,-1.4539944557929545,0
6791-YBNAK,-1.8904728457264253,1.6096090690513725,0
6794-HKIAJ,1.0201844812342769,-1.4968790984363138,2
6797-LNAQX,4.046609507921693,-0.009246876939328888,2
6797-UCJHZ,4.157097658257839,0.8343929994554983,2
6804-GDMOI,3.416347123512479,-1.4370455749593347,2
6806-YDEUL,-3.0277090466316,1.483973194075324,1
6807-SIWJI,0.8269945938401847,-2.081118934084467,0
6810-VCAEX,-0.4027594513234178,1.843515512960528,1
6813-GZQCG,-0.10316970173699873,3.494195843455593,1
6814-ZPWFQ,-1.2984581691382808,1.9927792745926751,1
6815-ABQFQ,2.7096115545449,-1.6331565668945638,2
6817-WTYHE,-2.5288954367132455,-0.44936869438160626,0
6818-DJXAA,-0.39880089088435283,-2.488421140376967,0
6818-WOBHJ,2.8025163052869826,-1.902401346183557,2
6821-BUXUX,-1.3902647671454125,-3.4103104374011584,0
6821-JPCDC,3.722228021057289,-1.0625962038292314,2
6823-SIDFQ,-1.3288610629550486,3.0694277784613395,1
6825-UYPFK,-1.6696255690102697,-2.2170719254071494,0
6827-IEAUQ,0.6262455991619145,1.3359893774782152,2
6828-HMKWP,-0.9276444962996782,2.843323688714125,1
6833-JMZYP,-0.7535755102247992,-1.6358819131423008,0
6834-NXDCA,-2.640150661455787,-1.0484735569717802,0
6837-BJYDQ,-2.7615118066969937,2.9333774924298472,1
6837-HAEVO,5.022512643495219,0.2859797585215651,2
6838-HVLXG,-3.3997613845870385,1.6445394168011174,1
6838-YAUVY,1.9198812915467232,-1.5901506650870678,2
6839-ITVZJ,-1.0312997116802147,-1.2127906923610783,0
6840-RESVB,0.43196307050784594,-0.10654727168171073,0
6844-DZKRF,-2.3774749721466666,-0.10309617220793478,0
6845-RGTYS,0.9461090349579523,-3.029773342112364,0
6847-KJLTS,3.7224001404854667,-1.280652166067662,2
6848-HJTXY,0.8233875208278976,4.385030492733704,1
6848-YLDFR,2.98418270755541,1.5798434950377598,2
6849-OYAMU,0.9564542567534731,-1.6538636973541032,0
6849-WLEYG,-3.6612145933583626,2.244039569425597,1
6851-WEFYX,1.0275134610520995,-1.028605300741455,2
6854-EXGSF,-2.329207983892963,-1.974011225165464,0
6855-VLGOS,1.5411110594947084,3.717188900292245,1
6856-RAURS,-2.057241373086339,-1.1760898271074096,0
6857-TKDJV,0.4035539731095447,3.5430492520485157,1
6857-VWJDT,-2.2029577941530367,-1.628012315500912,0
6859-QNXIQ,5.325071101862894,-0.3276369633548168,2
6859-RKMZJ,-1.034268587349266,-0.6992235124281714,0
6860-YRJZP,-1.0554486333997106,-1.2195997743393554,0
6861-OKBCE,-3.1768483388936226,2.1174405306610615,1
6861-XWTWQ,-0.5364142805668176,-2.8028590154089863,0
6862-CQUMB,0.129678329722507,-1.515047702886771,0
6865-JZNKO,-1.259156994307061,-1.1349238477461325,0
6867-ACCZI,0.31329606934694065,0.8291822106372904,0
6869-FGJJC,1.495633604796924,0.6451050450280589,2
6870-ECSHE,-2.5379688905062916,2.884199712165771,1
6870-ZWMNX,3.911918744270943,2.396419478870437,2
6872-HXFNF,2.830939611877502,0.6806518968278559,2
6873-UDNLD,0.3791196542865546,-1.1556543221921047,0
6874-SGLHU,0.7124299934372492,-1.4806407970503048,0
6876-ADESB,-2.050512936976587,-1.2833969793705744,0
6877-LGWXO,-1.2937272321451658,-1.6619710297967296,0
6877-TJMBR,-1.508506958432145,-2.8350588377608346,0
6878-GGDWG,-2.1570582744917894,1.436499895913473,1
6885-PKOAM,3.3558591568112957,1.3640450647166737,2
6888-SBYAI,-2.991024287943518,-0.6069449423050102,0
6890-PFRQX,-1.940635845639867,-0.3019689478205328,0
6891-JPYFF,2.4786012930591803,-1.0039972143863056,2
6892-BOGQE,0.39660424435497954,2.424575342465105,1
6892-EZDTG,-1.70965899985789,-2.9001485349188747,0
6892-XPFPU,0.7577576319856822,-3.005702423269596,0
6893-ODYYE,1.5292586618211856,-0.4373814501409059,2
6894-LFHLY,-1.7194392037426922,-2.7716556827250542,0
6896-SRVYQ,1.8801031261846937,-0.1309057564318102,2
6897-RWMUB,3.21697866856012,0.5492012670810382,2
6897-UUBNU,-0.9311513838211385,-0.7730512023084369,0
6898-MDLZW,-2.151292642591856,0.3125543857159124,0
6898-RBTLU,2.9502858036133053,1.5577549633831989,2
6899-PPEEA,-0.4270681035852308,-2.5762592410029623,0
6900-PXRMS,-0.49555474318885473,-3.1566563539737924,0
6900-RBKER,1.927690393990234,0.1572986986927225,2
6901-GOGZG,3.929180487385683,-0.6532685544331609,2
6904-JLBGY,4.0171305308201,-0.42421221396799824,2
6905-NIQIN,-3.105943873590761,-0.8992691092627193,0
6906-ANDWJ,-1.2568351478417819,-2.1140439365567607,0
6906-MPARY,1.7486995931937477,-0.7624646196711489,2
6907-CQGPN,-2.1745447224070595,-0.17840864286544686,0
6907-FLBER,-2.8521320004197763,-0.8214908997254745,0
6907-NZZIJ,-0.03780697272620906,-2.94760394611335,0
6908-VVYHM,2.6131077409345576,-1.2125171219501787,2
6910-HADCM,-2.084559169879894,-1.2771319172378897,0
6916-HIJSE,3.3960597401997545,-0.2852293894580628,2
6917-FIJHC,1.9821158822302936,4.2222452599037785,1
6917-IAYHD,-3.1738515367104854,0.7279226598976204,0
6917-YACBP,2.745008349851298,-0.910886367083168,2
6918-UMQCG,-1.8385557056704116,-2.5178857782367383,0
6919-ELBGL,5.007246486482936,-0.7232668485802279,2
6921-OZMFH,-1.7296933485479697,0.3255463266725577,0
6922-NCEDI,0.5190466188996989,2.872847006605684,1
6923-AQONU,-1.7143678455317686,3.564725558804842,1
6923-EFPNL,-2.804884484898952,0.03139958472661448,0
6923-JHPMP,-1.0969246619550466,-2.2242340056205547,0
6924-TDGMT,-1.4582740704712265,3.195943275315109,1
6925-BAYGL,-0.3198750997802303,3.522060742382153,1
6927-WTFIV,-2.061461382618564,-0.9667745107149777,0
6928-ONTRW,1.9355315678454972,4.666521360809171,1
6933-FHBZC,-0.13350143680651128,0.2155847848123199,0
6933-VLYFX,0.5969507930201575,0.34608111207886855,2
6937-GCDGQ,-1.0437081210591888,-0.22539261242380673,0
6941-KXRRV,1.9711487912352812,0.5296364285394037,2
6941-PMGEP,-1.7281651451945543,-2.8183077023510807,0
6942-LBFDP,-3.497597242546339,1.1413904514183448,1
6946-LMSQS,0.8470938111795042,-1.984071985102954,0
6950-TWMYB,4.077139349777055,0.4654770498409408,2
6952-OMNWB,3.964613633618135,1.1930738686529878,2
6953-PBDIN,4.4412497073986374,1.438975518952011,2
6954-OOYZZ,-0.9324088327328867,-0.2559100591955803,0
6956-SMUCM,-0.7924322986366916,-2.4940979956516593,0
6959-GQEGV,-0.44997321585984573,-1.4811754331263665,0
6959-UWKHF,-3.0764173330354834,-1.7236405737825262,0
6960-HVYXR,-2.0560901780252556,-2.526259670671355,0
6961-MJKBO,-1.4036838664269438,2.4546331902028355,1
6961-VCPMC,1.7914877401810962,-1.328151727185658,2
6963-EZQEE,3.7878869839403455,1.1591413466077702,2
6963-KQYQB,0.5540297319534465,4.95933599172022,1
6967-PEJLL,0.05269083674069468,0.3995069766543265,0
6967-QIQRV,1.0670367566150407,-1.0977471171357398,2
6968-GMKPR,1.1442885219793801,-1.678234041661558,2
6968-MHOMU,-0.28112022824607735,0.7857889133900285,0
6968-URWQU,0.5342318638924446,1.6557293916597404,2
6969-MVBAI,-1.5785252850879792,-2.414859118466274,0
6972-SNKKW,-3.599126577987476,1.3863378502117059,1
6974-DAFLI,-0.1622050463654793,2.6849941505982176,1
6976-BWGLQ,2.0819584862053704,3.5495462619477682,1
6979-TNDEU,-3.5810664861773773,1.8477332956536503,1
6979-ZNSFF,-1.9645232134069284,-3.1021390654869436,0
6980-CDGFC,0.8258139077216574,2.7748599804100107,1
6980-IMXXE,1.5987268592524366,3.9526518687914693,1
6981-TDRFT,0.45175872122013505,-0.1035597552185442,0
6982-SSHFK,-3.7083983634051148,-0.5907988399390763,0
6982-UQZLY,-3.414087346723346,1.2220345114145965,1
6985-HAYWX,0.29199926997046766,-1.0438804687665373,0
6986-IJDHX,0.8476532164195094,-1.029114469837894,0
6986-IXNDM,-0.9228973735644032,-2.6493497331892195,0
6987-XQSJT,1.351028768039754,-2.150168273482833,2
6988-CJEYV,2.3438783889527355,-1.758362965302855,2
6990-YNRIO,3.778593041807625,-1.1719929256824952,2
6992-TKNYO,1.0466152373455084,1.487325936879676,2
6993-OHLXR,-1.636979261448773,-2.255096931600711,0
6993-YCOBK,4.717686899255957,-1.3112376794264533,2
6993-YGFJV,4.669117862401556,-0.6542867395939368,2
6994-FGRHH,3.283786889848305,-0.7207588020683674,2
6994-KERXL,-2.027966761966563,-1.505008055995837,0
6994-ORCWG,-1.708050351986642,0.7770117550856798,0
6996-KNSML,-1.396927619161118,-2.6856593283794297,0
6997-UVGOX,4.767287051382879,1.2074369467784722,2
6999-CHVCF,4.132610462241016,-0.9849596983961654,2
7000-WCEVQ,-1.5820986311217151,-0.7632937369936873,0
7005-CCBKV,-1.130077789583973,-2.509632694151465,0
7005-CYUIL,3.914823402231626,-0.6744086315670665,2
7008-LZVOZ,1.5212004129978167,4.486126435801387,1
7009-LGECI,-1.958085758980808,-1.183993999447569,0
7009-PCARS,0.30532695179385466,2.9415467154238626,1
7010-BRBUU,-0.3093993300109662,3.8331615268673818,1
7010-ZMVBF,-2.401755215249046,3.0569041337778935,1
7011-CVEUC,0.2751903452477124,-0.4970799954356391,0
7013-PSXHK,0.7171557638746623,0.29654739827627946,2
7014-ZZXAW,-0.07758030554353039,3.744176789443948,1
7016-BPGEU,-2.765835775390107,-0.15968618553314473,0
7016-NVRIC,1.716812736811201,-0.6708632369210036,2
7017-VFHAY,4.020375348094709,0.6745472322391358,2
7017-VFULY,-2.297430911469149,1.5066410432927113,1
7018-FPXHH,2.227278666090752,0.8523814510224171,2
7018-WBJNK,-0.8902303000326893,-0.972530353929962,0
7020-OZKXZ,-0.8961409884976616,0.30542948089264044,0
7021-XSNYE,-0.5931433156991212,1.7459066919458717,0
7024-OHCCK,-1.3344295400207065,-2.778522431497632,0
7025-IWFHT,2.368458581348918,-1.3237409626155046,2
7025-WCBNE,0.08567891312091247,0.33979793917998485,0
7026-YMSBE,-2.2319067416757337,2.551959857055963,1
7028-DVOIQ,-0.06280531042672736,-3.34386773631233,0
7029-IJEJK,-0.05380039813574439,0.24071909153267887,0
7029-RPUAV,-0.2434429471307149,-0.6216312287089122,0
7030-FZTFM,6.102301397509145,1.4647950330262547,2
7030-NJVDP,0.19086609516085754,-2.0489706047073613,0
7032-LMBHI,0.4419641120853048,0.14777918725248443,2
7033-CLAMM,0.33302224727897495,3.583747292189502,1
7036-TYDEC,2.2500430486056247,-0.49561533082316545,2
7036-ZZKBD,0.13618558387005153,0.12199118672482048,0
7037-MTYVW,2.3852724489762127,0.021254047371374513,2
7041-TXQJH,-1.3931521172601469,0.5142494415195932,0
7044-YAACC,-0.10238414744995884,-0.15878008336265234,0
7047-FWEYA,3.2169533389378766,-1.6227496223698739,2
7047-YXDMZ,-3.2297253198043188,1.8326679060175786,1
7048-GXDAY,0.7229721512027629,-2.776168072997641,0
7049-GKVZY,-0.15552982059974854,0.33695795024012426,0
7054-DMVAS,1.0306780351481548,-0.08040170964353766,2
7054-ENNGU,-1.3097516216830098,0.5030481196524254,0
7054-LGEQW,-3.0791911392475804,-0.10134400310434495,0
7055-HNEOJ,-2.8649179937263245,-0.40791765319347983,0
7055-JCGNI,5.085023949710197,-0.024401595543521653,2
7055-VKGDA,3.4445832704344745,-0.9823044835855667,2
7056-IMHCC,1.5899548685865106,-2.3304583129248395,2
7061-OVMIM,-1.110112127795715,2.066544880620799,1
7064-FRRSW,0.7966616543926126,-1.5637387822395883,2
7064-JHXCE,0.9381969076226213,4.731040946619892,1
7065-YUNRY,-2.7251705721475434,-1.3914173040362547,0
7067-KSAZT,3.0628078887096555,-1.9401184468092543,2
7072-MBHEV,-0.6861530937224505,-0.01884279927507564,0
7073-QETQY,2.393794290102815,3.1678916698597783,1
7074-IEVOJ,-1.6338608175883922,-2.8863725309139023,0
7074-STDCN,-1.354672327714611,-0.6846429819106432,0
7075-BNDVQ,-2.7565896310645406,0.5671574322502234,0
7077-XJMET,0.26523428104877067,-0.8552946435874306,0
7078-NVFAM,-1.3610922445731248,-0.267447712508339,0
7079-QRCBC,0.03260796041115547,-3.0399466927549255,0
7080-TNUWP,3.7688243798137515,-0.5261266889544555,2
7083-MIOPC,0.8217236339432082,3.926870900716862,1
7083-YNSKY,-3.152401157939824,1.0180908812349594,1
7088-FBAWU,0.042939274192157456,0.5779861033903874,0
7089-IVVAZ,-1.4243764480278955,-3.901855222569927,0
7089-RKVSZ,-2.29668946997803,3.0615992605466134,1
7089-XXAYG,-0.44886988052361687,1.7076975650279136,0
7094-MSZAO,-2.4712046817297844,2.561175932197562,1
7096-UCLNH,-3.828913018670678,2.005327134178907,1
7096-ZNBZI,1.2144996978811937,4.464146906484554,1
7100-FQPRV,2.5950857824240594,0.915739595040001,2
7101-HRBLJ,3.50180031809354,-0.08768098435083505,2
7102-JJVTX,-0.8961770326369864,1.541026520741204,0
7103-IPXPJ,3.3859758830572897,-0.1405837331103986,2
7103-ZGVNT,2.795503599834006,2.568447871519983,2
7105-BENQF,-0.16398883227119185,1.3869908481847442,0
7105-MXJLL,-0.36749688129252017,1.4889499647957876,0
7107-UBYKY,-1.1375166593783155,1.4755636098698073,1
7108-DGVUU,0.4042799712804749,0.2374055077853666,0
7109-CQYUZ,1.3849606086659336,0.19898038917749578,2
7109-MFBYV,-1.227464210035401,-0.6173229248453411,0
7110-BDTWG,1.3492842330770438,0.883616373597141,2
7112-OPOTK,-0.4944433528230142,-1.530910254155261,0
7113-HIPFI,3.695685503292918,2.74244794716397,2
7114-AEOZE,0.5607328408900719,2.861176695181079,1
7115-IRDHS,0.8081378451390875,3.204983389999761,1
7120-RFMVS,-1.9157781734327888,-2.0474532316544605,0
7123-WQUHX,0.6036114178981367,-0.8794318543911531,0
7124-UGSUR,3.0275407194044255,-0.7700821105283743,2
7126-RBHSD,-1.346978002001721,-1.5277965625009378,0
7128-GGCNO,0.5851021800794528,-1.0633735797363508,0
7129-ACFOG,-2.152648425691725,-1.281276053566785,0
7129-AZJDE,0.24440481332509864,-1.231144842041164,0
7129-CAKJW,-1.0422326413786203,-1.6117398991454726,0
7130-CTCUS,0.280003737873505,0.079433600949313,0
7130-VTEWQ,-1.6643310438541987,-2.2087093243546705,0
7130-YXBRO,2.654485740500522,-2.406234015263627,2
7131-ZQZNK,1.6127525788320807,2.2065843063747836,2
7133-VBDCG,-0.4876121838334393,-2.4790024252571636,0
7134-HBPBS,4.447669872011372,-0.8288996164252928,2
7134-MJPDY,2.841253779683917,-0.2567575329200107,2
7136-IHZJA,1.173847332624144,0.40628455114834394,2
7136-RVDTZ,0.13645117077349922,-0.3104915623088488,0
7137-NAXML,-2.0360619621936293,1.804674339457581,1
7137-RYLPP,1.056932307558554,-2.201443975410687,0
7138-GIRSH,1.185108640839869,0.7230901902319236,2
7139-JZFVG,3.15452002302996,1.5992872886187974,2
7140-ADSMJ,-3.335009080820617,1.345635899530763,1
7142-HVGBG,1.2364356299878227,-2.872147797296287,0
7143-BQIBA,-2.2353006456602564,-1.0714620292614534,0
7145-FEJWU,-0.10738378421874491,-2.6178740530528493,0
7147-AYBAA,-0.2732644233985239,-0.8468929010714438,0
7148-XZPHA,1.4402795000126505,-0.5383037258512287,2
7153-CHRBV,2.201136730297521,1.5583408968691224,2
7153-OANIO,-2.452421003596451,-2.3269436581039984,0
7156-MHUGY,-0.5117925741746453,-3.097832469535563,0
7156-MXBJE,0.12165176183165162,0.07760047032554071,0
7157-SMCFK,-0.5684512472876526,3.8290751990902026,1
7159-FVYPK,-1.095198222299685,-1.2553826129357666,0
7159-NOKYQ,3.904264481364278,-0.22581517005457394,2
7161-DFHUF,0.6606154665609315,4.422592558552536,1
7162-WPHPM,2.647912874944079,2.3944081244963384,2
7163-OCEQI,0.9471547525421257,0.8944127753706954,2
7164-BPTUT,1.6540617757881957,0.9338978264512968,2
7167-PCEYD,-1.135412994181743,2.9681920474907986,1
7168-HDQHG,-1.6899950566262982,2.037014988876447,1
7169-YWAMK,2.661070608093067,1.1007351802226337,2
7173-TETGO,4.12701498898088,0.6112032086185293,2
7175-NTIXE,-0.5952438575275031,-0.8782183859628315,0
7176-WIONM,-1.010718658637798,-1.3282485928118277,0
7176-WRTNX,3.9932164983635374,-1.5559212894754464,2
7180-PISOG,-1.5422920495741033,-2.1320713036126073,0
7181-BQYBV,-0.47605863906803814,-3.040070539825239,0
7181-OQCUT,-0.7601003985971135,-1.2593309014470258,0
7182-OVLBJ,3.9159240922528187,-0.5151955145828778,2
7184-LRUUR,-0.22079794136048358,-0.36237600917035995,0
7188-CBBBA,2.7542366921436714,-0.9368740058166971,2
7190-XHTWJ,-1.5342144495809777,3.0073408269296733,1
7191-ADRGF,0.2309735997578162,0.3400274285823895,0
7196-LIWRH,-2.644857303067264,3.1652202104956366,1
7197-VOJMM,2.8472165374932925,0.9877331105750186,2
7198-GLXTC,-1.4126097752680196,-1.825081258872653,0
7203-OYKCT,3.7111035145538485,-1.120994221421724,2
7205-BAIAD,-1.1924807087406262,1.6504365688739562,1
7206-GZCDC,-2.634808029788253,-2.0663049649433374,0
7206-PQBBZ,-0.0438991343901691,-0.7734668920722886,0
7207-RMRDB,3.314087912970441,-2.125103776676277,2
7208-PSIHR,3.4787710095448907,-0.6210892378130082,2
7209-JCUDS,-1.012934729754721,-3.4303411643613013,0
7216-EWTRS,-0.7741082966681792,-3.0321337133488093,0
7216-KAOID,0.2386294043061788,3.077676310994619,1
7217-JYHOQ,0.353027899785687,0.20632443346647472,0
7218-HKQFK,-0.5783601687821438,-2.63152992871957,0
7219-TLZHO,-2.832012965201429,2.738747978542971,1
7225-CBZPL,1.5356943570582733,-0.8585733793708868,2
7225-IILWY,0.7335389202780338,4.33667551588169,1
7228-OMTPN,-1.268105116614208,-2.673506961088435,0
7228-PAQPD,-0.5863264874161414,0.6730106906655693,0
7233-DRTRF,2.1536533933702375,-1.9578515024664298,2
7233-IOQNP,-0.20721829217432008,0.5532867688482284,0
7233-PAHHL,2.630132441856399,0.9731519062722036,2
7234-FECYN,-0.5278547217574242,-2.4334219558344663,0
7234-KMNRQ,-3.44177978773684,2.4052458515405504,1
7235-NXZCP,-2.4600079057800617,-2.0828301302041727,0
7239-HZZCX,-3.3858418934698795,1.986972350043395,1
7240-ETPTR,-1.6257709517896768,-1.1505902329839865,0
7240-FQLHE,0.09985172859700739,-2.06555338634382,0
7241-AJHFS,-0.7152816187538922,-2.3255214344253288,0
7242-EDTYC,-0.49324326483541403,2.746559078781713,1
7242-QZLXF,-2.5206607391206592,-0.657644866356874,0
7243-LCGGZ,-3.8730824487111315,1.9227237331084512,1
7244-KXYZN,-2.254871777054762,3.0679793782307887,1
7244-QWYHG,1.07566080079003,0.15146294037119848,2
7245-JMTTQ,3.7687161981045603,-2.0968005181493066,2
7245-NIIWQ,-2.0058737957644626,-2.0554641347274116,0
7246-ZGQDF,-1.6047034530157427,-1.0856799944850135,0
7247-XOZPB,3.022554552895847,0.675141638514662,2
7248-VZQLC,0.1708352867013499,-2.6491662485244873,0
7249-WBIYX,-0.8239322392629488,-1.7207178389788609,0
7250-EQKIY,-3.128897810672369,-0.1650469270975405,0
7251-LJBQN,1.3393784236525021,-0.9873775700283928,2
7251-XFOIL,1.2530589046151202,-0.5901770262015797,2
7252-NTGSS,-2.6189405736681612,0.5139017912326818,0
7253-UVNDW,0.6834866995824822,1.6275935460033473,2
7254-IQWOZ,-2.0129479642611923,-3.233210773713335,0
7255-SSFBC,4.442685205677003,-0.3827157496949106,2
7266-GSSJX,-2.414528039786513,1.4021360864861367,1
7267-FRMJW,-1.3610707256380044,3.9761209472900085,1
7268-IGMFD,-0.264628492135868,-1.128557869125018,0
7268-WNTCP,-0.38954909296005996,3.200921606060401,1
7269-JISCY,0.3521124947087007,0.7363750047021356,2
7270-BDIOA,-0.6690918292534339,-2.7346593911304096,0
7271-AJDTL,1.9941491455605274,-0.4120911990333229,2
7272-QDCKA,0.5568569645509786,-1.3645458791334941,0
7273-TEFQD,-3.027991895694448,-1.9983713702273802,0
7274-CGTOD,0.497387159044112,0.14111296016592229,2
7274-RTAPZ,-1.9051796145860083,-3.5736682075988253,0
7277-KAMWT,-2.909267924796168,2.9970235527112026,1
7277-OZCGZ,-0.48763174472208226,-2.43005942253373,0
7278-CKDNC,0.8396555487314236,-1.034146920997077,0
7279-BUYWN,1.0553719308364722,-3.478421795618694,0
7279-NMVJC,-2.3429331979085055,1.7594022951069783,1
7284-BUYEC,-2.6509663874460543,-0.377030464302837,0
7284-ZZLOH,1.577449535309772,2.484105155139545,2
7285-KLOTR,-0.07284016256282198,-0.41446217605615054,0
7291-CDTMJ,-3.9413862641991013,-0.016213957421859684,1
7293-LSCDV,0.427663075161748,4.186371423138734,1
7294-TMAOP,-2.096550322903376,-3.081115060376036,0
7295-JOMMD,-1.7873772990342789,-3.6453574827610975,0
7296-PIXQY,-1.3644984445163724,-1.079214366732396,0
7297-DVYGA,0.010356018479736688,2.0528873670774384,1
7298-IZWLY,-3.532503079245723,1.5018297883734082,1
7299-GNVPL,-0.2076663816702457,-1.068199737217956,0
7301-ABVAD,1.8336879303284637,-0.06303814560353926,2
7302-ZHMHP,-3.671799646732876,2.210969574298743,1
7305-ZWMAJ,-1.5037411765959927,3.4913059414537226,1
7306-YDSOI,4.204925071704296,1.3703007027532934,2
7310-EGVHZ,-3.545756283643571,1.0275088782258959,1
7311-MQJCH,-2.5301013979514093,1.6167843476595245,1
7312-XSBAT,-2.9106139457226616,-0.9013143090458999,0
7314-OXENN,-1.6532301743847608,-2.437114293184695,0
7315-WYOAW,-0.1608499633856912,-2.5695568564431834,0
7317-GGVPB,3.5396673412355164,-0.2454142361320599,2
7318-EIVKO,-2.301380304797719,-1.654917219226206,0
7319-VENRZ,-1.9762510887600282,-1.5047709825056081,0
7319-ZNRTR,-1.5960410674902006,2.452980889723631,1
7321-KKSDU,-1.7274122759642916,3.6651044637572636,1
7321-PKUYW,-1.7602300942116127,-1.5923525557064169,0
7321-VGNKU,-1.9265719396683247,-2.098220174163679,0
7321-ZNSLA,-1.1995736868639637,1.4485088725355337,0
7322-OCWHC,3.832451552986851,-0.4092087590303486,2
7325-ENZFI,-0.8709328794552382,-0.2777232032497464,0
7326-RIGQZ,-0.6150569860189014,-0.8728215251150172,0
7328-OWMOM,-1.725458679590712,2.6987394689066093,1
7328-ZJAJO,-0.6093015559094711,4.31240219315621,1
7330-WZLNC,-1.5225567268893518,-3.1195904774460463,0
7336-RLLRH,0.4964748309106783,0.9457485825864904,2
7337-CINUD,-1.0868711160478786,3.1981375105226983,1
7338-ERIVA,-0.8634954295314199,0.17762814371271435,0
7339-POGZN,-2.207863509069112,-0.7108929336958569,0
7340-KEFQE,1.2634999384578056,2.061797619939264,2
7341-LXCAF,-0.6931889217856927,-2.011609658309581,0
7343-EOBEU,-2.6156018273944506,2.3977938017149807,1
7346-MEDWM,1.5752936120872258,-1.8300129662509972,2
7349-ALMUX,0.8001387111756443,0.2097755827711167,2
7351-KYHQH,-0.6995794308749614,-0.31398435793088525,0
7351-MHQVU,-2.7629115079181465,-0.35499382414326813,0
7353-YOWFP,-2.31787116219795,3.0719323059516697,1
7354-OIJLX,-1.950961822460269,-1.9533164979603803,0
7356-AYNJP,-2.842491493248123,1.5688295170623996,1
7356-IWLFW,0.5347408846435359,-1.109888247285851,0
7359-PTSXY,-2.6595956493361723,-1.1627294958389367,0
7359-SSBJK,2.524144985545095,0.6231432508853056,2
7359-WWYJV,3.576868535843827,0.6683379734305037,2
7361-YPXFS,-0.16313788682982408,0.12123611231339364,0
7363-QTBIW,-0.41639932248810146,-1.900205549090068,0
7365-BVCJH,-3.496346976644749,-0.5519712771634033,0
7369-TRPFD,-2.771740188865162,2.564142687330147,1
7375-WMVMT,2.547044297313557,0.3944400400151122,2
7377-DMMRI,-2.923903460395044,-1.795716543853673,0
7379-FNIUJ,-1.5679047557361643,-2.6513895002615246,0
7379-POKDZ,-1.6153573694579737,-2.233615146971153,0
7382-DFJTU,-1.8108123648565517,0.19030415448957727,0
7384-GHBPI,-2.7545393084901093,-1.3968613368419338,0
7389-KBFIT,-2.7650012204844603,0.4392794638405803,0
7392-YYPYJ,0.02814197874765825,-2.822238283526742,0
7394-FKDNK,-0.9005754301966752,-2.234003688301385,0
7394-LWLYN,-1.6803814289889043,-2.119763773001598,0
7395-IGJOS,-1.0202568186654426,-1.8622844243916317,0
7395-XWZOY,-1.5758669461275212,-0.3866144723886027,0
7396-VJUZB,-2.087028752796279,1.4360072193655782,0
7398-HPYZQ,4.384728042939704,0.7065569250005499,2
7398-LXGYX,0.7989691754566057,-0.43948275028595624,2
7398-SKNQZ,-0.9904135295345389,-1.372068319936373,0
7399-QHBJS,2.869645013251334,2.655214098340673,2
7401-JIXNM,3.2612282544714004,0.8866676552570136,2
7401-RUBNK,-0.46197716636550434,-1.5340037020406938,0
7402-EYFXX,0.847735583229081,-1.0778650259112699,0
7402-PWYJJ,4.059466620464757,-0.8436871750454751,2
7404-JLKQG,-1.8201028207263916,-1.165329265522541,0
7407-SUJIZ,-3.2147873264884046,1.9193049207594206,1
7408-OFWXJ,4.539230502878663,1.228465306098605,2
7409-JURKQ,4.025416861885074,-1.8776698167357067,2
7409-KIUTL,-1.6696254515506677,-2.154899296386907,0
7410-KTVFV,-1.9676940357878157,-0.728018400945625,0
7410-OIEDU,-0.6434504071659323,-1.368574667710344,0
7410-YTJIK,-2.2619455189642244,-1.061682339285,0
7416-CKTEP,1.3048389610984332,3.0628169489220127,1
7421-ZLUPA,-3.1034719931206047,0.18363086588400107,0
7422-WNBTY,0.950227965546336,-1.7160140160341517,0
7426-GSWPO,2.2638615222936855,-2.461123048435671,2
7426-RHZGU,-0.656580967939658,-2.568933665340678,0
7426-WEIJX,2.887610263698271,0.3570165643035644,2
7427-AUFPY,-0.5198225674851449,3.9926799027860698,1
7432-FFVAR,2.3025788591844143,-0.04594597795690451,2
7434-SHXLS,-4.22094127451643,1.3691712443566415,1
7435-ZNUYY,-3.1924503682407117,2.4661693460295404,1
7439-DKZTW,-1.8323296299159748,-2.320353146018528,0
7442-YGZFK,-2.5428791332668066,0.28223830820263035,0
7445-WMRBW,1.427816531506955,-0.20210814378106026,2
7446-KQISO,2.4542223377116645,-1.1480038426326618,2
7446-SFAOA,-0.3667928891224507,2.238330970999338,1
7446-YPODE,-0.13919853884283753,-0.027233010082801098,0
7449-HVPIV,2.5987103701310756,0.41025162205249854,2
7450-NWRTR,-0.8825102361133501,-3.008627219338843,0
7452-FOLON,-0.2551622569404086,2.70122504345955,1
7459-IMVYU,0.12231202276359553,-1.0247045937985133,0
7459-RRWQZ,-1.1844984465978408,-1.9917345359164385,0
7460-ITWWP,2.1695541461172003,-0.8912031663808602,2
7463-IFMQU,1.4255142074909304,2.989872108807771,1
7465-ZZRVX,-2.0784685197592974,-1.966955064197409,0
7469-LKBCI,-2.161170764211308,3.17893575926578,1
7470-DYNOE,1.039445597815061,0.1513629102962403,2
7470-MCQTK,-1.7113778805871407,-1.2383772053146116,0
7471-MQPOS,3.7783483351680753,0.7247926986037607,2
7471-WNSUF,-0.004919919423974492,2.487288614394701,1
7472-EQOAV,4.24250782559986,-0.24792489967828765,2
7473-ZBDSN,-1.4663017452591889,4.016445746025183,1
7479-NITWS,-1.3178242105953613,-1.8581040473092583,0
7480-QNVZJ,0.6754824438947571,-2.3808486579812302,0
7480-SPLEF,0.4313752550610647,2.599088144538092,1
7481-ATQQS,1.74593775155258,-1.0828042460783918,2
7483-IQWIB,1.1409681973033174,-1.8540677786318591,0
7486-KSRVI,2.599498471491143,-2.257836988574994,2
7488-MXJIV,-2.137733920079632,-3.20203929405086,0
7492-TAFJD,-0.7362241005689476,1.7535233800734442,0
7493-GVFIO,-0.6253817316223118,3.4819774973135114,1
7493-TPUWZ,-1.6705366157652055,-2.9340243382382023,0
7495-OOKFY,-1.0645165041768525,-1.1062668639187794,0
7501-IWUNG,2.743985216382891,0.660077178446826,2
7501-VTYLJ,-2.4439645654718056,0.4473580040653448,0
7502-BNYGS,1.4193861326706523,0.5299864698876149,2
7503-EPSZW,0.45668293515689234,3.6957939448927495,1
7503-MIOGA,4.874738576576359,-0.04380048550335357,2
7503-QQRVF,-1.486385788220691,-1.4200512060685735,0
7503-ZGUZJ,-2.0641786964251403,-2.392137662976199,0
7504-UWHNB,-0.7641533644089604,-1.4803515631172766,0
7508-DQAKK,2.2725714199884552,0.07025051262823365,2
7508-KBIMB,0.1056181385170229,1.4445223448427615,0
7508-MYBOG,-1.3794888120595559,-2.7866226221315498,0
7508-SMHXL,-0.5949049204949319,-0.11757995537936221,0
7511-YMXVQ,-2.1338069265563524,-1.6803345146413973,0
7515-LODFU,-0.5439261536237326,3.405830433586981,1
7516-GMHUV,3.2519567136252996,0.15460514771361902,2
7517-LDMPS,-0.9392155742569848,-2.116764968360634,0
7517-SAWMO,-0.7345596419363365,-2.05849124156805,0
7519-JTWQH,4.289441054738068,-1.1598345663773417,2
7520-HQWJU,1.6679435184332623,-0.6876233727026285,2
7521-AFHAB,-2.1229407562419436,1.1201419680208378,0
7521-YXVZY,-4.140423760055595,2.1537759810191264,1
7524-VRLPL,2.150375479444669,1.4632067058820104,2
7526-BEZQB,-1.411014337880174,-2.5486546308671434,0
7526-IVLYU,-3.0077956034014077,1.833302794547714,1
7527-QNRUS,-0.8028953276658284,3.6937995999160433,1
7529-ZDFXI,2.6573292783016873,-0.6390453129844863,2
7530-HDYDS,-0.1729794064129022,-1.763582226502972,0
7531-GQHME,-3.0804609893873853,2.2128138007179725,1
7534-BFESC,-1.1285942249443557,-2.5012252497447287,0
7537-CBQUZ,2.431989496206636,-2.661736867253058,2
7537-RBWEA,-2.879108821332517,0.3789603647077726,0
7538-GWHML,-2.8587436434479234,-2.39297965529424,0
7541-YLXCL,0.6948603039623574,-0.5634898182773561,2
7542-CYDDM,-2.955599760516401,1.9284650297144352,1
7544-ZVIKX,3.6030113969137187,-0.4572682294884532,2
7547-EKNFS,0.8740517778327014,-2.597530042228166,0
7548-SEPYI,-1.3064190740845933,-3.2325852609768186,0
7549-MYGPK,2.0383273579381678,-1.9677195066050077,2
7550-WIQVA,3.536863217911262,-1.0793792929026838,2
7551-DACSP,-2.625629085344384,-0.7359761522285604,0
7551-JOHTI,-3.3215535017232964,1.6671038222989,1
7552-KEYGT,-0.5651474530310833,2.570657172553016,1
7554-AKDQF,-2.146666167579286,1.1182401521271896,0
7554-NEWDD,-1.92034926037986,2.2405026582225926,1
7558-IMLMT,0.19983962915593373,4.074830149322824,1
7560-QJAVJ,3.5774403668498778,0.18665828990607308,2
7560-QRBXH,-2.220414572693441,2.5608823451477547,1
7562-GSUHK,-0.3776460090958711,-1.7889798951770746,0
7562-UXTPG,-1.622954019570215,-0.9460890049556275,0
7563-BIUPC,-1.822181590409993,-3.0144308638677435,0
7564-GHCVB,3.07965676350799,0.1593010192237681,2
7566-DSRLQ,4.7966278758417955,-0.5752687531963997,2
7567-ECMCM,-0.2436229170969737,-1.0491870451240384,0
7568-PODML,-2.7587585983187726,-0.9039410206569218,0
7569-NMZYQ,5.507725679806205,-0.8144666078773538,2
7570-WELNY,2.931123443429786,-0.20171730524901352,2
7571-YXDAD,-2.403749013853264,-1.1869851211681408,0
7572-KPVKK,3.315646221336372,-0.8668891328786485,2
7576-ASEJU,2.3582491166895108,1.5427425742493208,2
7576-JMYWV,3.354568984138442,-0.858703661239417,2
7576-OYWBN,-1.8758111282662215,-2.9402431486898766,0
7577-SWIFR,-1.1146788530302822,-2.0503714013200125,0
7579-KKLOE,5.410620437964517,1.7391451917193959,2
7579-OOPEC,-2.489657587886136,-0.14138226597088763,0
7580-UGXNC,-2.592047640127686,-0.32578098735177463,0
7581-EBBOU,1.707372088119399,0.8037754437600495,2
7586-ZATGZ,-0.260498133246825,-2.1672818008652888,0
7587-AOVVU,-0.3997910684377604,-2.0881642368153344,0
7587-RZNME,-2.3232197576429887,-1.531841323795658,0
7590-VHVEG,-3.2695992557749913,-1.0880014759269587,0
7593-JNWRU,-1.6982105430786536,-0.9495006062386697,0
7593-XFKDI,-2.77996050161406,-0.06992575171455244,0
7594-LZNWR,-0.037288576758707614,0.4804597373209088,0
7594-RQHXR,-2.09272305497463,-3.2418948443140256,0
7595-EHCDL,-0.7338485643238868,1.3004795720521907,0
7595-EUIVN,-1.9525231682746123,-2.4037915832493226,0
7596-IIWYC,-0.9844248335746963,1.6197158882151885,1
7596-LDUXP,-1.008378337427188,-0.6507371347568538,0
7596-ZYWBB,2.7085964169264396,0.6630716731250633,2
7598-UAASY,-1.762552936415544,-2.450986472960381,0
7599-FKVXZ,0.4184720265199415,-3.106649301611487,0
7599-NTMDP,1.7833664198927324,1.356558831331222,2
7601-DHFWZ,-0.34441418104851235,3.4310825104245266,1
7601-GNDYK,-0.9158363331888231,4.104029009350332,1
7601-WFVZV,-4.082078549538711,1.8093225667100985,1
7602-DBTOU,0.9362882375530567,4.2537358428066145,1
7602-MVRMB,5.549136614112992,-0.2641577128005536,2
7603-USHJS,-1.8982103486046664,-1.4918060930240984,0
7605-BDWDC,-0.6258371905225529,-0.23404797697866428,0
7605-SNLQG,-0.36852638051962344,0.8718855494483961,0
7606-BPHHN,1.075389274003406,3.5474785143384255,1
7607-QKKTJ,2.5709087152932097,-0.057342292387685456,2
7608-RGIRO,-0.032396734362960505,3.1795510944621967,1
7609-NRNCA,-1.9002254332658952,2.910568316467751,1
7609-YBPXG,1.9090396568905326,-0.316576787301765,2
7610-TVOPG,-3.1225695143483088,0.21161612123487678,1
7611-YKYTC,-0.47105103381961233,-1.1188534220109017,0
7613-LLQFO,-1.4394578645639524,-2.656992821085848,0
7614-QVWQL,0.36179833738760514,-0.149554368677119,0
7615-ESMYF,-1.5942620673095609,-0.7232814263133612,0
7617-EYGLW,-3.4288279702800897,0.5221071480078254,1
7619-ODSGN,-0.8432049466282998,-0.4894215001005189,0
7619-PLRLP,2.7365926643024214,0.7325085058321193,2
7621-VPNET,0.5517422153164452,-0.6075414449741051,0
7622-FWGEW,3.590383887235074,0.037956758333999946,2
7622-NXQZR,-2.321530393600526,0.15906028279821466,0
7623-HKYRK,-3.877384426844235,1.5526414811320421,1
7623-TRNQN,-2.7818238955272636,-0.6262535802215395,0
7625-XCQRH,-1.8628245947022084,-2.1785978080164377,0
7627-JKIAZ,0.0006634215806903658,-1.1322867353657085,0
7629-WFGLW,3.272395939083952,-0.42312692495276577,2
7629-WIXZF,-0.9994764595496228,-0.6629894905177465,0
7632-MNYOY,2.0271592782389933,-0.5221000431638169,2
7632-YUTXB,-1.533875902203098,3.7035603784758218,1
7633-MVPUY,3.007447880753276,0.4702032454359603,2
7634-HLQJR,-1.2948763437238435,4.007454879008861,1
7634-WSWDB,-1.9766281296024588,-1.2331824458078968,0
7636-OWBPG,-1.7778656096033085,1.2740494552098875,0
7636-PEPNS,1.4985627476798358,2.1962543930564777,2
7636-XUHWW,-3.6174162396826035,1.5838705752806876,1
7638-QVMVY,-1.571713047740524,-2.4855587189579658,0
7639-LIAYI,2.358380256662482,0.49627552740878167,2
7639-OPLNG,4.213515975238975,0.8089021754157422,2
7639-SUPCW,-2.4102295291724545,-0.568029129862032,0
7641-EUYET,2.3670393352327785,-2.446693676450481,2
7641-TQFHN,1.2311945367259773,-0.4817341527484249,2
7643-RCHXS,0.9674661174524037,3.437881829103292,1
7644-OMVMY,-1.8984020503909855,3.4936371504766686,1
7647-GYYKX,0.9504629090526344,2.943665712196928,1
7649-PHJVR,-2.6686611727463276,2.668392925780149,1
7649-SIJJF,3.5114292293370895,1.5515244809428044,2
7654-YWJUF,1.674118364164025,-1.0865308374746483,2
7657-DYEPJ,-0.2622798879775862,-0.1344934394803148,0
7658-UYUQS,-0.5428218157266217,-1.4640483802320736,0
7660-HDPJV,-2.2281810918318454,-2.4984761134260096,0
7661-CPURM,0.0038009241794151024,-0.53917910571636,0
7663-CUXZB,4.2337429461541305,-0.3110467393009219,2
7663-RGWBC,-2.6984738584315378,-0.31167971182102583,0
7663-YJHSN,5.956910173656945,0.031149302946465132,2
7663-ZTEGJ,1.3063259011107138,-0.2137678826992152,2
7665-NKLAV,0.011884055880118314,2.2348881899180952,1
7665-TOALD,-1.9582006590996763,-3.10358970554903,0
7665-VIGUD,-2.367686474012698,3.1258847455026664,1
7666-WKRON,0.7513101578700366,-1.2593410410138741,0
7668-XCFYV,-0.09887506505025152,-2.0010383852637363,0
7669-LCRSD,-2.0824827654236877,-0.09186607264254484,0
7670-ZBPOQ,1.7994350817843183,0.5555651729557538,2
7672-VFMXZ,0.3414323147397881,0.09248438366589233,0
7673-BQGKU,0.2683777709009923,3.536799464800881,1
7673-LPRNY,0.44632632648557546,-0.9752290845816759,0
7674-YTAFD,0.8018771917461335,-1.5462141387845887,0
7675-OZCZG,-2.543977471814396,-0.5764477768019544,0
7677-SJJJK,-2.1777661481951225,3.3311464230581667,1
7682-AZNDK,1.0712624381166143,-1.6774460692022017,0
7683-CBDKJ,-0.8160250610596262,-1.5934680230350684,0
7684-XSZIY,1.4949279123541805,3.8171797040315463,1
7688-AWMDX,3.3918580470006923,1.1976676863190783,2
7690-KPNCU,3.129546157941034,0.7535874406518507,2
7691-KGKGP,0.7410279072491418,1.4188811871819371,2
7691-XVTZH,4.583644538081144,-0.36659794345803454,2
7693-LCKZL,-0.9992537517444144,-2.326121284258531,0
7693-QPEFS,2.2189597706250708,-0.49749780421874257,2
7694-VLBWQ,3.3524163903371673,-0.6889570474951829,2
7695-PKLCZ,0.6360777835482533,3.957865094812229,1
7696-AMHOD,1.9088284189815343,1.48588204358065,2
7696-CFTAT,-1.7328663416416963,2.588098689498531,1
7698-YFGEZ,-3.708438366812489,1.832721400478165,1
7703-ZEKEF,-0.8908747433501829,-2.4558501694154926,0
7706-DZNKK,-3.237440147272424,1.4609422710863393,1
7706-YLMQA,-0.7291089304674485,2.3992268341272385,1
7707-PYBBH,-0.3583460965168893,-0.05429429450484441,0
7710-JSYOA,4.012930290410925,-0.29548594954190444,2
7711-GQBZC,0.4386042105229942,3.107322239093459,1
7711-YIJWC,2.809158403969697,0.0687766086909404,2
7714-YXSMB,-0.1920309894915826,-2.729385759953604,0
7716-YTYHG,1.4682687281224203,-0.5689904694807936,2
7717-BICXI,0.22620590441098443,4.497973251553997,1
7718-RXDGG,-0.6776012422584196,-1.2868680027846957,0
7718-UPSKJ,4.547630272107647,0.5622594214278028,2
7721-DVEKZ,-3.9429887923988516,1.6270109742394743,1
7721-JXEAW,0.08870847634323917,-1.0467917395228037,0
7722-CVFXN,3.1952156457140153,-0.6752589971129128,2
7722-VJRQD,1.733226006738222,1.0972618268468586,2
7727-SHVZV,-2.7075121037401657,1.0483954050220226,1
7729-JTEEC,-1.4459851019253251,-0.07618355091058837,0
7729-XBTWX,0.9906837767738743,4.165384805734826,1
7730-CLDSV,5.288703167958262,0.23327983120391665,2
7730-IUTDZ,0.21226010770915568,-2.3208535119529388,0
7733-UDMTP,0.9967171201712849,0.056021570501007215,2
7734-DBOAI,-2.0661495276637694,-0.24570574708097984,0
7739-LAXOG,0.8154963154201981,-2.5162573443103224,0
7740-BTPUX,3.860703274995368,-0.5578237045436326,2
7740-KKCXF,-0.761706309150052,1.4787920064145779,0
7742-MYPGI,-1.2361803086764027,0.9240223637222211,0
7743-EXURX,-2.290282089867365,-1.5003389516030026,0
7746-AWNQW,-2.697138046691214,-0.07991659699559318,0
7746-QYVCO,-1.0284337938458665,0.5708240779463404,0
7748-UMTRK,1.3144438387072743,-1.426826704837271,2
7750-EYXWZ,-0.9058902199484618,-0.6752781115137749,0
7752-XUSCI,1.4001538021603461,-3.2693186842774917,0
7753-USQYQ,1.732887003015199,-0.32694746130769614,2
7754-IXRMC,-2.767073723282709,0.6974400532328127,0
7758-UJWYS,0.37695716051464273,1.4067821810377652,2
7758-XKCBS,-2.127422717790065,-1.4247123852823513,0
7760-OYPDY,-1.5889563412113934,-2.3097883555028274,0
7762-ONLJY,-1.5489467811848292,3.5469182699064663,1
7762-URZQH,3.078289049279345,-0.7349400459094136,2
7764-BDPEE,-2.9927316811856848,2.615498968120654,1
7765-LWVVH,3.6875289041373525,-0.02661569368539218,2
7766-CLTIC,-1.7694353675123962,-0.6448266268402151,0
7767-UXAGJ,-2.5687670402786376,-1.2100453583655915,0
7771-CFQRQ,1.6113959787385195,0.41942319120214916,2
7771-ZONAT,-0.4363898252581841,0.2300951054191464,0
7774-OJSXI,1.0481633436055435,-2.156060808272023,2
7776-QGYJC,1.669313873480363,-1.1206355720224332,2
7776-QWNFX,-0.9390975986913419,-0.9617626283103231,0
7777-UNYHB,-2.6465902543696838,1.9228108154373633,1
7779-LGOVN,-0.7586093771409731,-1.6866291901195296,0
7779-ORAEL,1.340028369534426,1.5003427724653975,2
7780-OTDSO,-0.448719398373568,-2.9968083128011784,0
7781-EWARA,2.020706596810606,0.7388696594163948,2
7781-HVGMK,2.7320336666024185,1.4185071516059753,2
7783-YKGDV,-1.197410647107957,-3.4291643837828456,0
7785-RDVIG,-2.441841637349735,2.9600671054101593,1
7786-WBJYI,-1.460269416569139,-2.0257000129739775,0
7787-BNTZM,-2.973489508421851,1.2588999886535202,1
7789-CRUVC,2.3573014225724407,-1.0542033432947886,2
7789-HKSBS,2.6994700842494663,-1.5166695755471267,2
7794-JASDG,-3.0292351758576808,-0.5686776799555195,0
7795-CFOCW,-0.7640875041709774,0.28579243599053594,0
7797-EJMDP,-1.9913290618844366,-1.3643979774765223,0
7798-JVXYM,-1.003168230941501,-1.7523306509820202,0
7799-DSEWS,-0.4736173338651257,-1.7001715016166892,0
7799-LGRDP,-1.2181146537957719,2.8500680596710715,1
7801-CEDNV,-0.31877081097500704,2.146950523642232,1
7801-KICAO,-1.4773062244045616,-1.8422258922486294,0
7802-EFKNY,-2.725742002328209,-0.8910483344228933,0
7803-XOCCZ,2.3536986027624622,-1.3787755278645824,2
7808-DVWEP,-2.650263043105585,1.1397548788630762,1
7811-JIVPF,-1.1006561237582204,0.8411069381124425,0
7812-FZHPE,-2.7826889755945365,2.178238120042288,1
7813-TKCVO,-1.618909823107592,3.161672162368559,1
7813-ZGGAW,0.7790327998188752,-1.1624313011960492,0
7814-LEEVE,-2.351836938368657,1.2443849016403243,1
7815-PDTHL,-0.9495057955602164,2.696648310918315,1
7816-VGHTO,-1.2893988821350442,2.3654837941162645,1
7817-BOQPW,-1.6312599834436172,-2.495048120762965,0
7817-OMJNA,-2.082934251559923,2.1423015507288192,1
7820-ZYGNY,1.378582398576458,-0.10534987448525239,2
7821-DPRQE,3.7868018669773553,-2.100784054979183,2
7823-JSOAG,-1.8774895922301298,-1.6220724070263042,0
7824-PANSQ,1.618073425924092,-0.722583252478339,2
7825-ECJRF,-0.043679051144087294,-3.2716951119423707,0
7825-GKXMW,-2.96699636184045,-1.1344367814875944,0
7826-VVKWT,1.9447374616085635,-0.44863153618741686,2
7831-QGOXH,-0.6227114034508484,-2.8988024378340205,0
7833-PKIHD,2.246997353982708,-0.2729884745907554,2
7838-LAZFO,1.8943675690924962,0.3446430537989905,2
7839-NUIAA,1.5023669521600251,0.05479297343257862,2
7839-QRKXN,-3.7795737100419404,0.6128393318207549,1
7841-FCRQD,-0.003203281737987426,0.5187411575552985,0
7841-TZDMQ,-2.330249140273402,-0.3436569298728248,0
7845-URHJN,-2.7029560907109467,1.2360272326993909,1
7850-THJMU,-1.1838330453620813,4.124850828989511,1
7850-VWJUU,-1.0505335800758928,-2.067993348919448,0
7851-FLGGQ,-3.3322126754843984,-1.4611154181909554,0
7851-WZEKY,-1.9019548457105886,-3.3420696161868446,0
7852-LECYP,1.248774324531664,0.8428040081611937,2
7853-GVUDZ,-3.50269529832964,1.3258202451074923,1
7853-OETYL,-2.770361298032396,-0.798360198839925,0
7853-WNZSY,-3.6523733148673534,1.5707255937579907,1
7854-EDSSA,-1.5201943877998718,-0.9780250685120159,0
7854-EKTJL,-3.086958412267326,1.0682431649622455,1
7854-FOKSF,-3.0921178198664947,-1.4624905813174316,0
7855-DIWPO,-1.518852443353282,-1.7469996479351002,0
7856-GANIL,1.6238241306406902,-1.6510198688636815,2
7858-GTZSP,-1.4065713256409014,-2.3972924612684885,0
7860-KSUGX,3.6179214661266976,2.172997944869526,2
7860-UXCRM,4.037838134709083,2.31405153130721,2
7861-UVUFT,-0.75989429682076,-1.8987839448257975,0
7868-BGSZA,2.6595171334742127,-0.5608166523056496,2
7868-TMWMZ,3.730921096082872,-1.0256909355317583,2
7869-ZYDST,-0.7372345571099729,0.4444064962225651,0
7872-BAAZR,0.9264624915342583,3.5048436018102045,1
7872-RDDLZ,1.3370984196309774,-0.05142138789426276,2
7873-CVMAW,3.9449982775903143,1.35286488337829,2
7874-ECPQJ,-2.812565319261065,1.0029592383630757,1
7876-AEHIG,0.21924443147121173,-0.07394177879846685,0
7876-BEUTG,-2.4693525727712125,0.15498916564391124,0
7876-DNYAP,0.9185868323688869,5.213792978670995,1
7878-JGDKK,-3.3211912420175747,-0.06073409342530308,0
7878-RTCZG,-3.5917866392590034,2.01042776153911,1
7879-CGSFV,3.399479327343301,-0.4117176936526506,2
7880-XSOJX,-2.444884593712353,0.46521434135465956,0
7881-EVUAD,-2.6130140415109953,-1.8248817808299076,0
7881-INRLC,0.779759769108375,-1.5239713093981786,2
7883-ROJOC,-1.832638064356105,1.0282723384918464,0
7890-VYYWG,-2.90533747543679,-0.4251555938585905,0
7892-POOKP,0.3336625246047924,-2.5820625084266244,0
7892-QVYKW,0.24986503143833852,-1.4693646108595806,0
7893-IXHRQ,-3.188287637824247,0.6066225110966672,1
7895-VONWT,-1.2528795191326412,-1.262624397709329,0
7898-PDWQE,3.4952667844106418,1.725321037243913,2
7901-HXJVA,-1.5891924445880101,-1.6559614264703504,0
7901-IIDQV,-0.8390857171827284,-0.6381952616006816,0
7901-TBKJX,1.5935888077378284,-1.3492724695113445,2
7903-CMPEY,-1.256011678832319,-2.6853708174409103,0
7905-NJMXS,-0.18732985843794608,0.3582884834115479,0
7905-TVXTA,-2.1254505992345245,-1.7219378714504199,0
7908-QCBCA,-2.8493996370966324,-1.8513866539876183,0
7909-FIOIY,-2.0274357722362057,0.6966385561809378,0
7912-SYRQT,-1.9599411582287216,-2.5966840583604283,0
7916-VCCPB,-0.5390493007415151,-1.124737178662476,0
7919-ZODZZ,-0.08384240212983131,1.1294083768058019,0
7921-BEPCI,1.0342202185004519,0.6100267432385442,2
7921-LMDFQ,1.4580501311713219,-1.5790531545270043,2
7923-IYJWY,4.2997271135625095,-0.4959322252892906,2
7924-GJZFI,1.298581136778666,-0.21164545277453597,2
7925-PNRGI,0.9408722180098892,1.0391253652409929,2
7926-IJOOU,-3.7388043951207535,2.0695315481929635,1
7927-AUXBZ,-0.7825278740703088,-2.002701276243606,0
7928-VJYAB,-0.3461346915791069,-1.027050212485839,0
7929-DMBCV,-0.8432302191816524,-1.1359321518408858,0
7929-SKFGK,5.048368486418878,1.1379900296812409,2
7931-PXHFC,0.737354795264105,0.5012412028336527,2
7932-WPTDS,-2.2498619763160197,-0.9660319013050171,0
7938-OUHIO,-1.0720068769417714,-3.707455308049902,0
7940-UQQUG,3.0889870673448527,-0.7194066469994213,2
7941-RCJOW,0.9865742982973565,3.784948300896002,1
7943-RQCHR,-1.8325213415443746,-3.2441713720703906,0
7945-HLKEA,2.090302539482298,0.14897992136858887,2
7945-PRBVF,-1.479598958940139,2.085407442022943,1
7950-XWOVN,-2.494263274612347,0.5948521855902719,0
7951-QKZPL,-0.4842574690030943,3.1767832270233773,1
7951-VRDVK,0.950950738412838,-0.9329846894219685,2
7952-OBOYL,-0.9574232150857229,-1.5896167968705717,0
7954-MLBUN,0.5972905049170186,-0.873873265136775,0
7956-XQWGU,-2.6777537145926775,1.8733185499195883,1
7957-RYHQD,0.608006195746495,-1.236631882025141,0
7963-GQRMY,-2.17538309363586,0.03122683144796232,0
7963-SHNDT,-0.43578173308653617,1.592062311823129,0
7964-VEXDG,-1.2082870857761907,-1.6006081365774938,0
7964-YESJC,-1.0233023356585773,0.538900642973865,0
7964-ZRKKG,3.4726298886612383,-0.39485068618153724,2
7966-YOTQW,-1.6405309852196506,-0.28623824222024574,0
7967-HYCDE,-1.51215435285287,-1.8721280959590723,0
7968-QUXNS,-3.3602413689426305,1.9190543215029443,1
7969-AULMZ,-0.6142122009237855,-2.6308336240424754,0
7969-FFOWG,0.5659173888815989,4.353082709083572,1
7971-HLVXI,5.072501262163844,1.9176229361068207,2
7973-DZRKH,3.6361592358635657,0.41840714367518517,2
7975-JMZNT,4.093858988604333,0.21755341565223413,2
7975-TZMLR,1.7190634637936555,-1.5413920404659387,2
7976-CICYS,-3.351875604968423,1.5044820349972827,1
7977-HXJKU,-2.2846479982552137,3.2912145145779754,1
7978-DKUQH,0.8016200211839688,-1.60068518733719,0
7979-CORPM,-0.24285520623530404,-1.2582181214787114,0
7980-MHFLQ,1.3339844670868568,4.824411658159001,1
7982-VCELR,0.19868061277484456,-1.7658810096112725,0
7989-AWGEH,0.40011961111556216,0.24954614009532514,0
7989-CHGTL,-4.128869574240275,0.6315791028318288,1
7989-VCQOH,-0.3850933285092298,-1.4113819362376072,0
7993-NQLJE,-0.6659502212604861,0.005710124305467286,0
7993-PYKOF,-1.3726726825423516,-2.236800848776839,0
7994-UYIVZ,-1.2250225742295209,-2.463224165308047,0
7994-XIRTR,0.9249398048993985,0.3949755341914196,2
7995-ZHHNZ,0.9705691209187496,1.945270681753181,2
7996-BPXHY,-0.6574918569379731,2.6480869816010695,1
7996-MHXLW,0.7961357456947479,3.760868917672194,1
7997-EASSD,3.2682612559586315,0.47410713134440424,2
7998-WNZEM,2.103347779881242,0.2248999357075639,2
7998-ZLXWN,-2.450596670616148,2.7159910493220347,1
8000-REIQB,-2.598337421355891,-2.855026966498833,0
8003-EWNDZ,-3.310393194324308,0.38873296972367205,1
8006-PYCSW,-3.5928154407355186,2.0674865492404164,1
8007-YYPWD,-1.3695372706350253,2.3710190851571604,1
8008-ESFLK,2.2314190853246196,-1.4945990789711305,2
8008-HAWED,-2.2535585135589526,-1.6281556173159935,0
8008-OTEZX,-1.3287677676250187,3.4813214097798335,1
8010-EZLOU,-1.248716681738335,-2.656738280036895,0
8012-SOUDQ,1.008025924733062,-1.4816981122815953,2
8015-IHCGW,5.500242623260258,-0.5612963624259578,2
8016-NCFVO,2.007728704934971,-2.6104596598350427,2
8016-ZMGMO,2.637850137480982,0.07015008106120872,2
8017-LXHFA,-0.6502011276695979,-3.0670744920230284,0
8017-UVSZU,0.3691726913694721,1.3943829035101165,2
8019-ENHXU,2.204283975819051,-2.4596565019715206,2
8020-BWHYL,-1.383221920270722,-1.3286600307766625,0
8022-BECSI,-2.3499085947261276,2.9933669285832396,1
8023-QHAIO,2.4407090115340475,-1.379076465865228,2
8024-XNAFQ,3.9141450510965803,-1.2400367096884826,2
8028-PNXHQ,1.9358069027334468,3.0699692206826743,1
8029-XYPWT,5.792426375969854,-0.6926520015547016,2
8033-ATFAS,0.6148625702931863,0.6814833078584747,0
8033-VCZGH,2.137409008358095,-2.118389527730664,2
8034-RYTVV,2.4378707637191157,-0.010504220679955089,2
8035-BUYVG,0.320405910368829,-0.16844022933966976,2
8035-PWSEV,-1.3568815496088629,-2.9619569781744617,0
8039-ACLPL,3.148699704698935,1.8811851896753653,2
8039-EQPIM,2.1342619177525646,0.4661858763330567,2
8040-MNRTF,-2.5208346015314325,-0.6199658338412033,0
8041-TMEID,4.0968411614474265,0.5978113816231234,2
8042-JVNFH,-1.4190181284520458,-1.3533464227157423,0
8042-RNLKO,0.659800383157259,2.407765082513585,1
8043-PNYSD,0.12480071341471125,4.4427854569374565,1
8044-BGWPI,-1.7830072280896574,1.557822607701215,1
8046-DNVTL,1.2578382394118424,2.147299774522412,2
8048-DSDFQ,-3.3961371060165755,2.200156436694289,1
8049-WJCLQ,-1.2833093927561463,1.2478295675512383,0
8050-DVOJX,2.463877879018515,1.366276380102562,2
8050-WYBND,-0.616039921116836,0.8011353392633475,0
8050-XGRVL,2.7124657125564036,2.4459667979696853,2
8051-HJRLT,-2.706618656444282,-2.6449673315343776,0
8053-WWDRO,-2.40343333375573,1.120110273895977,1
8058-DMYRU,1.8319434364593432,-0.6888740786525548,2
8058-INTPH,-2.0197391773844853,-2.4420506986941923,0
8058-JMEQO,-1.94568857082912,-2.850872546385865,0
8059-UDZFY,1.4244752928912094,-1.0595736336138415,2
8060-HIWJJ,2.1938818679729652,1.5225093331711301,2
8062-YBDOE,-1.8178475195236519,-2.2326928965874733,0
8063-GBATB,-0.12978867728022214,-2.84876348429516,0
8063-RJYNF,-0.43757070937861986,-3.7331987119450876,0
8064-RAVOH,-2.1895435888400807,-0.8530939313867041,0
8065-BVEPF,3.0575735315819212,-1.010996735705354,2
8065-QBYTO,2.6669404878446334,-0.0691580906734333,2
8065-YKXKD,-1.5034000163208827,-2.5607679974381363,0
8066-POXGX,-2.535095326971601,-1.4518067855368373,0
8067-NIOYM,-0.4686291754580858,4.177391560132265,1
8069-RHUXK,0.5565787504740314,2.326240673556242,2
8069-YQQAJ,-3.2223665529438836,0.07876716851858309,0
8070-AAWZP,-0.9196029713231499,1.9604616144687013,1
8071-SBTRN,3.1890330927777137,-0.32241470531155547,2
8073-IJDCM,-4.234534188171139,0.7025012453467202,1
8075-GXIUB,-1.6714796575687705,3.0044942436665645,1
8076-FEZKJ,-2.4151117003417575,2.667679700606696,1
8079-XRJRS,4.313994333694776,-0.3398596327941295,2
8080-DDEMJ,-3.0925185340980823,-1.22727122613447,0
8080-POTJR,-0.2508113298289158,-0.1409092929767729,0
8082-GHXOP,-2.090497009042531,0.6916495237516606,0
8083-YTZES,-1.7125727645115958,-2.643170946801809,0
8084-OIVBS,-2.4898360630474428,2.8893600615623094,1
8085-MSNLK,5.049036732847426,0.3999821645631596,2
8086-OVPWV,-1.9466008154391412,-2.909106919090633,0
8087-LGYHQ,-1.4797085794337292,-2.808396474658453,0
8089-UZWLX,4.648880706111868,0.08772230363784353,2
8091-TTVAX,2.7047110341400655,0.7707242463923917,2
8092-NLTGF,1.222998528848884,3.3397962130671592,1
8095-WANWK,-2.676990413718614,0.918235139380555,0
8096-LOIST,-1.3857148188728834,-1.0856887741307917,0
8097-OMULG,2.018811058606068,1.5627606109771397,2
8097-VBQTZ,1.206629026403745,0.06807669186571173,2
8098-LLAZX,-1.818746605693887,-2.907303381301047,0
8098-TDCBU,0.11073730077170799,2.994778746306523,1
8099-MZPUJ,2.9154815524258173,0.729308293771559,2
8100-HZZLJ,-0.560365348582221,-1.3611688011154615,0
8100-PNJMH,3.927611789682344,1.220294999966954,2
8104-OSKWT,-1.3297989479896135,-2.2767053054369137,0
8106-GWQOK,0.5312917154757126,-0.184843669603975,0
8107-KNCIM,0.7764399841396599,-0.17194507364663073,0
8107-RZLNV,4.298592061189591,-0.8053012154432266,2
8108-UXRQN,-1.5182261349247541,-0.6946088802094225,0
8109-YUOHE,-0.7032416065035494,0.991083439736672,0
8111-BKVDS,-2.7265500806355223,-0.4575399761950258,0
8111-RKSPX,-1.615071962251209,-3.072493177905024,0
8111-SLLHI,1.6521837059186841,-2.537669094556734,2
8118-LSUEL,0.04725340066692218,-3.367335879942186,0
8118-TJAFG,-0.16847991093634715,-2.497198928443558,0
8120-JDCAM,-1.2911028712071468,-0.4823453595953635,0
8123-QBNAZ,1.6610755293243569,-1.039489469060299,2
8124-NZVGJ,-1.4764153308983208,0.0674512054322732,0
8125-QPFJD,2.518950147776259,0.2484685012910361,2
8128-YVJRG,-1.4275955171602552,-1.7117076339760389,0
8129-GMVGI,0.962905327749375,4.937920386913327,1
8132-YPVBX,-1.0168978270886029,-1.4132250428475857,0
8133-ANHHJ,3.0023245589897543,-1.1803026094918063,2
8138-EALND,-3.265938821483483,2.3963109742792823,1
8143-ETQTI,-1.1484891878772627,4.090327462394002,1
8144-DGHXP,2.416478754203471,-0.086318753352435,2
8146-QQKZH,3.27910882720915,0.5937973895805692,2
8148-BPLZQ,-1.6059044149091826,-1.0940989541419774,0
8148-NLEGT,-0.5257961376981426,3.331901161957504,1
8148-WOCMK,-2.357999365421257,3.816040161119041,1
8149-AIQCG,-0.932120837668238,-0.6158043385188103,0
8149-RSOUN,-2.0194588615882254,-3.030172513889884,0
8150-QUDFX,-4.103980765931133,1.6146195885797587,1
8152-UOBNY,2.1528469870208036,-1.6995407585982178,2
8152-VETUR,5.001365344151462,1.0300546170563343,2
8155-IBNHG,-0.9435242491048743,-0.9527738064870107,0
8158-WPEZG,-1.837080640322982,-1.206645168363478,0
8160-HOWOX,-0.8377347635949113,-1.9388122196260305,0
8161-QYMTT,-0.9447578028032904,-2.148932616817133,0
8164-OCKUJ,-0.05084199512782164,4.605567369404163,1
8165-CBKXO,1.4822184980841335,1.8835441481494282,2
8165-ZJRNM,1.6883179757184181,3.8730016462637553,1
8166-ORCHU,2.5565100415410944,-0.8742247186301892,2
8166-ZZTFS,2.3633947340024957,-0.005467358715244281,2
8167-GJLRN,-2.690441981609794,-0.5983527899501319,0
8168-UQWWF,-0.5943286410008317,-1.695304968448938,0
8169-SAEJD,2.1426927798205706,2.449481675227067,2
8173-RXAYP,-0.6320177441880893,4.179710698216701,1
8174-LNWMW,-1.2052405819153413,3.656488224664541,1
8174-TBVCF,4.779888266664013,1.0783278905527962,2
8178-EYZUO,0.19717461471120054,-2.804174828819178,0
8180-AKMJV,-2.4137107247430576,-0.404318356691891,0
8181-YHCMF,1.5688308187858935,2.251476126845717,2
8182-BJDSI,-0.27981017852534074,-3.168054164499563,0
8182-PNAGI,-1.648376191110501,-1.3861500265222324,0
8183-ONMXC,-2.1055593883657844,-1.9911875771678522,0
8184-WMOFI,1.1430470977932503,0.8820485136419252,2
8185-UPYBR,-0.8752521394431625,-1.973211420277094,0
8189-DUKMV,-1.475222014909415,2.5078606874279172,1
8189-HBVRW,0.21303539675378605,-1.90622165678976,0
8189-XRIKE,1.179192969011482,-0.5120222740425096,2
8190-ZTQFB,-0.11755160212007483,-0.03998581273586377,0
8191-XWSZG,-0.8672859972318367,3.011309654766186,1
8194-PEEBY,-1.7150455853178528,3.7120392734341947,1
8197-BFWVU,3.3327766001964236,-0.10484244733430513,2
8198-RKSZG,-0.36476455421258536,0.8404101906557536,0
8199-ZLLSA,3.443437429420491,-2.5015527040650536,2
8200-KLNYW,0.889833236505016,1.190231927835545,2
8200-LGKSR,3.8302552333667013,0.8164719626901831,2
8201-AAXCB,-0.6239820127533637,-0.39728321995429156,0
8203-XJZRC,-3.714257636406996,1.6490062621038895,1
8204-TIFGJ,-2.729187070372279,0.45548899322785524,1
8204-YJCLA,2.478173483594949,0.17165969076745052,2
8205-MQUGY,-1.0827447611277348,-0.6195808985719264,0
8205-OTCHB,-1.4062541002468174,-0.6005703207289546,0
8205-VSLRB,2.0583901657989343,1.4246171037594857,2
8207-DMRVL,4.493208443545505,-0.7011567521957964,2
8207-VVMYB,0.46471652640630706,2.456937985877411,1
8208-EUMTE,-1.1172769326257943,1.1483048783120546,0
8212-CRQXP,-0.28736931846762087,-1.0266165592263679,0
8212-DJRCH,-0.7071097481881504,-0.9796972606663433,0
8213-TAZPM,5.967530743621543,-0.6127139680909603,2
8215-NGSPE,-0.8361802266632599,3.7924232752170766,1
8216-AZUUZ,2.098689643114854,-0.550675005698627,2
8217-QYOHV,-2.179209397633081,-0.6476718156756233,0
8218-FFJDS,3.396736611278425,0.029457962165379464,2
8219-VYBVI,-0.3480515762899478,3.967863863778728,1
8220-OCUFY,-0.33732377347558157,-0.6956740692379658,0
8221-EQDGL,-0.14219469353308165,0.7048858075297766,0
8221-HVAYI,0.010638312809635687,0.42571677432225347,0
8224-DWCKX,-0.09687505967218125,0.11617502951839495,0
8224-IVVPA,-1.2044214945906535,0.023343935616665763,0
8224-KDLKN,1.2324749686130276,3.7155977105787583,1
8224-UAXBZ,0.7632704150840901,0.3137618671680373,2
8225-BTJAU,-1.853894935361384,-2.9198875053865736,0
8226-BXGES,3.014894177645799,-0.4920516048631639,2
8229-BUJHX,0.3973994577527526,3.371071276151751,1
8229-MYEJZ,-1.7673048126030673,-0.44340531587706594,0
8229-TNIQA,-2.9973647829225243,-0.5763189870992489,0
8231-BSWXX,3.447480073984354,0.8565441271716756,2
8232-CTLKO,2.8689917378099845,1.4844384253512068,2
8232-UTFOZ,-1.0709322403998938,3.7129628953973106,1
8234-GSZYK,-0.8191009264992508,2.373394072699503,1
8237-ULIXL,0.5292076510664815,4.121505178627008,1
8241-JUIQO,-0.09241969309060442,2.523071934863735,1
8242-JSVBO,-1.9557365875405215,-1.030325971084592,0
8242-PDSGJ,0.6542848647048114,1.7579744139621087,2
8242-SOQUO,-1.3920949613244005,-1.8952593827819373,0
8245-UMPYT,-0.8324570685676029,-2.6856602055610064,0
8246-SHFGA,-3.0567637729991346,1.99576776845412,1
8249-THVEC,-0.000252461462773609,4.215604011709668,1
8250-ZNGGW,-0.8986465497067105,1.1054419406411176,0
8257-RZAHR,-1.348344461019006,-1.7330848060499995,0
8258-GSTJK,-1.7413153657154739,-2.8776032811970054,0
8259-DZLIZ,2.341730004889767,1.3144370974778221,2
8259-NFJTV,-1.4969505594368446,1.4297151916943711,0
8260-NGFNY,-3.2681945675979245,-0.4276514885051436,0
8261-GWDBQ,2.758585846603527,-1.5233903497273449,2
8262-COGGB,-3.5675837490882456,1.025388430792776,1
8263-JQAIK,-2.82388923346322,0.42842030027856415,0
8263-OKETD,-1.2055244738031543,-0.15375788095780618,0
8263-QMNTJ,6.290714708928189,-0.7540913158512456,2
8265-HKSOW,3.4196068154608192,0.9036496999328048,2
8266-VBFQL,-1.1624351442773238,-2.720343358315458,0
8267-KFGYD,-3.825146379022773,1.0576432053391496,1
8267-ZNYVZ,1.6148695122128134,-2.458825124186856,2
8268-YDIXR,3.3358365938864027,-0.8523443661531813,2
8270-RKSAP,-1.866930826948569,-2.7116562408062164,0
8272-ONJLV,0.33821419622867427,-1.1670176295492523,0
8276-MQBYC,1.4605656474370203,-2.3554664895678084,2
8277-RVRSV,-1.4889560461628868,3.585625826190922,1
8280-MQRQN,-3.452466663110407,-0.9492428655421334,0
8285-ABVLB,0.39048881304007643,3.9318124271910477,1
8286-AFUYI,-2.522391197266272,-0.7990690690784148,0
8290-YWKHZ,0.7125808272945677,-1.9741632021972566,0
8292-FRFZQ,-0.6485482056573171,-0.103605671670691,0
8292-ITGYJ,0.3247847565730769,2.7258479692597275,1
8292-TYSPY,-2.161608133495591,-0.566380809294738,0
8294-UIMBA,0.5794756534848512,-1.639351560718514,0
8295-FHIVV,-2.9350295719636765,1.8602959424094054,1
8295-KMENE,1.4533521672187977,1.3030183405348146,2
8305-VHZBZ,-3.8125517839821805,0.5462263979460752,1
8309-IEYJD,-1.6779685430311497,-0.368222830677998,0
8309-PPCED,5.170213882955115,-0.6844405940349388,2
8311-UEUAB,3.069225767504074,0.0056845531615884026,2
8313-AFGBW,2.527979743771853,1.0234274711321016,2
8313-KTIHG,-1.7644872073156166,-1.2174089718675365,0
8313-NDOIA,0.6112412224697056,-2.177324735255275,0
8314-DPQHL,-1.4213713793309553,0.6987427318863804,0
8314-HTWVE,-2.2047726264709873,3.2487679727166388,1
8316-BBQAY,0.7921285450259,1.3161073081225536,2
8317-BVKSO,-2.6662136884492442,0.9606315816656417,1
8318-LCNBW,0.3012641847932609,1.3896374278594188,2
8319-QBEHW,-1.014488423587538,-0.05337820306774621,0
8325-QRPZR,-1.5179269596699778,-2.1866633394175223,0
8327-LZKAS,1.674476916318566,-1.4847988002767951,2
8327-WKMIE,-1.2348626743744846,3.4080888233923874,1
8328-SKJNO,-1.0006959608030448,0.26533716427071796,0
8329-GWVPJ,1.250465438223449,-0.14020340927542294,2
8329-IBCTI,-4.189738080429265,1.2943462184945285,1
8329-UTMVM,1.0275176646133939,-2.013415274189137,0
8331-ZXFOE,1.9720672945197033,0.7148438455800695,2
8332-OSJDW,-1.7869011236080803,2.862937675840823,1
8336-TAVKX,2.9787601368530034,0.7687564927643877,2
8337-MSSXB,-0.886393539358534,-2.8601290672791913,0
8337-UPOAQ,-0.9626735223700535,-2.8490121060722178,0
8338-QIUNR,1.9286109833384468,1.544353215866765,2
8344-WFMFH,-2.1250278050206,-1.0345132644977264,0
8345-MVDYC,2.5222113890114577,0.0006206479999131491,2
8347-GDTMP,-0.1760743944670373,4.026650206914926,1
8348-HFYIV,-2.202163817869073,-1.8093464186974317,0
8348-JLBUG,1.8159100611645687,0.6921383455366471,2
8350-NYMVI,-1.78383054881503,-0.4267710598026641,0
8356-WUAOJ,-1.5830262755704778,-0.4666820561994879,0
8357-EQXFO,-1.3706919772004602,-3.299013349750764,0
8361-LBRDI,0.6123937939236299,3.802721539780748,1
8361-LTMKD,-2.1988843686824247,-1.6012626666268932,0
8364-TRMMK,-3.6632988219671834,-1.1646727651040798,0
8372-JUXUI,-2.285505086409002,-2.519902163210279,0
8374-UULRV,3.9191973595454046,1.2364557457281513,2
8374-XGEJJ,2.1867803282981253,-2.4427343065881715,2
8375-DKEBR,-2.4973528561428777,-2.9916750490594546,0
8375-KVTHK,4.4950037917155266,-0.8433120135831491,2
8378-LKJAF,1.2866364274356257,-0.5866893861309287,2
8380-MQINP,-0.6717792709396225,4.241750195159047,1
8380-PEFPE,-2.245233818577708,-2.769803156662693,0
8382-SHQEH,-0.8963890039806741,-2.863009395860814,0
8383-SGHJU,-0.8099164319246577,-0.0372012833428802,0
8384-FZBJK,2.618923352537285,-1.544395293310395,2
8387-MOJJT,0.6660482623975051,-0.9681923190871293,0
8387-UGUSU,-2.2588429311003457,2.6630978706610122,1
8388-DMKAE,-3.3703366558478125,2.6763454617162683,1
8388-FYNPZ,-2.6036959232343353,-1.5111954901471325,0
8390-FESFV,1.6430552182293146,0.023871629599033772,2
8393-DLHGA,-0.8940337681940056,-3.124251749712541,0
8393-JMVMB,-4.301246303758643,1.5098908752451952,1
8395-ETZKQ,1.1034059573330868,2.9672574796551534,1
8397-MVTAZ,0.7141244646403166,-2.6116724353723986,0
8398-TBIYD,2.5784616820573576,-0.6730195784893243,2
8399-YNDCH,-1.0596762728623297,-1.7696884646808553,0
8400-WZICQ,1.7228132494760733,0.7957135369792009,2
8401-EMUWF,1.211667558927331,-0.3870254347296385,2
8402-EIVQS,4.466393261565794,0.38384793729242217,2
8402-OOOHJ,-0.6894150031041106,3.7900613342822433,1
8404-FYDIB,0.10947324468846549,-1.4169006070185919,0
8404-GFGCZ,-1.7308440445248223,-0.338694706835053,0
8404-VIOMB,1.013162313900689,-0.17362721280811408,2
8404-VLQFB,-2.0522036553614473,0.9348708970991957,1
8405-IGQFX,2.895768440026032,0.030252976470330057,2
8406-LNMHF,2.1083215707352605,0.47663428842599753,2
8409-WQJUX,-0.6576403147068021,-0.3773980424256659,0
8410-BGQXN,-3.3076705102995696,2.3815919763796085,1
8413-VONUO,-1.0445207899127489,-2.33678594504711,0
8413-YNHNV,3.800857705742115,1.2281325639760359,2
8414-MYSHR,-1.7004597371820263,-3.156194718353198,0
8414-OOEEL,2.609245085235972,1.3662942183639062,2
8417-FMLZI,-0.9687539935301492,-1.4910295034031162,0
8417-GSODA,1.099242768846272,-0.3493384462372648,2
8421-WZOOW,2.3258207642860187,-0.49112038582777706,2
8429-XIBUM,-0.6651112655927558,-3.1951763902690544,0
8430-TWCBX,-1.0713605229649164,2.956618870625832,1
8433-WPJTV,3.3955558840592013,-0.6578446808505173,2
8433-WXGNA,-1.9109389336785922,-1.9095748250322775,0
8434-PNQZX,1.2603027241756144,0.8213116954242529,2
8434-VGEQQ,0.7529187292524215,4.0629810399395625,1
8436-BJUMM,-0.40649738642529587,-1.5060399307658552,0
8439-LTUGF,-3.2548970367272982,1.6201072256976725,1
8441-SHIPE,-0.1913432542919004,1.8606444204718187,1
8443-WVPSS,0.2652808672288796,-2.798955326264459,0
8443-ZRDBZ,-1.6242974486428554,-2.8585180578013576,0
8444-WRIDW,2.0177798268671787,-1.1390758089787703,2
8445-DNBAE,-2.0683731798977947,-1.1033451655931796,0
8450-JOVAH,-1.5966306314866157,0.2563418794020945,0
8450-LUGUK,0.21757705310212047,2.5783209014266766,1
8450-UYIBU,-0.965936335734582,-0.05084410995985067,0
8454-AATJP,4.174981284524531,0.3286709505190858,2
8455-HIRAQ,-2.4633808170740004,0.5201744213729989,0
8456-QDAVC,-1.1233066334115938,-2.324097393607167,0
8457-XIGKN,-2.6514737291457924,1.8136741921785475,1
8461-EFQYM,-0.8500951415002236,1.3566569911539255,1
8464-EETCQ,-0.5083066067933877,3.9639300314852326,1
8465-SBRXP,1.4950100558801813,-0.7059235148436576,2
8466-PZBLH,3.704739379796706,-0.06515203267189562,2
8467-WYNSR,-1.8866957489860865,-0.15880165730681486,0
8468-EHYJA,1.4928361707318034,-2.0072623141769546,2
8468-FZTOE,4.252882781765794,0.8493477969420858,2
8469-SNFFH,3.0980689715140044,0.29281081517781343,2
8473-VUVJN,-1.482772328061841,-2.323069297960467,0
8474-UMLNT,-1.3871416319767873,-1.3757715895461495,0
8480-PPONV,4.7870117678506,-0.23531679630956912,2
8481-YYXWG,-1.3052314072775126,-3.4172768744780946,0
8485-GJCDN,-1.961493860238504,-1.1496391105524968,0
8486-AYEQH,-0.2804576964224634,-1.9951100328134768,0
8490-BXHEO,-0.650800304911607,-0.7387007511574016,0
8495-LJDFO,3.230836312947459,-1.3761014200401707,2
8495-PRWFH,-0.3338270854598924,-0.45896653343973937,0
8496-DMZUK,0.10778491224901972,-1.2516944545647786,0
8496-EJAUI,-1.916230118066895,-1.432951474814937,0
8498-XXGWA,1.1781090143315178,0.7726143167150493,2
8499-BRXTD,-1.9734247825039506,3.2853540059734527,1
8510-AWCXC,-1.3144499582521292,-3.445072328637614,0
8510-BBWMU,-0.7739430661818639,2.638753570901734,1
8510-TMWYB,2.3835978355050513,1.604651163584087,2
8512-WIWYV,-1.6801040909263196,3.3101796831245243,1
8513-OLYGY,4.568177801658782,0.5461414203650863,2
8514-VZHEB,0.8022680065255926,4.761750885371883,1
8515-OCTJS,-1.6301306568418392,3.008666853469801,1
8519-IMDHU,-0.4770284841294089,-1.84888971049602,0
8519-QJGJD,-1.8868443992347832,-1.2639174314349426,0
8532-UEFWH,1.0997643002613362,4.057277478307279,1
8535-SFUTN,3.0086898168239,-2.728756984971166,2
8540-ZQGEA,0.46855745019280315,4.252299556976341,1
8541-QVFKM,-1.272152256397694,-2.2085742787606195,0
8543-MSDMF,-1.562164528023379,-1.8268607252671742,0
8544-GOQSH,-1.5764551929292165,-0.9889977423687341,0
8544-JNBOX,0.7550768598990047,3.879240100379652,1
8547-NSBBO,0.9666819684233444,-1.7251157819794385,0
8548-AWOFC,0.9866781367210721,-0.5253940327158555,2
8550-XSXUQ,2.453960099154131,1.5294931707073376,2
8552-OBVRU,3.139766314321079,-1.389895945779827,2
8559-CIZFV,-0.4531170588860408,0.2785160799453204,0
8559-WNQZS,-2.6466100048554417,2.791932682193598,1
8561-NMTBD,3.788930483503325,0.06319349236881762,2
8562-GHPPI,-3.6306406895638625,2.1777987577220315,1
8563-IIOXK,-0.4052230443369137,-1.2543734455178148,0
8563-OYMQY,-0.40864367170717286,-1.1461147513588317,0
8564-LDKFL,2.9015412418687947,-1.1187293924967552,2
8565-CLBZW,-0.8940578958094794,-2.2124960589153733,0
8565-HBFNN,5.233687681148517,0.5120923167932617,2
8565-WUXZU,2.3780041941263232,0.8441012125401928,2
8566-YPRGL,-3.5829139002453454,1.327951011518661,1
8570-KLJYJ,-0.3673145821939215,1.3042802891396472,0
8571-ZCMCX,0.6163641278980863,1.234750208775422,2
8573-CGOCC,-2.730517648166018,2.4548813367992746,1
8573-JGCZW,-1.4290493982975687,1.7286795615769617,1
8577-QSOCG,-0.33850211178438505,3.736386554363502,1
8580-AECUZ,-1.3895254513274033,-2.4118595069564845,0
8580-QVLOC,2.6139015843383038,0.7097605040330365,2
8582-KRHPJ,-0.9495552109347196,0.4961141524158058,0
8584-KMVXD,-2.4713113348446423,-2.1544892943270475,0
8587-XYZSF,2.4496982741814106,1.797453741369731,2
8590-OHDIW,-0.2511808786063238,4.130812063860931,1
8590-YFFQO,2.195048600878887,1.9272629089032864,2
8591-NXRCV,0.8366267685859948,-1.2785700304810808,2
8591-TKMZH,4.940835291675765,0.39810017137462317,2
8592-PLTMQ,-1.0340406812310885,3.1889312604591042,1
8593-WHYHV,-1.9224928205188738,-3.192845683921409,0
8595-SIZNC,-1.748458613069573,2.079150287304074,1
8597-CTXVJ,1.7609141334304754,0.6342522305278104,2
8597-CWYHH,1.6292009321991288,0.18085179920349864,2
8601-QACRS,-3.5870344960845912,-0.9301644770467934,0
8603-IJWDN,-1.9227516836130796,-2.7422912001085535,0
8605-ITULD,-3.4055093702954906,2.053839780338808,1
8606-CIQUL,5.318129808428184,0.31867218229435224,2
8606-OEGQZ,-2.080422836983641,3.4608334328426023,1
8608-OZTLB,2.1746361089055206,0.06866736395738708,2
8610-WFCJF,2.2475702121020666,-2.1364898766623095,2
8610-ZIKJJ,-2.2006067253030466,3.1258575139091103,1
8612-GXIDD,-1.0955069204487706,2.353151487152729,1
8614-VGMMV,-1.9602148423799264,-1.4409368376732767,0
8617-ENBDS,-1.295604370917198,-1.11748983098236,0
8619-IJNDK,1.9254512451115258,2.200467463908282,2
8620-RJPZN,-3.277306960141401,1.160266710622764,1
8621-MNIHH,-0.15854168760254372,-2.6874275703568546,0
8622-ZLFKO,-0.5945150137269637,-2.1034109509878443,0
8623-TMRBY,2.179440610159352,-1.0714442775943849,2
8623-ULFNQ,-0.16049438255596907,-0.12730008765657586,0
8624-GIOUT,0.7005911598048162,-0.15792101099069336,2
8625-AZYZY,0.342582851211356,-2.558738054354852,0
8626-PTQGE,1.0582330794303259,-0.3069414509102814,2
8626-XHBIE,-0.012433859208799332,3.4930274761898326,1
8627-EHGIP,-0.21375105660124294,0.49351439900725885,0
8627-ZYGSZ,2.826038699282848,-0.0335122796512191,2
8628-MFKAX,4.660365405292094,0.22027825763330344,2
8630-FJLIB,-1.5534149158930255,-1.9465177285268889,0
8630-QSGXK,2.3588074623470145,0.7049495336927102,2
8631-NBHFZ,2.9446653907301905,0.9589569889361499,2
8631-WUXGY,1.028426531819446,-2.5916589388065474,0
8631-XVRZL,-2.9304126807140447,1.765132538299533,1
8634-CILSZ,3.702246146686983,-1.18885695330942,2
8634-MPHTR,0.8907809287855556,-2.6594501998533344,0
8637-XJIVR,-0.6351451492964523,-2.5316717416357615,0
8639-NHQEI,3.511106878179982,-0.2988533924905698,2
8640-SDGKB,-1.5264954616668938,-1.9555235161235538,0
8642-GVWRF,-1.358182800285297,-2.1769486667282436,0
8644-XLFBW,-2.1539216641127936,-2.615876803783336,0
8644-XYTSV,-0.6552016727672527,-0.09083728423948051,0
8645-KOMJQ,5.382444076339052,1.0309372169244189,2
8645-KWHJO,-1.8578935673296426,-1.375168750699231,0
8646-JCOMS,3.4514154215089436,-0.1716757926352331,2
8647-SDTWQ,2.640529564999311,-0.4317802120686027,2
8648-PFRMP,-1.331976956640308,-0.11189722583783711,0
8650-RHRKE,-2.8497095463305055,-1.4749377756419393,0
8651-ENBZX,3.07079626565703,-1.813643416469063,2
8652-YHIYU,-0.10841897876706104,-0.17662886152933324,0
8654-DHAOW,-3.1359959277350247,0.5245593463195722,0
8659-HDIYE,1.9246071106603535,1.5208123060805325,2
8659-IOOPU,5.293813746064777,0.1103297713780914,2
8660-BUETV,-2.71471096876799,0.9043884200808971,0
8661-BOYNW,3.0466769612646742,1.1046703174769703,2
8663-UPDGF,-0.7940390797280967,-1.2789633647584142,0
8665-UTDHZ,-2.433102209124335,-0.9623269786514045,0
8668-KNZTI,1.380801274796175,0.6613923536195647,2
8670-ERCJH,3.6529814063987334,-0.9045735558874918,2
8670-MEFCP,2.6609085166023236,0.7279643049189177,2
8671-KKKOS,-0.0448821990710804,0.15405583786482283,0
8672-OAUPW,0.42902229820606014,1.7382838681563575,2
8676-OOQEJ,-2.859794612829306,-0.44085631502678657,0
8676-TRMJS,-1.9144172676669837,-1.4890475589085828,0
8677-HDZEE,1.1271147082278645,-2.4046415757263397,2
8679-JOEVF,-1.240300113860147,-1.280040571859933,0
8679-LZBMD,2.2687002135901473,-0.876971819193005,2
8680-CGLTP,-0.3266328468320806,-0.47706110784188194,0
8681-ICONS,-1.9826858572812474,2.0268228798279724,1
8685-WHQPW,-1.746002415116202,-2.7207351671356963,0
8687-BAFGU,-2.2771316842801865,-1.9325133271475787,0
8690-UPCZI,1.3058158119292302,0.40739773225353365,2
8690-ZVLCL,4.419674051233712,2.056399820798041,2
8695-ARGXZ,-0.2998950950240557,-1.3377798106998664,0
8695-WDYEA,-2.2787242986795184,0.4690310274966434,0
8696-JKZNU,0.006117768417390976,-2.0170525473139977,0
8699-ASUFO,-1.2849752940277244,-0.8726794889247677,0
8701-DGLVH,0.1418092451737644,3.851759588412139,1
8705-DWKTI,0.3560209276107811,-1.227568856625217,0
8705-WZCYL,-3.077987622462292,-1.3514645717436757,0
8706-HRADD,-1.9580644053590985,0.18492408824182338,0
8707-HOEDG,3.8701035471360585,-1.549506546220828,2
8707-RMEZH,3.1578238737810977,0.7579283209183904,2
8708-XPXHZ,0.6145940492847555,-2.5114558718727475,0
8709-KRDVL,0.36299609302703023,-2.3316385121143752,0
8710-YGLWG,-3.4029325285281447,-0.3461638139391425,0
8711-LOBKY,0.8027822486473121,4.158673023874533,1
8713-IGZSO,-3.5331713247244134,1.6150031340701163,1
8714-CTZJW,-1.8260819423424062,-2.2740730190963916,0
8714-EUHJO,0.4215805871198735,-1.393724658452189,0
8715-KKTFG,3.7852157299524314,-0.7407395091062596,2
8717-VCTXJ,-0.4975941175288563,2.7089663406140447,1
8718-PTMEZ,-2.356198258553168,-1.0685199550077376,0
8720-RQSBJ,-2.019314920749925,0.4369082039383077,0
8722-NGNBH,-2.478960319094132,-0.5857912379012947,0
8722-PRFDV,5.411750210470611,2.612357367272667,2
8725-JEDFD,-0.8553335596056745,-0.4867681495230336,0
8727-JQFHV,0.5496303165788128,4.41449092028037,1
8727-XDPUD,-0.826925677825456,1.7382991505099044,0
8728-SKJLR,-0.4976540797273067,-1.8664381567880883,0
8731-WBBMB,0.2035485566902777,-0.9496544322607038,0
8734-DKSTZ,-1.197679918960306,-2.1585257689747657,0
8734-FNWVH,-0.03567442151649111,0.0021084267693719538,0
8735-DCXNF,-1.3836087076742105,0.5102213093917526,0
8735-IJJEG,-1.3373567202970726,0.6166021466285009,0
8735-NBLWT,-3.381261587389901,2.2290992786295156,1
8735-SDUFN,0.911630281442954,3.4618997197707526,1
8738-JOKAR,1.234115856808246,0.5439053097996673,2
8739-QOTTN,-3.236990594553195,2.334430234525573,1
8739-WWKDU,-0.5865705344182096,-2.731828491844908,0
8739-XNIKG,-0.7947675852128959,-2.7812914141913114,0
8740-CRYFY,-2.490394503612217,-3.0940492907921437,0
8740-XLHDR,-2.1798102301534827,-1.137402670232156,0
8741-LQOBK,-0.2648415718148533,0.39610496390949784,0
8745-PVESG,-0.29344414836287325,1.1445727968330413,0
8746-BFOAJ,-1.6381302288627573,1.8327697801453875,1
8746-OQQRW,-3.939425625633706,1.8637060910290335,1
8747-UDCOI,2.028347900090951,3.4733292830581437,1
8748-HFWBO,-1.2867621839806382,4.047218514376133,1
8749-CLJXC,-3.7733107198596025,2.0850250765278933,1
8749-JMNKX,1.8045781725982435,-2.51509739460769,2
8749-TZYEC,0.11226712738614386,3.87157633222292,1
8750-QWZAJ,2.3799388313130523,3.865995079374582,1
8751-EDEKA,0.6441315607966044,-0.2370836722169227,0
8752-GHJFU,3.9102239745209957,-0.776213078076713,2
8752-IMQOS,-2.5367497898133644,2.912694968373626,1
8752-STIVR,-1.751119261626349,-2.643614925597245,0
8755-IWJHN,4.80751594027739,-0.4355570662691795,2
8755-OGKNA,1.5951271812030572,3.7414168007463537,1
8756-RDDLT,-0.5968896746898388,-0.44994508846524395,0
8757-TFHHJ,-2.496761334290571,-0.32120020483269307,0
8760-ZRHKE,3.7524423332074877,1.2758143640712065,2
8761-NSOBC,1.1923990680544796,-2.347556723886578,0
8763-KIAFH,-1.096886532578079,3.2179335245699328,1
8766-PAFNE,4.389401570688946,2.139180548322836,2
8769-KKTPH,2.309002710713607,-0.14771661647846415,2
8773-HHUOZ,-1.3219851754191332,-1.0421501173521959,0
8774-GSBUN,0.16892394971160946,4.542774984753113,1
8775-CEBBJ,-2.2561014343797825,-1.5208884237818332,0
8775-ERLNB,-0.2436572697021802,0.11657871616791829,0
8775-LHDJH,-1.667215509361806,-3.111835897957013,0
8777-MBMTS,4.918000542502121,0.8174637611593353,2
8777-PVYGU,0.22388107288306555,0.5716588426470638,2
8778-LMWTJ,-0.9602814493471679,-2.6459604191728423,0
8779-QRDMV,-2.3578681609431595,-1.0540018504592574,0
8779-YIQQA,-1.333792496158117,3.6564048110902228,1
8780-IHCRN,0.5492314997080987,4.588838971864127,1
8780-IXSTS,-1.358576490579746,-2.777191224871403,0
8780-RSYYU,-3.1945794676861055,1.60013121126802,1
8780-YRMTT,0.8970680304706072,1.1253378998080183,2
8782-LKFPK,1.0850286648199905,-0.9152763011483666,2
8782-NUUOL,1.953462113246727,0.9408090939703354,2
8784-CGILN,-0.5080901446391871,-3.0215013241233852,0
8785-CJSHH,3.307197664668219,-1.5180127265799621,2
8785-EPNCG,-2.938158689226684,1.593815643136101,1
8788-DOXSU,0.7822759243748953,-0.1839532025675358,2
8791-GFXLZ,-1.4865225650738567,-0.7271964141440124,0
8792-AOROI,-0.8737469279874961,0.8143550346998735,0
8799-OXZMD,-2.02953893618892,0.8451715571068253,0
8800-JOOCF,-1.0520077687951777,-2.024964516814573,0
8800-ZKRFW,1.4989071028408842,-1.823191171682881,2
8802-UNOJF,-1.4569781461043403,-1.1612619273736189,0
8805-JNRAZ,-3.2366425044583296,0.41912874796659233,0
8806-EAGWC,-2.443060139849081,-0.45602340755382764,0
8807-ARQET,-1.1531842331714304,-0.6882075645702919,0
8807-OPMBM,-0.1981836107301691,4.119824315804864,1
8808-ELEHO,-1.627540111152893,-2.9596222421189844,0
8809-RIHDD,2.8363474471546732,-1.213863813485918,2
8809-XKHMD,5.851819539356585,0.1458087360501059,2
8812-ZRHFP,1.201832169662938,-1.1799343127356814,2
8815-LMFLX,-1.177345304312835,1.6702653779179086,1
8816-VXNZD,-2.014087405124706,-2.3049198010782073,0
8818-DOPVL,3.087233262068372,-1.5522888093409344,2
8818-XYFCQ,0.9960033273911333,-1.8229520877196672,0
8819-IMISP,-0.0023935280527489803,-1.9122432393967066,0
8819-WFGGJ,2.2687639742308745,0.8269223945842745,2
8819-ZBYNA,3.9163252304744196,0.22915213426662895,2
8821-KVZKQ,2.0711021538268306,0.6714160789858299,2
8821-XNHVZ,-1.8081224811082357,-1.4089520456484943,0
8822-KNBHV,1.9694577070893708,0.41267129557233007,2
8823-RLPWL,5.843315570541464,0.2738274840398023,2
8824-RWFXJ,-2.5290972581918445,-1.5747302408712505,0
8835-VSDSE,-2.2313348416650434,-1.6526001044392629,0
8837-VVWLQ,-1.3661754117627822,-2.2411849239641946,0
8838-GPHZP,-0.3130042737146462,3.5783566741772406,1
8840-DQLGN,0.4105795399961936,-2.1517503127406425,0
8844-TONUD,-0.4085782794608212,-1.9385674232784162,0
8845-LWKGE,0.8139049579405632,0.1574071824212117,2
8847-GEOOQ,1.3196836482499015,0.21704803104312217,2
8849-AYPTR,0.6063701519604643,-1.5596826303908966,0
8849-GYOKR,2.0982582529808735,-1.591592774573173,2
8849-PRIQJ,3.0004349593064688,-1.1570452080045683,2
8851-RAGOV,0.40475548231341346,-0.031349828381056634,0
8853-TZDGH,3.6885549467226757,-0.984721951006606,2
8854-CCVSQ,-0.930491078492115,-2.3885070870767175,0
8857-CUPFQ,0.610577575873691,4.280864631290131,1
8859-AXJZP,-0.11875278426779194,3.7970203395473705,1
8859-DZTGQ,-2.0234949971389717,3.179452079052666,1
8859-YSTWS,-0.959465165561532,2.4312933121256806,1
8861-HGGKB,-1.0860726640502874,-2.1980086061729205,0
8865-TNMNX,-1.2637760729049377,1.603053862761045,0
8868-GAGIO,0.8435548577714231,-0.4641352477202867,2
8868-WOZGU,0.21160693337365513,-2.9420743052579548,0
8869-LIHMK,4.159346975917499,-1.4183174597774726,2
8869-TORSS,0.43439463777339554,0.2420467788701776,2
8871-JLMHM,2.743812323750662,1.283623533132567,2
8873-GLDMH,-1.760855358101883,-0.8140051525604436,0
8873-TMKGR,-1.0281451743441672,3.2043684289762213,1
8874-EJNSR,-0.05710337974478566,4.575428494512721,1
8875-AKBYH,-0.05630410022813445,-0.9782686272028632,0
8878-HMWBV,-2.446899434029512,-1.8819070923829104,0
8878-RYUKI,0.025484533289694033,-1.4168975504269727,0
8879-XUAHX,3.7649980241647123,-1.1532506674975334,2
8879-ZKJOF,1.6530337710131295,-0.5557482318483146,2
8882-TLVRW,0.6729809793352965,2.5489253895503503,2
8883-ANODQ,3.020252581817392,1.1193888364621631,2
8883-GRDWQ,-0.7162185605703739,1.1969420325731432,0
8884-ADFVN,-0.6465070524068395,-3.00321648817489,0
8884-FEEWR,-1.23066429313933,2.0397719568111774,1
8884-MRNSU,-1.696934933966287,2.1479528649471793,1
8885-QSQBX,-2.2336789356942517,-0.48185344501573,0
8887-IPQNC,-1.4837924311411674,0.8995399620795013,0
8894-JVDCV,4.103794195940037,-0.3503770880018749,2
8896-BQTTI,-4.231661162136371,0.9616155822774014,1
8896-RAZCR,-1.4879181603507554,3.374395323733306,1
8898-KASCD,-1.3675413395825426,1.4823952463725711,0
8901-HJXTF,-2.748819861939827,0.09444541409821547,0
8901-UPRHR,6.042790612634341,-0.0395699252459588,2
8902-ZEOVF,-0.1715702193282305,4.476504204700113,1
8903-WMRNW,0.2445046194197383,-1.825230075097146,0
8903-XEBGX,-2.0557635616780843,-1.8034256394419519,0
8904-OPDCK,-0.6871096695758145,0.1823894094512399,0
8905-IAZPF,4.087939083337818,0.3675113099330094,2
8908-NMQTX,1.1121122312113823,-0.308824720843019,2
8908-SLFCJ,-1.8723723973781206,2.671060149058188,1
8909-BOLNL,-2.9961886275324345,2.8997552709403696,1
8910-ICHIU,2.3507270053216764,-0.7506007275883866,2
8910-LEDAG,0.2456440670588532,0.98177123244454,0
8914-RBTSB,-0.24013172245971542,-2.2708566800698846,0
8915-NNTRC,5.115852517697782,-0.024720279482248458,2
8917-FAEMR,-1.4699692227301027,3.2860422032224825,1
8917-SZTTJ,0.5099607999130951,4.810702118847671,1
8919-FYFQZ,-1.2058522577154906,-0.9777725963214278,0
8920-NAVAY,3.9067087765767803,-1.3125253117994364,2
8922-LIEGH,-0.250859702060915,-2.371396113962003,0
8922-NPKBJ,-0.2276526029201711,4.13287843316644,1
8929-KSWIH,0.7227224389035077,-1.3439807173836584,0
8930-XOTDP,-1.4730712219584468,1.2987900949446325,0
8931-GJJIQ,-1.2370749395037421,-2.694746421018852,0
8932-CZHRQ,2.5572069844100804,1.4196111009063028,2
8937-RDTHP,-1.7818884376293078,-1.6056419709147698,0
8938-UMKPI,1.8847302646341444,-2.8103466953557357,2
8942-DBMHZ,-3.087870158139055,2.1018865812053416,1
8943-URTMR,-2.457310536845511,-2.1740066292947664,0
8944-AILEF,-2.6958897325855173,2.1581346987801715,1
8945-GRKHX,-2.3931291250747915,-2.6678006287750713,0
8945-MUQUF,3.200538719948176,-1.6499227327391108,2
8946-BFWSG,1.3938641997710928,5.3506716124446685,1
8947-YRTDV,2.3244525346597036,0.19428005240307505,2
8949-JTMAY,0.03182867342274483,-1.8095173786252692,0
8950-MTZNV,-3.512211375744124,-0.34075673977000936,0
8952-WCVCD,2.0454248419193917,-1.65776033123552,2
8957-THMOA,-1.0040540299314584,3.840702341610269,1
8958-JPTRR,0.11683184139833867,3.0881934906219612,1
8961-QDZZJ,4.224911615894843,-0.10706629599826155,2
8963-JLGJT,-2.169401444455562,-0.27185877270886744,0
8963-MQVYN,-2.5233902738101754,0.7895813803306985,1
8966-KZXXA,-0.2599433125057345,4.008510004964249,1
8966-OIQHG,-0.8002371889969034,2.7761553891201998,1
8966-SNIZF,0.928924436694244,3.542271498542925,1
8967-SZQAS,-1.6565273973844994,-0.7761046817251547,0
8969-PRHFK,-2.776098506425978,2.75402215341713,1
8970-ANWXO,-0.43024507163348824,0.3191204775172234,0
8972-HJWNV,-1.3450898953318156,-2.784039072104821,0
8974-OVACP,-3.9136688558069173,1.625143700042562,1
8975-SKGRX,4.890791633583753,-1.2637643960655414,2
8976-OQHGT,-0.8121864531103273,0.6782135589929109,0
8979-CAMGB,2.329014631949327,-0.999732392419452,2
8980-WQFWL,-0.9327135575969638,-1.0575534792566927,0
8981-FJGLA,-1.4132886919332,-0.9661339051242904,0
8982-NHAVY,1.0861702907415802,-2.4269349350421745,0
8984-EYLLL,4.508860951454605,-0.5751219264226017,2
8984-HPEMB,4.230406943557544,-1.5253047333610368,2
8985-OOPOS,-0.9768626012664807,0.5659439209389521,0
8988-ECPJR,-0.05996120422360271,-1.303465413562968,0
8990-YOZLV,2.0079403977783254,1.4402512375534582,2
8990-ZXLSU,-2.0496963531426866,-1.7847998343841318,0
8992-CEUEN,-3.2384712576865966,0.9816102337821442,1
8992-JQYUN,-2.1797162304592166,-1.7938768155787932,0
8992-OBVDG,-1.3759900445529636,0.01704567091125405,0
8992-VONJD,-1.3620719512708703,-1.1021973939551581,0
8993-IZEUX,-1.8284302636601313,-1.574250252946808,0
8993-PHFWD,-3.2893329706249297,-0.990674963820526,0
8996-ZROXE,1.6562941842618368,0.09935077311210318,2
8999-BOHSE,-1.6427702195689584,-2.5650762641132947,0
8999-EXMNO,-1.4812476381068844,3.822637123279142,1
8999-XXGNS,4.5778203623276505,0.5935892633612473,2
8999-YPYBV,2.530496105714126,0.876278328081752,2
9000-PLFUZ,0.5196422155721105,1.4489089876235506,2
9003-CPATH,-0.7681452425400523,-1.5154251994025056,0
9013-AQORL,-0.7273343375120653,0.7132680967644458,0
9018-PCIOK,1.4783984952918094,0.5792428309341701,2
9019-QVLZD,-1.7439238644711395,-2.0297675640466,0
9025-AOMKI,-1.2836319335544106,-2.9340660442789237,0
9025-ZRPVR,-3.1476939053395525,1.2166656007464534,1
9026-LHEVG,-2.9957981243958094,-0.8242952974900055,0
9026-RNUJS,-2.1855444736761096,-1.36085913965944,0
9027-TMATR,2.2924846259157374,-0.13323855300168905,2
9027-YFHQJ,-3.086104749352698,0.5490478058571042,1
9028-LIHRP,3.9042026054470806,0.8655589308085162,2
9029-FEGVJ,0.12699375388744963,0.41170834472183754,0
9030-QGZNL,-2.334270398049771,3.449499561375739,1
9031-ZVQPT,4.342710782932225,-0.9789680800009483,2
9033-EOXWV,-0.480557815272569,0.5020262056434722,0
9036-CSKBW,1.6947168512520092,-1.488716237919821,2
9039-RBEEE,-1.5548765789062964,-0.8699535640334616,0
9039-ZVJDC,-3.2411726631858855,1.4250588489841598,1
9040-KZVWO,0.5211787568565114,-0.8157346177443313,0
9046-DQMTP,-2.13995105910756,1.117847396507366,1
9046-JBFWA,-2.517112904381229,2.515222799258401,1
9048-JVYVF,-1.7050908087987264,-1.957998092475065,0
9050-IKDZA,-0.8042257121730704,0.31934295783630273,0
9050-QLROH,-0.9387558821506345,-1.949984471958191,0
9052-DHNKM,0.25908691072777174,-0.41147006740548886,0
9052-VKDUW,3.6930990931045105,-0.17027527789392063,2
9053-EJUNL,1.1055245923083088,-1.6149362507280598,2
9053-JZFKV,4.574238477092069,-0.3937194927663945,2
9054-FOWNV,0.023130740539356123,-1.824331337458395,0
9055-MOJJJ,2.0085706659997227,1.8762402474934112,2
9057-MSWCO,-2.545800935047234,-0.03593059860122509,0
9057-SIHCH,-2.0164890503864084,-3.4470609556192957,0
9058-CBREO,-2.9385573177581037,-0.09639114135336059,0
9058-HRZSV,3.7069129996550716,-0.6356142861868901,2
9058-MJLZC,-0.10026836654721456,-2.4669708166485593,0
9060-HJJRW,-0.02042017682558746,0.6562598488273643,0
9061-TIHDA,-0.8065756586746086,-2.109933406716406,0
9063-ZGTUY,-0.0806465681544049,2.552157804064435,1
9065-ZCPQX,4.847362757018874,0.386545563867361,2
9066-QRSDU,1.5277722218357896,2.835244493521941,1
9067-SQTNS,-0.5226541554399677,2.8827526364889997,1
9067-YGSCA,-0.038261396169085776,3.652015612727196,1
9068-FHQHD,-1.0999606729654596,3.261926136356901,1
9068-VPWQQ,3.3067585624573694,2.077592265796845,2
9069-LGEUL,-0.015178915135215217,-1.2564134555426514,0
9070-BCKQP,5.090811498077174,-0.14587102263013277,2
9073-ZZIAY,3.794370487370188,0.5551728967887577,2
9074-KGVOX,-0.10635137788852093,1.5567563123715156,0
9076-AXYIK,3.3410849471199984,-0.25608596254623844,2
9079-LWTFD,1.1205481948826403,-1.0336083661150721,2
9079-YEXQJ,2.4001711050665455,-2.529724463408782,2
9081-WWXKP,0.04519848189804695,4.423916219561624,1
9084-OAYKL,0.7568128998170606,4.037188178695391,1
9086-YJYXS,0.19343768813813683,-0.21322566646679028,0
9087-EYCPR,0.4614951403478906,3.315119927064404,1
9089-UOWJG,-0.9001020335497554,0.43229970826506964,0
9090-SGQXL,3.769367683214436,-2.020651051266971,2
9091-WTUUY,2.038502598765196,1.4571854641755977,2
9092-GDZKO,-2.9920741096612176,1.601127903229117,1
9093-FPDLG,-1.0796923958593485,-2.854124055686253,0
9094-AZPHK,-0.941753669873385,-3.0062030505530064,0
9095-HFAFX,-2.3571017293741896,-1.8375796207001256,0
9097-ZUBYC,-1.7517282005803256,-0.002470148586028087,0
9099-FTUHS,-1.306205870096018,-0.6508459578395028,0
9101-BWFSS,3.119617696999033,-1.2863654621868381,2
9101-NTIXF,-3.9935750817585673,2.051632526093974,1
9102-IAYHT,-0.041372215024896436,-2.128817247122726,0
9102-OXKFY,1.92468975611589,2.2133156342458244,2
9103-CXVOK,-2.439190031702339,1.9361131925645114,1
9103-TCIHJ,-2.2116479894882555,-0.6851375755127549,0
9107-UKCKY,3.552348931710214,0.7166601229129633,2
9108-EJFJP,-1.585492704800404,-0.18336908029338575,0
9108-EQPNQ,-1.492665621997988,4.398909174103001,1
9110-HSGTV,3.2111958367572195,0.9665161268295636,2
9112-WSNPU,-0.46774099027422245,-1.3454441233301926,0
9114-AAFQH,3.1704911336631443,0.18199899557608942,2
9114-DPSIA,2.527306641146098,1.8478925406823177,2
9114-VEPUF,3.880977888622871,-0.262483912881225,2
9115-YQHGA,0.1898156418172626,-0.8488446484008167,0
9117-SHLZX,-3.0674375640564233,-0.41043610237905775,0
9121-PHQSR,0.6098455489771009,0.5786932233614971,0
9122-UMROB,-3.5311183830591806,2.124361977854482,1
9124-LHCJQ,-1.9343240238142327,-1.9849235285703357,0
9127-FHJBZ,4.96858338397182,-1.4201815196145087,2
9127-QRZMH,1.0508598921452545,-0.10359668423403766,2
9128-CPXKI,2.6660982988384188,-0.7572045130069684,2
9129-UXERG,-1.1254566350008113,-1.6317333134985104,0
9133-AYJZG,-0.1430129122062923,-1.1193002465738373,0
9134-CEQMF,-1.4435963150347753,-3.0064580740387292,0
9134-WYRVP,1.7286981687929244,0.4322943350590949,2
9135-HSWOC,0.7378127340284084,3.1353915500287024,1
9135-MGVPY,4.6118062875659795,1.6797964742008766,2
9136-ALYBR,-3.7668766254942962,-0.10193107884077444,0
9137-NOQKA,-2.253742985375697,2.1555204563112973,1
9137-UIYPG,2.024371930755113,-2.5662356508895017,2
9138-EFSMO,1.1474066892677022,-0.7532966835179001,2
9139-TWBAS,0.2070679957327099,0.7460004768394559,0
9139-WQQDY,1.647208912695201,-0.23235936140935495,2
9140-CZQZZ,5.217886693814182,1.0526694706732649,2
9142-KZXOP,-1.0053653182570303,-0.4018640117050732,0
9142-XMYJH,-2.818611749153273,2.5108715622233895,1
9143-CANJF,-0.25050900878166,-0.35747219929505036,0
9146-JRIOX,-2.6301806051868586,2.6302833533833554,1
9150-HEPMB,0.4216004393086203,1.2120670747407665,2
9150-KPBJQ,-2.2674680536373124,3.38304554371713,1
9152-AMKAK,-0.9828835022361231,0.1870133758559304,0
9153-BTBVV,2.2614196178315966,3.3292437751412627,1
9154-QDGTH,1.751920561915774,-0.3293270710140487,2
9158-VCTQB,1.1475641011729183,-3.043262524573985,0
9163-GHAYE,-1.4470634651317305,-0.2229912769249597,0
9167-APMXZ,-0.8198491873079086,-2.4874550016835593,0
9168-INPSZ,2.4167405322810813,-0.18214077998497172,2
9169-BSVIN,-1.221134552537549,-1.1368212565810076,0
9170-ARBTB,-1.6041695529921636,3.0199150448690424,1
9170-CCKOU,-1.3801902291231942,-1.284695123105247,0
9170-GYZJC,1.391608648315508,-0.10484851748409345,2
9172-ANCRX,-0.6646635864747111,-3.2280616905824364,0
9172-JITSM,-0.31122976796958685,-2.6587292103596645,0
9173-IVZVP,0.5122150395517013,4.664018163640204,1
9174-FKWZE,-3.313830448699479,-0.24379369509242196,0
9174-IHETN,1.8651817383261267,1.4680959717783975,2
9178-JHUVJ,-1.1964748074867304,2.3360008306597813,1
9184-GALIL,-1.7764831651079007,3.3313143601478927,1
9185-TQCVP,-0.39768891653666033,-2.4871857440177867,0
9189-JWSHV,0.04327779743610804,-2.471279507904031,0
9190-MFJLN,-1.00154336285788,-2.079738300592895,0
9191-MYQKX,-0.9062096188474513,-1.9530959447723821,0
9194-GFVOI,1.417554146990084,1.173587839110393,2
9199-PWQVC,3.4275305828493625,0.9176840417311649,2
9200-NLNPD,1.4884463107153971,0.6002553779510693,2
9206-GVPEQ,-0.8691534688606517,-2.0714989633903342,0
9207-ZPANB,0.1586870921792791,-0.19103650706605665,0
9208-OLGAQ,0.30718998482057236,-1.3393630757041401,0
9209-NWPGU,1.328882593300138,0.36590332863791075,2
9210-IAHGH,-2.52633937503041,-1.368281560999847,0
9214-EKVXR,-2.4491535873351857,0.07234166189623156,0
9220-CXRSC,3.1275630797196947,2.9484413547170183,2
9220-ZNKJI,2.575252907532402,1.0384756856904214,2
9221-OTIVJ,-0.76781458965912,-3.408537414036151,0
9223-UCPVT,-1.1110710196810998,-2.161344988716336,0
9224-VTYID,2.5940349876483797,0.9527705371782818,2
9225-BZLNZ,3.640233734128849,0.14646654030880094,2
9227-LUNBG,-2.831448848910284,-0.3254501052413538,0
9227-UAQFT,-2.337643666597976,3.100194666590794,1
9227-YBAXE,2.4364531662826803,-0.4645928409420027,2
9229-RQABD,-2.7440357583175543,2.774721797237038,1
9231-ZJYAM,-1.23307533853678,-2.377613358674535,0
9233-PSYHO,1.2263800852931734,-1.631630979829561,2
9236-NDUCW,-1.910632676305045,1.9628336242131688,1
9237-HQITU,-1.9362690283429072,-2.3766847596440908,0
9239-GZHZE,5.4982072584366,0.25429428778091,2
9239-ZBZZV,-2.642695254408493,-2.59613267499789,0
9242-TKFSV,2.7905859742003036,1.8812150349842494,2
9244-ZVAPM,-2.931067810600909,0.4427020817040399,0
9248-OJYKK,-2.0892176198481764,-2.291905358933722,0
9249-FXSCK,3.1057318937628606,-1.3479764418739735,2
9250-WYPLL,-1.3535964544154333,-2.300708466512279,0
9251-AWQGT,-1.007075451733776,4.525639167596342,1
9251-WNSOD,2.5869398050877854,1.4635240643393603,2
9253-QXKBE,-0.46558760085184014,-2.8497037135544785,0
9253-VIFJQ,3.0856114330537627,2.0668596895103315,2
9254-RBFON,0.2921346431341209,-1.4083194603945641,0
9256-JTBNZ,-2.7212699427210474,0.8851808841429434,1
9257-AZMTZ,-0.35429889576145474,3.427205530591007,1
9258-CNWAC,4.276177871162389,0.930740159591013,2
9259-PACGQ,0.2687141709356944,-1.383024837913784,0
9261-WDCAF,-2.6485057506062373,-0.12715070746133875,0
9269-CQOOL,-3.137110681075092,-0.9883435824887393,0
9272-LSVYH,-1.7247059785541565,-1.1428553444687903,0
9274-CNFMO,-1.367449219023804,-1.9042506147208895,0
9274-UARKJ,-1.0524892330336573,-2.5969468530356576,0
9277-JOOMO,-3.100901846959195,2.1817757435816065,1
9278-VZKCD,2.31717882948479,-1.0546768023463002,2
9279-CJEOJ,0.011562928689821587,-2.296646342816639,0
9281-CEDRU,1.872012454999398,1.0064177494250275,2
9281-OFDMF,1.1355537973446546,-0.5587404672289517,2
9281-PKKZE,-0.7890151665144512,-0.5794411989255159,0
9282-IZGQK,-1.6312324544230303,-2.8661192939631244,0
9283-LZQOH,-1.491839218361244,-1.2112071083082807,0
9286-BHDQG,2.103506335170277,3.0913134297108487,2
9286-DOJGF,0.2780472242198241,-2.014130067134297,0
9289-LBQVU,2.624183384648542,1.4302878261123877,2
9290-SHCMB,0.36371607043536053,-1.7173544720215719,0
9294-TDIPC,-3.6684854505288422,2.184301199938461,1
9297-EONCV,4.771332481829567,-0.10716228359534734,2
9297-FVVDH,2.7228963855911825,0.03060661676749123,2
9298-WGMRW,5.452793937337325,-1.3571393633320588,2
9300-AGZNL,-1.391814544960744,-3.3035387724380434,0
9300-RENDD,-2.2433139964780753,-2.533670004179635,0
9305-CDSKC,-0.8886153092909002,-1.7750329767988253,0
9306-CPCBC,-1.7563752712152463,-2.3702527457487075,0
9308-ANMVE,0.43305312605665697,-0.5533473982811128,0
9309-BZGNT,0.323495568365899,1.962647968533302,2
9313-CDOGY,-1.5492179858189028,1.8142977764274912,1
9313-QOLTZ,-2.2871168675858855,2.1928849234532515,1
9314-IJWSQ,-0.761065691740412,-2.0644469629080193,0
9314-QDMDW,-1.11439078081528,-1.1897115484792626,0
9317-WZPGV,-2.0689521742622436,-2.7684381874172574,0
9318-NKNFC,-3.6825681958866356,0.5477027096896108,1
9323-HGFWY,0.7123719683112014,-1.172084286508547,0
9327-QSDED,-2.75381493224809,0.888726897951051,0
9330-DHBFL,0.08300338252658168,0.46946091435023063,0
9330-IJWIO,-1.4128269516316998,-3.521041780172644,0
9330-VOFSZ,4.1974605860521885,0.5461780833053008,2
9332-GYWLO,-1.0053462252408554,-0.19785399678909074,0
9334-GWGOW,-1.4690446255790297,-1.8133897597457924,0
9337-SRRNI,1.0214151438607924,3.990674497165183,1
9339-FIIJL,3.7015497016664995,0.7644335107798292,2
9342-VNIMQ,-1.3194321925341814,-1.0318718187272786,0
9347-AERRL,-1.4653718715985897,3.4408608888887735,1
9348-ROUAI,4.193702348520233,1.857846460375797,2
9348-YVOMK,-2.304934998896183,-0.2265550939806658,0
9350-VLHMB,2.858831617986865,-1.0029124343152336,2
9350-ZXYJC,-2.9437198778503015,2.2195823984486953,1
9351-HXDMR,5.900822515432762,0.720407907566539,2
9351-LZYGF,0.5922438808612968,0.11430972730322184,0
9355-NPPFS,-0.5613310913594697,-2.3243487873068007,0
9356-AXGMP,3.342412107454182,-1.3659162057637593,2
9357-UJRUN,0.576188803613051,0.13776668054171087,2
9359-JANWS,2.8152190943933024,2.098341307628355,2
9359-UGBTK,1.1380735152919301,-0.7183662318273847,2
9360-AHGNL,2.66518222440817,-0.4064867943463591,2
9360-OMDZZ,-0.1551611905702295,-2.8048325923414312,0
9361-YNQWJ,0.08421373581765149,2.1787782227666432,1
9362-MWODR,-0.4751297818169976,0.00744156505912825,0
9364-YKUVW,-3.483609500025553,1.3899057419011127,1
9365-CSLBQ,-0.9159236938362907,4.071271473146654,1
9365-SRSZE,0.04275097931059285,-1.1042790227122252,0
9367-OIUXP,-3.0726390412984945,2.3721683580283646,1
9367-TCUYN,-3.43722582084725,2.235956346911505,1
9367-WXLCH,-2.0656240286010226,-2.3102758411415447,0
9369-XFEHK,-0.10015025026942116,-1.4458246532635497,0
9371-BITHB,-0.7632538761370689,3.852024993185081,1
9372-TXXPS,3.0588507752432066,1.259941612686034,2
9373-WSLOY,0.2621623324039026,0.21253578941850276,0
9374-YOLBJ,-2.935194508076266,2.1580660374639575,1
9375-MHRRS,-2.869115878474268,0.5529078789775619,0
9378-FXTIZ,1.9689602807650277,1.0609747073284799,2
9381-NDKME,-1.7044769370500856,-0.39818500503750587,0
9385-EHGDO,-0.9389016725696091,3.4015032975757418,1
9385-NXKDA,3.7113400108287573,1.5932940320949427,2
9386-LDCZR,1.9241210629735883,-0.7894085529040595,2
9388-ZEYVT,-0.3866750201847143,0.35854465273010283,0
9389-ACWBI,-1.6986663577877974,0.00949914400683056,0
9391-DXGGG,1.9571063632582906,0.2047658568359536,2
9391-EOYLI,-1.0371575861061277,-2.348263419666189,0
9391-LMANN,3.0097330377093545,-0.9176651091181482,2
9391-TTOYH,-2.8707253605633833,1.8503988899248973,1
9391-YZEJW,2.9511366558460215,-1.301885088110188,2
9392-XBGTD,-2.0591685942576223,3.573814546381734,1
9396-ZSFLL,-2.306712119300765,0.5941698416154146,0
9397-TZSHA,1.2329569298054743,4.449232537584139,1
9398-MMQTO,-1.8112067145587658,-0.2745639447950039,0
9399-APLBT,-1.5635252110597315,-2.567402065199697,0
9402-CXWPL,3.144240524367753,-0.6825977785392726,2
9402-ORRAH,0.3914524492923391,-1.530900573109563,0
9402-ROUMJ,4.000643555216877,-0.342739392887218,2
9405-GPBBG,2.530044732848396,-0.2088708498267986,2
9408-HRXRK,3.0660847612358517,-1.4847805672518002,2
9408-SSNVZ,-1.9579888146477518,-2.1368321609577596,0
9411-TPQQV,0.09912356433389899,-0.5240043917773792,0
9412-ARGBX,1.6120094432163088,-0.6752348899107591,2
9412-GHEEC,0.7287766229749806,-2.58826889617062,0
9415-DPEWS,-0.6336374731253698,-2.424232423431429,0
9415-TPKRV,-1.5641684682871935,-0.41579298737949044,0
9415-ZNBSX,4.169141097177805,-0.133855476175583,2
9418-RUKPH,0.3795987809264954,4.172983505186113,1
9419-IPPBE,3.065224460505948,-0.6768349933973179,2
9420-LOJKX,-1.0288982229562704,-2.097440731451733,0
9424-CMPOG,-2.204094797020879,3.521353158513935,1
9426-SXNHE,-3.2357121499743524,1.1581302884657692,1
9430-FRQOC,-1.679790755832872,-1.7676490364324777,0
9430-NKQLY,1.8107523682953628,4.276170816208577,1
9432-RUVSL,2.223762808384,-0.4902770449690008,2
9432-VOFYX,-0.8866195650656343,-1.8569241325167039,0
9435-JMLSX,3.8050043368890387,0.6446387558770276,2
9436-ZBZCT,-1.2265158574276762,-2.0272940347011152,0
9441-QHEVC,-3.6231639475065447,1.8591604398849366,1
9442-JTWDL,-2.1661650638789123,2.9259379803075323,1
9443-JUBUO,3.466247959450942,2.237951929076078,2
9444-JTXHZ,-1.0235255040130677,-1.489813640112955,0
9445-SZLCH,0.906248779144314,-2.329465850306146,0
9445-ZUEQE,0.28756478984149714,-0.6882651005472895,0
9447-YPTBX,-0.22647060658827156,2.265590468418239,1
9448-REEVD,-1.844310215168664,0.18035994775142267,0
9450-TRJUU,-0.25767275867158423,-1.4258696869064527,0
9451-LPGOO,-1.5594028269047122,-3.3132114237278008,0
9451-WLYRI,1.171160942291951,4.3493379895016115,1
9453-PATOS,4.033115493856737,1.9323219026189054,2
9462-MJUAW,-2.580153643272069,-0.04738014647956551,0
9465-RWMXL,0.27980305825240775,-1.7686845156218476,0
9467-ROOLM,-3.076824260909493,1.9577976686176524,1
9469-WEJBT,0.6965541786447419,-2.451725655146342,0
9470-RTWDV,1.3558385312133403,0.6330642351915027,2
9470-XCCEM,1.2873945768302986,-1.7156563941555651,0
9470-YFUYI,2.495461500217113,0.1385528842946025,2
9473-CBZOP,-0.30549687453330915,1.4299582786898184,1
9474-PHLYD,-1.2589989228005436,-2.027159090888506,0
9475-NNDGC,4.107857937027052,-1.0955616655020417,2
9477-LGWQI,4.438406541364159,1.6618658032258538,2
9479-HYNYL,4.411114800824524,1.8329281084161353,2
9480-BQJEI,2.539677100064494,-1.1374539263240375,2
9481-IEBZY,5.37587728567037,0.4361535916829497,2
9481-SFCQY,-1.2813855322058314,0.1176021117746087,0
9481-WHGWY,5.020404624136026,2.7736454761629785,2
9483-GCPWE,-2.3571988963422807,3.2353465312648737,1
9488-FVZCC,4.4206044489164045,0.7708774689046645,2
9488-FYQAU,3.671777442675626,-0.8403746157171508,2
9488-HGMJH,-2.2063731071802164,-2.5336252047193417,0
9489-DEDVP,2.9776643377379677,1.666344054114857,2
9489-JMTTN,3.630786388582398,1.7349116177513921,2
9489-UTFKA,-0.9350897672324708,-0.05936602472446247,0
9490-DFPMD,-0.24613538719608802,-2.461000408312743,0
9492-TOKRI,-1.4287628769068526,-1.8057536093714681,0
9494-BDNNC,3.073287107871058,-0.4856567191202712,2
9494-MRNYX,-1.7150351609279577,-1.5254396848830427,0
9495-REDIY,-1.106223681108018,1.15346052485499,0
9495-SKLKD,1.5758037620343504,-1.4437030107564972,2
9496-IVVRP,-0.22825865046193,0.12381285784234135,0
9497-QCMMS,-1.776152621349016,-3.2444853039123007,0
9498-FIMXL,-2.6423416163078604,2.25357946813222,1
9499-XPZXM,2.2741668111436804,1.0476483345303862,2
9500-IWPXQ,3.70533494026405,0.153616943431828,2
9500-LTVBP,-0.7997365771890369,-0.18736979264616327,0
9500-WBGRP,1.305808881997645,3.650529956058107,1
9501-UKKNL,-0.5209660858918955,-0.8753123227725715,0
9503-XJUME,-1.0877368913997525,3.6615970471824775,1
9504-DSHWM,-0.8278893110633969,-0.913102544023827,0
9504-YAZWB,-0.7178313714332009,3.6927469400779347,1
9505-SQFSW,-1.7173922301223203,0.9389742410295071,0
9506-UXUSK,-1.1217308278151643,-1.8632275641149358,0
9507-EXLTT,-1.6173791815153342,-2.8234323121625136,0
9507-HSMMZ,0.0046252526944089685,3.6725745144144035,1
9508-ILZDG,1.141275505978485,-1.2521706485842397,2
9509-MPYOD,-1.334154443024334,3.1341558844399158,1
9512-PHSMG,-2.5968211427439707,1.8997799153396253,1
9512-UIBFX,-0.1384156220833172,-0.7163250158864735,0
9513-DXHDA,0.6120266904319452,-0.3981334394929291,2
9514-JDSKI,-2.4246874724634675,-0.8126870569111203,0
9518-IMLHK,-0.0005925106717971941,-1.536211309265311,0
9518-RWHZL,2.4460389225846355,-0.8165783829250836,2
9518-XXBXE,0.5031315166694801,-0.14914529140580388,0
9522-BNTHX,-0.008351915310362642,-0.35395489841098515,0
9522-ZSINC,-2.8671942662046144,1.0076604764735746,1
9524-EGPJC,-0.523622808037101,-2.899445228702403,0
9526-BIHHD,-3.7960630802917334,-0.9699354714862725,0
9526-JAWYF,-0.8835503848378716,-2.628507968009523,0
9529-OFXHY,-0.6320360470085303,-2.6952025140399134,0
9530-EHPOH,-2.549510495802377,-1.2691858059358412,0
9530-GRMJG,4.278293851472942,0.7522398666310872,2
9531-NSBMR,-0.6121189696130898,1.4892636802850143,1
9534-NSXEM,-1.9670716129190655,2.2523908496241445,1
9537-JALFH,2.120533035761925,3.9762354833121463,1
9537-VHDTA,-2.5318174912935274,0.6013240025656129,0
9540-JYROE,-1.9137723563811033,-2.064730883203998,0
9541-PWTWO,2.768417697213815,0.23933308808460416,2
9541-ZPSEA,4.025489506079972,2.151260435533986,2
9544-PYPSJ,4.0943978891061565,0.7248106878543736,2
9546-CQJSU,-1.259509382336342,-2.8889911446856686,0
9546-KDTRB,-2.8769463421439685,1.1473306352204642,1
9547-ITEFG,-0.09147199747987035,-0.6567775562217467,0
9548-LERKT,-1.227660760007665,3.608112328608169,1
9548-LIGTA,2.283257991536571,0.6989301823600673,2
9548-ZMVTX,3.6398414005179567,0.7665921387685353,2
9552-TGUZV,-1.022784702791764,-0.7736875499171554,0
9553-DLCLU,0.6075729503846222,0.2987476110945161,2
9554-DFKIC,-0.6857044471737563,-0.1496093427329995,0
9555-SAHUZ,0.8336553166704183,0.41270520288885454,2
9558-IHEZX,3.1423828745850795,-0.12695492514735587,2
9560-ARGQJ,-1.7264261725306602,-2.6499945367577635,0
9560-BBZXK,-0.9017079219109634,0.8114892659015894,0
9564-KCLHR,-3.4030875914045846,-0.5443946306187377,0
9565-AXSMR,0.8464690337733832,5.246525148696137,1
9565-DJPIB,-1.9935709937456672,-1.7580553525087754,0
9565-FLVCG,2.7237879874201782,1.4226417845974675,2
9565-JSNFM,0.7356537894121772,-0.9831823086395052,2
9570-KYEUA,3.5724664566480326,0.7720929015143431,2
9571-EDEBV,4.038687502016589,0.7624823139634783,2
9572-MTILT,3.3656508194839554,-2.236525492065611,2
9572-WUKSB,-1.7906248145147903,-0.5273738866729754,0
9574-BOSMD,0.9966862184819099,3.695860152305832,1
9574-RKJIF,0.2632886615429848,-2.720387575300092,0
9575-IWCAZ,-1.8297092961735328,2.943585064013994,1
9576-ANLXO,-2.0106694341467928,-2.7115535992829978,0
9576-SYUHJ,-0.08223033202568543,-2.9087878590413436,0
9577-WJVCQ,-0.7942748155178094,0.06084237865703316,0
9578-FOMUK,-2.4598766330018633,0.7901988766643526,1
9578-VRMNM,-1.0131807596013882,-0.8906098907243384,0
9581-GVBXT,0.07550738490126438,2.314397280495763,1
9584-EXCDZ,-1.4745862829332224,-1.644072253470129,0
9585-KKMFD,-0.37896262383265633,3.6205704137192742,1
9586-JGQKH,5.250560392475794,-0.49988986141499825,2
9588-OZDMQ,-1.8640796204479766,-0.35654051902745787,0
9588-YRFHY,-0.8593723735876915,3.113677714413102,1
9589-ABEPT,2.5027036304630252,0.5737612886151677,2
9591-YVTEB,-0.27142405435041167,-0.9622627336385349,0
9592-ERDKV,0.6064563045441752,0.9432851148745979,2
9593-CVZKR,0.9425046444977405,3.9361012588030087,1
9600-NAXZN,1.3376060736499849,-2.971930958347094,0
9600-UDOPK,-0.0049498022523652456,-1.194640992275721,0
9601-BRXPO,0.2214507359890809,-2.5984652965583592,0
9602-WCXPI,-1.0643973788209753,3.573792611854078,1
9603-OAIHC,-1.832596170770433,-1.4497255654395362,0
9605-WGJVW,-2.0435575522158116,-1.9314666757991847,0
9606-PBKBQ,-0.14395815640192258,-2.5765163482785307,0
9609-BENEA,1.7474291949585918,0.0471299072257472,2
9610-WCESF,0.36424111892961125,0.9680864255621824,2
9611-CTWIH,-1.375188365410617,-2.7032481877404337,0
9614-RMGHA,2.390517855104782,-2.471370261637427,2
9617-INGJY,-2.076823022867884,-1.060341227479487,0
9617-UDPEU,-1.9873003399334102,2.2206073296154263,1
9618-LFJRU,-3.458379576187134,2.3460723626265607,1
9619-GSATL,-0.43044869934590774,0.05644597791874297,0
9620-ENEJV,-2.377313778659378,-0.9795789114399108,0
9620-QJREV,-0.30012796954205373,3.5165467178883656,1
9621-OUPYD,-1.4625803793656558,1.6526705322270459,1
9624-EGDEQ,-0.6584861245963388,3.781246795960417,1
9625-QNLUX,3.673311312384217,0.3775063052963608,2
9625-QSTYE,-1.3715662423776607,-2.6175737857419907,0
9625-RZFUK,-1.2350185418444624,3.9120116804260876,1
9626-VFRGG,0.3918061061038624,-1.7134078721655013,0
9626-WEQRM,-3.152361003663716,0.4858768520159643,0
9629-NHXFW,-2.378722064385677,2.532390799065141,1
9631-RXVJM,-2.1291695053461517,3.2931114802684194,1
9631-XEYKE,-1.9908283733690015,-0.5872601519907452,0
9633-DENPU,-0.2628947075235333,-0.4901837182770623,0
9633-XQABV,-2.5956428850365976,-2.228410596529922,0
9637-CDTKZ,4.217709048225628,0.09969898417626573,2
9637-EIHEQ,-2.1951527171327974,-1.5126132889990962,0
9638-JIQYA,-2.9839017752854713,0.1701086594011086,0
9639-BUJXT,0.01666388561956608,3.7087230533258184,1
9640-ZSLDC,1.9919144694713542,2.3349877221698416,2
9643-AVVWI,-0.7470369623743685,-1.6960351321597902,0
9643-YBLUR,-1.305597667301038,-0.6840482227274666,0
9644-KVCNC,2.8836763400011285,-0.9135530177520835,2
9644-UMGQA,-1.6676231254969265,-1.0473259314045305,0
9646-NMHXE,-1.013082194259844,4.071066313133537,1
9647-ERGBE,1.0141020581332756,-2.8158375455926246,0
9648-BCHKM,-0.26090860596709137,3.9272118934598597,1
9650-VBUOG,-0.10312004497973166,4.039131851019473,1
9651-GTSAQ,2.96347212927643,-1.547422648094555,2
9658-WYUFB,-1.1409668225344745,-3.2475438109364516,0
9659-QEQSY,1.7392241998431857,-2.9886277329015885,2
9659-ZTWSM,2.998364264894405,-1.2733342619157855,2
9661-ACXBS,1.3965749668606657,-3.289750039527849,0
9661-JALZV,0.9857326986311806,3.55279017507758,1
9661-MHUMO,-1.7597834974618998,0.2879116109075008,0
9667-EQRXU,-1.9892187751887263,-1.4437880830407552,0
9667-TKTVZ,-2.1592551439236485,0.29412874069324774,0
9668-PUGNU,1.3620578850948792,3.012747826613348,1
9670-BPNXF,0.14025862904077893,0.7037135738779914,2
9674-EHPPG,0.40529708556054705,2.0605086470305065,2
9675-ICXCT,5.001410217968305,0.8005906001315239,2
9677-AVKED,1.5595021269705835,-0.334848577475909,2
9680-NIAUV,4.730903288737364,1.4041236587392094,2
9681-KYGYB,2.962961245963859,-0.6448531198029201,2
9681-OXGVC,-0.6294269755004096,-2.9619170876878953,0
9685-WKZGT,-2.0219196448510397,-2.339021038982999,0
9688-YGXVR,1.0841956261739958,-0.8460676476998825,2
9689-PTNPG,-2.009633693668084,-3.0566667160806213,0
9691-HKOVS,4.316271508180791,-0.3322832444928618,2
9692-TUSXH,-0.34133474427913,-3.0465668276728732,0
9693-XMUOB,0.16705646481626013,-0.5507562171377195,0
9695-IDRZR,2.344079413554161,-0.4086484897912279,2
9696-RMYBA,-1.595799942168431,-1.2166778796504065,0
9699-UBQFS,0.7399978265812752,-2.1638538934069365,0
9700-ISPUP,-1.107424872531163,-0.9799388279233822,0
9700-ZCLOT,-3.966286334548141,1.9831732079657491,1
9701-CDXHR,1.7289740720745055,0.47167715973816254,2
9702-AIUJO,2.061481727019137,1.6016049764365563,2
9705-IOVQQ,2.7490724565494777,0.08284778910321415,2
9705-ZJBCG,-0.4803976990289901,0.6172939202184021,0
9708-HPXWZ,-1.7068293542076955,1.708591388948149,0
9708-KFDBY,-3.982837655867222,1.8921184162607598,1
9710-NJERN,-2.5897594369787456,2.683999994982296,1
9710-ZUSHQ,1.175958451760582,-2.945068509455069,0
9711-FJTBX,1.8992502720958588,0.46677745856220465,2
9714-EDSUC,-1.1418830212825313,-1.821319784230103,0
9715-SBVSU,0.2013214017729917,-0.034171977389237274,0
9715-WZCLW,5.541197761792801,-0.23424955554733215,2
9717-IOAAF,-1.9879160964955824,2.9980514356422217,1
9717-QEBGU,-2.568023874648954,-2.413139385264118,0
9720-JJJOR,1.1050744578776768,-0.3651053941837792,2
9722-UJOJR,-0.9350124631770502,-2.140813198984816,0
9725-SCPZG,-1.8617624898890488,-2.7955984789866895,0
9728-FTTVZ,-1.8777504524024329,-2.1936380274353624,0
9730-DRTMJ,0.9412404522991359,1.2755799204691383,2
9732-EQMWY,1.2350529493686486,-1.7273756611736804,2
9732-KPKBW,-2.335193968496627,-1.8508874754724347,0
9732-OUYRN,-0.5829013252665278,3.478911081680505,1
9734-UYXQI,-1.972791303575133,-1.9318991269286554,0
9734-YWGEX,-0.7910197444700487,-2.077033315561623,0
9738-QLWTP,0.9379109735221038,-0.8730982207976017,2
9739-JLPQJ,5.13271948571854,1.0923717632042198,2
9741-YLNTD,-1.1951475251530799,-2.623095577945344,0
9742-XOKTS,3.9350132981737627,0.42240054017934897,2
9743-DQKQW,-3.4351628525560653,-0.7063124433132075,0
9746-MDMBK,2.619526454864661,-1.591092017477909,2
9746-UGFAC,-2.4910204850698916,1.9399196387673467,1
9746-YKGXB,0.9517279311587745,1.3025145730568282,2
9747-DDZOS,-2.0613351870928445,-1.8925779818403066,0
9750-BOOHV,-1.6222397480808912,1.6243951168106672,0
9752-ZNQUT,-2.8581253230302845,-1.1516264105452287,0
9753-OYLBX,-3.439303162730508,2.2337162173813514,1
9754-CLVZW,-1.3235357771652811,1.5067042558907708,0
9755-JHNMN,1.025058841129519,0.1892308057477768,2
9758-MFWGD,-1.1413389153356275,1.0765605753785499,0
9761-XUJWD,-1.1873182739927037,-1.700391551558835,0
9762-YAQAA,0.7228350677685779,0.4444658504948437,2
9763-GRSKD,-1.443138889378045,-0.020439227104253884,0
9763-PDTKK,-1.3141053598478047,-3.62688053947218,0
9764-REAFF,1.0263657150706624,3.416657496300781,1
9766-HGEDE,-2.8439953598383876,3.024639699533554,1
9767-FFLEM,-0.32853085892982414,-0.6311579164492763,0
9769-TSBZE,1.9960033399926322,0.4890021715501343,2
9770-KXGQU,1.816771408932729,-0.05045981553959472,2
9770-LXDBK,-3.731940994014108,1.9056202609978954,1
9773-PEQBZ,-1.1606543212035938,-1.3760688957610798,0
9774-NRNAU,1.563390865021908,-0.6375936005159076,2
9776-CLUJA,0.6838902494856747,-2.001702725900284,0
9776-OJUZI,2.8634802077264805,-0.9969183333842405,2
9777-IQHWP,3.453133925062118,-0.009551208028701347,2
9777-WJJPR,0.6806212641252986,0.25619447643280036,2
9778-OGKQZ,2.898857940124863,1.2453925561299213,2
9779-DPNEJ,0.33762651335180055,-1.0743433840129375,0
9780-FKVVF,-2.367185099311118,-1.7452262727809684,0
9782-LGXMC,1.2304419214048172,0.10487798958713104,2
9786-IJYDL,2.153391191410819,-0.4675417118532874,2
9786-YWNHU,2.1176907616714,2.1943276378918597,2
9787-XVQIU,-2.4490531986487505,-2.4429003617225256,0
9788-HNGUT,5.175307946193254,0.631052780540228,2
9788-YTFGE,-3.3890853904957776,1.3598245795165578,1
9793-WECQC,0.11665371879659071,-1.078287819512634,0
9795-NREXC,2.9639204586853425,1.6079131414039611,2
9795-SHUHB,2.628861399086403,1.5869924920265908,2
9795-VOWON,-2.4324877271781657,0.7943032252760492,0
9796-BPKIW,-0.8245542665472115,-0.0030114226436693133,0
9796-MVYXX,-1.6769216405628065,1.418505647251894,0
9798-DRYDS,0.22238874959063734,1.0208623653139128,2
9798-OPFEM,0.10312884019909038,2.405730277107765,1
9799-CAYJJ,-1.0353404984148236,-0.9177612746441759,0
9800-ONTFE,-0.4921886560834836,-1.3068649680831723,0
9800-OUIGR,-0.3092935955976595,3.9878874497296515,1
9801-GDWGV,1.1541486493924429,-3.0061035116307884,0
9801-NOSHQ,-2.7663697362424298,3.086151898219066,1
9802-CAQUT,5.1985601418781195,1.1941686394319901,2
9803-FTJCG,1.950362604997528,1.3533999406522883,2
9804-ICWBG,-1.9134944829815403,-2.441429043765001,0
9805-FILKB,-1.1527858753881965,1.7837473892396656,1
9809-IMGCQ,-0.30937305616988253,-3.107007200619862,0
9812-GHVRI,0.792837147781546,-1.3615090019470053,0
9814-AOUDH,-0.15021905885587986,4.113223657407879,1
9817-APLHW,-3.397273281331208,0.9894528519944977,1
9818-XQCUV,-3.1585789741222743,1.9289002855608044,1
9819-FBNSV,1.3562570531320763,-0.18369329072360122,2
9820-RMCQV,-2.16258233080768,-0.07782695384626519,0
9821-BESNZ,3.9080336735233834,-0.9920302492269119,2
9821-POOTN,0.5926625888312818,-1.7547953474320388,0
9822-BIIGN,1.1915196013830778,-0.1869038108491853,2
9822-OAOVB,-2.469782234315522,-1.5046402041363947,0
9822-WMWVG,1.4910561097262844,-2.7537718464424743,2
9823-EALYC,2.8793010223982183,0.5953325831440499,2
9824-BEMCV,-0.9504471460991362,-1.9968198080264439,0
9824-QCJPK,-1.2278089917970836,3.111918287598401,1
9825-YCXWZ,1.03467599900196,-1.6787401515146518,2
9828-AOQLM,-2.1850573902259516,-1.0340540960778712,0
9828-QHFBK,-0.8948543508972833,-1.0655604654355826,0
9830-ECLEN,0.6730481978839578,1.9590525782917696,2
9831-BPFRI,1.7581228700771043,-1.6429069013776318,2
9833-TGFHX,1.3653203234507363,-1.5147963635356385,2
9835-ZIITK,4.2173495379310415,-1.7993157871455872,2
9837-BMCLM,-1.7180811337844444,-2.4746863336878615,0
9837-FWLCH,-2.4381026434386426,0.8589469409833108,1
9838-BFCQT,1.0822109821590766,4.2389589876342475,1
9839-ETQOE,-1.4091763162453053,-0.7730431822447122,0
9840-DVNDC,-2.1738699235827683,-1.6173780529727488,0
9840-EFJQB,-1.8467724759105864,-1.500987907837952,0
9842-EFSYY,-2.347035864746594,-0.8278029153120746,0
9844-FELAJ,3.228954246571061,-1.212441402222274,2
9845-PEEKO,1.016839600555055,0.6994857528197678,2
9845-QOMAD,-1.755059565713751,3.559791658985316,1
9846-GKXAS,-1.9851964804631987,-2.952683252963358,0
9847-HNVGP,-2.7337003686518684,3.0773125273407858,1
9848-JQJTX,4.151012004258311,-0.8686885559270047,2
9850-OWRHQ,-1.32402655202718,-1.2635469691881254,0
9851-KIELU,-0.16407197401708482,-3.444256586207005,0
9851-QXEEQ,1.4186607188816305,-3.2639427675929658,0
9853-JFZDU,-0.051289682734881714,-0.32341055321145473,0
9860-LISIZ,-2.294710576326506,2.6167756174201147,1
9861-PDSZP,3.0922973757841885,-0.9544026106716431,2
9862-KJTYK,-2.62474155958755,0.441478890213823,0
9863-JZAIC,-1.0245641440461566,-0.0029632679639238087,0
9866-OCCKE,4.909427713595977,0.13376023063373726,2
9866-QEVEE,-1.1385703976767012,-2.782265675883211,0
9867-JCZSP,-1.9041780644367852,3.5639484020346743,1
9867-NNXLC,-2.495219567276963,2.032393711972401,1
9867-XOBQA,-0.8365870172322992,1.5355846039729097,0
9871-ELEYA,0.22968810693691236,1.1890910567700381,2
9873-MNDKV,-2.4373978135012275,0.1236321124964193,0
9874-QLCLH,-0.6987387314775073,-3.139929901106907,0
9878-TNQGW,-2.1285011151148807,-2.7759827477379786,0
9880-TDQAC,1.7714435784429183,0.4034821390772197,2
9881-VCZEP,-0.22621965006937655,-0.45173530381568167,0
9885-AIBVB,0.6460490087136348,-2.1959315682007414,0
9885-CSMWE,-2.7470234054505958,-2.7315096336043534,0
9885-MFVSU,0.5144651216308951,1.540730114784643,2
9888-ZCUMM,1.4337346304359924,0.4659890863916892,2
9889-TMAHG,-0.9425709938513229,-1.9105807493174876,0
9891-NQDBD,-1.080040000102137,3.09666371085164,1
9894-EZEWG,-2.1542447102902758,-1.6590803634074283,0
9894-QMIMJ,-1.456914413257948,-0.13266592165153998,0
9895-VFOXH,-2.61323295568939,0.7707652205834492,0
9896-UYMIE,3.52459267157821,-2.2642692424445547,2
9897-KXHCM,-1.5618478748272633,-2.841014284261963,0
9898-KZQDZ,1.5306353213126174,-1.355874635569931,2
9903-LYSAB,-0.7645157866817462,-1.456388254540319,0
9904-EHEVJ,1.0548586203739154,0.37127677463642883,2
9906-NHHVC,1.0581174720796556,0.12736237266811992,2
9907-SWKKF,-3.6097953052877614,0.01650748288227186,0
9909-DFRJA,1.0501817627718213,-1.9351873368742765,0
9909-IDLEK,0.17004856190421594,0.17435303975287564,0
9912-GVSEQ,-0.22758203141695077,-2.8097406958594346,0
9912-OMZDS,4.04762237627237,-0.7745461904197812,2
9916-AYHTC,-0.7602116043889343,3.6998179598322625,1
9917-KWRBE,1.6166866682808867,0.9373019101653677,2
9919-FZDED,2.6047748474156087,0.8298267534552152,2
9919-KNPOO,-0.2790996510497328,-2.1229113873682257,0
9919-YLNNG,2.112360763357752,-2.5735319173453624,2
9921-EZKBY,0.19600729450786136,-2.4326079070893436,0
9921-QFQUL,-0.31031684847366464,-0.3049719330202017,0
9921-ZVRHG,-1.4954821454460947,-2.772946536798255,0
9924-JPRMC,4.417492562557879,-1.7139122043095394,2
9926-PJHDQ,4.70138041978364,0.7884867978093253,2
9927-DSWDF,0.4294079126519657,-2.6435916061012796,0
9928-BZVLZ,-1.5473324169768963,1.1382816995796747,0
9929-PLVPA,-3.5779753504392384,2.1002921050562127,1
9931-DCEZH,-0.07911338373166497,0.7473108454134378,0
9931-KGHOA,0.18919528032249844,0.32360647023439276,0
9932-WBWIK,-2.867630262915738,2.4082017492596246,1
9933-QRGTX,3.711647475065098,-0.5186201161507947,2
9938-EKRGF,-1.6820820678580133,-0.9073300828859522,0
9938-PRCVK,-0.7966505046570522,2.5820168441312337,1
9938-TKDGL,5.450439891402475,0.22230865282392204,2
9938-ZREHM,1.1271212039741128,1.2175475559501219,2
9940-HPQPG,-1.2792568249368736,-2.496481010099131,0
9940-RHLFB,-2.789224899149447,-2.5460868635531715,0
9943-VSZUV,2.06981292500985,-0.3901665021909334,2
9944-AEXBM,-0.118861538815153,-2.4790860908712324,0
9944-HKVVB,-1.4382337134011096,-2.8535046350987345,0
9945-PSVIP,-1.562160062985507,3.5937761090839118,1
9947-OTFQU,-1.2967026858358242,-2.821599477066092,0
9948-YPTDG,0.2986891246745127,-2.2805518649864522,0
9950-MTGYX,-0.8677558622967109,3.644513761017299,1
9953-ZMKSM,-1.08104005076111,3.348757071085713,1
9955-QOPOY,1.7104179522307648,1.254113535703307,2
9957-YODKZ,0.4021144859238411,-0.4263519948066707,0
9958-MEKUC,5.389858777790862,1.2022683604642048,2
9959-WOFKT,2.5926823746961887,-0.9267908045704348,2
9961-JBNMK,-0.16160060156035058,-3.0089580063178043,0
9962-BFPDU,-2.444068066535755,3.164740774350039,1
9964-WBQDJ,1.2630145399951125,4.1685034619128105,1
9965-YOKZB,-1.5787955243044485,-2.8900091166369934,0
9967-ATRFS,-2.852076064933191,2.364415015839693,1
9968-FFVVH,2.1768543540990954,-0.21246237603497986,2
9970-QBCDA,-3.502175438946222,2.0925279045099403,1
9971-ZWPBF,1.3896076988692851,-2.1429452562289626,2
9972-EWRJS,2.4314093822833716,3.1792632503343934,1
9972-NKTFD,-1.2858209938351621,-0.3478587346176816,0
9972-VAFJJ,3.462721098888321,-1.2869362788275138,2
9974-JFBHQ,2.172077072035857,-0.6257804792330168,2
9975-GPKZU,-1.6466309415429128,3.771751982177736,1
9975-SKRNR,-3.782916123195921,1.8957169884857048,1
9978-HYCIN,2.2255714139850746,-1.143845694763057,2
9979-RGMZT,-0.37812834361528497,-1.259618197591814,0
9985-MWVIX,-2.3086742061578884,-1.6378836552006495,0
9986-BONCE,-3.2531713039148507,0.504694464705998,1
9987-LUTYD,-0.9236896502446662,0.7295441618189953,0
9992-RRAMN,-0.49813871162502665,-2.4448652637264385,0
9992-UJOEL,-2.3786516398452933,-0.15713020738133837,0
9993-LHIEB,2.521990923233821,1.7236180476394498,2
9995-HOTOH,1.1556010952355076,0.6942998679717005,2
